ISO-10303-21;
HEADER;
FILE_DESCRIPTION (( 'STEP AP214' ),
    '1' );
FILE_NAME ('10153118-116KALF.STEP',
    '2023-04-19T04:42:37',
    ( '' ),
    ( '' ),
    'SwSTEP 2.0',
    'SolidWorks 2021',
    '' );
FILE_SCHEMA (( 'AUTOMOTIVE_DESIGN' ));
ENDSEC;

DATA;
#1 = CARTESIAN_POINT ( 'NONE',  ( 7.625000000000000000, 2.599999999999994316, 5.024999999999999467 ) ) ;
#2 = ORIENTED_EDGE ( 'NONE', *, *, #2222, .F. ) ;
#3 = EDGE_CURVE ( 'NONE', #170, #3354, #10203, .T. ) ;
#4 = EDGE_CURVE ( 'NONE', #6348, #9884, #1572, .T. ) ;
#5 = LINE ( 'NONE', #5668, #8147 ) ;
#6 = APPLICATION_CONTEXT ( 'automotive_design' ) ;
#7 = VERTEX_POINT ( 'NONE', #6769 ) ;
#8 = ORIENTED_EDGE ( 'NONE', *, *, #9590, .T. ) ;
#9 = DIRECTION ( 'NONE',  ( 0.000000000000000000, 0.000000000000000000, 1.000000000000000000 ) ) ;
#10 = LINE ( 'NONE', #1490, #5279 ) ;
#11 = CARTESIAN_POINT ( 'NONE',  ( -7.824999999999991296, 2.400000000000001243, 4.825000000000009948 ) ) ;
#12 = EDGE_CURVE ( 'NONE', #1197, #6609, #87, .T. ) ;
#13 = DIRECTION ( 'NONE',  ( -0.000000000000000000, 1.000000000000000000, -0.000000000000000000 ) ) ;
#14 = DIRECTION ( 'NONE',  ( 0.000000000000000000, 0.000000000000000000, 1.000000000000000000 ) ) ;
#15 = ORIENTED_EDGE ( 'NONE', *, *, #5138, .F. ) ;
#16 = FACE_OUTER_BOUND ( 'NONE', #3093, .T. ) ;
#17 = DIRECTION ( 'NONE',  ( -1.000000000000000000, 0.000000000000000000, 0.000000000000000000 ) ) ;
#18 = CARTESIAN_POINT ( 'NONE',  ( 1.999999999999996669, 8.400000000000000355, -0.4750000000000014766 ) ) ;
#19 = EDGE_CURVE ( 'NONE', #642, #5406, #8403, .T. ) ;
#20 = ORIENTED_EDGE ( 'NONE', *, *, #5398, .T. ) ;
#21 = LINE ( 'NONE', #5738, #6822 ) ;
#22 = CARTESIAN_POINT ( 'NONE',  ( -4.700000000000002842, -3.750000000000001332, 0.2249999999999995060 ) ) ;
#23 = VECTOR ( 'NONE', #4834, 1000.000000000000000 ) ;
#24 = EDGE_CURVE ( 'NONE', #8247, #3204, #2735, .T. ) ;
#25 = CARTESIAN_POINT ( 'NONE',  ( 4.299999999999998046, -3.750000000000001332, 0.2249999999999982014 ) ) ;
#26 = LINE ( 'NONE', #2424, #3350 ) ;
#27 = ADVANCED_FACE ( 'NONE', ( #9221 ), #3397, .T. ) ;
#28 = ORIENTED_EDGE ( 'NONE', *, *, #2860, .F. ) ;
#29 = CARTESIAN_POINT ( 'NONE',  ( 8.950000000000002842, -0.8500000000000009770, 2.924999999999999822 ) ) ;
#30 = VERTEX_POINT ( 'NONE', #4265 ) ;
#31 = ADVANCED_FACE ( 'NONE', ( #134 ), #1515, .T. ) ;
#32 = ORIENTED_EDGE ( 'NONE', *, *, #1777, .F. ) ;
#33 = CARTESIAN_POINT ( 'NONE',  ( 9.900000000000002132, 12.80000000000000071, -4.724999999999999645 ) ) ;
#34 = AXIS2_PLACEMENT_3D ( 'NONE', #5581, #5640, #1505 ) ;
#35 = AXIS2_PLACEMENT_3D ( 'NONE', #6756, #9262, #6972 ) ;
#36 = CARTESIAN_POINT ( 'NONE',  ( -9.199999999999999289, 2.800000000000000266, -3.824999999999998401 ) ) ;
#37 = DIRECTION ( 'NONE',  ( 1.000000000000000000, 0.000000000000000000, -1.057758217059031665E-15 ) ) ;
#38 = ORIENTED_EDGE ( 'NONE', *, *, #4794, .F. ) ;
#39 = VECTOR ( 'NONE', #5495, 1000.000000000000000 ) ;
#40 = DIRECTION ( 'NONE',  ( 0.000000000000000000, 1.000000000000000000, 0.000000000000000000 ) ) ;
#41 = ORIENTED_EDGE ( 'NONE', *, *, #10532, .T. ) ;
#42 = ORIENTED_EDGE ( 'NONE', *, *, #3589, .F. ) ;
#43 = CARTESIAN_POINT ( 'NONE',  ( -7.238380151290437325, 12.80000000000000071, -2.674999999999998490 ) ) ;
#44 = AXIS2_PLACEMENT_3D ( 'NONE', #1010, #4935, #4325 ) ;
#45 = ORIENTED_EDGE ( 'NONE', *, *, #6253, .T. ) ;
#46 = DIRECTION ( 'NONE',  ( 0.000000000000000000, 1.000000000000000000, 0.000000000000000000 ) ) ;
#47 = CARTESIAN_POINT ( 'NONE',  ( -2.874999999999999112, 12.80000000000000071, -5.024999999999999467 ) ) ;
#48 = VECTOR ( 'NONE', #8598, 1000.000000000000114 ) ;
#49 = DIRECTION ( 'NONE',  ( 0.000000000000000000, 0.000000000000000000, -1.000000000000000000 ) ) ;
#50 = CARTESIAN_POINT ( 'NONE',  ( -6.499999999999995559, 5.450000000000000178, 3.187878387081805709 ) ) ;
#51 = LINE ( 'NONE', #6526, #2060 ) ;
#52 = ORIENTED_EDGE ( 'NONE', *, *, #9326, .T. ) ;
#53 = AXIS2_PLACEMENT_3D ( 'NONE', #4000, #8130, #5580 ) ;
#54 = ADVANCED_FACE ( 'NONE', ( #8450 ), #1004, .T. ) ;
#55 = AXIS2_PLACEMENT_3D ( 'NONE', #8063, #4799, #3761 ) ;
#56 = FACE_OUTER_BOUND ( 'NONE', #4776, .T. ) ;
#57 = CIRCLE ( 'NONE', #6132, 0.5000000000000001110 ) ;
#58 = VECTOR ( 'NONE', #8866, 1000.000000000000000 ) ;
#59 = EDGE_LOOP ( 'NONE', ( #1689, #3195, #8400, #2913 ) ) ;
#60 = LINE ( 'NONE', #278, #10423 ) ;
#61 = VECTOR ( 'NONE', #10361, 1000.000000000000000 ) ;
#62 = VERTEX_POINT ( 'NONE', #8777 ) ;
#63 = ORIENTED_EDGE ( 'NONE', *, *, #6541, .T. ) ;
#64 = CARTESIAN_POINT ( 'NONE',  ( -1.999999999999996669, 2.800000000000000266, 1.724999999999999201 ) ) ;
#65 = CARTESIAN_POINT ( 'NONE',  ( -3.950000000000000178, 10.50000000000000000, -3.025000000000001243 ) ) ;
#66 = CARTESIAN_POINT ( 'NONE',  ( -5.599999999999992539, 3.249999999999999556, -5.349999999999996980 ) ) ;
#67 = CARTESIAN_POINT ( 'NONE',  ( 5.674999999999998934, 0.000000000000000000, -4.825000000000000178 ) ) ;
#68 = DIRECTION ( 'NONE',  ( -0.000000000000000000, -0.000000000000000000, 1.000000000000000000 ) ) ;
#69 = AXIS2_PLACEMENT_3D ( 'NONE', #4193, #3167, #4907 ) ;
#70 = EDGE_LOOP ( 'NONE', ( #4930, #4433, #3405, #1658 ) ) ;
#71 = ADVANCED_FACE ( 'NONE', ( #10260 ), #1330, .F. ) ;
#72 = EDGE_CURVE ( 'NONE', #10580, #7197, #2849, .T. ) ;
#73 = LINE ( 'NONE', #9155, #6990 ) ;
#74 = DIRECTION ( 'NONE',  ( 2.478176394252582127E-16, 1.000000000000000000, 0.000000000000000000 ) ) ;
#75 = CARTESIAN_POINT ( 'NONE',  ( 3.950000000000000178, 12.28038475772933147, -2.375000000000005329 ) ) ;
#76 = ADVANCED_FACE ( 'NONE', ( #2790 ), #5303, .F. ) ;
#77 = ORIENTED_EDGE ( 'NONE', *, *, #6918, .F. ) ;
#78 = DIRECTION ( 'NONE',  ( 0.000000000000000000, 0.000000000000000000, -1.000000000000000000 ) ) ;
#79 = DIRECTION ( 'NONE',  ( -1.000000000000000000, -3.469446951953616161E-16, 0.000000000000000000 ) ) ;
#80 = LINE ( 'NONE', #25, #1180 ) ;
#81 = PLANE ( 'NONE',  #229 ) ;
#82 = ORIENTED_EDGE ( 'NONE', *, *, #10102, .F. ) ;
#83 = PLANE ( 'NONE',  #4032 ) ;
#84 = EDGE_CURVE ( 'NONE', #9837, #7901, #1119, .T. ) ;
#85 = VERTEX_POINT ( 'NONE', #8617 ) ;
#86 = EDGE_CURVE ( 'NONE', #9098, #2180, #7954, .T. ) ;
#87 = LINE ( 'NONE', #7584, #8444 ) ;
#88 = VECTOR ( 'NONE', #4831, 1000.000000000000000 ) ;
#89 = ADVANCED_FACE ( 'NONE', ( #5467 ), #2036, .T. ) ;
#90 = ORIENTED_EDGE ( 'NONE', *, *, #10210, .F. ) ;
#91 = LINE ( 'NONE', #7541, #2821 ) ;
#92 = ORIENTED_EDGE ( 'NONE', *, *, #4008, .F. ) ;
#93 = DIRECTION ( 'NONE',  ( 0.000000000000000000, -0.000000000000000000, 1.000000000000000000 ) ) ;
#94 = ORIENTED_EDGE ( 'NONE', *, *, #2978, .T. ) ;
#95 = EDGE_CURVE ( 'NONE', #5874, #4439, #4636, .T. ) ;
#96 = LINE ( 'NONE', #5964, #5544 ) ;
#97 = EDGE_CURVE ( 'NONE', #2104, #7811, #9602, .T. ) ;
#98 = ORIENTED_EDGE ( 'NONE', *, *, #9050, .F. ) ;
#99 = ORIENTED_EDGE ( 'NONE', *, *, #5371, .T. ) ;
#100 = DIRECTION ( 'NONE',  ( -0.000000000000000000, -1.000000000000000000, -0.000000000000000000 ) ) ;
#101 = ORIENTED_EDGE ( 'NONE', *, *, #5775, .T. ) ;
#102 = LINE ( 'NONE', #8521, #5439 ) ;
#103 = CARTESIAN_POINT ( 'NONE',  ( -8.950000000000002842, -1.225000000000000755, 5.025000000000000355 ) ) ;
#104 = CARTESIAN_POINT ( 'NONE',  ( 5.200000000000002842, 2.800000000000000266, 1.724999999999999201 ) ) ;
#105 = FACE_OUTER_BOUND ( 'NONE', #4569, .T. ) ;
#106 = ORIENTED_EDGE ( 'NONE', *, *, #438, .T. ) ;
#107 = VECTOR ( 'NONE', #10624, 1000.000000000000000 ) ;
#108 = FACE_BOUND ( 'NONE', #4596, .T. ) ;
#109 = ORIENTED_EDGE ( 'NONE', *, *, #9144, .F. ) ;
#110 = VECTOR ( 'NONE', #7956, 1000.000000000000000 ) ;
#111 = CARTESIAN_POINT ( 'NONE',  ( -7.000000000000002665, -3.350000000000000977, 2.924999999999999822 ) ) ;
#112 = ORIENTED_EDGE ( 'NONE', *, *, #2919, .T. ) ;
#113 = ORIENTED_EDGE ( 'NONE', *, *, #2149, .F. ) ;
#114 = CARTESIAN_POINT ( 'NONE',  ( 7.980000000000001315, 12.80000000000000071, -2.375000000000002220 ) ) ;
#115 = CARTESIAN_POINT ( 'NONE',  ( -7.824999999999991296, 1.400000000000001021, 4.025000000000000355 ) ) ;
#116 = PLANE ( 'NONE',  #10408 ) ;
#117 = DIRECTION ( 'NONE',  ( 0.000000000000000000, 1.000000000000000000, -0.000000000000000000 ) ) ;
#118 = LINE ( 'NONE', #4354, #3968 ) ;
#119 = VECTOR ( 'NONE', #5829, 1000.000000000000000 ) ;
#120 = VERTEX_POINT ( 'NONE', #4482 ) ;
#121 = FACE_OUTER_BOUND ( 'NONE', #8461, .T. ) ;
#122 = LINE ( 'NONE', #4358, #9902 ) ;
#123 = DIRECTION ( 'NONE',  ( -1.000000000000000000, -0.000000000000000000, -0.000000000000000000 ) ) ;
#124 = VECTOR ( 'NONE', #9943, 1000.000000000000000 ) ;
#125 = VERTEX_POINT ( 'NONE', #8560 ) ;
#126 = EDGE_CURVE ( 'NONE', #1958, #7761, #3767, .T. ) ;
#127 = CARTESIAN_POINT ( 'NONE',  ( -6.999999999999997335, 5.150000000000000355, -8.550000000000002487 ) ) ;
#128 = CARTESIAN_POINT ( 'NONE',  ( 3.275000000000000799, 2.600000000000001421, -4.025000000000004796 ) ) ;
#129 = DIRECTION ( 'NONE',  ( -0.000000000000000000, -0.000000000000000000, -1.000000000000000000 ) ) ;
#130 = FACE_OUTER_BOUND ( 'NONE', #5239, .T. ) ;
#131 = ORIENTED_EDGE ( 'NONE', *, *, #8588, .T. ) ;
#132 = DIRECTION ( 'NONE',  ( -0.000000000000000000, -0.000000000000000000, 1.000000000000000000 ) ) ;
#133 = VERTEX_POINT ( 'NONE', #5355 ) ;
#134 = FACE_OUTER_BOUND ( 'NONE', #7048, .T. ) ;
#135 = VECTOR ( 'NONE', #10198, 1000.000000000000000 ) ;
#136 = ORIENTED_EDGE ( 'NONE', *, *, #2111, .F. ) ;
#137 = ADVANCED_FACE ( 'NONE', ( #1922 ), #8673, .T. ) ;
#138 = ADVANCED_FACE ( 'NONE', ( #6986 ), #4590, .T. ) ;
#139 = FACE_OUTER_BOUND ( 'NONE', #1248, .T. ) ;
#140 = FACE_OUTER_BOUND ( 'NONE', #9285, .T. ) ;
#141 = ORIENTED_EDGE ( 'NONE', *, *, #2209, .T. ) ;
#142 = CARTESIAN_POINT ( 'NONE',  ( -9.199999999999999289, 2.800000000000000266, -3.824999999999998401 ) ) ;
#143 = CONTEXT_DEPENDENT_SHAPE_REPRESENTATION ( #1477, #4062 ) ;
#144 = EDGE_CURVE ( 'NONE', #9524, #7782, #515, .T. ) ;
#145 = EDGE_LOOP ( 'NONE', ( #1262, #4419, #9520, #6075, #6748, #2508, #7823, #5331, #10548, #5305 ) ) ;
#146 = VECTOR ( 'NONE', #5918, 1000.000000000000000 ) ;
#147 = VECTOR ( 'NONE', #3971, 1000.000000000000000 ) ;
#148 = DIRECTION ( 'NONE',  ( 1.000000000000000000, -0.000000000000000000, 0.000000000000000000 ) ) ;
#149 = ORIENTED_EDGE ( 'NONE', *, *, #8802, .T. ) ;
#150 = EDGE_CURVE ( 'NONE', #220, #10437, #3609, .T. ) ;
#151 = EDGE_LOOP ( 'NONE', ( #5787, #6297, #2712, #9892, #4183, #8345, #7508, #149, #5160, #6766 ) ) ;
#152 = LINE ( 'NONE', #5099, #5407 ) ;
#153 = VECTOR ( 'NONE', #10554, 1000.000000000000000 ) ;
#154 = VECTOR ( 'NONE', #7656, 1000.000000000000000 ) ;
#155 = VERTEX_POINT ( 'NONE', #10314 ) ;
#156 = CARTESIAN_POINT ( 'NONE',  ( -1.100000000000002087, 8.400000000000000355, -0.07500000000000128786 ) ) ;
#157 = CARTESIAN_POINT ( 'NONE',  ( 2.574999999999999734, 11.90000000000000036, -5.024999999999999467 ) ) ;
#158 = VECTOR ( 'NONE', #1690, 1000.000000000000000 ) ;
#159 = LINE ( 'NONE', #3574, #2918 ) ;
#160 = CARTESIAN_POINT ( 'NONE',  ( -2.750000000000000000, 0.9155523756961149173, -3.675000000000001155 ) ) ;
#161 = ADVANCED_FACE ( 'NONE', ( #7902 ), #6933, .T. ) ;
#162 = VERTEX_POINT ( 'NONE', #2146 ) ;
#163 = EDGE_CURVE ( 'NONE', #6196, #7152, #6055, .T. ) ;
#164 = EDGE_CURVE ( 'NONE', #7820, #5500, #7257, .T. ) ;
#165 = VECTOR ( 'NONE', #405, 1000.000000000000114 ) ;
#166 = LINE ( 'NONE', #10120, #4224 ) ;
#167 = ORIENTED_EDGE ( 'NONE', *, *, #8995, .F. ) ;
#168 = DIRECTION ( 'NONE',  ( 1.000000000000000000, 0.000000000000000000, 0.000000000000000000 ) ) ;
#169 = EDGE_LOOP ( 'NONE', ( #1177, #1669, #5903, #6243 ) ) ;
#170 = VERTEX_POINT ( 'NONE', #3117 ) ;
#171 = DIRECTION ( 'NONE',  ( -0.5773502691896265082, 0.5773502691896242878, 0.5773502691896265082 ) ) ;
#172 = PLANE ( 'NONE',  #9073 ) ;
#173 = VECTOR ( 'NONE', #9815, 1000.000000000000000 ) ;
#174 = DIRECTION ( 'NONE',  ( 0.000000000000000000, -1.000000000000000000, 0.000000000000000000 ) ) ;
#175 = CARTESIAN_POINT ( 'NONE',  ( 1.935000000000000275, 10.59999999999999964, 1.540689534999236443 ) ) ;
#176 = CARTESIAN_POINT ( 'NONE',  ( -8.950000000000004619, 0.000000000000000000, 2.925000000000000711 ) ) ;
#177 = ORIENTED_EDGE ( 'NONE', *, *, #5371, .F. ) ;
#178 = DIRECTION ( 'NONE',  ( -0.000000000000000000, 1.000000000000000000, -0.000000000000000000 ) ) ;
#179 = DIRECTION ( 'NONE',  ( 0.000000000000000000, 1.000000000000000000, 0.000000000000000000 ) ) ;
#180 = DIRECTION ( 'NONE',  ( 0.000000000000000000, -0.000000000000000000, 1.000000000000000000 ) ) ;
#181 = VERTEX_POINT ( 'NONE', #7371 ) ;
#182 = FACE_OUTER_BOUND ( 'NONE', #1502, .T. ) ;
#183 = CARTESIAN_POINT ( 'NONE',  ( 3.950000000000000178, 12.80000000000000071, -3.025000000000001243 ) ) ;
#184 = DIRECTION ( 'NONE',  ( -1.000000000000000000, 0.000000000000000000, 0.000000000000000000 ) ) ;
#185 = DIRECTION ( 'NONE',  ( 0.000000000000000000, -1.000000000000000000, 0.000000000000000000 ) ) ;
#186 = VERTEX_POINT ( 'NONE', #9052 ) ;
#187 = ORIENTED_EDGE ( 'NONE', *, *, #3122, .F. ) ;
#188 = ORIENTED_EDGE ( 'NONE', *, *, #9871, .T. ) ;
#189 = ADVANCED_FACE ( 'NONE', ( #3932 ), #3173, .T. ) ;
#190 = CYLINDRICAL_SURFACE ( 'NONE', #9628, 0.2999999999999999334 ) ;
#191 = ORIENTED_EDGE ( 'NONE', *, *, #8863, .T. ) ;
#192 = VECTOR ( 'NONE', #3849, 1000.000000000000000 ) ;
#193 = CARTESIAN_POINT ( 'NONE',  ( 1.935000000000000941, 10.05000000000000071, -2.675000000000000266 ) ) ;
#194 = DIRECTION ( 'NONE',  ( 1.000000000000000000, 0.000000000000000000, -1.275531967630005245E-16 ) ) ;
#195 = ORIENTED_EDGE ( 'NONE', *, *, #8644, .T. ) ;
#196 = AXIS2_PLACEMENT_3D ( 'NONE', #8964, #1464, #1668 ) ;
#197 = CARTESIAN_POINT ( 'NONE',  ( 7.680000000000001492, 12.80000000000000071, -3.116619848709575091 ) ) ;
#198 = EDGE_LOOP ( 'NONE', ( #7334, #9316, #1494, #5451 ) ) ;
#199 = VECTOR ( 'NONE', #10384, 1000.000000000000227 ) ;
#200 = EDGE_CURVE ( 'NONE', #3766, #5140, #1547, .T. ) ;
#201 = ADVANCED_FACE ( 'NONE', ( #4045 ), #4096, .T. ) ;
#202 = CARTESIAN_POINT ( 'NONE',  ( -8.950000000000002842, -0.8499999999999999778, -3.375000000000000000 ) ) ;
#203 = ORIENTED_EDGE ( 'NONE', *, *, #8122, .T. ) ;
#204 = ADVANCED_FACE ( 'NONE', ( #9764 ), #2250, .F. ) ;
#205 = VERTEX_POINT ( 'NONE', #8886 ) ;
#206 = CARTESIAN_POINT ( 'NONE',  ( 5.599999999999996980, 2.800000000000000266, -0.07500000000000128786 ) ) ;
#207 = ORIENTED_EDGE ( 'NONE', *, *, #5808, .T. ) ;
#208 = CARTESIAN_POINT ( 'NONE',  ( 9.574999999999993960, 2.400000000000003464, 4.825000000000007283 ) ) ;
#209 = DIRECTION ( 'NONE',  ( 0.000000000000000000, 0.000000000000000000, -1.000000000000000000 ) ) ;
#210 = LINE ( 'NONE', #8473, #214 ) ;
#211 = VECTOR ( 'NONE', #7185, 1000.000000000000000 ) ;
#212 = EDGE_LOOP ( 'NONE', ( #10495, #7504, #267, #109 ) ) ;
#213 = ORIENTED_EDGE ( 'NONE', *, *, #5793, .T. ) ;
#214 = VECTOR ( 'NONE', #1946, 1000.000000000000000 ) ;
#215 =( REPRESENTATION_RELATIONSHIP ('NONE','NONE', #8135, #7031 ) REPRESENTATION_RELATIONSHIP_WITH_TRANSFORMATION ( #9284 )SHAPE_REPRESENTATION_RELATIONSHIP( ) );
#216 = EDGE_CURVE ( 'NONE', #7071, #10580, #10694, .T. ) ;
#217 = AXIS2_PLACEMENT_3D ( 'NONE', #8119, #7415, #2194 ) ;
#218 = CARTESIAN_POINT ( 'NONE',  ( 0.000000000000000000, 0.000000000000000000, -0.07500000000000084377 ) ) ;
#219 = VECTOR ( 'NONE', #7631, 1000.000000000000000 ) ;
#220 = VERTEX_POINT ( 'NONE', #2307 ) ;
#221 = EDGE_CURVE ( 'NONE', #9242, #9024, #5085, .T. ) ;
#222 = EDGE_CURVE ( 'NONE', #382, #6196, #2990, .T. ) ;
#223 = CARTESIAN_POINT ( 'NONE',  ( -6.999999999999995559, 5.450000000000000178, 3.187878387081805709 ) ) ;
#224 = VECTOR ( 'NONE', #1232, 1000.000000000000000 ) ;
#225 = EDGE_LOOP ( 'NONE', ( #5280, #7650, #5969, #4912 ) ) ;
#226 = VERTEX_POINT ( 'NONE', #1439 ) ;
#227 = DIRECTION ( 'NONE',  ( -1.000000000000000000, 0.000000000000000000, 0.000000000000000000 ) ) ;
#228 = CARTESIAN_POINT ( 'NONE',  ( 0.1999999999999970690, -3.350000000000000977, 4.025000000000000355 ) ) ;
#229 = AXIS2_PLACEMENT_3D ( 'NONE', #1559, #6606, #7579 ) ;
#230 = CARTESIAN_POINT ( 'NONE',  ( -5.599999999999996980, 8.399999999999998579, 1.724999999999999645 ) ) ;
#231 = CARTESIAN_POINT ( 'NONE',  ( 9.199999999999999289, 12.28038475772934035, -3.825000000000000622 ) ) ;
#232 = CARTESIAN_POINT ( 'NONE',  ( 0.000000000000000000, -2.299999999999999822, -5.900000000000001243 ) ) ;
#233 = VERTEX_POINT ( 'NONE', #5515 ) ;
#234 = AXIS2_PLACEMENT_3D ( 'NONE', #10221, #5208, #2757 ) ;
#235 = LINE ( 'NONE', #7783, #7501 ) ;
#236 = VECTOR ( 'NONE', #8821, 1000.000000000000000 ) ;
#237 = FACE_BOUND ( 'NONE', #1471, .T. ) ;
#238 = LINE ( 'NONE', #6871, #3578 ) ;
#239 = VECTOR ( 'NONE', #10528, 1000.000000000000000 ) ;
#240 = EDGE_CURVE ( 'NONE', #8747, #2511, #749, .T. ) ;
#241 = ORIENTED_EDGE ( 'NONE', *, *, #9655, .T. ) ;
#242 = DIRECTION ( 'NONE',  ( -0.000000000000000000, -0.000000000000000000, 1.000000000000000000 ) ) ;
#243 = LINE ( 'NONE', #10357, #2489 ) ;
#244 = AXIS2_PLACEMENT_3D ( 'NONE', #5187, #10316, #3611 ) ;
#245 = DIRECTION ( 'NONE',  ( 1.000000000000000000, 0.000000000000000000, 0.000000000000000000 ) ) ;
#246 = CARTESIAN_POINT ( 'NONE',  ( 2.499999999999996891, -3.750000000000001332, 2.924999999999999822 ) ) ;
#247 = DIRECTION ( 'NONE',  ( -0.000000000000000000, -1.000000000000000000, -0.000000000000000000 ) ) ;
#248 = ORIENTED_EDGE ( 'NONE', *, *, #10191, .T. ) ;
#249 = ORIENTED_EDGE ( 'NONE', *, *, #2263, .F. ) ;
#250 = CARTESIAN_POINT ( 'NONE',  ( 10.20000000000000817, 4.800000000000000711, 13.20342712474620939 ) ) ;
#251 = LINE ( 'NONE', #3558, #1630 ) ;
#252 = VERTEX_POINT ( 'NONE', #3011 ) ;
#253 = FACE_OUTER_BOUND ( 'NONE', #1997, .T. ) ;
#254 = DIRECTION ( 'NONE',  ( -1.000000000000000000, 0.000000000000000000, 0.000000000000000000 ) ) ;
#255 = ORIENTED_EDGE ( 'NONE', *, *, #359, .T. ) ;
#256 = ADVANCED_FACE ( 'NONE', ( #4915 ), #9870, .F. ) ;
#257 = CARTESIAN_POINT ( 'NONE',  ( -6.499999999999997335, 5.150000000000000355, -8.550000000000002487 ) ) ;
#258 = CARTESIAN_POINT ( 'NONE',  ( -6.099999999999990763, 3.250000000000000000, 3.187878387081809262 ) ) ;
#259 = ORIENTED_EDGE ( 'NONE', *, *, #4803, .F. ) ;
#260 = VECTOR ( 'NONE', #6619, 1000.000000000000000 ) ;
#261 = FACE_OUTER_BOUND ( 'NONE', #5487, .T. ) ;
#262 = EDGE_CURVE ( 'NONE', #8255, #2537, #10581, .T. ) ;
#263 = ORIENTED_EDGE ( 'NONE', *, *, #679, .T. ) ;
#264 = EDGE_LOOP ( 'NONE', ( #821, #6570, #7172, #4651 ) ) ;
#265 = CARTESIAN_POINT ( 'NONE',  ( -6.999999999999995559, 5.849999999999999645, 3.187878387081805709 ) ) ;
#266 = ADVANCED_FACE ( 'NONE', ( #1597 ), #10122, .F. ) ;
#267 = ORIENTED_EDGE ( 'NONE', *, *, #7012, .F. ) ;
#268 = LINE ( 'NONE', #9236, #4390 ) ;
#269 = LINE ( 'NONE', #103, #3984 ) ;
#270 = DIRECTION ( 'NONE',  ( -1.000000000000000000, 0.000000000000000000, 0.000000000000000000 ) ) ;
#271 = DIRECTION ( 'NONE',  ( 0.000000000000000000, -1.000000000000000000, -0.000000000000000000 ) ) ;
#272 = EDGE_LOOP ( 'NONE', ( #2042, #5151, #213, #3085 ) ) ;
#273 = VERTEX_POINT ( 'NONE', #7207 ) ;
#274 = ADVANCED_FACE ( 'NONE', ( #9656 ), #1385, .F. ) ;
#275 = DIRECTION ( 'NONE',  ( -0.3236155771181850604, -0.8891264907159881492, -0.3236155771181850604 ) ) ;
#276 = ORIENTED_EDGE ( 'NONE', *, *, #2495, .F. ) ;
#277 = UNCERTAINTY_MEASURE_WITH_UNIT (LENGTH_MEASURE( 1.000000000000000082E-05 ), #5538, 'distance_accuracy_value', 'NONE');
#278 = CARTESIAN_POINT ( 'NONE',  ( 8.950000000000002842, -3.750000000000001332, 2.924999999999999822 ) ) ;
#279 = EDGE_CURVE ( 'NONE', #9565, #5386, #10530, .T. ) ;
#280 = VERTEX_POINT ( 'NONE', #4864 ) ;
#281 = ORIENTED_EDGE ( 'NONE', *, *, #2556, .F. ) ;
#282 = EDGE_CURVE ( 'NONE', #4608, #8370, #8176, .T. ) ;
#283 = CARTESIAN_POINT ( 'NONE',  ( -1.100000000000002087, -3.350000000000000977, 2.924999999999999822 ) ) ;
#284 = DIRECTION ( 'NONE',  ( 0.000000000000000000, 0.000000000000000000, -1.000000000000000000 ) ) ;
#285 = DIRECTION ( 'NONE',  ( 1.000000000000000000, 0.000000000000000000, 0.000000000000000000 ) ) ;
#286 = CARTESIAN_POINT ( 'NONE',  ( 9.900000000000002132, 12.80000000000000071, -5.025000000000000355 ) ) ;
#287 = LINE ( 'NONE', #176, #7962 ) ;
#288 = ORIENTED_EDGE ( 'NONE', *, *, #3527, .T. ) ;
#289 = EDGE_CURVE ( 'NONE', #5443, #2211, #73, .T. ) ;
#290 = CARTESIAN_POINT ( 'NONE',  ( -9.899999999999996803, 4.799999999999998046, 7.875000000000000000 ) ) ;
#291 = DIRECTION ( 'NONE',  ( 0.000000000000000000, 0.000000000000000000, -1.000000000000000000 ) ) ;
#292 = CARTESIAN_POINT ( 'NONE',  ( 3.400000000000002132, 3.469446951953614189E-15, 2.124999999999999112 ) ) ;
#293 = VECTOR ( 'NONE', #6096, 1000.000000000000000 ) ;
#294 = ORIENTED_EDGE ( 'NONE', *, *, #1739, .F. ) ;
#295 = EDGE_CURVE ( 'NONE', #5353, #597, #7342, .T. ) ;
#296 = DIRECTION ( 'NONE',  ( -0.000000000000000000, -1.000000000000000000, -0.000000000000000000 ) ) ;
#297 = FACE_BOUND ( 'NONE', #9405, .T. ) ;
#298 = CARTESIAN_POINT ( 'NONE',  ( -6.367889546345855578, -3.997637576302314866, -5.282110453654139448 ) ) ;
#299 = FACE_OUTER_BOUND ( 'NONE', #1859, .T. ) ;
#300 = CARTESIAN_POINT ( 'NONE',  ( -10.20000000000000284, -1.225000000000000755, 4.025000000000000355 ) ) ;
#301 = ORIENTED_EDGE ( 'NONE', *, *, #9199, .T. ) ;
#302 = EDGE_CURVE ( 'NONE', #2010, #6696, #2305, .T. ) ;
#303 = ORIENTED_EDGE ( 'NONE', *, *, #8785, .F. ) ;
#304 = DIRECTION ( 'NONE',  ( 1.000000000000000000, 0.000000000000000000, 0.000000000000000000 ) ) ;
#305 = CARTESIAN_POINT ( 'NONE',  ( -0.6999999999999975131, -0.8500000000000011990, 4.025000000000000355 ) ) ;
#306 = VECTOR ( 'NONE', #9747, 1000.000000000000000 ) ;
#307 = VERTEX_POINT ( 'NONE', #990 ) ;
#308 = FACE_OUTER_BOUND ( 'NONE', #10286, .T. ) ;
#309 = LINE ( 'NONE', #2743, #6818 ) ;
#310 = EDGE_LOOP ( 'NONE', ( #131, #3628, #7833, #8022 ) ) ;
#311 = PLANE ( 'NONE',  #9335 ) ;
#312 = DIRECTION ( 'NONE',  ( 0.000000000000000000, 4.845596301611191665E-17, 1.000000000000000000 ) ) ;
#313 = AXIS2_PLACEMENT_3D ( 'NONE', #645, #10707, #7278 ) ;
#314 = ORIENTED_EDGE ( 'NONE', *, *, #4473, .T. ) ;
#315 = DIRECTION ( 'NONE',  ( 1.000000000000000000, 0.000000000000000000, -1.515042337097647644E-16 ) ) ;
#316 = VECTOR ( 'NONE', #7156, 1000.000000000000000 ) ;
#317 = ORIENTED_EDGE ( 'NONE', *, *, #2128, .F. ) ;
#318 = ORIENTED_EDGE ( 'NONE', *, *, #8935, .F. ) ;
#319 = LINE ( 'NONE', #9458, #9587 ) ;
#320 = ORIENTED_EDGE ( 'NONE', *, *, #240, .F. ) ;
#321 = CARTESIAN_POINT ( 'NONE',  ( -8.950000000000002842, 0.000000000000000000, 0.000000000000000000 ) ) ;
#322 = CARTESIAN_POINT ( 'NONE',  ( 2.575000000000000622, 10.50000000000000000, -0.6545349465914744869 ) ) ;
#323 = SURFACE_SIDE_STYLE ('',( #2813 ) ) ;
#324 = LINE ( 'NONE', #6186, #1086 ) ;
#325 = VERTEX_POINT ( 'NONE', #2520 ) ;
#326 = ORIENTED_EDGE ( 'NONE', *, *, #6337, .F. ) ;
#327 = ADVANCED_FACE ( 'NONE', ( #10083 ), #5781, .F. ) ;
#328 = CARTESIAN_POINT ( 'NONE',  ( 7.000000000000002665, -0.8500000000000011990, 4.025000000000000355 ) ) ;
#329 = AXIS2_PLACEMENT_3D ( 'NONE', #2232, #3913, #49 ) ;
#330 = EDGE_LOOP ( 'NONE', ( #9840, #8001, #3283, #9600, #1641, #10713, #7246 ) ) ;
#331 = CARTESIAN_POINT ( 'NONE',  ( 1.100000000000002087, -1.250000000000001332, 2.425000000000000711 ) ) ;
#332 = AXIS2_PLACEMENT_3D ( 'NONE', #4413, #7673, #8382 ) ;
#333 = EDGE_LOOP ( 'NONE', ( #772, #10331, #10544, #2417 ) ) ;
#334 = EDGE_LOOP ( 'NONE', ( #7182, #7756, #2981, #2316 ) ) ;
#335 = LINE ( 'NONE', #3855, #2755 ) ;
#336 = LINE ( 'NONE', #7078, #3853 ) ;
#337 = CARTESIAN_POINT ( 'NONE',  ( -4.700000000000002842, -3.750000000000001332, 2.924999999999999822 ) ) ;
#338 = DIRECTION ( 'NONE',  ( -1.000000000000000000, 0.000000000000000000, 0.000000000000000000 ) ) ;
#339 = PLANE ( 'NONE',  #332 ) ;
#340 = AXIS2_PLACEMENT_3D ( 'NONE', #6598, #9157, #10085 ) ;
#341 = AXIS2_PLACEMENT_3D ( 'NONE', #8211, #773, #3094 ) ;
#342 = ORIENTED_EDGE ( 'NONE', *, *, #5734, .F. ) ;
#343 = LINE ( 'NONE', #290, #9416 ) ;
#344 = EDGE_CURVE ( 'NONE', #9006, #9213, #5015, .T. ) ;
#345 = LINE ( 'NONE', #1158, #6595 ) ;
#346 = EDGE_CURVE ( 'NONE', #3200, #5323, #4199, .T. ) ;
#347 = LINE ( 'NONE', #2024, #7410 ) ;
#348 = VERTEX_POINT ( 'NONE', #2570 ) ;
#349 = EDGE_CURVE ( 'NONE', #6163, #6264, #4302, .T. ) ;
#350 = PLANE ( 'NONE',  #10665 ) ;
#351 = CYLINDRICAL_SURFACE ( 'NONE', #7176, 0.5000000000000001110 ) ;
#352 = LINE ( 'NONE', #298, #3291 ) ;
#353 = DIRECTION ( 'NONE',  ( 1.000000000000000000, 0.000000000000000000, -8.503546450866703280E-17 ) ) ;
#354 = CARTESIAN_POINT ( 'NONE',  ( -6.500000000000002665, -3.350000000000000977, 0.2249999999999995060 ) ) ;
#355 = ORIENTED_EDGE ( 'NONE', *, *, #8000, .T. ) ;
#356 = VERTEX_POINT ( 'NONE', #6808 ) ;
#357 = DIRECTION ( 'NONE',  ( 1.000000000000000000, 0.000000000000000000, 0.000000000000000000 ) ) ;
#358 = PLANE ( 'NONE',  #9452 ) ;
#359 = EDGE_CURVE ( 'NONE', #5317, #6053, #9920, .T. ) ;
#360 = VERTEX_POINT ( 'NONE', #839 ) ;
#361 = EDGE_CURVE ( 'NONE', #8028, #9348, #7518, .T. ) ;
#362 = DIRECTION ( 'NONE',  ( -0.000000000000000000, 1.000000000000000000, -0.000000000000000000 ) ) ;
#363 = EDGE_CURVE ( 'NONE', #8059, #2491, #1751, .T. ) ;
#364 = DIRECTION ( 'NONE',  ( -1.000000000000000000, 0.000000000000000000, 0.000000000000000000 ) ) ;
#365 = ORIENTED_EDGE ( 'NONE', *, *, #7019, .T. ) ;
#366 = CARTESIAN_POINT ( 'NONE',  ( 4.299999999999998046, -3.750000000000001332, 0.2249999999999982014 ) ) ;
#367 = CARTESIAN_POINT ( 'NONE',  ( -6.099999999999990763, 3.649999999999999911, 3.599999999999999201 ) ) ;
#368 = ORIENTED_EDGE ( 'NONE', *, *, #1263, .T. ) ;
#369 = VECTOR ( 'NONE', #9842, 1000.000000000000000 ) ;
#370 = CARTESIAN_POINT ( 'NONE',  ( 7.980000000000001315, 2.800000000000000266, -3.825000000000000622 ) ) ;
#371 = ORIENTED_EDGE ( 'NONE', *, *, #598, .F. ) ;
#372 = ORIENTED_EDGE ( 'NONE', *, *, #7403, .T. ) ;
#373 = CARTESIAN_POINT ( 'NONE',  ( -1.435000000000000497, 10.59999999999999964, -5.024999999999999467 ) ) ;
#374 = ORIENTED_EDGE ( 'NONE', *, *, #5052, .F. ) ;
#375 = CARTESIAN_POINT ( 'NONE',  ( 1.600000000000002531, -1.250000000000001332, 2.425000000000000711 ) ) ;
#376 = FACE_OUTER_BOUND ( 'NONE', #4853, .T. ) ;
#377 = VECTOR ( 'NONE', #10438, 1000.000000000000000 ) ;
#378 = DIRECTION ( 'NONE',  ( -0.000000000000000000, -1.000000000000000000, -0.000000000000000000 ) ) ;
#379 = ORIENTED_EDGE ( 'NONE', *, *, #6979, .F. ) ;
#380 = ORIENTED_EDGE ( 'NONE', *, *, #9065, .T. ) ;
#381 = FACE_OUTER_BOUND ( 'NONE', #8481, .T. ) ;
#382 = VERTEX_POINT ( 'NONE', #6649 ) ;
#383 = UNCERTAINTY_MEASURE_WITH_UNIT (LENGTH_MEASURE( 1.000000000000000082E-05 ), #8854, 'distance_accuracy_value', 'NONE');
#384 = DIRECTION ( 'NONE',  ( -1.000000000000000000, 0.000000000000000000, -0.000000000000000000 ) ) ;
#385 = VERTEX_POINT ( 'NONE', #5118 ) ;
#386 = ORIENTED_EDGE ( 'NONE', *, *, #7717, .T. ) ;
#387 = LINE ( 'NONE', #2070, #9890 ) ;
#388 = CARTESIAN_POINT ( 'NONE',  ( -10.20000000000000284, -3.999999999999999112, -3.375000000000000444 ) ) ;
#389 = VECTOR ( 'NONE', #7479, 1000.000000000000000 ) ;
#390 = EDGE_CURVE ( 'NONE', #1930, #3486, #7623, .T. ) ;
#391 = FACE_BOUND ( 'NONE', #10206, .T. ) ;
#392 = CARTESIAN_POINT ( 'NONE',  ( 0.6999999999999975131, 2.800000000000000266, -0.4750000000000014766 ) ) ;
#393 = DIRECTION ( 'NONE',  ( -0.7071067811865475727, -0.000000000000000000, -0.7071067811865475727 ) ) ;
#394 = EDGE_LOOP ( 'NONE', ( #7646, #4832, #4990, #8973 ) ) ;
#395 = DIRECTION ( 'NONE',  ( -1.000000000000000000, -0.000000000000000000, 1.057758217059031665E-15 ) ) ;
#396 = AXIS2_PLACEMENT_3D ( 'NONE', #1496, #4808, #2361 ) ;
#397 = CYLINDRICAL_SURFACE ( 'NONE', #1444, 0.1999999999999996503 ) ;
#398 = CARTESIAN_POINT ( 'NONE',  ( 2.875000000000000000, 12.80000000000000071, -5.024999999999999467 ) ) ;
#399 = AXIS2_PLACEMENT_3D ( 'NONE', #8678, #2690, #4431 ) ;
#400 = DIRECTION ( 'NONE',  ( -0.000000000000000000, 0.000000000000000000, 1.000000000000000000 ) ) ;
#401 = CARTESIAN_POINT ( 'NONE',  ( -10.19999999999999929, 8.800000000000000711, 5.375000000000000000 ) ) ;
#402 = DIRECTION ( 'NONE',  ( -1.000000000000000000, 0.000000000000000000, 0.000000000000000000 ) ) ;
#403 = AXIS2_PLACEMENT_3D ( 'NONE', #9940, #1823, #5139 ) ;
#404 = ADVANCED_FACE ( 'NONE', ( #16 ), #10139, .F. ) ;
#405 = DIRECTION ( 'NONE',  ( -0.000000000000000000, -0.7071067811865460184, -0.7071067811865489050 ) ) ;
#406 = CARTESIAN_POINT ( 'NONE',  ( -3.400000000000003020, 8.400000000000000355, -0.4750000000000010325 ) ) ;
#407 = ADVANCED_FACE ( 'NONE', ( #3487 ), #1045, .T. ) ;
#408 = DIRECTION ( 'NONE',  ( -1.495451272393799542E-16, -0.000000000000000000, -1.000000000000000000 ) ) ;
#409 = AXIS2_PLACEMENT_3D ( 'NONE', #2236, #5395, #5559 ) ;
#410 = VECTOR ( 'NONE', #7726, 1000.000000000000000 ) ;
#411 = ORIENTED_EDGE ( 'NONE', *, *, #6039, .F. ) ;
#412 = CARTESIAN_POINT ( 'NONE',  ( 0.000000000000000000, -1.250000000000001332, 4.025000000000000355 ) ) ;
#413 = VECTOR ( 'NONE', #7752, 1000.000000000000227 ) ;
#414 = CARTESIAN_POINT ( 'NONE',  ( -9.499999999999998224, 12.80000000000000071, 3.825000000000001066 ) ) ;
#415 = EDGE_CURVE ( 'NONE', #10367, #10318, #5990, .T. ) ;
#416 = AXIS2_PLACEMENT_3D ( 'NONE', #8716, #7897, #8823 ) ;
#417 = VECTOR ( 'NONE', #824, 1000.000000000000000 ) ;
#418 = ORIENTED_EDGE ( 'NONE', *, *, #2665, .T. ) ;
#419 = CARTESIAN_POINT ( 'NONE',  ( 3.950000000000000178, 12.80000000000000071, -3.025000000000001243 ) ) ;
#420 = LINE ( 'NONE', #9386, #573 ) ;
#421 = ORIENTED_EDGE ( 'NONE', *, *, #4934, .F. ) ;
#422 = EDGE_CURVE ( 'NONE', #7704, #9730, #3274, .T. ) ;
#423 = DIRECTION ( 'NONE',  ( -1.000000000000000000, -0.000000000000000000, -0.000000000000000000 ) ) ;
#424 = ADVANCED_FACE ( 'NONE', ( #121 ), #3433, .F. ) ;
#425 = LINE ( 'NONE', #10268, #8390 ) ;
#426 = ORIENTED_EDGE ( 'NONE', *, *, #427, .F. ) ;
#427 = EDGE_CURVE ( 'NONE', #5771, #3686, #1318, .T. ) ;
#428 = CARTESIAN_POINT ( 'NONE',  ( -9.500000000000001776, 12.80000000000000071, -3.824999999999998401 ) ) ;
#429 = ORIENTED_EDGE ( 'NONE', *, *, #6680, .T. ) ;
#430 = ORIENTED_EDGE ( 'NONE', *, *, #6277, .F. ) ;
#431 = FACE_OUTER_BOUND ( 'NONE', #2928, .T. ) ;
#432 = VERTEX_POINT ( 'NONE', #2777 ) ;
#433 = CARTESIAN_POINT ( 'NONE',  ( 10.20000000000000284, -3.374999999999998224, 4.025000000000000355 ) ) ;
#434 = EDGE_CURVE ( 'NONE', #6264, #10597, #7891, .T. ) ;
#435 = DIRECTION ( 'NONE',  ( -1.000000000000000000, 0.000000000000000000, -0.000000000000000000 ) ) ;
#436 = ORIENTED_EDGE ( 'NONE', *, *, #1680, .T. ) ;
#437 = VERTEX_POINT ( 'NONE', #8656 ) ;
#438 = EDGE_CURVE ( 'NONE', #9146, #8856, #9586, .T. ) ;
#439 = DIRECTION ( 'NONE',  ( 0.000000000000000000, 0.000000000000000000, -1.000000000000000000 ) ) ;
#440 = EDGE_LOOP ( 'NONE', ( #10231, #602, #6858, #8503 ) ) ;
#441 = CARTESIAN_POINT ( 'NONE',  ( 9.500000000000003553, 12.80000000000000071, -3.825000000000000622 ) ) ;
#442 = EDGE_LOOP ( 'NONE', ( #4448, #7390, #3318, #9465 ) ) ;
#443 = EDGE_LOOP ( 'NONE', ( #3562, #7361, #4163, #9578 ) ) ;
#444 = LINE ( 'NONE', #4570, #2062 ) ;
#445 = LINE ( 'NONE', #7128, #6287 ) ;
#446 = DIRECTION ( 'NONE',  ( 0.000000000000000000, 1.000000000000000000, 0.000000000000000000 ) ) ;
#447 = CARTESIAN_POINT ( 'NONE',  ( 9.200000000000001066, 2.800000000000000266, 3.824999999999997957 ) ) ;
#448 = FACE_OUTER_BOUND ( 'NONE', #9769, .T. ) ;
#449 = VERTEX_POINT ( 'NONE', #8707 ) ;
#450 = DIRECTION ( 'NONE',  ( -0.7071067811865460184, 0.000000000000000000, -0.7071067811865489050 ) ) ;
#451 = CARTESIAN_POINT ( 'NONE',  ( -9.500000000000000000, 12.80000000000000071, 3.825000000000001066 ) ) ;
#452 = DIRECTION ( 'NONE',  ( -0.000000000000000000, 0.000000000000000000, 1.000000000000000000 ) ) ;
#453 = DIRECTION ( 'NONE',  ( 0.000000000000000000, 0.000000000000000000, -1.000000000000000000 ) ) ;
#454 = FACE_OUTER_BOUND ( 'NONE', #6881, .T. ) ;
#455 = CARTESIAN_POINT ( 'NONE',  ( -8.249999999999998224, 8.799999999999997158, 5.025000000000001243 ) ) ;
#456 = CARTESIAN_POINT ( 'NONE',  ( 1.934999999999999609, 10.59999999999999964, -4.025000000000000355 ) ) ;
#457 = DIRECTION ( 'NONE',  ( -1.000000000000000000, -1.779203565104417128E-15, 0.000000000000000000 ) ) ;
#458 = CARTESIAN_POINT ( 'NONE',  ( 3.275000000000000799, 0.000000000000000000, -4.025000000000004796 ) ) ;
#459 = ORIENTED_EDGE ( 'NONE', *, *, #5342, .T. ) ;
#460 = CARTESIAN_POINT ( 'NONE',  ( -1.600000000000002531, -3.750000000000001332, 0.2249999999999999500 ) ) ;
#461 = CARTESIAN_POINT ( 'NONE',  ( -9.199999999999997513, 4.799999999999998046, 7.574999999999996625 ) ) ;
#462 = VECTOR ( 'NONE', #2573, 1000.000000000000000 ) ;
#463 = EDGE_CURVE ( 'NONE', #5219, #6136, #3594, .T. ) ;
#464 = ORIENTED_EDGE ( 'NONE', *, *, #9597, .F. ) ;
#465 = VECTOR ( 'NONE', #3769, 1000.000000000000000 ) ;
#466 = LINE ( 'NONE', #8730, #9611 ) ;
#467 = VECTOR ( 'NONE', #6882, 1000.000000000000000 ) ;
#468 = DIRECTION ( 'NONE',  ( 0.000000000000000000, 1.000000000000000000, 0.000000000000000000 ) ) ;
#469 = EDGE_LOOP ( 'NONE', ( #5131, #10385, #2711, #7211 ) ) ;
#470 = CARTESIAN_POINT ( 'NONE',  ( -6.999999999999995559, 5.849999999999999645, 3.600000000000000977 ) ) ;
#471 = LINE ( 'NONE', #8956, #1269 ) ;
#472 = ORIENTED_EDGE ( 'NONE', *, *, #3779, .T. ) ;
#473 = CIRCLE ( 'NONE', #6192, 0.5000000000000022204 ) ;
#474 = EDGE_CURVE ( 'NONE', #6018, #9662, #3753, .T. ) ;
#475 = FACE_OUTER_BOUND ( 'NONE', #3340, .T. ) ;
#476 = ADVANCED_FACE ( 'NONE', ( #5226 ), #7032, .F. ) ;
#477 = ORIENTED_EDGE ( 'NONE', *, *, #1016, .F. ) ;
#478 = ORIENTED_EDGE ( 'NONE', *, *, #7273, .F. ) ;
#479 = CARTESIAN_POINT ( 'NONE',  ( 4.299999999999998046, -3.350000000000000977, 0.2249999999999982014 ) ) ;
#480 = EDGE_CURVE ( 'NONE', #9473, #3831, #343, .T. ) ;
#481 = VERTEX_POINT ( 'NONE', #10298 ) ;
#482 = CARTESIAN_POINT ( 'NONE',  ( -9.574999999999993960, 2.400000000000001243, 4.825000000000009948 ) ) ;
#483 = DIRECTION ( 'NONE',  ( -1.495451272393799542E-16, -0.000000000000000000, -1.000000000000000000 ) ) ;
#484 = EDGE_LOOP ( 'NONE', ( #6916, #365, #3287, #10235 ) ) ;
#485 = VECTOR ( 'NONE', #2731, 1000.000000000000000 ) ;
#486 = DIRECTION ( 'NONE',  ( -0.000000000000000000, 1.000000000000000000, -0.000000000000000000 ) ) ;
#487 = EDGE_CURVE ( 'NONE', #6693, #6018, #8765, .T. ) ;
#488 = EDGE_LOOP ( 'NONE', ( #10572, #2999, #4892, #10752 ) ) ;
#489 = PRODUCT_DEFINITION_CONTEXT ( 'detailed design', #1671, 'design' ) ;
#490 = CYLINDRICAL_SURFACE ( 'NONE', #4179, 0.2000000000000005107 ) ;
#492 = ORIENTED_EDGE ( 'NONE', *, *, #363, .F. ) ;
#491 = EDGE_CURVE ( 'NONE', #7326, #8646, #235, .T. ) ;
#493 = VERTEX_POINT ( 'NONE', #7732 ) ;
#494 = DIRECTION ( 'NONE',  ( 1.000000000000000000, 0.000000000000000000, 0.000000000000000000 ) ) ;
#495 = ADVANCED_FACE ( 'NONE', ( #5291 ), #6261, .T. ) ;
#496 = CARTESIAN_POINT ( 'NONE',  ( 8.250000000000001776, 8.799999999999998934, 7.835182920028514353 ) ) ;
#497 = CARTESIAN_POINT ( 'NONE',  ( 4.299999999999998046, 0.000000000000000000, 4.025000000000000355 ) ) ;
#498 = CARTESIAN_POINT ( 'NONE',  ( -3.799999999999997602, -1.250000000000001332, 2.425000000000000266 ) ) ;
#499 = DIRECTION ( 'NONE',  ( -1.000000000000000000, 0.000000000000000000, -0.000000000000000000 ) ) ;
#500 = ORIENTED_EDGE ( 'NONE', *, *, #295, .F. ) ;
#501 = CARTESIAN_POINT ( 'NONE',  ( -5.200000000000002842, 0.000000000000000000, -0.4750000000000010325 ) ) ;
#502 = FACE_OUTER_BOUND ( 'NONE', #6777, .T. ) ;
#503 = CARTESIAN_POINT ( 'NONE',  ( 8.950000000000002842, -1.224999999999998757, 4.025000000000000355 ) ) ;
#504 = VECTOR ( 'NONE', #4249, 1000.000000000000000 ) ;
#505 = VERTEX_POINT ( 'NONE', #6152 ) ;
#506 = CARTESIAN_POINT ( 'NONE',  ( 3.799999999999998046, 0.000000000000000000, 0.000000000000000000 ) ) ;
#507 = CARTESIAN_POINT ( 'NONE',  ( -8.950000000000002842, -1.225000000000000755, 4.025000000000000355 ) ) ;
#508 = CARTESIAN_POINT ( 'NONE',  ( -2.750000000000000000, 0.9155523756961149173, -3.025000000000001243 ) ) ;
#509 = VECTOR ( 'NONE', #4547, 1000.000000000000000 ) ;
#510 = VECTOR ( 'NONE', #8096, 1000.000000000000000 ) ;
#511 = CARTESIAN_POINT ( 'NONE',  ( 5.674999999999998934, 12.80000000000000071, -4.825000000000000178 ) ) ;
#512 = LINE ( 'NONE', #2192, #61 ) ;
#513 = VERTEX_POINT ( 'NONE', #8544 ) ;
#514 = AXIS2_PLACEMENT_3D ( 'NONE', #5980, #979, #9248 ) ;
#515 = LINE ( 'NONE', #2899, #6814 ) ;
#516 = DIRECTION ( 'NONE',  ( 0.000000000000000000, 0.000000000000000000, -1.000000000000000000 ) ) ;
#517 = VECTOR ( 'NONE', #6615, 1000.000000000000000 ) ;
#518 = VERTEX_POINT ( 'NONE', #1264 ) ;
#519 = VECTOR ( 'NONE', #9367, 1000.000000000000000 ) ;
#520 = DIRECTION ( 'NONE',  ( 0.000000000000000000, 0.000000000000000000, 1.000000000000000000 ) ) ;
#521 = DIRECTION ( 'NONE',  ( 1.000000000000000000, 0.000000000000000000, 0.000000000000000000 ) ) ;
#522 = VERTEX_POINT ( 'NONE', #6868 ) ;
#523 = DIRECTION ( 'NONE',  ( -0.000000000000000000, 1.000000000000000000, 0.000000000000000000 ) ) ;
#524 = CARTESIAN_POINT ( 'NONE',  ( 8.950000000000002842, -3.750000000000001332, 2.924999999999999822 ) ) ;
#525 = ADVANCED_FACE ( 'NONE', ( #9481 ), #2126, .F. ) ;
#526 = ORIENTED_EDGE ( 'NONE', *, *, #9065, .F. ) ;
#527 = CARTESIAN_POINT ( 'NONE',  ( -7.824999999999991296, 2.400000000000001243, 4.825000000000009948 ) ) ;
#528 = VERTEX_POINT ( 'NONE', #1212 ) ;
#529 = ORIENTED_EDGE ( 'NONE', *, *, #4601, .F. ) ;
#530 = LINE ( 'NONE', #9779, #3148 ) ;
#531 = EDGE_LOOP ( 'NONE', ( #2958, #6235, #4589, #4118 ) ) ;
#532 = DIRECTION ( 'NONE',  ( 0.000000000000000000, 0.000000000000000000, -1.000000000000000000 ) ) ;
#533 = CARTESIAN_POINT ( 'NONE',  ( -4.700000000000002842, 2.800000000000000266, -0.4750000000000005884 ) ) ;
#534 = EDGE_CURVE ( 'NONE', #10124, #3758, #5453, .T. ) ;
#535 =( NAMED_UNIT ( * ) SI_UNIT ( $, .STERADIAN. ) SOLID_ANGLE_UNIT ( ) );
#536 = EDGE_CURVE ( 'NONE', #4875, #2010, #7835, .T. ) ;
#537 = ORIENTED_EDGE ( 'NONE', *, *, #4536, .T. ) ;
#538 = PLANE ( 'NONE',  #1130 ) ;
#539 = ADVANCED_FACE ( 'NONE', ( #4578 ), #3704, .T. ) ;
#540 = ORIENTED_EDGE ( 'NONE', *, *, #363, .T. ) ;
#541 = EDGE_LOOP ( 'NONE', ( #6594, #10075, #10289, #7534 ) ) ;
#542 = DIRECTION ( 'NONE',  ( 0.000000000000000000, 0.000000000000000000, 1.000000000000000000 ) ) ;
#543 = AXIS2_PLACEMENT_3D ( 'NONE', #5491, #5281, #4566 ) ;
#544 = ORIENTED_EDGE ( 'NONE', *, *, #10112, .T. ) ;
#545 = ORIENTED_EDGE ( 'NONE', *, *, #4012, .F. ) ;
#546 = LINE ( 'NONE', #10400, #7967 ) ;
#547 = DIRECTION ( 'NONE',  ( 0.000000000000000000, 1.000000000000000000, 0.000000000000000000 ) ) ;
#548 = CARTESIAN_POINT ( 'NONE',  ( -8.180000000000001492, 2.800000000000000266, -4.024999999999999467 ) ) ;
#549 = CARTESIAN_POINT ( 'NONE',  ( 1.600000000000002531, -4.999999999999999112, 2.924999999999999822 ) ) ;
#550 = CARTESIAN_POINT ( 'NONE',  ( 0.000000000000000000, -3.350000000000000977, 4.025000000000000355 ) ) ;
#551 = DIRECTION ( 'NONE',  ( -0.000000000000000000, -0.000000000000000000, -1.000000000000000000 ) ) ;
#552 = ORIENTED_EDGE ( 'NONE', *, *, #7019, .F. ) ;
#553 = FACE_BOUND ( 'NONE', #4706, .T. ) ;
#554 = EDGE_CURVE ( 'NONE', #10372, #7051, #1910, .T. ) ;
#555 = EDGE_CURVE ( 'NONE', #1877, #6344, #5501, .T. ) ;
#556 = CARTESIAN_POINT ( 'NONE',  ( 2.900000000000001688, -1.250000000000001332, 2.425000000000000711 ) ) ;
#557 = AXIS2_PLACEMENT_3D ( 'NONE', #2370, #3944, #5692 ) ;
#558 = VECTOR ( 'NONE', #9642, 1000.000000000000000 ) ;
#559 = ORIENTED_EDGE ( 'NONE', *, *, #7906, .F. ) ;
#560 = ORIENTED_EDGE ( 'NONE', *, *, #1998, .F. ) ;
#561 = DIRECTION ( 'NONE',  ( -1.000000000000000000, 0.000000000000000000, -0.000000000000000000 ) ) ;
#562 = LINE ( 'NONE', #10469, #7525 ) ;
#563 = LINE ( 'NONE', #8006, #6141 ) ;
#564 = CARTESIAN_POINT ( 'NONE',  ( 3.075000000000000178, 11.71428571428571530, -4.824999999999999289 ) ) ;
#565 = CARTESIAN_POINT ( 'NONE',  ( -5.474999999999996980, 2.600000000000001421, -4.824999999999998401 ) ) ;
#566 = FACE_OUTER_BOUND ( 'NONE', #5653, .T. ) ;
#567 = ORIENTED_EDGE ( 'NONE', *, *, #3403, .T. ) ;
#568 = VECTOR ( 'NONE', #1905, 1000.000000000000000 ) ;
#569 = CARTESIAN_POINT ( 'NONE',  ( -1.934999999999999165, 12.28038475772934746, -2.674999999999999822 ) ) ;
#570 = CONICAL_SURFACE ( 'NONE', #9424, 0.7000000000000113909, 0.7853981633974439491 ) ;
#571 = CARTESIAN_POINT ( 'NONE',  ( -5.599999999999992539, 2.950000000000000622, -6.050000000000002487 ) ) ;
#572 = EDGE_CURVE ( 'NONE', #4999, #5814, #7941, .T. ) ;
#573 = VECTOR ( 'NONE', #1123, 1000.000000000000000 ) ;
#574 = VERTEX_POINT ( 'NONE', #4625 ) ;
#575 = FACE_OUTER_BOUND ( 'NONE', #5630, .T. ) ;
#576 = FACE_OUTER_BOUND ( 'NONE', #1334, .T. ) ;
#577 = CIRCLE ( 'NONE', #9958, 1.000000000000005995 ) ;
#578 = VERTEX_POINT ( 'NONE', #501 ) ;
#579 = LINE ( 'NONE', #5524, #8123 ) ;
#580 = FACE_OUTER_BOUND ( 'NONE', #5332, .T. ) ;
#581 = DIRECTION ( 'NONE',  ( -1.057758217059031665E-15, 0.000000000000000000, -1.000000000000000000 ) ) ;
#582 = VECTOR ( 'NONE', #5237, 1000.000000000000000 ) ;
#583 = VERTEX_POINT ( 'NONE', #3810 ) ;
#584 = VECTOR ( 'NONE', #7896, 1000.000000000000000 ) ;
#585 = VECTOR ( 'NONE', #1143, 1000.000000000000000 ) ;
#586 = AXIS2_PLACEMENT_3D ( 'NONE', #5112, #8426, #6802 ) ;
#587 = DIRECTION ( 'NONE',  ( -0.3236155771181851160, 0.3236155771181853380, -0.8891264907159879272 ) ) ;
#588 = ORIENTED_EDGE ( 'NONE', *, *, #10073, .F. ) ;
#589 = CONICAL_SURFACE ( 'NONE', #2147, 0.2000000000000009548, 0.5235987755983041447 ) ;
#590 = EDGE_CURVE ( 'NONE', #2898, #181, #10462, .T. ) ;
#591 = DIRECTION ( 'NONE',  ( -0.000000000000000000, -1.000000000000000000, -0.000000000000000000 ) ) ;
#592 = EDGE_LOOP ( 'NONE', ( #6368, #1704, #3869, #4397 ) ) ;
#593 = PLANE ( 'NONE',  #1173 ) ;
#594 = CARTESIAN_POINT ( 'NONE',  ( 3.674999999999993161, 10.05000000000000071, 3.152059062089139996 ) ) ;
#595 = AXIS2_PLACEMENT_3D ( 'NONE', #7365, #9973, #3110 ) ;
#596 = ORIENTED_EDGE ( 'NONE', *, *, #8371, .T. ) ;
#597 = VERTEX_POINT ( 'NONE', #10425 ) ;
#598 = EDGE_CURVE ( 'NONE', #233, #4560, #6437, .T. ) ;
#599 = DIRECTION ( 'NONE',  ( -0.000000000000000000, 1.000000000000000000, -0.000000000000000000 ) ) ;
#600 = ORIENTED_EDGE ( 'NONE', *, *, #10727, .T. ) ;
#601 = EDGE_CURVE ( 'NONE', #4560, #9990, #5468, .T. ) ;
#602 = ORIENTED_EDGE ( 'NONE', *, *, #8632, .T. ) ;
#603 = DIRECTION ( 'NONE',  ( 1.000000000000000000, 0.000000000000000000, -1.495451272393799542E-16 ) ) ;
#604 = EDGE_LOOP ( 'NONE', ( #3192, #3038, #967, #5529 ) ) ;
#605 = VERTEX_POINT ( 'NONE', #10365 ) ;
#606 = LINE ( 'NONE', #5230, #2416 ) ;
#607 = DIRECTION ( 'NONE',  ( 1.000000000000000000, -9.391921407275225514E-33, -1.938238520644477159E-16 ) ) ;
#608 = DIRECTION ( 'NONE',  ( 0.000000000000000000, 0.3420201433256679358, -0.9396926207859087610 ) ) ;
#609 = PRODUCT_RELATED_PRODUCT_CATEGORY ( 'part', '', ( #8922 ) ) ;
#610 = DIRECTION ( 'NONE',  ( 0.000000000000000000, -1.000000000000000000, 0.000000000000000000 ) ) ;
#611 = CARTESIAN_POINT ( 'NONE',  ( 7.000000000000002665, -0.8500000000000011990, 2.424999999999998934 ) ) ;
#612 = VERTEX_POINT ( 'NONE', #3013 ) ;
#613 = VECTOR ( 'NONE', #4613, 1000.000000000000000 ) ;
#614 = FACE_BOUND ( 'NONE', #5382, .T. ) ;
#615 = DIRECTION ( 'NONE',  ( -0.000000000000000000, 0.000000000000000000, 1.000000000000000000 ) ) ;
#616 = EDGE_CURVE ( 'NONE', #9798, #3099, #2309, .T. ) ;
#617 = EDGE_CURVE ( 'NONE', #994, #1818, #682, .T. ) ;
#618 = PLANE ( 'NONE',  #7283 ) ;
#619 = ORIENTED_EDGE ( 'NONE', *, *, #1933, .T. ) ;
#620 = ORIENTED_EDGE ( 'NONE', *, *, #2721, .F. ) ;
#621 = CARTESIAN_POINT ( 'NONE',  ( -1.999999999999997335, -0.8500000000000011990, 2.425000000000000266 ) ) ;
#622 = CARTESIAN_POINT ( 'NONE',  ( -8.950000000000002842, -3.024999999999999467, 5.375000000000000000 ) ) ;
#623 = LINE ( 'NONE', #3927, #4579 ) ;
#624 = LINE ( 'NONE', #3113, #1724 ) ;
#625 = EDGE_CURVE ( 'NONE', #4669, #280, #4809, .T. ) ;
#626 = DIRECTION ( 'NONE',  ( 0.000000000000000000, 0.000000000000000000, -1.000000000000000000 ) ) ;
#627 = CARTESIAN_POINT ( 'NONE',  ( -0.6999999999999975131, 2.800000000000002043, 1.724999999999999423 ) ) ;
#628 = ORIENTED_EDGE ( 'NONE', *, *, #7937, .T. ) ;
#629 = DIRECTION ( 'NONE',  ( 0.000000000000000000, 0.000000000000000000, 1.000000000000000000 ) ) ;
#630 = CARTESIAN_POINT ( 'NONE',  ( -7.679999999999999716, 12.80000000000000071, -3.824999999999998401 ) ) ;
#631 = EDGE_CURVE ( 'NONE', #7152, #6348, #9552, .T. ) ;
#632 = ORIENTED_EDGE ( 'NONE', *, *, #4672, .T. ) ;
#633 = LINE ( 'NONE', #7262, #4916 ) ;
#634 = DIRECTION ( 'NONE',  ( 0.000000000000000000, -0.000000000000000000, -1.000000000000000000 ) ) ;
#635 = ORIENTED_EDGE ( 'NONE', *, *, #7713, .F. ) ;
#636 = ADVANCED_FACE ( 'NONE', ( #6219 ), #9604, .F. ) ;
#637 = DIRECTION ( 'NONE',  ( -0.000000000000000000, 1.000000000000000000, -0.000000000000000000 ) ) ;
#638 = DIRECTION ( 'NONE',  ( -0.000000000000000000, 1.000000000000000000, -0.000000000000000000 ) ) ;
#639 = CARTESIAN_POINT ( 'NONE',  ( -4.299999999999998046, -0.8500000000000011990, 2.924999999999999822 ) ) ;
#640 = ORIENTED_EDGE ( 'NONE', *, *, #5202, .T. ) ;
#641 = EDGE_CURVE ( 'NONE', #9179, #5981, #2091, .T. ) ;
#642 = VERTEX_POINT ( 'NONE', #7150 ) ;
#643 = CARTESIAN_POINT ( 'NONE',  ( -5.200000000000002842, -4.999999999999999112, 2.924999999999999822 ) ) ;
#644 = EDGE_LOOP ( 'NONE', ( #3479, #1037, #1837, #4170 ) ) ;
#645 = CARTESIAN_POINT ( 'NONE',  ( -5.200000000000002842, -3.350000000000000977, 0.2249999999999995060 ) ) ;
#646 = CARTESIAN_POINT ( 'NONE',  ( -3.074999999999998401, 12.80000000000000071, -4.824999999999999289 ) ) ;
#647 = VECTOR ( 'NONE', #10620, 1000.000000000000000 ) ;
#648 = ORIENTED_EDGE ( 'NONE', *, *, #6389, .F. ) ;
#649 = DIRECTION ( 'NONE',  ( -0.000000000000000000, 1.000000000000000000, -0.000000000000000000 ) ) ;
#650 = VECTOR ( 'NONE', #9173, 1000.000000000000000 ) ;
#651 = ORIENTED_EDGE ( 'NONE', *, *, #5856, .F. ) ;
#652 = VERTEX_POINT ( 'NONE', #5516 ) ;
#653 = FACE_OUTER_BOUND ( 'NONE', #4883, .T. ) ;
#654 = ORIENTED_EDGE ( 'NONE', *, *, #4387, .T. ) ;
#655 = ORIENTED_EDGE ( 'NONE', *, *, #9993, .F. ) ;
#656 = CARTESIAN_POINT ( 'NONE',  ( -9.899999999999996803, 0.000000000000000000, -5.024999999999998579 ) ) ;
#657 = LINE ( 'NONE', #3967, #7870 ) ;
#658 = DIRECTION ( 'NONE',  ( 1.000000000000000000, 0.000000000000000000, -0.000000000000000000 ) ) ;
#659 = CARTESIAN_POINT ( 'NONE',  ( 10.19999999999999574, 1.000000000000003553, 4.025000000000000355 ) ) ;
#660 = LINE ( 'NONE', #3156, #10233 ) ;
#661 = VECTOR ( 'NONE', #8571, 1000.000000000000000 ) ;
#662 = ORIENTED_EDGE ( 'NONE', *, *, #8933, .T. ) ;
#663 = EDGE_CURVE ( 'NONE', #2427, #10302, #8830, .T. ) ;
#664 = CARTESIAN_POINT ( 'NONE',  ( -7.679999999999999716, 12.80000000000000071, -3.824999999999998401 ) ) ;
#665 = PLANE ( 'NONE',  #4110 ) ;
#666 = AXIS2_PLACEMENT_3D ( 'NONE', #4477, #7793, #353 ) ;
#667 = LINE ( 'NONE', #7405, #9366 ) ;
#668 = EDGE_LOOP ( 'NONE', ( #1155, #4122, #8532, #5275 ) ) ;
#669 = ORIENTED_EDGE ( 'NONE', *, *, #1048, .F. ) ;
#670 = DIRECTION ( 'NONE',  ( 0.000000000000000000, 1.000000000000000000, -0.000000000000000000 ) ) ;
#671 = LINE ( 'NONE', #2354, #8219 ) ;
#672 = LINE ( 'NONE', #834, #1113 ) ;
#673 = CARTESIAN_POINT ( 'NONE',  ( -5.599999999999990763, 3.399999999999999023, 3.599999999999999201 ) ) ;
#674 = CARTESIAN_POINT ( 'NONE',  ( -1.934999999999999165, 12.28038475772934746, -4.024999999999999467 ) ) ;
#675 = DIRECTION ( 'NONE',  ( -1.000000000000000000, 0.000000000000000000, -0.000000000000000000 ) ) ;
#676 = VECTOR ( 'NONE', #1945, 1000.000000000000000 ) ;
#677 = ORIENTED_EDGE ( 'NONE', *, *, #1618, .T. ) ;
#678 = EDGE_CURVE ( 'NONE', #1989, #7277, #1387, .T. ) ;
#679 = EDGE_CURVE ( 'NONE', #6623, #1778, #10479, .T. ) ;
#680 = DIRECTION ( 'NONE',  ( 0.000000000000000000, 0.000000000000000000, 1.000000000000000000 ) ) ;
#681 = VECTOR ( 'NONE', #7239, 1000.000000000000114 ) ;
#682 = LINE ( 'NONE', #9765, #6188 ) ;
#683 = ADVANCED_FACE ( 'NONE', ( #6333 ), #2957, .F. ) ;
#684 = AXIS2_PLACEMENT_3D ( 'NONE', #9569, #3787, #7763 ) ;
#685 = ORIENTED_EDGE ( 'NONE', *, *, #7968, .T. ) ;
#686 = DIRECTION ( 'NONE',  ( 0.000000000000000000, 1.000000000000000000, 0.000000000000000000 ) ) ;
#687 = DIRECTION ( 'NONE',  ( -0.000000000000000000, -0.000000000000000000, 1.000000000000000000 ) ) ;
#688 = ORIENTED_EDGE ( 'NONE', *, *, #5136, .T. ) ;
#689 = VECTOR ( 'NONE', #6482, 1000.000000000000000 ) ;
#690 = DIRECTION ( 'NONE',  ( 1.000000000000000000, -0.000000000000000000, 0.000000000000000000 ) ) ;
#691 = CARTESIAN_POINT ( 'NONE',  ( 2.900000000000001688, -0.8500000000000011990, 2.924999999999999822 ) ) ;
#692 = CARTESIAN_POINT ( 'NONE',  ( -5.953565172338988631, -0.3865610368796016938, -9.096434827661012079 ) ) ;
#693 = ORIENTED_EDGE ( 'NONE', *, *, #6052, .T. ) ;
#694 = ADVANCED_FACE ( 'NONE', ( #3118 ), #6276, .T. ) ;
#695 = VECTOR ( 'NONE', #5209, 1000.000000000000000 ) ;
#696 = ADVANCED_FACE ( 'NONE', ( #2251 ), #5681, .T. ) ;
#697 = EDGE_CURVE ( 'NONE', #3831, #10483, #8975, .T. ) ;
#698 = ORIENTED_EDGE ( 'NONE', *, *, #9537, .T. ) ;
#699 = CARTESIAN_POINT ( 'NONE',  ( -6.099999999999992539, -1.887878387081803222, -6.050000000000002487 ) ) ;
#700 = VECTOR ( 'NONE', #3268, 1000.000000000000000 ) ;
#701 = ORIENTED_EDGE ( 'NONE', *, *, #6511, .F. ) ;
#702 = LINE ( 'NONE', #2270, #833 ) ;
#703 = CARTESIAN_POINT ( 'NONE',  ( 1.600000000000002531, 3.469446951953614189E-15, 1.724999999999998979 ) ) ;
#704 = EDGE_LOOP ( 'NONE', ( #2574, #9131, #2964, #10686 ) ) ;
#705 = DIRECTION ( 'NONE',  ( 1.000000000000000000, 0.000000000000000000, 0.000000000000000000 ) ) ;
#706 = VERTEX_POINT ( 'NONE', #630 ) ;
#707 = ORIENTED_EDGE ( 'NONE', *, *, #6137, .F. ) ;
#708 = CARTESIAN_POINT ( 'NONE',  ( 2.499999999999996891, 2.800000000000000266, -0.4750000000000014766 ) ) ;
#709 = VERTEX_POINT ( 'NONE', #6383 ) ;
#710 = ORIENTED_EDGE ( 'NONE', *, *, #390, .F. ) ;
#711 = CARTESIAN_POINT ( 'NONE',  ( 3.950000000000000178, 0.9155523756961149173, -1.736124513398789038 ) ) ;
#712 = CARTESIAN_POINT ( 'NONE',  ( -3.400000000000003020, -3.350000000000000977, 0.2249999999999995060 ) ) ;
#713 = CARTESIAN_POINT ( 'NONE',  ( 7.000000000000002665, -1.250000000000001110, 2.924999999999999822 ) ) ;
#714 = DIRECTION ( 'NONE',  ( -0.000000000000000000, 0.000000000000000000, -1.000000000000000000 ) ) ;
#715 = CARTESIAN_POINT ( 'NONE',  ( -6.499999999999997335, -1.887878387081804998, -8.150000000000002132 ) ) ;
#716 = EDGE_LOOP ( 'NONE', ( #5225, #7008, #8959, #6508, #1140 ) ) ;
#717 = ADVANCED_FACE ( 'NONE', ( #9708 ), #5572, .T. ) ;
#718 = CARTESIAN_POINT ( 'NONE',  ( -6.099999999999990763, 3.649999999999999911, 3.599999999999999201 ) ) ;
#719 = DIRECTION ( 'NONE',  ( -1.000000000000000000, 0.000000000000000000, 2.241244801003626445E-16 ) ) ;
#720 = CIRCLE ( 'NONE', #3488, 0.2000000000000031197 ) ;
#721 = CARTESIAN_POINT ( 'NONE',  ( -8.999999999999998224, 2.800000000000000266, -0.4750000000000014766 ) ) ;
#722 = AXIS2_PLACEMENT_3D ( 'NONE', #5700, #10607, #6512 ) ;
#723 = ADVANCED_FACE ( 'NONE', ( #9922 ), #10740, .T. ) ;
#724 = ORIENTED_EDGE ( 'NONE', *, *, #10703, .T. ) ;
#725 = VERTEX_POINT ( 'NONE', #7471 ) ;
#726 = DIRECTION ( 'NONE',  ( 0.000000000000000000, 1.000000000000000000, 0.000000000000000000 ) ) ;
#727 = DIRECTION ( 'NONE',  ( -7.915250783652032785E-17, 0.5000000000000036637, 0.8660254037844365982 ) ) ;
#728 = LINE ( 'NONE', #9863, #7705 ) ;
#729 = DIRECTION ( 'NONE',  ( 0.000000000000000000, -1.000000000000000000, -0.000000000000000000 ) ) ;
#730 = PLANE ( 'NONE',  #10045 ) ;
#731 = CARTESIAN_POINT ( 'NONE',  ( 1.600000000000002531, -1.250000000000001332, 2.425000000000000711 ) ) ;
#732 = ORIENTED_EDGE ( 'NONE', *, *, #1662, .F. ) ;
#733 = CIRCLE ( 'NONE', #6973, 0.2999999999999999334 ) ;
#734 = CARTESIAN_POINT ( 'NONE',  ( 9.199999999999999289, 2.800000000000000266, -3.825000000000000622 ) ) ;
#735 = PLANE ( 'NONE',  #6543 ) ;
#736 = ORIENTED_EDGE ( 'NONE', *, *, #1749, .F. ) ;
#737 = EDGE_CURVE ( 'NONE', #6463, #981, #2464, .T. ) ;
#738 = CARTESIAN_POINT ( 'NONE',  ( -8.249999999999994671, 7.299999999999997158, 5.025000000000002132 ) ) ;
#739 = DIRECTION ( 'NONE',  ( 0.000000000000000000, -1.000000000000000000, 0.000000000000000000 ) ) ;
#740 = ORIENTED_EDGE ( 'NONE', *, *, #5179, .F. ) ;
#741 = CARTESIAN_POINT ( 'NONE',  ( 5.599999999999996980, -3.350000000000000977, 4.025000000000000355 ) ) ;
#742 = VECTOR ( 'NONE', #2934, 1000.000000000000000 ) ;
#743 = CARTESIAN_POINT ( 'NONE',  ( 8.250000000000000000, 7.299999999999998934, 5.375000000000000000 ) ) ;
#744 = VECTOR ( 'NONE', #8187, 1000.000000000000000 ) ;
#745 = CARTESIAN_POINT ( 'NONE',  ( -3.799999999999997602, 8.399999999999998579, 1.724999999999999645 ) ) ;
#746 = ADVANCED_FACE ( 'NONE', ( #1598 ), #735, .T. ) ;
#747 = EDGE_LOOP ( 'NONE', ( #4138, #90, #5207, #914 ) ) ;
#748 = VECTOR ( 'NONE', #6218, 1000.000000000000000 ) ;
#749 = CIRCLE ( 'NONE', #1265, 0.2000000000000031197 ) ;
#750 = VECTOR ( 'NONE', #1664, 1000.000000000000000 ) ;
#751 = CARTESIAN_POINT ( 'NONE',  ( -7.000000000000002665, -3.750000000000001332, 0.2249999999999995060 ) ) ;
#752 = VECTOR ( 'NONE', #10098, 1000.000000000000000 ) ;
#753 = ORIENTED_EDGE ( 'NONE', *, *, #8043, .F. ) ;
#754 = ADVANCED_FACE ( 'NONE', ( #1650 ), #4150, .T. ) ;
#755 = EDGE_CURVE ( 'NONE', #574, #3744, #4966, .T. ) ;
#756 = LINE ( 'NONE', #3027, #6279 ) ;
#757 = VECTOR ( 'NONE', #4972, 1000.000000000000000 ) ;
#758 = CARTESIAN_POINT ( 'NONE',  ( -6.552363520876763658, 5.797636479123231545, 3.331745978293866539 ) ) ;
#759 = LINE ( 'NONE', #8853, #1896 ) ;
#760 = VECTOR ( 'NONE', #3572, 1000.000000000000000 ) ;
#761 = ADVANCED_FACE ( 'NONE', ( #2521 ), #3277, .F. ) ;
#762 = ORIENTED_EDGE ( 'NONE', *, *, #5327, .T. ) ;
#763 = ORIENTED_EDGE ( 'NONE', *, *, #2495, .T. ) ;
#764 = AXIS2_PLACEMENT_3D ( 'NONE', #1694, #8272, #5008 ) ;
#765 = AXIS2_PLACEMENT_3D ( 'NONE', #2033, #185, #3554 ) ;
#766 = DIRECTION ( 'NONE',  ( 0.000000000000000000, 1.000000000000000000, -0.000000000000000000 ) ) ;
#767 = ORIENTED_EDGE ( 'NONE', *, *, #10048, .T. ) ;
#768 = EDGE_CURVE ( 'NONE', #7750, #769, #944, .T. ) ;
#769 = VERTEX_POINT ( 'NONE', #7313 ) ;
#770 = PLANE ( 'NONE',  #7487 ) ;
#771 = VECTOR ( 'NONE', #3267, 1000.000000000000000 ) ;
#772 = ORIENTED_EDGE ( 'NONE', *, *, #7298, .F. ) ;
#773 = DIRECTION ( 'NONE',  ( 0.000000000000000000, 1.000000000000000000, 0.000000000000000000 ) ) ;
#774 = CARTESIAN_POINT ( 'NONE',  ( 5.274999999999999467, 12.80000000000000071, -4.025000000000004796 ) ) ;
#775 = DIRECTION ( 'NONE',  ( -1.000000000000000000, 0.000000000000000000, -0.000000000000000000 ) ) ;
#776 = DIRECTION ( 'NONE',  ( -1.000000000000000000, 0.000000000000000000, 0.000000000000000000 ) ) ;
#777 = EDGE_CURVE ( 'NONE', #10766, #4346, #3175, .T. ) ;
#778 = LINE ( 'NONE', #4083, #5368 ) ;
#779 = VERTEX_POINT ( 'NONE', #6597 ) ;
#780 = DIRECTION ( 'NONE',  ( -2.478176394252579662E-16, 1.000000000000000000, 0.000000000000000000 ) ) ;
#781 = CARTESIAN_POINT ( 'NONE',  ( -5.674999999999997158, 0.000000000000000000, -5.025000000000003908 ) ) ;
#782 = EDGE_LOOP ( 'NONE', ( #9532, #3852, #1103, #3677 ) ) ;
#783 = VERTEX_POINT ( 'NONE', #9107 ) ;
#784 = DIRECTION ( 'NONE',  ( 0.000000000000000000, 1.000000000000000000, 0.000000000000000000 ) ) ;
#785 = DIRECTION ( 'NONE',  ( 0.000000000000000000, -1.000000000000000000, 0.000000000000000000 ) ) ;
#786 = LINE ( 'NONE', #10734, #5735 ) ;
#787 = CARTESIAN_POINT ( 'NONE',  ( -3.950000000000000178, 12.80000000000000071, -1.736124513398789038 ) ) ;
#788 = CARTESIAN_POINT ( 'NONE',  ( 3.950000000000000178, 0.9155523756961149173, -3.025000000000001243 ) ) ;
#789 = VERTEX_POINT ( 'NONE', #9211 ) ;
#790 = DIRECTION ( 'NONE',  ( 0.000000000000000000, -0.7071067811865484609, -0.7071067811865466846 ) ) ;
#791 = DIRECTION ( 'NONE',  ( 0.000000000000000000, 0.000000000000000000, -1.000000000000000000 ) ) ;
#792 = CARTESIAN_POINT ( 'NONE',  ( -2.900000000000002576, 0.000000000000000000, -0.4750000000000010325 ) ) ;
#793 = ORIENTED_EDGE ( 'NONE', *, *, #822, .F. ) ;
#794 = CYLINDRICAL_SURFACE ( 'NONE', #2995, 0.2000000000000009548 ) ;
#795 = FACE_OUTER_BOUND ( 'NONE', #2666, .T. ) ;
#796 = ORIENTED_EDGE ( 'NONE', *, *, #10377, .T. ) ;
#797 = LINE ( 'NONE', #10149, #10041 ) ;
#798 = CARTESIAN_POINT ( 'NONE',  ( -2.499999999999997780, -1.250000000000001332, 2.425000000000000266 ) ) ;
#799 = FACE_OUTER_BOUND ( 'NONE', #9683, .T. ) ;
#800 = VERTEX_POINT ( 'NONE', #4200 ) ;
#801 = EDGE_CURVE ( 'NONE', #10612, #5147, #840, .T. ) ;
#802 = VERTEX_POINT ( 'NONE', #5733 ) ;
#803 = CARTESIAN_POINT ( 'NONE',  ( 0.000000000000000000, -3.350000000000000977, 4.025000000000000355 ) ) ;
#804 = LINE ( 'NONE', #3295, #6384 ) ;
#805 = DIRECTION ( 'NONE',  ( 0.000000000000000000, 0.000000000000000000, 1.000000000000000000 ) ) ;
#806 = ORIENTED_EDGE ( 'NONE', *, *, #3273, .F. ) ;
#807 = EDGE_CURVE ( 'NONE', #85, #2751, #7372, .T. ) ;
#808 = EDGE_CURVE ( 'NONE', #181, #8587, #6651, .T. ) ;
#809 = LINE ( 'NONE', #5754, #4774 ) ;
#810 = VECTOR ( 'NONE', #6370, 1000.000000000000000 ) ;
#811 = ORIENTED_EDGE ( 'NONE', *, *, #5850, .T. ) ;
#812 = ADVANCED_FACE ( 'NONE', ( #9872 ), #1753, .F. ) ;
#813 = EDGE_LOOP ( 'NONE', ( #8597, #8645, #4281, #7234 ) ) ;
#814 = FACE_OUTER_BOUND ( 'NONE', #6761, .T. ) ;
#815 = VERTEX_POINT ( 'NONE', #5833 ) ;
#816 = PLANE ( 'NONE',  #5891 ) ;
#817 = DIRECTION ( 'NONE',  ( -1.000000000000000000, 1.779203565104417128E-15, -0.000000000000000000 ) ) ;
#818 = CARTESIAN_POINT ( 'NONE',  ( -4.700000000000002842, 0.000000000000000000, -0.07500000000000084377 ) ) ;
#819 = CARTESIAN_POINT ( 'NONE',  ( -10.20000000000000284, -3.375000000000000888, 4.025000000000000355 ) ) ;
#820 = CARTESIAN_POINT ( 'NONE',  ( 8.250000000000000000, 7.299999999999998934, 7.835182920028514353 ) ) ;
#821 = ORIENTED_EDGE ( 'NONE', *, *, #2524, .F. ) ;
#822 = EDGE_CURVE ( 'NONE', #8316, #6463, #9156, .T. ) ;
#823 = VECTOR ( 'NONE', #3222, 1000.000000000000000 ) ;
#824 = DIRECTION ( 'NONE',  ( -0.000000000000000000, 0.7071067811865476838, 0.7071067811865474617 ) ) ;
#825 = ORIENTED_EDGE ( 'NONE', *, *, #8639, .T. ) ;
#826 = EDGE_CURVE ( 'NONE', #783, #1660, #890, .T. ) ;
#827 = EDGE_CURVE ( 'NONE', #1354, #10086, #3385, .T. ) ;
#828 = LINE ( 'NONE', #10684, #7969 ) ;
#829 = VERTEX_POINT ( 'NONE', #5889 ) ;
#830 = ORIENTED_EDGE ( 'NONE', *, *, #7627, .T. ) ;
#831 = CARTESIAN_POINT ( 'NONE',  ( 2.900000000000001688, -1.250000000000001332, 4.025000000000000355 ) ) ;
#832 = EDGE_CURVE ( 'NONE', #9571, #4191, #345, .T. ) ;
#833 = VECTOR ( 'NONE', #1568, 1000.000000000000000 ) ;
#834 = CARTESIAN_POINT ( 'NONE',  ( -9.199999999999997513, 2.800000000000000266, 3.825000000000001066 ) ) ;
#835 = CARTESIAN_POINT ( 'NONE',  ( 0.1999999999999970690, -3.750000000000001332, 4.025000000000000355 ) ) ;
#836 = CARTESIAN_POINT ( 'NONE',  ( -2.900000000000002576, -3.350000000000000977, 0.2249999999999995060 ) ) ;
#837 = FACE_OUTER_BOUND ( 'NONE', #8836, .T. ) ;
#838 = ORIENTED_EDGE ( 'NONE', *, *, #959, .T. ) ;
#839 = CARTESIAN_POINT ( 'NONE',  ( -8.950000000000002842, -1.574999999999999512, 5.375000000000000000 ) ) ;
#840 = LINE ( 'NONE', #10695, #1900 ) ;
#841 = VECTOR ( 'NONE', #5180, 1000.000000000000000 ) ;
#842 = CARTESIAN_POINT ( 'NONE',  ( 10.20000000000000284, 12.80000000000000071, -5.025000000000000355 ) ) ;
#843 = ORIENTED_EDGE ( 'NONE', *, *, #4480, .T. ) ;
#844 = DIRECTION ( 'NONE',  ( 0.000000000000000000, 1.000000000000000000, 0.000000000000000000 ) ) ;
#845 = CARTESIAN_POINT ( 'NONE',  ( -3.074999999999998845, 11.71428571428571708, -4.942157287525380305 ) ) ;
#846 = DIRECTION ( 'NONE',  ( -1.000000000000000000, -0.000000000000000000, -0.000000000000000000 ) ) ;
#847 = CARTESIAN_POINT ( 'NONE',  ( -0.6999999999999975131, -4.999999999999999112, 2.924999999999999822 ) ) ;
#848 = EDGE_LOOP ( 'NONE', ( #7769, #10761, #187, #4349 ) ) ;
#849 = FACE_OUTER_BOUND ( 'NONE', #6577, .T. ) ;
#850 = EDGE_LOOP ( 'NONE', ( #10161, #6092, #10179, #9408 ) ) ;
#851 = ORIENTED_EDGE ( 'NONE', *, *, #1867, .T. ) ;
#852 = VECTOR ( 'NONE', #3381, 1000.000000000000114 ) ;
#853 = PLANE ( 'NONE',  #1780 ) ;
#854 = EDGE_CURVE ( 'NONE', #3907, #1700, #4469, .T. ) ;
#855 = CARTESIAN_POINT ( 'NONE',  ( 8.950000000000002842, -3.350000000000000977, 2.924999999999999822 ) ) ;
#856 = DIRECTION ( 'NONE',  ( -1.515042337097647644E-16, -0.000000000000000000, -1.000000000000000000 ) ) ;
#857 = AXIS2_PLACEMENT_3D ( 'NONE', #4967, #2522, #8023 ) ;
#858 = VECTOR ( 'NONE', #8691, 1000.000000000000000 ) ;
#859 = ORIENTED_EDGE ( 'NONE', *, *, #9317, .T. ) ;
#860 = LINE ( 'NONE', #9075, #153 ) ;
#861 =( GEOMETRIC_REPRESENTATION_CONTEXT ( 3 ) GLOBAL_UNCERTAINTY_ASSIGNED_CONTEXT ( ( #8754 ) ) GLOBAL_UNIT_ASSIGNED_CONTEXT ( ( #1381, #8773, #4586 ) ) REPRESENTATION_CONTEXT ( 'NONE', 'WORKASPACE' ) );
#862 = EDGE_LOOP ( 'NONE', ( #10323, #28, #4652, #5216 ) ) ;
#863 = ORIENTED_EDGE ( 'NONE', *, *, #8907, .T. ) ;
#864 = DIRECTION ( 'NONE',  ( 0.000000000000000000, -0.000000000000000000, -1.000000000000000000 ) ) ;
#865 = EDGE_CURVE ( 'NONE', #1226, #2163, #2838, .T. ) ;
#866 = EDGE_LOOP ( 'NONE', ( #10405, #4824, #2229, #9685 ) ) ;
#867 = EDGE_CURVE ( 'NONE', #7139, #9631, #122, .T. ) ;
#868 = PLANE ( 'NONE',  #7621 ) ;
#869 = VECTOR ( 'NONE', #8177, 1000.000000000000000 ) ;
#870 = CYLINDRICAL_SURFACE ( 'NONE', #9616, 1.000000000000000888 ) ;
#871 = LINE ( 'NONE', #8928, #8136 ) ;
#872 = DIRECTION ( 'NONE',  ( 0.000000000000000000, 0.8660254037844359321, -0.5000000000000047740 ) ) ;
#873 = FACE_OUTER_BOUND ( 'NONE', #8060, .T. ) ;
#874 = EDGE_LOOP ( 'NONE', ( #2744, #8507, #6007, #3519 ) ) ;
#875 = ADVANCED_FACE ( 'NONE', ( #9482, #237 ), #1855, .T. ) ;
#876 = CARTESIAN_POINT ( 'NONE',  ( 10.20000000000000284, 8.800000000000002487, 5.375000000000000000 ) ) ;
#877 = EDGE_LOOP ( 'NONE', ( #7558, #8324, #4261, #2439 ) ) ;
#878 = CARTESIAN_POINT ( 'NONE',  ( 3.275000000000000799, 2.600000000000001421, -4.225000000000004974 ) ) ;
#879 = EDGE_CURVE ( 'NONE', #10318, #725, #7676, .T. ) ;
#880 = ORIENTED_EDGE ( 'NONE', *, *, #5540, .F. ) ;
#881 = ORIENTED_EDGE ( 'NONE', *, *, #346, .F. ) ;
#882 = DIRECTION ( 'NONE',  ( -0.3236155771181851160, -0.3236155771181854490, -0.8891264907159879272 ) ) ;
#883 = CARTESIAN_POINT ( 'NONE',  ( -8.999999999999998224, 2.800000000000000266, -0.07500000000000128786 ) ) ;
#884 = DIRECTION ( 'NONE',  ( 0.000000000000000000, -1.000000000000000000, 0.000000000000000000 ) ) ;
#885 = DIRECTION ( 'NONE',  ( 0.000000000000000000, 0.000000000000000000, 1.000000000000000000 ) ) ;
#886 = CARTESIAN_POINT ( 'NONE',  ( -5.674999999999997158, 2.600000000000001421, -4.824999999999998401 ) ) ;
#887 = VERTEX_POINT ( 'NONE', #8545 ) ;
#888 = EDGE_CURVE ( 'NONE', #6908, #1429, #4254, .T. ) ;
#889 = DIRECTION ( 'NONE',  ( 0.000000000000000000, -1.000000000000000000, 0.000000000000000000 ) ) ;
#890 = LINE ( 'NONE', #7521, #2430 ) ;
#891 = DIRECTION ( 'NONE',  ( 1.000000000000000000, 0.000000000000000000, -8.503546450866703280E-17 ) ) ;
#892 = ORIENTED_EDGE ( 'NONE', *, *, #6277, .T. ) ;
#893 = ADVANCED_FACE ( 'NONE', ( #10299 ), #6869, .F. ) ;
#894 = LINE ( 'NONE', #4922, #10301 ) ;
#895 = DIRECTION ( 'NONE',  ( -0.3236155771181851160, -0.3236155771181853380, 0.8891264907159879272 ) ) ;
#896 = AXIS2_PLACEMENT_3D ( 'NONE', #33, #2639, #3349 ) ;
#897 = FACE_OUTER_BOUND ( 'NONE', #704, .T. ) ;
#898 = DIRECTION ( 'NONE',  ( -0.000000000000000000, 1.000000000000000000, -0.000000000000000000 ) ) ;
#899 = EDGE_LOOP ( 'NONE', ( #10283, #640, #8988, #8768 ) ) ;
#900 = DIRECTION ( 'NONE',  ( 0.000000000000000000, 1.000000000000000000, 5.782411586589349356E-15 ) ) ;
#901 = ADVANCED_FACE ( 'NONE', ( #6041 ), #6809, .T. ) ;
#902 = ORIENTED_EDGE ( 'NONE', *, *, #2332, .F. ) ;
#903 = VERTEX_POINT ( 'NONE', #3648 ) ;
#904 = LINE ( 'NONE', #5031, #5584 ) ;
#905 = VECTOR ( 'NONE', #9719, 1000.000000000000000 ) ;
#906 = ORIENTED_EDGE ( 'NONE', *, *, #9846, .F. ) ;
#907 = VECTOR ( 'NONE', #4415, 1000.000000000000000 ) ;
#908 = DIRECTION ( 'NONE',  ( -0.3236155771181851160, -0.3236155771181849494, 0.8891264907159881492 ) ) ;
#909 = CONTEXT_DEPENDENT_SHAPE_REPRESENTATION ( #4739, #4229 ) ;
#910 = ORIENTED_EDGE ( 'NONE', *, *, #9712, .T. ) ;
#911 = VECTOR ( 'NONE', #680, 1000.000000000000000 ) ;
#912 = CONICAL_SURFACE ( 'NONE', #5782, 0.6999999999999992895, 0.7853981633974461696 ) ;
#913 = DIRECTION ( 'NONE',  ( -0.000000000000000000, -1.000000000000000000, -0.000000000000000000 ) ) ;
#914 = ORIENTED_EDGE ( 'NONE', *, *, #6527, .F. ) ;
#915 = ORIENTED_EDGE ( 'NONE', *, *, #7984, .T. ) ;
#916 = CARTESIAN_POINT ( 'NONE',  ( -4.274999999999997691, 10.50000000000000000, -4.025000000000003908 ) ) ;
#917 = AXIS2_PLACEMENT_3D ( 'NONE', #22, #9057, #9928 ) ;
#918 = ORIENTED_EDGE ( 'NONE', *, *, #8589, .F. ) ;
#919 = DIRECTION ( 'NONE',  ( 0.000000000000000000, -1.000000000000000000, 0.000000000000000000 ) ) ;
#920 = DIRECTION ( 'NONE',  ( -1.000000000000000000, 9.391921407275225514E-33, 1.938238520644477159E-16 ) ) ;
#921 = AXIS2_PLACEMENT_3D ( 'NONE', #10568, #2129, #1371 ) ;
#922 = DIRECTION ( 'NONE',  ( 4.818676322157797621E-17, 0.000000000000000000, 1.000000000000000000 ) ) ;
#923 = VECTOR ( 'NONE', #882, 1000.000000000000114 ) ;
#924 =( LENGTH_UNIT ( ) NAMED_UNIT ( * ) SI_UNIT ( .MILLI., .METRE. ) );
#925 = LINE ( 'NONE', #4025, #1072 ) ;
#926 = CARTESIAN_POINT ( 'NONE',  ( 10.20000000000000284, 12.80000000000000071, -5.025000000000000355 ) ) ;
#927 = ORIENTED_EDGE ( 'NONE', *, *, #9670, .F. ) ;
#928 = CIRCLE ( 'NONE', #3357, 0.6999999999999992895 ) ;
#929 = EDGE_CURVE ( 'NONE', #605, #4288, #2023, .T. ) ;
#930 = LINE ( 'NONE', #10174, #2837 ) ;
#931 = AXIS2_PLACEMENT_3D ( 'NONE', #6959, #1738, #3579 ) ;
#932 = ORIENTED_EDGE ( 'NONE', *, *, #4603, .T. ) ;
#933 = CARTESIAN_POINT ( 'NONE',  ( -7.980000000000001315, 2.800000000000000266, -3.824999999999998401 ) ) ;
#934 = VERTEX_POINT ( 'NONE', #8657 ) ;
#935 = ORIENTED_EDGE ( 'NONE', *, *, #1144, .T. ) ;
#936 = CARTESIAN_POINT ( 'NONE',  ( 7.824999999999991296, 1.400000000000003020, 4.025000000000000355 ) ) ;
#937 = FACE_OUTER_BOUND ( 'NONE', #8903, .T. ) ;
#938 = CARTESIAN_POINT ( 'NONE',  ( 9.200000000000001066, 12.28038475772934035, 3.824999999999997957 ) ) ;
#939 = CARTESIAN_POINT ( 'NONE',  ( -3.950000000000000178, 2.800000000000000266, -2.375000000000001332 ) ) ;
#940 = CARTESIAN_POINT ( 'NONE',  ( 0.000000000000000000, -1.250000000000001332, 4.025000000000000355 ) ) ;
#941 = VERTEX_POINT ( 'NONE', #5173 ) ;
#942 = CARTESIAN_POINT ( 'NONE',  ( -2.499999999999997780, 0.000000000000000000, 4.025000000000000355 ) ) ;
#943 = EDGE_CURVE ( 'NONE', #5795, #7106, #1107, .T. ) ;
#944 = LINE ( 'NONE', #8234, #869 ) ;
#945 = EDGE_CURVE ( 'NONE', #6706, #273, #7733, .T. ) ;
#946 = CARTESIAN_POINT ( 'NONE',  ( 0.000000000000000000, 0.000000000000000000, 1.724999999999999645 ) ) ;
#947 = ORIENTED_EDGE ( 'NONE', *, *, #2363, .F. ) ;
#948 = EDGE_CURVE ( 'NONE', #3204, #1031, #3489, .T. ) ;
#949 = CARTESIAN_POINT ( 'NONE',  ( 7.000000000000002665, 8.400000000000000355, 2.124999999999999112 ) ) ;
#950 = LINE ( 'NONE', #8285, #7171 ) ;
#951 = CARTESIAN_POINT ( 'NONE',  ( -5.849999999999992539, 2.949999999999998845, -5.350000000000002309 ) ) ;
#952 = CARTESIAN_POINT ( 'NONE',  ( -8.999999999999998224, 2.800000000000000266, -0.4750000000000014766 ) ) ;
#953 = ORIENTED_EDGE ( 'NONE', *, *, #3582, .F. ) ;
#954 = CARTESIAN_POINT ( 'NONE',  ( 8.199999999999995737, 4.800000000000000711, 13.20342712474620939 ) ) ;
#955 = ORIENTED_EDGE ( 'NONE', *, *, #4787, .T. ) ;
#956 = DIRECTION ( 'NONE',  ( 0.000000000000000000, -1.000000000000000000, 0.000000000000000000 ) ) ;
#957 = EDGE_CURVE ( 'NONE', #2104, #5097, #5120, .T. ) ;
#958 = ORIENTED_EDGE ( 'NONE', *, *, #4573, .T. ) ;
#959 = EDGE_CURVE ( 'NONE', #3623, #1443, #991, .T. ) ;
#960 = CARTESIAN_POINT ( 'NONE',  ( 7.000000000000002665, 0.000000000000000000, 4.025000000000000355 ) ) ;
#961 = ORIENTED_EDGE ( 'NONE', *, *, #5214, .T. ) ;
#962 = DIRECTION ( 'NONE',  ( -0.000000000000000000, 1.000000000000000000, -0.000000000000000000 ) ) ;
#963 = EDGE_CURVE ( 'NONE', #9821, #10754, #5991, .T. ) ;
#964 = VERTEX_POINT ( 'NONE', #10246 ) ;
#965 = LINE ( 'NONE', #4330, #6229 ) ;
#966 = ORIENTED_EDGE ( 'NONE', *, *, #6923, .F. ) ;
#967 = ORIENTED_EDGE ( 'NONE', *, *, #879, .T. ) ;
#968 = CARTESIAN_POINT ( 'NONE',  ( 9.000000000000001776, 12.28038475772934035, 3.824999999999998845 ) ) ;
#969 = EDGE_LOOP ( 'NONE', ( #5374, #9398, #7352, #7400 ) ) ;
#970 = DIRECTION ( 'NONE',  ( -1.000000000000000000, 0.000000000000000000, 0.000000000000000000 ) ) ;
#971 = LINE ( 'NONE', #4338, #4498 ) ;
#972 = LINE ( 'NONE', #160, #10648 ) ;
#973 = ORIENTED_EDGE ( 'NONE', *, *, #4459, .F. ) ;
#974 = VECTOR ( 'NONE', #6975, 1000.000000000000114 ) ;
#975 = PLANE ( 'NONE',  #8041 ) ;
#976 = EDGE_LOOP ( 'NONE', ( #2101, #9740, #8332, #4427 ) ) ;
#977 = VECTOR ( 'NONE', #9657, 1000.000000000000000 ) ;
#978 = VECTOR ( 'NONE', #7692, 1000.000000000000000 ) ;
#979 = DIRECTION ( 'NONE',  ( 0.000000000000000000, 0.000000000000000000, 1.000000000000000000 ) ) ;
#980 = EDGE_LOOP ( 'NONE', ( #7926, #5603, #6468, #5563, #9043, #3783, #4332 ) ) ;
#981 = VERTEX_POINT ( 'NONE', #2778 ) ;
#982 = CARTESIAN_POINT ( 'NONE',  ( 8.250000000000000000, 7.299999999999998934, 5.025000000000001243 ) ) ;
#983 = PLANE ( 'NONE',  #5247 ) ;
#984 = EDGE_CURVE ( 'NONE', #7560, #6259, #6095, .T. ) ;
#985 = CARTESIAN_POINT ( 'NONE',  ( -10.20000000000000284, -1.574999999999999512, 5.375000000000000000 ) ) ;
#986 = DIRECTION ( 'NONE',  ( 0.000000000000000000, 0.000000000000000000, -1.000000000000000000 ) ) ;
#987 = DIRECTION ( 'NONE',  ( 1.156482317317871725E-15, 1.000000000000000000, 0.000000000000000000 ) ) ;
#988 = VECTOR ( 'NONE', #3154, 1000.000000000000000 ) ;
#989 = VERTEX_POINT ( 'NONE', #1213 ) ;
#990 = CARTESIAN_POINT ( 'NONE',  ( -3.575000000000000178, 10.50000000000000000, -4.025000000000003908 ) ) ;
#991 = LINE ( 'NONE', #6919, #3812 ) ;
#992 = LINE ( 'NONE', #7838, #2197 ) ;
#993 = VECTOR ( 'NONE', #3402, 1000.000000000000000 ) ;
#994 = VERTEX_POINT ( 'NONE', #451 ) ;
#995 = DIRECTION ( 'NONE',  ( 0.000000000000000000, 0.000000000000000000, 1.000000000000000000 ) ) ;
#996 = CARTESIAN_POINT ( 'NONE',  ( 1.100000000000002087, 8.399999999999998579, 2.124999999999999112 ) ) ;
#997 = ADVANCED_FACE ( 'NONE', ( #7892, #9535, #8874, #9643, #6207, #4679, #1319, #7085, #8056, #2889, #553, #4580, #7193, #614, #7135, #6369, #9694 ), #3918, .F. ) ;
#998 = CARTESIAN_POINT ( 'NONE',  ( -6.500000000000002665, 0.000000000000000000, 0.000000000000000000 ) ) ;
#999 = ADVANCED_FACE ( 'NONE', ( #502 ), #7998, .F. ) ;
#1000 = DIRECTION ( 'NONE',  ( 0.000000000000000000, -0.000000000000000000, -1.000000000000000000 ) ) ;
#1001 = ORIENTED_EDGE ( 'NONE', *, *, #6347, .T. ) ;
#1002 = CARTESIAN_POINT ( 'NONE',  ( 9.000000000000001776, 12.28038475772934035, 4.025000000000000355 ) ) ;
#1003 = EDGE_LOOP ( 'NONE', ( #1766, #8081, #9738, #3037 ) ) ;
#1004 = PLANE ( 'NONE',  #8205 ) ;
#1005 = VECTOR ( 'NONE', #184, 1000.000000000000000 ) ;
#1006 = LINE ( 'NONE', #9278, #2372 ) ;
#1007 = ADVANCED_FACE ( 'NONE', ( #7033 ), #5613, .F. ) ;
#1008 = VERTEX_POINT ( 'NONE', #4734 ) ;
#1009 = CARTESIAN_POINT ( 'NONE',  ( 5.674999999999998934, 0.000000000000000000, -5.025000000000003020 ) ) ;
#1010 = CARTESIAN_POINT ( 'NONE',  ( -5.599999999999996980, -1.250000000000001332, 2.425000000000000266 ) ) ;
#1011 = VERTEX_POINT ( 'NONE', #5455 ) ;
#1012 = PLANE ( 'NONE',  #3246 ) ;
#1013 = ADVANCED_FACE ( 'NONE', ( #7837 ), #397, .T. ) ;
#1014 = ORIENTED_EDGE ( 'NONE', *, *, #6337, .T. ) ;
#1015 = VECTOR ( 'NONE', #3857, 1000.000000000000000 ) ;
#1016 = EDGE_CURVE ( 'NONE', #802, #5097, #6424, .T. ) ;
#1017 = EDGE_CURVE ( 'NONE', #6706, #2537, #8710, .T. ) ;
#1018 = DIRECTION ( 'NONE',  ( -1.000000000000000000, 0.000000000000000000, 0.000000000000000000 ) ) ;
#1019 = EDGE_LOOP ( 'NONE', ( #9679, #8178, #10553, #9735 ) ) ;
#1020 = ORIENTED_EDGE ( 'NONE', *, *, #5480, .T. ) ;
#1021 = LINE ( 'NONE', #7652, #8876 ) ;
#1022 = VECTOR ( 'NONE', #1723, 1000.000000000000000 ) ;
#1023 = AXIS2_PLACEMENT_3D ( 'NONE', #10008, #2550, #8471 ) ;
#1024 = ORIENTED_EDGE ( 'NONE', *, *, #3568, .F. ) ;
#1025 = DIRECTION ( 'NONE',  ( -1.000000000000000000, -0.000000000000000000, -0.000000000000000000 ) ) ;
#1026 = FACE_OUTER_BOUND ( 'NONE', #7133, .T. ) ;
#1027 = VECTOR ( 'NONE', #9968, 1000.000000000000000 ) ;
#1028 = DIRECTION ( 'NONE',  ( 0.000000000000000000, 0.000000000000000000, 1.000000000000000000 ) ) ;
#1029 = LINE ( 'NONE', #7659, #5596 ) ;
#1030 = ORIENTED_EDGE ( 'NONE', *, *, #491, .F. ) ;
#1031 = VERTEX_POINT ( 'NONE', #3706 ) ;
#1032 = ADVANCED_FACE ( 'NONE', ( #10409 ), #2079, .T. ) ;
#1033 = AXIS2_PLACEMENT_3D ( 'NONE', #8351, #8554, #9998 ) ;
#1034 = LINE ( 'NONE', #6027, #3355 ) ;
#1035 = ORIENTED_EDGE ( 'NONE', *, *, #6135, .F. ) ;
#1036 = FACE_OUTER_BOUND ( 'NONE', #443, .T. ) ;
#1037 = ORIENTED_EDGE ( 'NONE', *, *, #6880, .F. ) ;
#1038 = ORIENTED_EDGE ( 'NONE', *, *, #7786, .T. ) ;
#1039 = LINE ( 'NONE', #7510, #4218 ) ;
#1040 = CARTESIAN_POINT ( 'NONE',  ( 1.600000000000002531, 2.800000000000000266, 3.825000000000001066 ) ) ;
#1041 = FACE_BOUND ( 'NONE', #1135, .T. ) ;
#1042 = DIRECTION ( 'NONE',  ( 0.000000000000000000, 0.000000000000000000, 1.000000000000000000 ) ) ;
#1043 = CARTESIAN_POINT ( 'NONE',  ( 7.824999999999991296, 1.400000000000003020, 4.825000000000008171 ) ) ;
#1044 = EDGE_LOOP ( 'NONE', ( #3293, #8359, #4084, #5755, #10167, #5913, #825, #5514, #10730, #6043, #3931, #8938, #10628, #8419, #8512, #958, #5372, #8, #41, #961, #6895, #372 ) ) ;
#1045 = PLANE ( 'NONE',  #6109 ) ;
#1046 = CARTESIAN_POINT ( 'NONE',  ( 0.000000000000000000, -3.350000000000000977, 4.025000000000000355 ) ) ;
#1047 = LINE ( 'NONE', #1108, #9674 ) ;
#1048 = EDGE_CURVE ( 'NONE', #8039, #6458, #3101, .T. ) ;
#1049 = ORIENTED_EDGE ( 'NONE', *, *, #4712, .F. ) ;
#1050 = LINE ( 'NONE', #5233, #9619 ) ;
#1051 = CARTESIAN_POINT ( 'NONE',  ( -8.999999999999998224, 12.80000000000000071, 4.325000000000003730 ) ) ;
#1052 = DIRECTION ( 'NONE',  ( -1.156482317317871725E-15, -1.000000000000000000, 0.000000000000000000 ) ) ;
#1053 = DIRECTION ( 'NONE',  ( 0.000000000000000000, 0.000000000000000000, 1.000000000000000000 ) ) ;
#1054 = DIRECTION ( 'NONE',  ( 0.000000000000000000, 0.000000000000000000, 1.000000000000000000 ) ) ;
#1055 = EDGE_LOOP ( 'NONE', ( #6395, #8094, #10744, #8799 ) ) ;
#1056 = EDGE_LOOP ( 'NONE', ( #9797, #10747, #3035, #7982 ) ) ;
#1057 = CARTESIAN_POINT ( 'NONE',  ( -7.000000000000002665, 2.800000000000000266, 3.825000000000001066 ) ) ;
#1058 = DIRECTION ( 'NONE',  ( 0.000000000000000000, 0.000000000000000000, 1.000000000000000000 ) ) ;
#1059 = EDGE_CURVE ( 'NONE', #9506, #2273, #4521, .T. ) ;
#1060 = ORIENTED_EDGE ( 'NONE', *, *, #8713, .T. ) ;
#1061 = VECTOR ( 'NONE', #10005, 1000.000000000000000 ) ;
#1062 = CARTESIAN_POINT ( 'NONE',  ( 4.299999999999998046, -4.999999999999999112, 2.924999999999999822 ) ) ;
#1063 = PLANE ( 'NONE',  #5086 ) ;
#1064 = ORIENTED_EDGE ( 'NONE', *, *, #3078, .T. ) ;
#1065 = STYLED_ITEM ( 'NONE', ( #3842 ), #6829 ) ;
#1066 = ADVANCED_FACE ( 'NONE', ( #6319 ), #2942, .F. ) ;
#1067 = CARTESIAN_POINT ( 'NONE',  ( 0.1999999999999970690, 8.400000000000000355, -0.4750000000000014766 ) ) ;
#1068 = EDGE_LOOP ( 'NONE', ( #7021, #10163, #3501, #3370 ) ) ;
#1069 = EDGE_CURVE ( 'NONE', #4821, #8091, #10663, .T. ) ;
#1070 = DIRECTION ( 'NONE',  ( 0.000000000000000000, -0.000000000000000000, 1.000000000000000000 ) ) ;
#1071 = EDGE_CURVE ( 'NONE', #8039, #6463, #9909, .T. ) ;
#1072 = VECTOR ( 'NONE', #9035, 1000.000000000000000 ) ;
#1073 = VERTEX_POINT ( 'NONE', #8983 ) ;
#1074 = VECTOR ( 'NONE', #4519, 1000.000000000000000 ) ;
#1075 = ORIENTED_EDGE ( 'NONE', *, *, #1853, .T. ) ;
#1076 = DIRECTION ( 'NONE',  ( 0.000000000000000000, 0.000000000000000000, 1.000000000000000000 ) ) ;
#1077 = EDGE_CURVE ( 'NONE', #8307, #8549, #6633, .T. ) ;
#1078 = VERTEX_POINT ( 'NONE', #5001 ) ;
#1079 = PLANE ( 'NONE',  #4987 ) ;
#1080 = CARTESIAN_POINT ( 'NONE',  ( 4.700000000000002842, 8.400000000000000355, 1.724999999999998979 ) ) ;
#1081 = LINE ( 'NONE', #10170, #9534 ) ;
#1082 = PLANE ( 'NONE',  #10292 ) ;
#1083 = VECTOR ( 'NONE', #7934, 1000.000000000000000 ) ;
#1084 = EDGE_LOOP ( 'NONE', ( #5642, #2110, #9868, #1615 ) ) ;
#1085 = ORIENTED_EDGE ( 'NONE', *, *, #349, .F. ) ;
#1086 = VECTOR ( 'NONE', #3472, 1000.000000000000000 ) ;
#1087 = VECTOR ( 'NONE', #6165, 1000.000000000000000 ) ;
#1088 = FACE_BOUND ( 'NONE', #1499, .T. ) ;
#1089 = EDGE_CURVE ( 'NONE', #6516, #7795, #3213, .T. ) ;
#1090 = VECTOR ( 'NONE', #8953, 1000.000000000000000 ) ;
#1091 = ORIENTED_EDGE ( 'NONE', *, *, #2422, .T. ) ;
#1092 = PLANE ( 'NONE',  #514 ) ;
#1093 = AXIS2_PLACEMENT_3D ( 'NONE', #9660, #8834, #8075 ) ;
#1095 = ORIENTED_EDGE ( 'NONE', *, *, #6918, .T. ) ;
#1094 = ADVANCED_FACE ( 'NONE', ( #2347 ), #3371, .F. ) ;
#1096 = VERTEX_POINT ( 'NONE', #876 ) ;
#1097 = DIRECTION ( 'NONE',  ( 0.7327934916262994758, -0.6804510993672774344, 0.000000000000000000 ) ) ;
#1098 = DIRECTION ( 'NONE',  ( -1.577021341797097314E-16, 0.000000000000000000, -1.000000000000000000 ) ) ;
#1099 = VECTOR ( 'NONE', #4698, 1000.000000000000000 ) ;
#1100 = CARTESIAN_POINT ( 'NONE',  ( -10.20000000000000284, -4.999999999999999112, 4.025000000000000355 ) ) ;
#1101 = LINE ( 'NONE', #9529, #2545 ) ;
#1102 = DIRECTION ( 'NONE',  ( 0.9396926207859082059, 1.657291541575393549E-17, 0.3420201433256693790 ) ) ;
#1103 = ORIENTED_EDGE ( 'NONE', *, *, #3985, .F. ) ;
#1104 = VECTOR ( 'NONE', #7739, 1000.000000000000000 ) ;
#1105 = CARTESIAN_POINT ( 'NONE',  ( -8.950000000000002842, -3.024999999999999467, 5.375000000000000000 ) ) ;
#1106 = AXIS2_PLACEMENT_3D ( 'NONE', #1589, #4906, #7408 ) ;
#1107 = LINE ( 'NONE', #7625, #8502 ) ;
#1108 = CARTESIAN_POINT ( 'NONE',  ( 10.20000000000000284, -1.224999999999998312, 4.025000000000000355 ) ) ;
#1109 = VECTOR ( 'NONE', #4311, 1000.000000000000000 ) ;
#1110 = ORIENTED_EDGE ( 'NONE', *, *, #948, .F. ) ;
#1111 = CARTESIAN_POINT ( 'NONE',  ( 0.6999999999999975131, 0.000000000000000000, 0.000000000000000000 ) ) ;
#1112 = LINE ( 'NONE', #4421, #584 ) ;
#1113 = VECTOR ( 'NONE', #2355, 1000.000000000000000 ) ;
#1114 = DIRECTION ( 'NONE',  ( 0.000000000000000000, -1.000000000000000000, 0.000000000000000000 ) ) ;
#1115 = CARTESIAN_POINT ( 'NONE',  ( 2.235000000000001208, 12.28038475772933147, -2.375000000000000444 ) ) ;
#1116 = PLANE ( 'NONE',  #5447 ) ;
#1117 = VERTEX_POINT ( 'NONE', #4899 ) ;
#1118 = ORIENTED_EDGE ( 'NONE', *, *, #7328, .F. ) ;
#1119 = LINE ( 'NONE', #4534, #2480 ) ;
#1120 = CARTESIAN_POINT ( 'NONE',  ( 3.075000000000000622, 2.600000000000001421, -4.225000000000004974 ) ) ;
#1121 = ORIENTED_EDGE ( 'NONE', *, *, #616, .T. ) ;
#1122 = CARTESIAN_POINT ( 'NONE',  ( 5.200000000000002842, 8.400000000000000355, 1.724999999999998979 ) ) ;
#1123 = DIRECTION ( 'NONE',  ( -1.000000000000000000, 0.000000000000000000, 1.515042337097647644E-16 ) ) ;
#1124 = ORIENTED_EDGE ( 'NONE', *, *, #7863, .F. ) ;
#1125 = APPLICATION_CONTEXT ( 'automotive_design' ) ;
#1126 = CARTESIAN_POINT ( 'NONE',  ( 1.935000000000000941, 2.800000000000000266, -4.025000000000000355 ) ) ;
#1127 = CARTESIAN_POINT ( 'NONE',  ( 6.500000000000002665, 3.469446951953614189E-15, 2.124999999999999112 ) ) ;
#1128 = ADVANCED_FACE ( 'NONE', ( #56 ), #4184, .F. ) ;
#1129 = ORIENTED_EDGE ( 'NONE', *, *, #3947, .F. ) ;
#1130 = AXIS2_PLACEMENT_3D ( 'NONE', #6355, #3845, #4715 ) ;
#1131 = FACE_OUTER_BOUND ( 'NONE', #8266, .T. ) ;
#1132 = EDGE_LOOP ( 'NONE', ( #736, #8878, #4027, #8751 ) ) ;
#1133 = ORIENTED_EDGE ( 'NONE', *, *, #8105, .F. ) ;
#1134 = LINE ( 'NONE', #5373, #10637 ) ;
#1135 = EDGE_LOOP ( 'NONE', ( #6834, #9925, #6138, #9435 ) ) ;
#1136 = DIRECTION ( 'NONE',  ( 0.000000000000000000, 0.000000000000000000, -1.000000000000000000 ) ) ;
#1137 = DIRECTION ( 'NONE',  ( -0.000000000000000000, -0.000000000000000000, 1.000000000000000000 ) ) ;
#1138 = EDGE_CURVE ( 'NONE', #4439, #9571, #9141, .T. ) ;
#1139 = FACE_OUTER_BOUND ( 'NONE', #3956, .T. ) ;
#1140 = ORIENTED_EDGE ( 'NONE', *, *, #7540, .F. ) ;
#1141 = EDGE_CURVE ( 'NONE', #2905, #325, #4085, .T. ) ;
#1142 = EDGE_LOOP ( 'NONE', ( #7697, #5927, #3140, #7787 ) ) ;
#1143 = DIRECTION ( 'NONE',  ( 1.000000000000000000, 2.478176394252579662E-16, -1.275531967630005245E-16 ) ) ;
#1144 = EDGE_CURVE ( 'NONE', #3205, #612, #1638, .T. ) ;
#1145 = ORIENTED_EDGE ( 'NONE', *, *, #9383, .F. ) ;
#1146 = CARTESIAN_POINT ( 'NONE',  ( 10.20000000000000284, 1.199999999999992628, 5.024999999999999467 ) ) ;
#1147 = ORIENTED_EDGE ( 'NONE', *, *, #827, .T. ) ;
#1148 = ORIENTED_EDGE ( 'NONE', *, *, #1397, .T. ) ;
#1149 = LINE ( 'NONE', #5061, #2825 ) ;
#1150 = LINE ( 'NONE', #3377, #10475 ) ;
#1151 = CARTESIAN_POINT ( 'NONE',  ( 10.20000000000000284, -1.574999999999999512, 5.375000000000000000 ) ) ;
#1152 = CARTESIAN_POINT ( 'NONE',  ( -3.274999999999999467, 2.600000000000001421, -4.025000000000003908 ) ) ;
#1153 = LINE ( 'NONE', #940, #504 ) ;
#1154 = EDGE_CURVE ( 'NONE', #7839, #6855, #9965, .T. ) ;
#1155 = ORIENTED_EDGE ( 'NONE', *, *, #10143, .F. ) ;
#1156 = EDGE_CURVE ( 'NONE', #3120, #5339, #1584, .T. ) ;
#1157 = DIRECTION ( 'NONE',  ( 0.000000000000000000, 0.000000000000000000, -1.000000000000000000 ) ) ;
#1158 = CARTESIAN_POINT ( 'NONE',  ( -9.899999999999996803, 12.80000000000000071, -5.024999999999998579 ) ) ;
#1159 = EDGE_CURVE ( 'NONE', #10542, #1008, #6580, .T. ) ;
#1160 = EDGE_CURVE ( 'NONE', #4264, #3514, #2397, .T. ) ;
#1161 = CARTESIAN_POINT ( 'NONE',  ( 7.480000000000000426, 1.385786437626903345, -2.375000000000013323 ) ) ;
#1162 = ORIENTED_EDGE ( 'NONE', *, *, #8245, .T. ) ;
#1163 = CARTESIAN_POINT ( 'NONE',  ( 4.299999999999998046, 2.800000000000000266, -0.4750000000000014766 ) ) ;
#1165 = CARTESIAN_POINT ( 'NONE',  ( 3.799999999999998046, -4.999999999999999112, 2.924999999999999822 ) ) ;
#1164 = VECTOR ( 'NONE', #5462, 1000.000000000000000 ) ;
#1166 = LINE ( 'NONE', #7685, #1217 ) ;
#1167 = FACE_BOUND ( 'NONE', #8851, .T. ) ;
#1168 = LINE ( 'NONE', #5300, #9447 ) ;
#1169 = ORIENTED_EDGE ( 'NONE', *, *, #1623, .F. ) ;
#1170 = VERTEX_POINT ( 'NONE', #6692 ) ;
#1171 = DIRECTION ( 'NONE',  ( -0.000000000000000000, 0.5000000000000048850, 0.8660254037844359321 ) ) ;
#1172 = DIRECTION ( 'NONE',  ( 1.000000000000000000, 0.000000000000000000, 0.000000000000000000 ) ) ;
#1173 = AXIS2_PLACEMENT_3D ( 'NONE', #3899, #10549, #3082 ) ;
#1174 = VERTEX_POINT ( 'NONE', #8934 ) ;
#1175 = CARTESIAN_POINT ( 'NONE',  ( -2.499999999999998668, -4.999999999999999112, 2.924999999999999822 ) ) ;
#1176 = CARTESIAN_POINT ( 'NONE',  ( 8.950000000000002842, -1.250000000000001110, 2.924999999999999822 ) ) ;
#1177 = ORIENTED_EDGE ( 'NONE', *, *, #9582, .F. ) ;
#1178 = DIRECTION ( 'NONE',  ( -0.000000000000000000, -0.000000000000000000, 1.000000000000000000 ) ) ;
#1179 = DIRECTION ( 'NONE',  ( -0.000000000000000000, -0.000000000000000000, -1.000000000000000000 ) ) ;
#1180 = VECTOR ( 'NONE', #5792, 1000.000000000000000 ) ;
#1181 = ORIENTED_EDGE ( 'NONE', *, *, #1794, .T. ) ;
#1182 =( BOUNDED_CURVE ( )  B_SPLINE_CURVE ( 3, ( #1659, #3341, #9991, #4974 ),
 .UNSPECIFIED., .F., .F. ) 
 B_SPLINE_CURVE_WITH_KNOTS ( ( 4, 4 ),
 ( 4.712388980384689674, 6.283185307179586232 ),
 .UNSPECIFIED. ) 
 CURVE ( )  GEOMETRIC_REPRESENTATION_ITEM ( )  RATIONAL_B_SPLINE_CURVE ( ( 1.000000000000000000, 0.8047378541243649375, 0.8047378541243649375, 1.000000000000000000 ) ) 
 REPRESENTATION_ITEM ( '' )  );
#1183 = LINE ( 'NONE', #6177, #10759 ) ;
#1184 = CIRCLE ( 'NONE', #2908, 0.1999999999999996503 ) ;
#1185 = ORIENTED_EDGE ( 'NONE', *, *, #7315, .T. ) ;
#1186 = EDGE_CURVE ( 'NONE', #3696, #1523, #10014, .T. ) ;
#1187 = ORIENTED_EDGE ( 'NONE', *, *, #4012, .T. ) ;
#1188 = CARTESIAN_POINT ( 'NONE',  ( 4.700000000000002842, -0.8500000000000011990, 2.924999999999999822 ) ) ;
#1189 = ORIENTED_EDGE ( 'NONE', *, *, #7270, .T. ) ;
#1190 = CARTESIAN_POINT ( 'NONE',  ( -7.000000000000002665, 0.000000000000000000, 4.025000000000000355 ) ) ;
#1191 = CARTESIAN_POINT ( 'NONE',  ( 5.599999999999996980, -3.750000000000001332, 2.924999999999999822 ) ) ;
#1192 = ORIENTED_EDGE ( 'NONE', *, *, #262, .T. ) ;
#1193 = ORIENTED_EDGE ( 'NONE', *, *, #5877, .T. ) ;
#1194 = VECTOR ( 'NONE', #2459, 1000.000000000000000 ) ;
#1195 = FACE_OUTER_BOUND ( 'NONE', #2124, .T. ) ;
#1196 = AXIS2_PLACEMENT_3D ( 'NONE', #8263, #7397, #6419 ) ;
#1197 = VERTEX_POINT ( 'NONE', #8104 ) ;
#1198 = EDGE_CURVE ( 'NONE', #706, #5353, #1482, .T. ) ;
#1199 = ADVANCED_FACE ( 'NONE', ( #10623 ), #3158, .F. ) ;
#1200 = LINE ( 'NONE', #331, #1239 ) ;
#1201 = CIRCLE ( 'NONE', #7109, 0.6999999999999992895 ) ;
#1202 = ORIENTED_EDGE ( 'NONE', *, *, #10191, .F. ) ;
#1203 = ORIENTED_EDGE ( 'NONE', *, *, #4442, .T. ) ;
#1204 = DIRECTION ( 'NONE',  ( -1.000000000000000000, 0.000000000000000000, 0.000000000000000000 ) ) ;
#1205 = DIRECTION ( 'NONE',  ( -0.000000000000000000, -1.000000000000000000, -0.000000000000000000 ) ) ;
#1206 = FACE_BOUND ( 'NONE', #7499, .T. ) ;
#1207 = EDGE_CURVE ( 'NONE', #9828, #5315, #9806, .T. ) ;
#1208 = DIRECTION ( 'NONE',  ( -0.000000000000000000, -0.000000000000000000, 1.000000000000000000 ) ) ;
#1209 = PLANE ( 'NONE',  #3446 ) ;
#1210 = VECTOR ( 'NONE', #4948, 1000.000000000000000 ) ;
#1211 = VERTEX_POINT ( 'NONE', #1 ) ;
#1212 = CARTESIAN_POINT ( 'NONE',  ( -5.200000000000002842, 2.800000000000000266, -0.4750000000000010325 ) ) ;
#1213 = CARTESIAN_POINT ( 'NONE',  ( -3.950000000000000178, 10.05000000000000071, -2.375000000000001332 ) ) ;
#1214 = DIRECTION ( 'NONE',  ( 1.000000000000000000, 0.000000000000000000, 0.000000000000000000 ) ) ;
#1215 = ADVANCED_FACE ( 'NONE', ( #3474 ), #9298, .T. ) ;
#1216 = EDGE_CURVE ( 'NONE', #3354, #5440, #930, .T. ) ;
#1217 = VECTOR ( 'NONE', #4476, 1000.000000000000000 ) ;
#1218 = ORIENTED_EDGE ( 'NONE', *, *, #2943, .F. ) ;
#1219 = DIRECTION ( 'NONE',  ( -1.000000000000000000, 0.000000000000000000, 0.000000000000000000 ) ) ;
#1220 = DIRECTION ( 'NONE',  ( -0.000000000000000000, -1.000000000000000000, -0.000000000000000000 ) ) ;
#1221 = DIRECTION ( 'NONE',  ( 2.267612386897787377E-16, 0.000000000000000000, 1.000000000000000000 ) ) ;
#1222 = CARTESIAN_POINT ( 'NONE',  ( -0.1999999999999970690, 8.399999999999998579, 1.724999999999999423 ) ) ;
#1223 = EDGE_CURVE ( 'NONE', #6957, #1354, #8590, .T. ) ;
#1224 = DIRECTION ( 'NONE',  ( 0.000000000000000000, 0.000000000000000000, -1.000000000000000000 ) ) ;
#1225 = CARTESIAN_POINT ( 'NONE',  ( -5.274999999999997691, 2.600000000000001421, -4.225000000000004086 ) ) ;
#1226 = VERTEX_POINT ( 'NONE', #328 ) ;
#1227 = ORIENTED_EDGE ( 'NONE', *, *, #9939, .T. ) ;
#1228 = CARTESIAN_POINT ( 'NONE',  ( 8.950000000000002842, -1.574999999999999512, 5.375000000000000000 ) ) ;
#1229 = CARTESIAN_POINT ( 'NONE',  ( -6.999999999999997335, 5.150000000000000355, -8.150000000000002132 ) ) ;
#1230 = EDGE_CURVE ( 'NONE', #1211, #7839, #5053, .T. ) ;
#1231 = VERTEX_POINT ( 'NONE', #6905 ) ;
#1232 = DIRECTION ( 'NONE',  ( -0.000000000000000000, -1.000000000000000000, -0.000000000000000000 ) ) ;
#1233 = CARTESIAN_POINT ( 'NONE',  ( -9.774999999999982592, 12.80000000000000071, 5.025000000000002132 ) ) ;
#1234 = VERTEX_POINT ( 'NONE', #8421 ) ;
#1235 = ADVANCED_FACE ( 'NONE', ( #2764 ), #9196, .F. ) ;
#1236 = DIRECTION ( 'NONE',  ( 0.000000000000000000, -0.000000000000000000, 1.000000000000000000 ) ) ;
#1237 = CARTESIAN_POINT ( 'NONE',  ( 9.000000000000001776, 2.800000000000000266, 4.025000000000000355 ) ) ;
#1238 = ORIENTED_EDGE ( 'NONE', *, *, #5938, .T. ) ;
#1239 = VECTOR ( 'NONE', #3693, 1000.000000000000000 ) ;
#1240 = FACE_OUTER_BOUND ( 'NONE', #1982, .T. ) ;
#1241 = VERTEX_POINT ( 'NONE', #8368 ) ;
#1242 = ORIENTED_EDGE ( 'NONE', *, *, #10060, .T. ) ;
#1243 = CARTESIAN_POINT ( 'NONE',  ( -3.799999999999997602, -0.8500000000000011990, 4.025000000000000355 ) ) ;
#1244 = ORIENTED_EDGE ( 'NONE', *, *, #10176, .T. ) ;
#1245 = LINE ( 'NONE', #5429, #6903 ) ;
#1246 = DIRECTION ( 'NONE',  ( 1.000000000000000000, 0.000000000000000000, 0.000000000000000000 ) ) ;
#1247 = VECTOR ( 'NONE', #4220, 1000.000000000000000 ) ;
#1248 = EDGE_LOOP ( 'NONE', ( #1485, #2562, #2322, #6731 ) ) ;
#1249 = ORIENTED_EDGE ( 'NONE', *, *, #1336, .F. ) ;
#1250 = CARTESIAN_POINT ( 'NONE',  ( 3.799999999999998046, 8.400000000000002132, -0.4750000000000014766 ) ) ;
#1251 = ORIENTED_EDGE ( 'NONE', *, *, #7467, .F. ) ;
#1252 = DIRECTION ( 'NONE',  ( 0.000000000000000000, -0.000000000000000000, -1.000000000000000000 ) ) ;
#1253 = VERTEX_POINT ( 'NONE', #2708 ) ;
#1254 = ORIENTED_EDGE ( 'NONE', *, *, #6860, .T. ) ;
#1255 = VECTOR ( 'NONE', #9033, 1000.000000000000000 ) ;
#1256 = DIRECTION ( 'NONE',  ( 0.000000000000000000, 0.000000000000000000, -1.000000000000000000 ) ) ;
#1257 = DIRECTION ( 'NONE',  ( -0.000000000000000000, -1.000000000000000000, -0.000000000000000000 ) ) ;
#1258 = VECTOR ( 'NONE', #4396, 1000.000000000000000 ) ;
#1259 = CARTESIAN_POINT ( 'NONE',  ( -3.074999999999999289, 2.600000000000001421, -4.225000000000004086 ) ) ;
#1260 = CARTESIAN_POINT ( 'NONE',  ( -3.400000000000003020, -3.350000000000000977, 2.924999999999999822 ) ) ;
#1261 = PLANE ( 'NONE',  #10411 ) ;
#1262 = ORIENTED_EDGE ( 'NONE', *, *, #3582, .T. ) ;
#1263 = EDGE_CURVE ( 'NONE', #2478, #10057, #3635, .T. ) ;
#1264 = CARTESIAN_POINT ( 'NONE',  ( 2.235000000000000764, 2.800000000000000266, -2.375000000000000444 ) ) ;
#1265 = AXIS2_PLACEMENT_3D ( 'NONE', #4755, #8948, #10638 ) ;
#1266 = DIRECTION ( 'NONE',  ( 0.000000000000000000, 1.000000000000000000, 0.000000000000000000 ) ) ;
#1267 = CARTESIAN_POINT ( 'NONE',  ( -7.980000000000001315, 2.800000000000000266, -2.875000000000000888 ) ) ;
#1268 = VECTOR ( 'NONE', #6874, 1000.000000000000000 ) ;
#1269 = VECTOR ( 'NONE', #3069, 1000.000000000000000 ) ;
#1270 = DIRECTION ( 'NONE',  ( 0.000000000000000000, -1.000000000000000000, 0.000000000000000000 ) ) ;
#1271 = LINE ( 'NONE', #7841, #9783 ) ;
#1272 = ADVANCED_FACE ( 'NONE', ( #3530, #7557, #108, #1790, #3421, #8531, #6742, #1088, #4345, #10069, #6854, #4290, #6082, #9349, #5922, #9245, #5107 ), #975, .T. ) ;
#1273 = DIRECTION ( 'NONE',  ( 0.000000000000000000, 0.000000000000000000, 1.000000000000000000 ) ) ;
#1274 = VECTOR ( 'NONE', #468, 1000.000000000000000 ) ;
#1275 = DIRECTION ( 'NONE',  ( 1.000000000000000000, 0.000000000000000000, 0.000000000000000000 ) ) ;
#1276 = DIRECTION ( 'NONE',  ( 1.515042337097647644E-16, 0.000000000000000000, 1.000000000000000000 ) ) ;
#1277 = DIRECTION ( 'NONE',  ( -1.000000000000000000, 0.000000000000000000, 1.275531967630005245E-16 ) ) ;
#1278 = AXIS2_PLACEMENT_3D ( 'NONE', #7355, #8220, #5766 ) ;
#1279 = VECTOR ( 'NONE', #8226, 1000.000000000000000 ) ;
#1280 = ORIENTED_EDGE ( 'NONE', *, *, #9654, .T. ) ;
#1281 = EDGE_CURVE ( 'NONE', #3718, #10297, #166, .T. ) ;
#1282 = EDGE_CURVE ( 'NONE', #528, #578, #2661, .T. ) ;
#1283 = DIRECTION ( 'NONE',  ( 1.000000000000000000, 0.000000000000000000, 0.000000000000000000 ) ) ;
#1284 = VECTOR ( 'NONE', #8398, 999.9999999999998863 ) ;
#1285 = CARTESIAN_POINT ( 'NONE',  ( -9.199999999999997513, 4.799999999999998046, 7.875000000000000000 ) ) ;
#1286 = EDGE_CURVE ( 'NONE', #5199, #449, #1840, .T. ) ;
#1287 = VECTOR ( 'NONE', #8326, 1000.000000000000000 ) ;
#1288 = EDGE_LOOP ( 'NONE', ( #6001, #3019, #10395, #8518 ) ) ;
#1289 = LINE ( 'NONE', #10428, #4212 ) ;
#1290 = DIRECTION ( 'NONE',  ( 0.000000000000000000, 1.000000000000000000, 0.000000000000000000 ) ) ;
#1291 = VERTEX_POINT ( 'NONE', #7662 ) ;
#1292 = CARTESIAN_POINT ( 'NONE',  ( -1.600000000000002531, -3.750000000000001332, 0.2249999999999999500 ) ) ;
#1293 = LINE ( 'NONE', #8839, #1099 ) ;
#1294 = ORIENTED_EDGE ( 'NONE', *, *, #3045, .F. ) ;
#1295 = EDGE_CURVE ( 'NONE', #6823, #6957, #1034, .T. ) ;
#1296 = CARTESIAN_POINT ( 'NONE',  ( 9.200000000000001066, 2.800000000000000266, 3.824999999999997957 ) ) ;
#1297 = EDGE_CURVE ( 'NONE', #437, #1458, #4401, .T. ) ;
#1298 = EDGE_CURVE ( 'NONE', #3244, #6081, #5543, .T. ) ;
#1299 = EDGE_LOOP ( 'NONE', ( #6315, #3364, #8038, #9762 ) ) ;
#1300 = ORIENTED_EDGE ( 'NONE', *, *, #1089, .F. ) ;
#1301 = CARTESIAN_POINT ( 'NONE',  ( 9.000000000000001776, 12.80000000000000071, 3.824999999999998845 ) ) ;
#1302 = ORIENTED_EDGE ( 'NONE', *, *, #344, .F. ) ;
#1303 = CARTESIAN_POINT ( 'NONE',  ( -1.100000000000002087, 2.800000000000000266, -0.07500000000000128786 ) ) ;
#1304 =( LENGTH_UNIT ( ) NAMED_UNIT ( * ) SI_UNIT ( .MILLI., .METRE. ) );
#1305 =( NAMED_UNIT ( * ) PLANE_ANGLE_UNIT ( ) SI_UNIT ( $, .RADIAN. ) );
#1306 = VERTEX_POINT ( 'NONE', #7927 ) ;
#1307 = DIRECTION ( 'NONE',  ( -0.000000000000000000, -1.000000000000000000, -0.000000000000000000 ) ) ;
#1308 = ORIENTED_EDGE ( 'NONE', *, *, #9923, .F. ) ;
#1309 = DIRECTION ( 'NONE',  ( -0.000000000000000000, -0.000000000000000000, 1.000000000000000000 ) ) ;
#1310 = ORIENTED_EDGE ( 'NONE', *, *, #5060, .F. ) ;
#1311 = EDGE_LOOP ( 'NONE', ( #7989, #552, #4640, #10696 ) ) ;
#1312 = CARTESIAN_POINT ( 'NONE',  ( 8.950000000000002842, -3.350000000000000977, 2.924999999999999822 ) ) ;
#1313 = LINE ( 'NONE', #9688, #1948 ) ;
#1314 = FACE_BOUND ( 'NONE', #2609, .T. ) ;
#1315 = CARTESIAN_POINT ( 'NONE',  ( -0.1999999999999970690, 3.469446951953614189E-15, 2.124999999999999112 ) ) ;
#1316 = PLANE ( 'NONE',  #3791 ) ;
#1317 = VERTEX_POINT ( 'NONE', #3794 ) ;
#1318 = LINE ( 'NONE', #10353, #1074 ) ;
#1319 = FACE_BOUND ( 'NONE', #7884, .T. ) ;
#1320 = CARTESIAN_POINT ( 'NONE',  ( 5.200000000000002842, -1.250000000000001110, 2.924999999999999822 ) ) ;
#1321 = EDGE_CURVE ( 'NONE', #9623, #815, #7228, .T. ) ;
#1322 = VERTEX_POINT ( 'NONE', #2009 ) ;
#1323 = DIRECTION ( 'NONE',  ( -0.5773502691896249539, 0.5773502691896272854, 0.5773502691896249539 ) ) ;
#1324 = LINE ( 'NONE', #3926, #7695 ) ;
#1325 = LINE ( 'NONE', #4528, #6840 ) ;
#1326 = DIRECTION ( 'NONE',  ( -1.156482317317871725E-15, -1.000000000000000000, 0.000000000000000000 ) ) ;
#1327 = LINE ( 'NONE', #7204, #8131 ) ;
#1328 = PLANE ( 'NONE',  #3883 ) ;
#1329 = VERTEX_POINT ( 'NONE', #5438 ) ;
#1330 = PLANE ( 'NONE',  #5427 ) ;
#1331 = CARTESIAN_POINT ( 'NONE',  ( -8.950000000000002842, -3.999999999999999112, 2.924999999999999822 ) ) ;
#1332 = APPLICATION_CONTEXT ( 'automotive_design' ) ;
#1333 = VECTOR ( 'NONE', #7523, 1000.000000000000000 ) ;
#1334 = EDGE_LOOP ( 'NONE', ( #1392, #8790, #2346, #9354 ) ) ;
#1335 = ADVANCED_FACE ( 'NONE', ( #9467 ), #10446, .F. ) ;
#1336 = EDGE_CURVE ( 'NONE', #513, #8232, #9680, .T. ) ;
#1337 = DIRECTION ( 'NONE',  ( -1.577021341797097314E-16, -0.000000000000000000, -1.000000000000000000 ) ) ;
#1338 = CARTESIAN_POINT ( 'NONE',  ( 3.075000000000000622, 0.000000000000000000, -4.225000000000004974 ) ) ;
#1339 = ORIENTED_EDGE ( 'NONE', *, *, #984, .F. ) ;
#1340 = FACE_OUTER_BOUND ( 'NONE', #3636, .T. ) ;
#1341 = CARTESIAN_POINT ( 'NONE',  ( 3.950000000000000178, 12.80000000000000071, -1.736124513398789038 ) ) ;
#1342 = EDGE_CURVE ( 'NONE', #10100, #4198, #57, .T. ) ;
#1343 = ORIENTED_EDGE ( 'NONE', *, *, #6798, .T. ) ;
#1344 = AXIS2_PLACEMENT_3D ( 'NONE', #6525, #7398, #5049 ) ;
#1345 = LINE ( 'NONE', #7755, #2754 ) ;
#1346 = EDGE_LOOP ( 'NONE', ( #3000, #8210, #1369, #32 ) ) ;
#1347 = ADVANCED_FACE ( 'NONE', ( #381 ), #2169, .T. ) ;
#1348 = VECTOR ( 'NONE', #9461, 1000.000000000000000 ) ;
#1349 = ORIENTED_EDGE ( 'NONE', *, *, #888, .T. ) ;
#1350 = CARTESIAN_POINT ( 'NONE',  ( -7.980000000000001315, 12.28038475772934035, -3.824999999999998401 ) ) ;
#1351 = ORIENTED_EDGE ( 'NONE', *, *, #2399, .T. ) ;
#1352 = DIRECTION ( 'NONE',  ( 0.000000000000000000, -1.000000000000000000, -0.000000000000000000 ) ) ;
#1353 = ADVANCED_FACE ( 'NONE', ( #8752 ), #9572, .T. ) ;
#1354 = VERTEX_POINT ( 'NONE', #2976 ) ;
#1355 = ADVANCED_FACE ( 'NONE', ( #1195 ), #8036, .F. ) ;
#1356 = ORIENTED_EDGE ( 'NONE', *, *, #6471, .T. ) ;
#1357 = VECTOR ( 'NONE', #8500, 1000.000000000000000 ) ;
#1358 = CARTESIAN_POINT ( 'NONE',  ( 10.20000000000000284, 8.800000000000002487, 5.025000000000001243 ) ) ;
#1359 = ORIENTED_EDGE ( 'NONE', *, *, #216, .T. ) ;
#1360 = DIRECTION ( 'NONE',  ( 0.000000000000000000, 0.000000000000000000, -1.000000000000000000 ) ) ;
#1361 = ORIENTED_EDGE ( 'NONE', *, *, #5571, .F. ) ;
#1362 = EDGE_LOOP ( 'NONE', ( #2020, #1129, #10451, #9766 ) ) ;
#1363 = CARTESIAN_POINT ( 'NONE',  ( -8.999999999999998224, 2.800000000000000266, -0.4750000000000005884 ) ) ;
#1364 = DIRECTION ( 'NONE',  ( -1.000000000000000000, 0.000000000000000000, 0.000000000000000000 ) ) ;
#1365 = DIRECTION ( 'NONE',  ( 0.000000000000000000, 0.000000000000000000, -1.000000000000000000 ) ) ;
#1366 = CARTESIAN_POINT ( 'NONE',  ( -6.099999999999997868, -1.250000000000001332, 4.025000000000000355 ) ) ;
#1367 = EDGE_CURVE ( 'NONE', #62, #9563, #1409, .T. ) ;
#1368 = CARTESIAN_POINT ( 'NONE',  ( 5.200000000000002842, 8.400000000000000355, 2.124999999999999112 ) ) ;
#1369 = ORIENTED_EDGE ( 'NONE', *, *, #1536, .T. ) ;
#1370 = VECTOR ( 'NONE', #10457, 1000.000000000000000 ) ;
#1371 = DIRECTION ( 'NONE',  ( -1.515042337097647644E-16, 0.000000000000000000, -1.000000000000000000 ) ) ;
#1372 = LINE ( 'NONE', #9589, #6537 ) ;
#1373 = AXIS2_PLACEMENT_3D ( 'NONE', #3223, #4094, #4144 ) ;
#1374 = ORIENTED_EDGE ( 'NONE', *, *, #697, .T. ) ;
#1375 = VERTEX_POINT ( 'NONE', #2874 ) ;
#1376 = CARTESIAN_POINT ( 'NONE',  ( 8.250000000000001776, 8.799999999999998934, 5.025000000000001243 ) ) ;
#1377 = LINE ( 'NONE', #8880, #6302 ) ;
#1378 = LINE ( 'NONE', #5460, #3189 ) ;
#1379 = VECTOR ( 'NONE', #7546, 1000.000000000000000 ) ;
#1380 = AXIS2_PLACEMENT_3D ( 'NONE', #10063, #1730, #209 ) ;
#1381 =( LENGTH_UNIT ( ) NAMED_UNIT ( * ) SI_UNIT ( .MILLI., .METRE. ) );
#1382 = CARTESIAN_POINT ( 'NONE',  ( 3.950000000000000178, 10.05000000000000071, -1.736124513398789038 ) ) ;
#1383 = LINE ( 'NONE', #8009, #8049 ) ;
#1384 = ORIENTED_EDGE ( 'NONE', *, *, #7119, .T. ) ;
#1385 = PLANE ( 'NONE',  #6817 ) ;
#1386 = EDGE_CURVE ( 'NONE', #226, #5213, #3031, .T. ) ;
#1387 = LINE ( 'NONE', #7097, #1508 ) ;
#1388 = EDGE_LOOP ( 'NONE', ( #740, #4614, #6984, #2966 ) ) ;
#1389 = VECTOR ( 'NONE', #291, 1000.000000000000000 ) ;
#1390 = PLANE ( 'NONE',  #5606 ) ;
#1391 = CARTESIAN_POINT ( 'NONE',  ( 2.900000000000001688, 0.000000000000000000, 0.000000000000000000 ) ) ;
#1392 = ORIENTED_EDGE ( 'NONE', *, *, #5260, .T. ) ;
#1393 = DIRECTION ( 'NONE',  ( -1.000000000000000000, -1.247005693593552917E-16, 0.000000000000000000 ) ) ;
#1394 = CARTESIAN_POINT ( 'NONE',  ( -2.234999999999996323, 12.80000000000000071, -4.024999999999999467 ) ) ;
#1395 = LINE ( 'NONE', #10702, #8020 ) ;
#1396 = ORIENTED_EDGE ( 'NONE', *, *, #5862, .F. ) ;
#1397 = EDGE_CURVE ( 'NONE', #6285, #10217, #6246, .T. ) ;
#1398 = DIRECTION ( 'NONE',  ( -1.000000000000000000, 0.000000000000000000, -0.000000000000000000 ) ) ;
#1399 = ORIENTED_EDGE ( 'NONE', *, *, #3131, .F. ) ;
#1400 = CARTESIAN_POINT ( 'NONE',  ( -5.200000000000002842, 0.000000000000000000, 0.000000000000000000 ) ) ;
#1401 = ORIENTED_EDGE ( 'NONE', *, *, #289, .F. ) ;
#1402 = CARTESIAN_POINT ( 'NONE',  ( -1.935000000000001164, 7.100000000000000533, -5.024999999999999467 ) ) ;
#1403 = PLANE ( 'NONE',  #2429 ) ;
#1404 = DIRECTION ( 'NONE',  ( -5.051690449584909380E-18, -1.000000000000000222, -1.355004824156484695E-17 ) ) ;
#1405 = ORIENTED_EDGE ( 'NONE', *, *, #1386, .F. ) ;
#1406 = ORIENTED_EDGE ( 'NONE', *, *, #6052, .F. ) ;
#1407 = ADVANCED_FACE ( 'NONE', ( #3741 ), #7020, .F. ) ;
#1408 = EDGE_CURVE ( 'NONE', #10507, #1958, #4662, .T. ) ;
#1409 = LINE ( 'NONE', #1250, #1647 ) ;
#1410 = EDGE_LOOP ( 'NONE', ( #1302, #4312, #276, #4458 ) ) ;
#1411 = EDGE_CURVE ( 'NONE', #518, #2816, #2924, .T. ) ;
#1412 = VERTEX_POINT ( 'NONE', #1358 ) ;
#1413 = PLANE ( 'NONE',  #4357 ) ;
#1414 = VECTOR ( 'NONE', #10397, 1000.000000000000000 ) ;
#1415 = ORIENTED_EDGE ( 'NONE', *, *, #9667, .F. ) ;
#1416 = ORIENTED_EDGE ( 'NONE', *, *, #9051, .F. ) ;
#1417 = DIRECTION ( 'NONE',  ( -1.000000000000000000, 0.000000000000000000, 0.000000000000000000 ) ) ;
#1418 = DIRECTION ( 'NONE',  ( 1.000000000000000000, 0.000000000000000000, 0.000000000000000000 ) ) ;
#1419 = DIRECTION ( 'NONE',  ( 0.000000000000000000, 0.000000000000000000, 1.000000000000000000 ) ) ;
#1420 = DIRECTION ( 'NONE',  ( 0.000000000000000000, 0.8660254037844359321, -0.5000000000000047740 ) ) ;
#1421 = CARTESIAN_POINT ( 'NONE',  ( 1.600000000000002531, -1.250000000000001332, 4.025000000000000355 ) ) ;
#1422 = ORIENTED_EDGE ( 'NONE', *, *, #4131, .F. ) ;
#1423 = ADVANCED_FACE ( 'NONE', ( #7985 ), #538, .T. ) ;
#1424 = CARTESIAN_POINT ( 'NONE',  ( -0.6999999999999975131, -1.250000000000001332, 2.425000000000000711 ) ) ;
#1425 = CARTESIAN_POINT ( 'NONE',  ( -9.199999999999997513, 12.28038475772934035, 3.825000000000001066 ) ) ;
#1426 = EDGE_CURVE ( 'NONE', #6985, #5746, #7437, .T. ) ;
#1427 = VECTOR ( 'NONE', #10066, 1000.000000000000000 ) ;
#1428 = VECTOR ( 'NONE', #6093, 1000.000000000000000 ) ;
#1429 = VERTEX_POINT ( 'NONE', #10762 ) ;
#1430 = ORIENTED_EDGE ( 'NONE', *, *, #4003, .F. ) ;
#1431 = CARTESIAN_POINT ( 'NONE',  ( -3.400000000000003020, -3.750000000000001332, 0.2249999999999995060 ) ) ;
#1432 = FACE_OUTER_BOUND ( 'NONE', #3964, .T. ) ;
#1433 = CARTESIAN_POINT ( 'NONE',  ( 1.999999999999996669, 2.800000000000000266, -0.4750000000000014766 ) ) ;
#1434 = CARTESIAN_POINT ( 'NONE',  ( 10.20000000000000284, -0.8499999999999999778, -3.375000000000000000 ) ) ;
#1435 = LINE ( 'NONE', #4749, #8803 ) ;
#1436 = FACE_OUTER_BOUND ( 'NONE', #7478, .T. ) ;
#1437 = ORIENTED_EDGE ( 'NONE', *, *, #5465, .T. ) ;
#1438 = VECTOR ( 'NONE', #3316, 1000.000000000000000 ) ;
#1439 = CARTESIAN_POINT ( 'NONE',  ( -3.274999999999999467, 10.50000000000000000, -4.025000000000003908 ) ) ;
#1440 = VECTOR ( 'NONE', #3721, 1000.000000000000000 ) ;
#1441 = CARTESIAN_POINT ( 'NONE',  ( 2.935000000000000941, 12.28038475772933147, -2.375000000000002220 ) ) ;
#1442 = VECTOR ( 'NONE', #10698, 1000.000000000000000 ) ;
#1443 = VERTEX_POINT ( 'NONE', #1573 ) ;
#1444 = AXIS2_PLACEMENT_3D ( 'NONE', #7942, #10354, #3811 ) ;
#1445 = FACE_OUTER_BOUND ( 'NONE', #716, .T. ) ;
#1446 = LINE ( 'NONE', #3018, #9607 ) ;
#1447 = AXIS2_PLACEMENT_3D ( 'NONE', #114, #1904, #5285 ) ;
#1448 = ORIENTED_EDGE ( 'NONE', *, *, #4187, .F. ) ;
#1449 = DIRECTION ( 'NONE',  ( 1.000000000000000000, 0.000000000000000000, -0.000000000000000000 ) ) ;
#1450 = FACE_OUTER_BOUND ( 'NONE', #7708, .T. ) ;
#1451 = PLANE ( 'NONE',  #34 ) ;
#1452 = AXIS2_PLACEMENT_3D ( 'NONE', #9664, #7964, #9718 ) ;
#1453 = ORIENTED_EDGE ( 'NONE', *, *, #5595, .F. ) ;
#1454 = AXIS2_PLACEMENT_3D ( 'NONE', #9758, #2603, #1943 ) ;
#1455 = AXIS2_PLACEMENT_3D ( 'NONE', #7121, #2224, #2061 ) ;
#1456 = AXIS2_PLACEMENT_3D ( 'NONE', #5551, #2933, #4618 ) ;
#1457 = CARTESIAN_POINT ( 'NONE',  ( -6.999999999999997335, 5.150000000000000355, -7.850000000000003197 ) ) ;
#1458 = VERTEX_POINT ( 'NONE', #5704 ) ;
#1459 = FACE_OUTER_BOUND ( 'NONE', #4978, .T. ) ;
#1460 = EDGE_CURVE ( 'NONE', #941, #7490, #2383, .T. ) ;
#1461 = VERTEX_POINT ( 'NONE', #3300 ) ;
#1462 = CARTESIAN_POINT ( 'NONE',  ( -1.999999999999997335, -1.250000000000001332, 2.425000000000000266 ) ) ;
#1463 = CARTESIAN_POINT ( 'NONE',  ( -6.499999999999995559, 5.450000000000000178, 3.600000000000000977 ) ) ;
#1464 = DIRECTION ( 'NONE',  ( 0.000000000000000000, 0.000000000000000000, 1.000000000000000000 ) ) ;
#1465 = ORIENTED_EDGE ( 'NONE', *, *, #3057, .F. ) ;
#1466 = PLANE ( 'NONE',  #4422 ) ;
#1467 = ORIENTED_EDGE ( 'NONE', *, *, #4079, .T. ) ;
#1468 = ORIENTED_EDGE ( 'NONE', *, *, #6725, .F. ) ;
#1469 = LINE ( 'NONE', #7440, #8181 ) ;
#1470 = EDGE_CURVE ( 'NONE', #8118, #8782, #809, .T. ) ;
#1471 = EDGE_LOOP ( 'NONE', ( #1300, #3187, #8338, #6493, #6447, #3237, #9282, #5641, #8455, #2306, #5702, #5836, #2920, #5942, #10629, #7240, #2902, #10465, #2614, #10608, #1913, #9097, #2500, #7945, #10650, #10685, #600, #141 ) ) ;
#1472 = EDGE_LOOP ( 'NONE', ( #7221, #1934, #6930, #1308 ) ) ;
#1473 = EDGE_CURVE ( 'NONE', #3744, #8307, #7337, .T. ) ;
#1474 = LINE ( 'NONE', #8156, #9022 ) ;
#1475 = LINE ( 'NONE', #10678, #8199 ) ;
#1476 = DIRECTION ( 'NONE',  ( 1.000000000000000000, -0.000000000000000000, 0.000000000000000000 ) ) ;
#1478 = CARTESIAN_POINT ( 'NONE',  ( 2.235000000000006537, 12.80000000000000071, -3.675000000000001155 ) ) ;
#1477 =( REPRESENTATION_RELATIONSHIP ('NONE','NONE', #8135, #7031 ) REPRESENTATION_RELATIONSHIP_WITH_TRANSFORMATION ( #6011 )SHAPE_REPRESENTATION_RELATIONSHIP( ) );
#1479 = CARTESIAN_POINT ( 'NONE',  ( -10.19999999999999574, 1.000000000000000888, 4.825000000000009948 ) ) ;
#1480 = EDGE_LOOP ( 'NONE', ( #3387, #4559, #6104, #7282 ) ) ;
#1481 = EDGE_CURVE ( 'NONE', #2898, #2663, #9790, .T. ) ;
#1482 = LINE ( 'NONE', #664, #2323 ) ;
#1483 = LINE ( 'NONE', #556, #107 ) ;
#1484 = DIRECTION ( 'NONE',  ( -1.000000000000000000, -3.469446951953601370E-16, 0.000000000000000000 ) ) ;
#1485 = ORIENTED_EDGE ( 'NONE', *, *, #359, .F. ) ;
#1486 = VERTEX_POINT ( 'NONE', #4119 ) ;
#1487 = ADVANCED_FACE ( 'NONE', ( #4014 ), #9737, .T. ) ;
#1488 = FACE_OUTER_BOUND ( 'NONE', #6612, .T. ) ;
#1489 = DIRECTION ( 'NONE',  ( -1.000000000000000000, 0.000000000000000000, 0.000000000000000000 ) ) ;
#1490 = CARTESIAN_POINT ( 'NONE',  ( -8.999999999999998224, 2.800000000000000266, 1.724999999999999867 ) ) ;
#1491 = EDGE_CURVE ( 'NONE', #3879, #4190, #10667, .T. ) ;
#1492 = CARTESIAN_POINT ( 'NONE',  ( 0.000000000000000000, -3.750000000000001332, 4.025000000000000355 ) ) ;
#1493 = CARTESIAN_POINT ( 'NONE',  ( -1.934999999999999165, 10.59999999999999964, 1.540689534999236443 ) ) ;
#1494 = ORIENTED_EDGE ( 'NONE', *, *, #4810, .T. ) ;
#1495 = ADVANCED_FACE ( 'NONE', ( #10711 ), #1466, .F. ) ;
#1497 = EDGE_CURVE ( 'NONE', #4186, #10107, #9128, .T. ) ;
#1496 = CARTESIAN_POINT ( 'NONE',  ( -3.574999999999999734, 11.25000000000000178, -0.6545349465914735987 ) ) ;
#1498 = DIRECTION ( 'NONE',  ( -0.000000000000000000, -0.000000000000000000, 1.000000000000000000 ) ) ;
#1499 = EDGE_LOOP ( 'NONE', ( #1546, #9698, #3624, #9003 ) ) ;
#1500 = CARTESIAN_POINT ( 'NONE',  ( 7.883261563334485800, 12.44794064507879838, -2.971738436665526173 ) ) ;
#1501 = DIRECTION ( 'NONE',  ( 1.000000000000000000, 0.000000000000000000, -4.818676322157797621E-17 ) ) ;
#1502 = EDGE_LOOP ( 'NONE', ( #5602, #4878, #1992, #7115 ) ) ;
#1503 = CARTESIAN_POINT ( 'NONE',  ( 7.480000000000000426, 12.28038475772933147, -2.375000000000013323 ) ) ;
#1504 = CARTESIAN_POINT ( 'NONE',  ( -4.274999999999997691, 2.600000000000001421, -4.025000000000003908 ) ) ;
#1505 = DIRECTION ( 'NONE',  ( 1.000000000000000000, 0.000000000000000000, 0.000000000000000000 ) ) ;
#1506 = VERTEX_POINT ( 'NONE', #8202 ) ;
#1507 = VECTOR ( 'NONE', #6652, 1000.000000000000000 ) ;
#1508 = VECTOR ( 'NONE', #8724, 1000.000000000000114 ) ;
#1509 = VERTEX_POINT ( 'NONE', #8966 ) ;
#1510 = CARTESIAN_POINT ( 'NONE',  ( 8.950000000000002842, -3.374999999999998668, 4.025000000000000355 ) ) ;
#1511 = ORIENTED_EDGE ( 'NONE', *, *, #8575, .F. ) ;
#1512 = LINE ( 'NONE', #3193, #7428 ) ;
#1513 = DIRECTION ( 'NONE',  ( 0.000000000000000000, -1.000000000000000000, -0.000000000000000000 ) ) ;
#1514 = AXIS2_PLACEMENT_3D ( 'NONE', #4196, #7618, #7513 ) ;
#1515 = PLANE ( 'NONE',  #3508 ) ;
#1516 = EDGE_CURVE ( 'NONE', #3766, #6824, #1993, .T. ) ;
#1517 = CARTESIAN_POINT ( 'NONE',  ( 0.000000000000000000, -2.299999999999999822, -5.800000000000003375 ) ) ;
#1518 = VECTOR ( 'NONE', #5268, 1000.000000000000000 ) ;
#1519 = ORIENTED_EDGE ( 'NONE', *, *, #929, .T. ) ;
#1520 = EDGE_LOOP ( 'NONE', ( #7226, #9077, #4678, #1631 ) ) ;
#1521 = LINE ( 'NONE', #4890, #9753 ) ;
#1522 = ORIENTED_EDGE ( 'NONE', *, *, #7792, .F. ) ;
#1523 = VERTEX_POINT ( 'NONE', #4071 ) ;
#1524 = CARTESIAN_POINT ( 'NONE',  ( -1.600000000000002531, -3.750000000000001332, 2.924999999999999822 ) ) ;
#1525 = CARTESIAN_POINT ( 'NONE',  ( -1.999999999999997335, 0.000000000000000000, 4.025000000000000355 ) ) ;
#1526 = CARTESIAN_POINT ( 'NONE',  ( 8.950000000000002842, -1.574999999999999512, 5.375000000000000000 ) ) ;
#1527 = CARTESIAN_POINT ( 'NONE',  ( -6.500000000000002665, 8.400000000000000355, -0.07500000000000084377 ) ) ;
#1528 = FACE_OUTER_BOUND ( 'NONE', #9845, .T. ) ;
#1529 = VECTOR ( 'NONE', #1393, 1000.000000000000000 ) ;
#1530 = ORIENTED_EDGE ( 'NONE', *, *, #8311, .T. ) ;
#1531 = EDGE_CURVE ( 'NONE', #2010, #432, #1670, .T. ) ;
#1532 = DIRECTION ( 'NONE',  ( -1.000000000000000000, 0.000000000000000000, 8.503546450866702047E-17 ) ) ;
#1533 = EDGE_CURVE ( 'NONE', #6136, #6344, #7389, .T. ) ;
#1534 = DIRECTION ( 'NONE',  ( -1.000000000000000000, 0.000000000000000000, 3.016910393003151931E-15 ) ) ;
#1535 = DIRECTION ( 'NONE',  ( -1.495451272393799542E-16, -0.000000000000000000, -1.000000000000000000 ) ) ;
#1536 = EDGE_CURVE ( 'NONE', #4988, #4605, #5241, .T. ) ;
#1537 = EDGE_LOOP ( 'NONE', ( #10693, #7067, #7017, #7126 ) ) ;
#1538 = ORIENTED_EDGE ( 'NONE', *, *, #7585, .F. ) ;
#1539 = DIRECTION ( 'NONE',  ( -1.000000000000000000, 0.000000000000000000, 0.000000000000000000 ) ) ;
#1540 = DIRECTION ( 'NONE',  ( 0.000000000000000000, 0.000000000000000000, 1.000000000000000000 ) ) ;
#1541 = CARTESIAN_POINT ( 'NONE',  ( -6.499999999999995559, 5.450000000000000178, 3.187878387081805709 ) ) ;
#1542 = DIRECTION ( 'NONE',  ( 0.000000000000000000, 0.000000000000000000, 1.000000000000000000 ) ) ;
#1543 = LINE ( 'NONE', #565, #3957 ) ;
#1544 = PLANE ( 'NONE',  #5184 ) ;
#1545 = AXIS2_PLACEMENT_3D ( 'NONE', #4841, #10619, #7496 ) ;
#1546 = ORIENTED_EDGE ( 'NONE', *, *, #8396, .F. ) ;
#1547 = LINE ( 'NONE', #734, #10481 ) ;
#1548 = AXIS2_PLACEMENT_3D ( 'NONE', #2446, #5663, #5763 ) ;
#1549 = EDGE_CURVE ( 'NONE', #5500, #3125, #6565, .T. ) ;
#1550 = CARTESIAN_POINT ( 'NONE',  ( -7.824999999999991296, 2.400000000000001243, 4.025000000000000355 ) ) ;
#1551 = EDGE_CURVE ( 'NONE', #612, #725, #860, .T. ) ;
#1552 = AXIS2_PLACEMENT_3D ( 'NONE', #6070, #9393, #1935 ) ;
#1553 = ORIENTED_EDGE ( 'NONE', *, *, #2176, .T. ) ;
#1554 = EDGE_CURVE ( 'NONE', #10339, #7877, #2244, .T. ) ;
#1555 = CARTESIAN_POINT ( 'NONE',  ( -1.999999999999997335, 2.800000000000000266, 3.825000000000001066 ) ) ;
#1556 = DIRECTION ( 'NONE',  ( -1.495451272393799542E-16, -0.000000000000000000, -1.000000000000000000 ) ) ;
#1557 = EDGE_LOOP ( 'NONE', ( #902, #2583, #2692, #5993 ) ) ;
#1558 = DIRECTION ( 'NONE',  ( 0.000000000000000000, -1.000000000000000000, -0.000000000000000000 ) ) ;
#1559 = CARTESIAN_POINT ( 'NONE',  ( -5.599999999999992539, 2.949999999999998845, -5.650000000000002132 ) ) ;
#1560 = LINE ( 'NONE', #7582, #7336 ) ;
#1561 = ORIENTED_EDGE ( 'NONE', *, *, #6996, .F. ) ;
#1562 = STYLED_ITEM ( 'NONE', ( #4708 ), #9936 ) ;
#1563 = EDGE_CURVE ( 'NONE', #10129, #6500, #5651, .T. ) ;
#1564 = ORIENTED_EDGE ( 'NONE', *, *, #3917, .T. ) ;
#1565 = EDGE_CURVE ( 'NONE', #6067, #8609, #5146, .T. ) ;
#1566 = DIRECTION ( 'NONE',  ( 0.000000000000000000, 1.000000000000000000, 0.000000000000000000 ) ) ;
#1567 = VECTOR ( 'NONE', #5676, 1000.000000000000000 ) ;
#1568 = DIRECTION ( 'NONE',  ( 0.000000000000000000, -1.000000000000000000, 0.000000000000000000 ) ) ;
#1569 = SURFACE_STYLE_USAGE ( .BOTH. , #8251 ) ;
#1570 = DIRECTION ( 'NONE',  ( 1.000000000000000000, 0.000000000000000000, 0.000000000000000000 ) ) ;
#1571 = ORIENTED_EDGE ( 'NONE', *, *, #2866, .T. ) ;
#1572 = LINE ( 'NONE', #5132, #7066 ) ;
#1573 = CARTESIAN_POINT ( 'NONE',  ( 3.400000000000002132, 2.800000000000000266, 1.724999999999999201 ) ) ;
#1574 = VERTEX_POINT ( 'NONE', #10054 ) ;
#1575 = ORIENTED_EDGE ( 'NONE', *, *, #943, .T. ) ;
#1576 = DIRECTION ( 'NONE',  ( -1.000000000000000000, 0.000000000000000000, 8.503546450866702047E-17 ) ) ;
#1577 = ORIENTED_EDGE ( 'NONE', *, *, #5655, .F. ) ;
#1578 = LINE ( 'NONE', #6521, #6058 ) ;
#1579 = CARTESIAN_POINT ( 'NONE',  ( -5.599999999999992539, 2.950000000000000622, -5.650000000000002132 ) ) ;
#1580 = CARTESIAN_POINT ( 'NONE',  ( -6.999999999999997335, 5.150000000000000355, -8.550000000000002487 ) ) ;
#1581 = CARTESIAN_POINT ( 'NONE',  ( 1.999999999999996669, -3.350000000000000977, 2.924999999999999822 ) ) ;
#1582 = CARTESIAN_POINT ( 'NONE',  ( -6.849999999999996980, -2.300000000000001599, -8.300000000000004263 ) ) ;
#1583 = ORIENTED_EDGE ( 'NONE', *, *, #4369, .T. ) ;
#1584 = LINE ( 'NONE', #6530, #8385 ) ;
#1585 = VECTOR ( 'NONE', #8257, 1000.000000000000000 ) ;
#1586 = LINE ( 'NONE', #721, #2421 ) ;
#1587 = VERTEX_POINT ( 'NONE', #2596 ) ;
#1588 = ORIENTED_EDGE ( 'NONE', *, *, #3078, .F. ) ;
#1589 = CARTESIAN_POINT ( 'NONE',  ( -10.20000000000000284, -1.225000000000000755, 4.025000000000000355 ) ) ;
#1590 = CARTESIAN_POINT ( 'NONE',  ( 0.6999999999999975131, 0.000000000000000000, 4.025000000000000355 ) ) ;
#1591 = ADVANCED_FACE ( 'NONE', ( #1131 ), #3409, .F. ) ;
#1592 = CARTESIAN_POINT ( 'NONE',  ( -6.099999999999992539, -1.887878387081803222, -5.650000000000002132 ) ) ;
#1593 = DIRECTION ( 'NONE',  ( -0.000000000000000000, -0.000000000000000000, 1.000000000000000000 ) ) ;
#1594 = PLANE ( 'NONE',  #5016 ) ;
#1595 = ORIENTED_EDGE ( 'NONE', *, *, #8910, .F. ) ;
#1596 = AXIS2_PLACEMENT_3D ( 'NONE', #5643, #4823, #8960 ) ;
#1597 = FACE_OUTER_BOUND ( 'NONE', #3633, .T. ) ;
#1598 = FACE_OUTER_BOUND ( 'NONE', #980, .T. ) ;
#1599 = VERTEX_POINT ( 'NONE', #10002 ) ;
#1600 = DIRECTION ( 'NONE',  ( 0.000000000000000000, 0.000000000000000000, 1.000000000000000000 ) ) ;
#1601 = DIRECTION ( 'NONE',  ( -0.000000000000000000, 0.000000000000000000, 1.000000000000000000 ) ) ;
#1602 = EDGE_LOOP ( 'NONE', ( #4968, #6801, #8033, #2 ) ) ;
#1603 = EDGE_CURVE ( 'NONE', #1765, #6702, #7648, .T. ) ;
#1604 = PLANE ( 'NONE',  #4998 ) ;
#1605 = CIRCLE ( 'NONE', #2637, 1.000000000000005995 ) ;
#1606 = EDGE_CURVE ( 'NONE', #7877, #518, #9230, .T. ) ;
#1607 = LINE ( 'NONE', #4056, #10132 ) ;
#1608 = VECTOR ( 'NONE', #10114, 1000.000000000000000 ) ;
#1609 = CARTESIAN_POINT ( 'NONE',  ( -4.299999999999998046, -0.8500000000000011990, 2.425000000000000266 ) ) ;
#1610 = ORIENTED_EDGE ( 'NONE', *, *, #8695, .F. ) ;
#1611 = VECTOR ( 'NONE', #2411, 1000.000000000000000 ) ;
#1612 = EDGE_CURVE ( 'NONE', #9990, #652, #9178, .T. ) ;
#1613 = VECTOR ( 'NONE', #7960, 1000.000000000000000 ) ;
#1614 = VECTOR ( 'NONE', #10697, 1000.000000000000000 ) ;
#1615 = ORIENTED_EDGE ( 'NONE', *, *, #10055, .F. ) ;
#1616 = DIRECTION ( 'NONE',  ( 0.000000000000000000, 0.000000000000000000, 1.000000000000000000 ) ) ;
#1617 = LINE ( 'NONE', #2433, #10555 ) ;
#1618 = EDGE_CURVE ( 'NONE', #4797, #7536, #6892, .T. ) ;
#1619 = DIRECTION ( 'NONE',  ( 0.000000000000000000, 1.000000000000000000, 0.000000000000000000 ) ) ;
#1620 = AXIS2_PLACEMENT_3D ( 'NONE', #7789, #1861, #5177 ) ;
#1621 = ORIENTED_EDGE ( 'NONE', *, *, #6176, .F. ) ;
#1622 = VECTOR ( 'NONE', #10687, 1000.000000000000000 ) ;
#1623 = EDGE_CURVE ( 'NONE', #4198, #522, #9337, .T. ) ;
#1624 = EDGE_CURVE ( 'NONE', #2274, #2905, #5203, .T. ) ;
#1625 = AXIS2_PLACEMENT_3D ( 'NONE', #8067, #4588, #8775 ) ;
#1626 = CARTESIAN_POINT ( 'NONE',  ( 7.980000000000001315, 2.800000000000000266, -2.375000000000002220 ) ) ;
#1627 = ORIENTED_EDGE ( 'NONE', *, *, #4779, .T. ) ;
#1628 = ORIENTED_EDGE ( 'NONE', *, *, #6250, .F. ) ;
#1629 = CARTESIAN_POINT ( 'NONE',  ( 3.075000000000000622, 12.80000000000000071, -4.225000000000004974 ) ) ;
#1630 = VECTOR ( 'NONE', #6934, 1000.000000000000000 ) ;
#1631 = ORIENTED_EDGE ( 'NONE', *, *, #554, .F. ) ;
#1632 = CARTESIAN_POINT ( 'NONE',  ( -8.950000000000002842, -1.574999999999999512, 5.375000000000000000 ) ) ;
#1633 = LINE ( 'NONE', #7346, #6459 ) ;
#1634 = CARTESIAN_POINT ( 'NONE',  ( 2.900000000000001688, -0.8500000000000011990, 4.025000000000000355 ) ) ;
#1635 = DIRECTION ( 'NONE',  ( -1.000000000000000000, 0.000000000000000000, 0.000000000000000000 ) ) ;
#1636 = DIRECTION ( 'NONE',  ( 1.000000000000000000, 0.000000000000000000, -0.000000000000000000 ) ) ;
#1637 = ORIENTED_EDGE ( 'NONE', *, *, #9234, .F. ) ;
#1638 = LINE ( 'NONE', #10726, #4217 ) ;
#1639 = DIRECTION ( 'NONE',  ( -0.000000000000000000, -1.000000000000000000, -0.000000000000000000 ) ) ;
#1640 = ORIENTED_EDGE ( 'NONE', *, *, #1282, .T. ) ;
#1641 = ORIENTED_EDGE ( 'NONE', *, *, #5719, .F. ) ;
#1642 = CARTESIAN_POINT ( 'NONE',  ( -7.000000000000002665, -3.750000000000001332, 2.924999999999999822 ) ) ;
#1643 = LINE ( 'NONE', #1590, #6668 ) ;
#1644 = FACE_OUTER_BOUND ( 'NONE', #2161, .T. ) ;
#1645 = CARTESIAN_POINT ( 'NONE',  ( 0.1999999999999970690, -3.750000000000001332, 0.2249999999999999500 ) ) ;
#1646 = CARTESIAN_POINT ( 'NONE',  ( 7.238380151290434661, 12.80000000000000071, -2.675000000000018474 ) ) ;
#1647 = VECTOR ( 'NONE', #1307, 1000.000000000000000 ) ;
#1648 = ORIENTED_EDGE ( 'NONE', *, *, #8579, .T. ) ;
#1649 = DIRECTION ( 'NONE',  ( 0.000000000000000000, 1.000000000000000000, 0.000000000000000000 ) ) ;
#1650 = FACE_OUTER_BOUND ( 'NONE', #10613, .T. ) ;
#1651 = PLANE ( 'NONE',  #8967 ) ;
#1652 = EDGE_CURVE ( 'NONE', #2215, #4305, #6578, .T. ) ;
#1653 = ORIENTED_EDGE ( 'NONE', *, *, #422, .F. ) ;
#1654 = CARTESIAN_POINT ( 'NONE',  ( -6.500000000000002665, 2.800000000000000266, -0.4750000000000005884 ) ) ;
#1655 = CARTESIAN_POINT ( 'NONE',  ( -3.074999999999998401, 11.71428571428571708, -4.824999999999999289 ) ) ;
#1656 = DIRECTION ( 'NONE',  ( 0.000000000000000000, 0.000000000000000000, -1.000000000000000000 ) ) ;
#1657 = DIRECTION ( 'NONE',  ( -0.4472135954999588159, -0.7745966692414802957, 0.4472135954999621466 ) ) ;
#1658 = ORIENTED_EDGE ( 'NONE', *, *, #6880, .T. ) ;
#1659 = CARTESIAN_POINT ( 'NONE',  ( 3.275000000000000799, 11.52857142857142847, -4.025000000000004796 ) ) ;
#1660 = VERTEX_POINT ( 'NONE', #4277 ) ;
#1661 = EDGE_CURVE ( 'NONE', #7106, #1574, #8354, .T. ) ;
#1662 = EDGE_CURVE ( 'NONE', #1486, #6775, #7489, .T. ) ;
#1663 = ORIENTED_EDGE ( 'NONE', *, *, #6250, .T. ) ;
#1664 = DIRECTION ( 'NONE',  ( 0.000000000000000000, 1.000000000000000000, 0.000000000000000000 ) ) ;
#1665 = EDGE_CURVE ( 'NONE', #3244, #7429, #7706, .T. ) ;
#1666 = CARTESIAN_POINT ( 'NONE',  ( -8.999999999999998224, 12.28038475772934035, 4.025000000000000355 ) ) ;
#1667 = CARTESIAN_POINT ( 'NONE',  ( -8.950000000000002842, -0.8499999999999999778, -3.375000000000000000 ) ) ;
#1668 = DIRECTION ( 'NONE',  ( 1.000000000000000000, 0.000000000000000000, 0.000000000000000000 ) ) ;
#1669 = ORIENTED_EDGE ( 'NONE', *, *, #6527, .T. ) ;
#1670 = LINE ( 'NONE', #6409, #8073 ) ;
#1671 = APPLICATION_CONTEXT ( 'automotive_design' ) ;
#1672 = ADVANCED_FACE ( 'NONE', ( #5096 ), #2648, .F. ) ;
#1673 = VECTOR ( 'NONE', #10300, 1000.000000000000000 ) ;
#1674 = ORIENTED_EDGE ( 'NONE', *, *, #2007, .F. ) ;
#1675 = EDGE_LOOP ( 'NONE', ( #8349, #4806, #3399, #2039 ) ) ;
#1676 = DIRECTION ( 'NONE',  ( 0.000000000000000000, 0.000000000000000000, -1.000000000000000000 ) ) ;
#1677 = EDGE_CURVE ( 'NONE', #10641, #10556, #96, .T. ) ;
#1678 = ORIENTED_EDGE ( 'NONE', *, *, #4, .T. ) ;
#1679 = DIRECTION ( 'NONE',  ( 0.3236155771181840057, 0.8891264907159889264, 0.3236155771181840057 ) ) ;
#1680 = EDGE_CURVE ( 'NONE', #2273, #7071, #965, .T. ) ;
#1681 = DIRECTION ( 'NONE',  ( 0.4472135954999604812, -0.7745966692414798516, 0.4472135954999616470 ) ) ;
#1682 = DIRECTION ( 'NONE',  ( -0.000000000000000000, 0.000000000000000000, 1.000000000000000000 ) ) ;
#1683 = CARTESIAN_POINT ( 'NONE',  ( 0.000000000000000000, 0.000000000000000000, 1.724999999999998979 ) ) ;
#1684 = CARTESIAN_POINT ( 'NONE',  ( 2.499999999999996891, 0.000000000000000000, 4.025000000000000355 ) ) ;
#1685 = ORIENTED_EDGE ( 'NONE', *, *, #9894, .T. ) ;
#1686 = VECTOR ( 'NONE', #8429, 1000.000000000000000 ) ;
#1687 = DIRECTION ( 'NONE',  ( -1.938238520644477159E-16, -4.845596301611192898E-17, -1.000000000000000000 ) ) ;
#1688 = ADVANCED_FACE ( 'NONE', ( #2695 ), #6013, .F. ) ;
#1689 = ORIENTED_EDGE ( 'NONE', *, *, #2052, .F. ) ;
#1690 = DIRECTION ( 'NONE',  ( -1.000000000000000000, 0.000000000000000000, 0.000000000000000000 ) ) ;
#1692 = ORIENTED_EDGE ( 'NONE', *, *, #3597, .T. ) ;
#1691 = ADVANCED_FACE ( 'NONE', ( #261 ), #2750, .T. ) ;
#1693 = ORIENTED_EDGE ( 'NONE', *, *, #8796, .T. ) ;
#1694 = CARTESIAN_POINT ( 'NONE',  ( -2.750000000000000000, 12.40000000000000391, -3.025000000000001243 ) ) ;
#1695 = AXIS2_PLACEMENT_3D ( 'NONE', #7116, #9568, #2916 ) ;
#1696 = CARTESIAN_POINT ( 'NONE',  ( 8.950000000000002842, -1.574999999999999512, 5.375000000000000000 ) ) ;
#1697 = PLANE ( 'NONE',  #3463 ) ;
#1698 = CARTESIAN_POINT ( 'NONE',  ( 2.875000000000000444, 11.90000000000000036, -0.6545349465914744869 ) ) ;
#1699 = CARTESIAN_POINT ( 'NONE',  ( -5.949999999999992184, -2.299999999999999822, 0.000000000000000000 ) ) ;
#1700 = VERTEX_POINT ( 'NONE', #5259 ) ;
#1701 = DIRECTION ( 'NONE',  ( 0.000000000000000000, 0.000000000000000000, -1.000000000000000000 ) ) ;
#1702 = DIRECTION ( 'NONE',  ( 0.000000000000000000, 1.000000000000000000, 0.000000000000000000 ) ) ;
#1703 = LINE ( 'NONE', #3329, #1719 ) ;
#1704 = ORIENTED_EDGE ( 'NONE', *, *, #9234, .T. ) ;
#1705 = DIRECTION ( 'NONE',  ( -1.577021341797097314E-16, -0.000000000000000000, -1.000000000000000000 ) ) ;
#1706 = CARTESIAN_POINT ( 'NONE',  ( 10.20000000000000284, -3.374999999999998224, 4.025000000000000355 ) ) ;
#1707 = FACE_OUTER_BOUND ( 'NONE', #10209, .T. ) ;
#1708 = LINE ( 'NONE', #5025, #582 ) ;
#1709 = VERTEX_POINT ( 'NONE', #2210 ) ;
#1710 = PLANE ( 'NONE',  #2296 ) ;
#1711 = ORIENTED_EDGE ( 'NONE', *, *, #2804, .F. ) ;
#1712 = VECTOR ( 'NONE', #1365, 1000.000000000000000 ) ;
#1713 = VERTEX_POINT ( 'NONE', #2100 ) ;
#1714 = VECTOR ( 'NONE', #10459, 1000.000000000000000 ) ;
#1715 = CARTESIAN_POINT ( 'NONE',  ( -6.099999999999997868, 8.399999999999998579, 2.125000000000000000 ) ) ;
#1716 = EDGE_LOOP ( 'NONE', ( #3317, #2506, #5267, #2598 ) ) ;
#1717 = CARTESIAN_POINT ( 'NONE',  ( -8.249999999999998224, 8.799999999999997158, 5.375000000000000000 ) ) ;
#1718 = CARTESIAN_POINT ( 'NONE',  ( 0.000000000000000000, -2.299999999999999822, -5.900000000000001243 ) ) ;
#1719 = VECTOR ( 'NONE', #3894, 1000.000000000000000 ) ;
#1720 = VECTOR ( 'NONE', #3746, 1000.000000000000000 ) ;
#1721 = EDGE_CURVE ( 'NONE', #7274, #1170, #10328, .T. ) ;
#1722 = EDGE_LOOP ( 'NONE', ( #10275, #2297, #1242, #92 ) ) ;
#1723 = DIRECTION ( 'NONE',  ( 0.000000000000000000, -1.000000000000000000, 0.000000000000000000 ) ) ;
#1724 = VECTOR ( 'NONE', #1326, 1000.000000000000000 ) ;
#1725 = ORIENTED_EDGE ( 'NONE', *, *, #2594, .F. ) ;
#1726 = EDGE_LOOP ( 'NONE', ( #8438, #1530, #2396, #7233 ) ) ;
#1727 = DIRECTION ( 'NONE',  ( 0.000000000000000000, 0.000000000000000000, 1.000000000000000000 ) ) ;
#1728 = VERTEX_POINT ( 'NONE', #7005 ) ;
#1729 = CARTESIAN_POINT ( 'NONE',  ( -8.999999999999998224, 2.800000000000000266, -0.4750000000000005884 ) ) ;
#1730 = DIRECTION ( 'NONE',  ( 1.000000000000000000, 0.000000000000000000, 0.000000000000000000 ) ) ;
#1731 = DIRECTION ( 'NONE',  ( 1.000000000000000000, 0.000000000000000000, -4.818676322157797621E-17 ) ) ;
#1732 = EDGE_CURVE ( 'NONE', #4147, #2198, #5717, .T. ) ;
#1733 = CARTESIAN_POINT ( 'NONE',  ( 8.950000000000002842, -1.250000000000001110, 2.924999999999999822 ) ) ;
#1734 = CARTESIAN_POINT ( 'NONE',  ( 7.679999999999999716, 12.80000000000000071, -3.824999999999999734 ) ) ;
#1735 = DIRECTION ( 'NONE',  ( -1.000000000000000000, 0.000000000000000000, 0.000000000000000000 ) ) ;
#1736 = EDGE_CURVE ( 'NONE', #5484, #1234, #4649, .T. ) ;
#1737 = ORIENTED_EDGE ( 'NONE', *, *, #4668, .T. ) ;
#1738 = DIRECTION ( 'NONE',  ( 0.000000000000000000, -0.000000000000000000, 1.000000000000000000 ) ) ;
#1739 = EDGE_CURVE ( 'NONE', #8068, #4524, #8845, .T. ) ;
#1740 = ORIENTED_EDGE ( 'NONE', *, *, #534, .T. ) ;
#1741 = FACE_OUTER_BOUND ( 'NONE', #6360, .T. ) ;
#1742 = ORIENTED_EDGE ( 'NONE', *, *, #4989, .F. ) ;
#1743 = ORIENTED_EDGE ( 'NONE', *, *, #10668, .T. ) ;
#1744 = CARTESIAN_POINT ( 'NONE',  ( -8.249999999999998224, 8.799999999999997158, 5.025000000000002132 ) ) ;
#1745 = FACE_OUTER_BOUND ( 'NONE', #5435, .T. ) ;
#1746 = FACE_BOUND ( 'NONE', #8628, .T. ) ;
#1747 = LINE ( 'NONE', #787, #9158 ) ;
#1748 = CARTESIAN_POINT ( 'NONE',  ( 4.700000000000002842, 0.000000000000000000, 1.724999999999998979 ) ) ;
#1749 = EDGE_CURVE ( 'NONE', #9640, #4034, #1183, .T. ) ;
#1750 = ORIENTED_EDGE ( 'NONE', *, *, #3348, .F. ) ;
#1751 = LINE ( 'NONE', #4148, #4042 ) ;
#1752 = VECTOR ( 'NONE', #3303, 1000.000000000000000 ) ;
#1753 = PLANE ( 'NONE',  #2255 ) ;
#1754 = EDGE_CURVE ( 'NONE', #7024, #8307, #9505, .T. ) ;
#1755 = LINE ( 'NONE', #8389, #4623 ) ;
#1756 = ORIENTED_EDGE ( 'NONE', *, *, #1286, .T. ) ;
#1757 = CARTESIAN_POINT ( 'NONE',  ( 9.000000000000001776, 12.28038475772934035, 4.025000000000000355 ) ) ;
#1758 = CARTESIAN_POINT ( 'NONE',  ( -2.992157287525381015, 11.79121109015500402, -5.024999999999998579 ) ) ;
#1759 = VECTOR ( 'NONE', #9509, 1000.000000000000000 ) ;
#1760 = CARTESIAN_POINT ( 'NONE',  ( 7.980000000000001315, 12.28038475772934035, -3.825000000000000622 ) ) ;
#1761 = CARTESIAN_POINT ( 'NONE',  ( 8.180000000000001492, 2.800000000000000266, -4.025000000000001243 ) ) ;
#1762 = ORIENTED_EDGE ( 'NONE', *, *, #4087, .F. ) ;
#1763 = LINE ( 'NONE', #10038, #5072 ) ;
#1764 = EDGE_LOOP ( 'NONE', ( #4975, #4932, #6427, #1522 ) ) ;
#1765 = VERTEX_POINT ( 'NONE', #9454 ) ;
#1766 = ORIENTED_EDGE ( 'NONE', *, *, #8950, .F. ) ;
#1767 = VECTOR ( 'NONE', #7727, 1000.000000000000000 ) ;
#1768 = PLANE ( 'NONE',  #44 ) ;
#1769 = VECTOR ( 'NONE', #10541, 1000.000000000000000 ) ;
#1770 = ORIENTED_EDGE ( 'NONE', *, *, #4539, .T. ) ;
#1771 = DIRECTION ( 'NONE',  ( 0.000000000000000000, 1.000000000000000000, 0.000000000000000000 ) ) ;
#1772 = ORIENTED_EDGE ( 'NONE', *, *, #1397, .F. ) ;
#1773 = VECTOR ( 'NONE', #889, 1000.000000000000000 ) ;
#1774 = VECTOR ( 'NONE', #296, 1000.000000000000000 ) ;
#1775 = DIRECTION ( 'NONE',  ( 0.000000000000000000, 1.000000000000000000, 0.000000000000000000 ) ) ;
#1776 = ORIENTED_EDGE ( 'NONE', *, *, #4810, .F. ) ;
#1777 = EDGE_CURVE ( 'NONE', #10473, #4605, #1996, .T. ) ;
#1778 = VERTEX_POINT ( 'NONE', #7053 ) ;
#1779 = DIRECTION ( 'NONE',  ( 0.000000000000000000, 0.000000000000000000, 1.000000000000000000 ) ) ;
#1780 = AXIS2_PLACEMENT_3D ( 'NONE', #4167, #7483, #5194 ) ;
#1781 = ORIENTED_EDGE ( 'NONE', *, *, #2406, .T. ) ;
#1782 = LINE ( 'NONE', #10688, #6026 ) ;
#1783 = LINE ( 'NONE', #7494, #3450 ) ;
#1784 = VECTOR ( 'NONE', #8493, 1000.000000000000000 ) ;
#1785 = VECTOR ( 'NONE', #4192, 1000.000000000000000 ) ;
#1786 = CARTESIAN_POINT ( 'NONE',  ( 0.000000000000000000, -2.299999999999999822, 0.000000000000000000 ) ) ;
#1787 = DIRECTION ( 'NONE',  ( 0.000000000000000000, 0.000000000000000000, 1.000000000000000000 ) ) ;
#1788 = ORIENTED_EDGE ( 'NONE', *, *, #8071, .T. ) ;
#1789 = AXIS2_PLACEMENT_3D ( 'NONE', #9826, #9115, #5896 ) ;
#1790 = FACE_BOUND ( 'NONE', #2067, .T. ) ;
#1791 = VECTOR ( 'NONE', #10470, 1000.000000000000000 ) ;
#1792 = ORIENTED_EDGE ( 'NONE', *, *, #3155, .T. ) ;
#1793 = ADVANCED_FACE ( 'NONE', ( #4604 ), #8742, .F. ) ;
#1794 = EDGE_CURVE ( 'NONE', #7536, #4754, #2805, .T. ) ;
#1795 = LINE ( 'NONE', #933, #3977 ) ;
#1796 = VERTEX_POINT ( 'NONE', #3024 ) ;
#1797 = ORIENTED_EDGE ( 'NONE', *, *, #6039, .T. ) ;
#1798 = FACE_OUTER_BOUND ( 'NONE', #10040, .T. ) ;
#1799 = CARTESIAN_POINT ( 'NONE',  ( 6.500000000000002665, 2.800000000000000266, 3.825000000000001066 ) ) ;
#1800 = DIRECTION ( 'NONE',  ( 0.000000000000000000, 0.000000000000000000, -1.000000000000000000 ) ) ;
#1801 = EDGE_CURVE ( 'NONE', #4537, #934, #8627, .T. ) ;
#1802 = CARTESIAN_POINT ( 'NONE',  ( -7.980000000000001315, 1.385786437626903345, -2.875000000000000888 ) ) ;
#1803 = CARTESIAN_POINT ( 'NONE',  ( -3.150000000000000799, 12.80000000000000071, -3.675000000000001155 ) ) ;
#1804 = VERTEX_POINT ( 'NONE', #1296 ) ;
#1805 = CARTESIAN_POINT ( 'NONE',  ( -8.180000000000001492, 12.28038475772934035, -3.824999999999998401 ) ) ;
#1806 = CARTESIAN_POINT ( 'NONE',  ( 0.000000000000000000, 12.80000000000000071, 0.000000000000000000 ) ) ;
#1807 = CARTESIAN_POINT ( 'NONE',  ( -7.824999999999991296, 2.400000000000001243, 4.025000000000000355 ) ) ;
#1808 = EDGE_CURVE ( 'NONE', #2381, #7, #7812, .T. ) ;
#1809 = ORIENTED_EDGE ( 'NONE', *, *, #4278, .F. ) ;
#1810 = LINE ( 'NONE', #6762, #7004 ) ;
#1811 = LINE ( 'NONE', #9876, #2652 ) ;
#1812 = ADVANCED_FACE ( 'NONE', ( #1240 ), #7867, .F. ) ;
#1813 = FACE_OUTER_BOUND ( 'NONE', #6323, .T. ) ;
#1814 = CARTESIAN_POINT ( 'NONE',  ( 8.180000000000001492, 12.28038475772934035, -3.825000000000000622 ) ) ;
#1815 = EDGE_CURVE ( 'NONE', #9049, #9798, #1345, .T. ) ;
#1816 = ORIENTED_EDGE ( 'NONE', *, *, #8249, .F. ) ;
#1817 = CARTESIAN_POINT ( 'NONE',  ( -10.19999999999999574, 12.80000000000000071, 5.025000000000002132 ) ) ;
#1818 = VERTEX_POINT ( 'NONE', #428 ) ;
#1819 = ORIENTED_EDGE ( 'NONE', *, *, #10677, .T. ) ;
#1820 = LINE ( 'NONE', #9494, #3751 ) ;
#1821 = ORIENTED_EDGE ( 'NONE', *, *, #2448, .T. ) ;
#1822 = LINE ( 'NONE', #1175, #7507 ) ;
#1823 = DIRECTION ( 'NONE',  ( 0.000000000000000000, 1.000000000000000000, 0.000000000000000000 ) ) ;
#1824 = ORIENTED_EDGE ( 'NONE', *, *, #2675, .F. ) ;
#1825 = LINE ( 'NONE', #6674, #124 ) ;
#1826 = ORIENTED_EDGE ( 'NONE', *, *, #7452, .F. ) ;
#1827 = DIRECTION ( 'NONE',  ( 0.000000000000000000, 0.000000000000000000, -1.000000000000000000 ) ) ;
#1828 = ORIENTED_EDGE ( 'NONE', *, *, #1159, .F. ) ;
#1829 = EDGE_LOOP ( 'NONE', ( #906, #10716, #255, #2974 ) ) ;
#1830 = CARTESIAN_POINT ( 'NONE',  ( 9.900000000000002132, 0.000000000000000000, -4.724999999999999645 ) ) ;
#1831 = ORIENTED_EDGE ( 'NONE', *, *, #9787, .F. ) ;
#1832 = CARTESIAN_POINT ( 'NONE',  ( -3.474999999999996536, 0.000000000000000000, -4.025000000000003908 ) ) ;
#1833 = CARTESIAN_POINT ( 'NONE',  ( -0.1999999999999970690, -0.8500000000000011990, 4.025000000000000355 ) ) ;
#1834 = DIRECTION ( 'NONE',  ( 1.000000000000000000, 0.000000000000000000, -0.000000000000000000 ) ) ;
#1835 = CARTESIAN_POINT ( 'NONE',  ( -3.799999999999997602, -1.250000000000001332, 2.425000000000000266 ) ) ;
#1836 = ORIENTED_EDGE ( 'NONE', *, *, #7639, .T. ) ;
#1837 = ORIENTED_EDGE ( 'NONE', *, *, #2668, .T. ) ;
#1838 = EDGE_CURVE ( 'NONE', #9828, #385, #3728, .T. ) ;
#1839 = VECTOR ( 'NONE', #5561, 1000.000000000000000 ) ;
#1840 = LINE ( 'NONE', #5277, #7530 ) ;
#1841 = ORIENTED_EDGE ( 'NONE', *, *, #5044, .T. ) ;
#1842 = AXIS2_PLACEMENT_3D ( 'NONE', #5783, #7416, #8280 ) ;
#1843 = CYLINDRICAL_SURFACE ( 'NONE', #5192, 0.2000000000000005107 ) ;
#1844 = ORIENTED_EDGE ( 'NONE', *, *, #5658, .T. ) ;
#1845 = ORIENTED_EDGE ( 'NONE', *, *, #7937, .F. ) ;
#1846 = DIRECTION ( 'NONE',  ( -1.000000000000000000, 0.000000000000000000, 1.275531967630005245E-16 ) ) ;
#1847 = CARTESIAN_POINT ( 'NONE',  ( 8.950000000000002842, -3.999999999999999112, -3.375000000000000444 ) ) ;
#1848 = LINE ( 'NONE', #4462, #5367 ) ;
#1849 = CARTESIAN_POINT ( 'NONE',  ( -3.074999999999999734, 0.000000000000000000, -4.225000000000004086 ) ) ;
#1850 = CARTESIAN_POINT ( 'NONE',  ( -9.774999999999982592, 2.599999999999992983, 5.025000000000002132 ) ) ;
#1851 = AXIS2_PLACEMENT_3D ( 'NONE', #8486, #3590, #1042 ) ;
#1852 = ORIENTED_EDGE ( 'NONE', *, *, #2921, .F. ) ;
#1853 = EDGE_CURVE ( 'NONE', #4925, #4797, #10379, .T. ) ;
#1854 = DIRECTION ( 'NONE',  ( 1.000000000000000000, 0.000000000000000000, 0.000000000000000000 ) ) ;
#1855 = PLANE ( 'NONE',  #4558 ) ;
#1856 = CARTESIAN_POINT ( 'NONE',  ( -1.934999999999999165, 2.800000000000000266, -2.674999999999999822 ) ) ;
#1857 = EDGE_CURVE ( 'NONE', #356, #7055, #4493, .T. ) ;
#1858 = VECTOR ( 'NONE', #9833, 1000.000000000000000 ) ;
#1859 = EDGE_LOOP ( 'NONE', ( #2193, #10153, #4283, #7343 ) ) ;
#1860 = DIRECTION ( 'NONE',  ( 0.000000000000000000, 1.000000000000000000, 1.376764663473656956E-16 ) ) ;
#1861 = DIRECTION ( 'NONE',  ( 1.000000000000000000, 0.000000000000000000, 1.084202172485504040E-15 ) ) ;
#1862 = CARTESIAN_POINT ( 'NONE',  ( -3.950000000000000178, 11.90000000000000036, -3.025000000000001243 ) ) ;
#1863 = CARTESIAN_POINT ( 'NONE',  ( 9.000000000000001776, 12.28038475772934035, 3.824999999999998845 ) ) ;
#1864 = EDGE_LOOP ( 'NONE', ( #4017, #3781, #5036, #8638 ) ) ;
#1865 = ADVANCED_FACE ( 'NONE', ( #475 ), #3780, .T. ) ;
#1866 = ORIENTED_EDGE ( 'NONE', *, *, #1491, .F. ) ;
#1867 = EDGE_CURVE ( 'NONE', #5806, #10542, #9724, .T. ) ;
#1868 = EDGE_LOOP ( 'NONE', ( #10738, #7456, #10151, #1124 ) ) ;
#1869 = AXIS2_PLACEMENT_3D ( 'NONE', #3068, #1558, #9717 ) ;
#1870 = FACE_OUTER_BOUND ( 'NONE', #2756, .T. ) ;
#1871 = ADVANCED_FACE ( 'NONE', ( #3278 ), #7220, .T. ) ;
#1872 = ORIENTED_EDGE ( 'NONE', *, *, #3273, .T. ) ;
#1873 = CARTESIAN_POINT ( 'NONE',  ( -3.274999999999999467, 2.600000000000001421, -4.225000000000004086 ) ) ;
#1874 = CARTESIAN_POINT ( 'NONE',  ( 8.950000000000002842, -4.999999999999999112, 2.924999999999999822 ) ) ;
#1875 = ORIENTED_EDGE ( 'NONE', *, *, #10319, .F. ) ;
#1876 = PLANE ( 'NONE',  #4289 ) ;
#1877 = VERTEX_POINT ( 'NONE', #5890 ) ;
#1878 = EDGE_CURVE ( 'NONE', #9246, #8255, #5585, .T. ) ;
#1879 = AXIS2_PLACEMENT_3D ( 'NONE', #9418, #6150, #2673 ) ;
#1880 = DIRECTION ( 'NONE',  ( -0.000000000000000000, -0.000000000000000000, 1.000000000000000000 ) ) ;
#1881 = ADVANCED_FACE ( 'NONE', ( #5784 ), #5018, .F. ) ;
#1882 = EDGE_LOOP ( 'NONE', ( #6189, #3616, #9755, #6695 ) ) ;
#1883 = ADVANCED_FACE ( 'NONE', ( #10543 ), #9108, .F. ) ;
#1884 = ORIENTED_EDGE ( 'NONE', *, *, #3076, .T. ) ;
#1885 = DIRECTION ( 'NONE',  ( 0.000000000000000000, -0.000000000000000000, 1.000000000000000000 ) ) ;
#1886 = VECTOR ( 'NONE', #5530, 1000.000000000000000 ) ;
#1887 = MECHANICAL_DESIGN_GEOMETRIC_PRESENTATION_REPRESENTATION (  '', ( #8489 ), #2245 ) ;
#1888 = VERTEX_POINT ( 'NONE', #792 ) ;
#1889 = CARTESIAN_POINT ( 'NONE',  ( 5.200000000000002842, 8.400000000000000355, 2.124999999999999112 ) ) ;
#1890 = DIRECTION ( 'NONE',  ( -0.000000000000000000, 1.000000000000000000, -0.000000000000000000 ) ) ;
#1891 = AXIS2_PLACEMENT_3D ( 'NONE', #9036, #4897, #8216 ) ;
#1892 = CARTESIAN_POINT ( 'NONE',  ( 1.935000000000000941, 12.80000000000000071, -4.324999999999997513 ) ) ;
#1893 = CARTESIAN_POINT ( 'NONE',  ( 2.900000000000001688, -1.250000000000001332, 2.924999999999999822 ) ) ;
#1894 = VERTEX_POINT ( 'NONE', #8281 ) ;
#1895 = ORIENTED_EDGE ( 'NONE', *, *, #2332, .T. ) ;
#1896 = VECTOR ( 'NONE', #6562, 1000.000000000000000 ) ;
#1897 = DIRECTION ( 'NONE',  ( -0.000000000000000000, -1.000000000000000000, -0.000000000000000000 ) ) ;
#1898 = ORIENTED_EDGE ( 'NONE', *, *, #8728, .F. ) ;
#1899 = UNCERTAINTY_MEASURE_WITH_UNIT (LENGTH_MEASURE( 1.000000000000000082E-05 ), #1304, 'distance_accuracy_value', 'NONE');
#1900 = VECTOR ( 'NONE', #1702, 1000.000000000000000 ) ;
#1901 = CARTESIAN_POINT ( 'NONE',  ( -7.480000000000000426, 12.28038475772934746, -2.375000000000001776 ) ) ;
#1902 = ORIENTED_EDGE ( 'NONE', *, *, #822, .T. ) ;
#1903 = ORIENTED_EDGE ( 'NONE', *, *, #1426, .T. ) ;
#1904 = DIRECTION ( 'NONE',  ( -0.000000000000000000, -1.000000000000000000, -0.000000000000000000 ) ) ;
#1905 = DIRECTION ( 'NONE',  ( -1.000000000000000000, -0.000000000000000000, 1.515042337097647644E-16 ) ) ;
#1906 = CARTESIAN_POINT ( 'NONE',  ( 0.000000000000000000, 0.000000000000000000, 2.124999999999999112 ) ) ;
#1907 = DIRECTION ( 'NONE',  ( -1.000000000000000000, 0.000000000000000000, 0.000000000000000000 ) ) ;
#1908 = PLANE ( 'NONE',  #8659 ) ;
#1909 = ORIENTED_EDGE ( 'NONE', *, *, #3992, .T. ) ;
#1910 = LINE ( 'NONE', #5394, #907 ) ;
#1911 = DIRECTION ( 'NONE',  ( -0.000000000000000000, 1.000000000000000000, -0.000000000000000000 ) ) ;
#1912 = DIRECTION ( 'NONE',  ( 0.000000000000000000, 0.000000000000000000, -1.000000000000000000 ) ) ;
#1913 = ORIENTED_EDGE ( 'NONE', *, *, #3720, .T. ) ;
#1914 = EDGE_CURVE ( 'NONE', #10636, #226, #1703, .T. ) ;
#1915 = CARTESIAN_POINT ( 'NONE',  ( -9.199999999999997513, 4.799999999999998046, 5.025000000000001243 ) ) ;
#1916 = CARTESIAN_POINT ( 'NONE',  ( -6.500000000000002665, 0.000000000000000000, 4.025000000000000355 ) ) ;
#1917 = CARTESIAN_POINT ( 'NONE',  ( -3.400000000000003020, -3.350000000000000977, 0.2249999999999995060 ) ) ;
#1918 = CARTESIAN_POINT ( 'NONE',  ( 1.935000000000000941, 12.28038475772933147, -2.675000000000000266 ) ) ;
#1919 = CARTESIAN_POINT ( 'NONE',  ( -0.1999999999999970690, 2.800000000000000266, 1.724999999999999201 ) ) ;
#1920 = ORIENTED_EDGE ( 'NONE', *, *, #1473, .F. ) ;
#1921 = ORIENTED_EDGE ( 'NONE', *, *, #4306, .T. ) ;
#1922 = FACE_OUTER_BOUND ( 'NONE', #5506, .T. ) ;
#1923 = LINE ( 'NONE', #6827, #10148 ) ;
#1924 = EDGE_LOOP ( 'NONE', ( #2679, #6130, #3924, #3639 ) ) ;
#1925 = VECTOR ( 'NONE', #2979, 1000.000000000000000 ) ;
#1926 = ADVANCED_FACE ( 'NONE', ( #5834 ), #6759, .F. ) ;
#1927 = EDGE_CURVE ( 'NONE', #4256, #2364, #7571, .T. ) ;
#1928 = CARTESIAN_POINT ( 'NONE',  ( 3.950000000000000178, 2.800000000000000266, -2.375000000000004885 ) ) ;
#1929 = CARTESIAN_POINT ( 'NONE',  ( 5.599999999999996980, 0.000000000000000000, 4.025000000000000355 ) ) ;
#1930 = VERTEX_POINT ( 'NONE', #5940 ) ;
#1931 = CARTESIAN_POINT ( 'NONE',  ( 0.000000000000000000, -2.300000000000001599, -8.300000000000004263 ) ) ;
#1932 = FACE_OUTER_BOUND ( 'NONE', #4665, .T. ) ;
#1933 = EDGE_CURVE ( 'NONE', #1796, #2484, #4497, .T. ) ;
#1934 = ORIENTED_EDGE ( 'NONE', *, *, #10737, .F. ) ;
#1935 = DIRECTION ( 'NONE',  ( -3.016910393003151931E-15, 0.000000000000000000, -1.000000000000000000 ) ) ;
#1936 = AXIS2_PLACEMENT_3D ( 'NONE', #5273, #378, #2004 ) ;
#1937 = ORIENTED_EDGE ( 'NONE', *, *, #4668, .F. ) ;
#1938 = AXIS2_PLACEMENT_3D ( 'NONE', #2720, #9533, #6040 ) ;
#1939 = EDGE_CURVE ( 'NONE', #9645, #2780, #6397, .T. ) ;
#1940 = VERTEX_POINT ( 'NONE', #2465 ) ;
#1941 = CARTESIAN_POINT ( 'NONE',  ( -1.934999999999999165, 2.800000000000000266, -4.024999999999999467 ) ) ;
#1942 = ORIENTED_EDGE ( 'NONE', *, *, #3850, .T. ) ;
#1943 = DIRECTION ( 'NONE',  ( 0.000000000000000000, 0.000000000000000000, -1.000000000000000000 ) ) ;
#1944 = CARTESIAN_POINT ( 'NONE',  ( -7.824999999999991296, 1.400000000000001021, 4.825000000000009948 ) ) ;
#1945 = DIRECTION ( 'NONE',  ( -0.000000000000000000, -1.000000000000000000, -0.000000000000000000 ) ) ;
#1946 = DIRECTION ( 'NONE',  ( -0.000000000000000000, -1.000000000000000000, -0.000000000000000000 ) ) ;
#1947 = ADVANCED_FACE ( 'NONE', ( #4098 ), #1651, .F. ) ;
#1948 = VECTOR ( 'NONE', #7886, 1000.000000000000000 ) ;
#1949 = ORIENTED_EDGE ( 'NONE', *, *, #9537, .F. ) ;
#1950 = EDGE_CURVE ( 'NONE', #7811, #9829, #8337, .T. ) ;
#1951 = ORIENTED_EDGE ( 'NONE', *, *, #3661, .T. ) ;
#1952 = AXIS2_PLACEMENT_3D ( 'NONE', #3939, #5635, #4594 ) ;
#1953 = DIRECTION ( 'NONE',  ( 0.000000000000000000, 0.000000000000000000, -1.000000000000000000 ) ) ;
#1954 = VECTOR ( 'NONE', #4542, 1000.000000000000000 ) ;
#1955 = ORIENTED_EDGE ( 'NONE', *, *, #808, .F. ) ;
#1956 = LINE ( 'NONE', #9575, #9223 ) ;
#1957 = AXIS2_PLACEMENT_3D ( 'NONE', #5164, #5983, #2770 ) ;
#1958 = VERTEX_POINT ( 'NONE', #9982 ) ;
#1959 = EDGE_LOOP ( 'NONE', ( #10514, #7177, #7913, #6359 ) ) ;
#1960 = CARTESIAN_POINT ( 'NONE',  ( 7.824999999999991296, 2.400000000000003020, 4.825000000000007283 ) ) ;
#1961 = CARTESIAN_POINT ( 'NONE',  ( -0.6999999999999975131, 3.469446951953614189E-15, 2.124999999999999112 ) ) ;
#1962 = VECTOR ( 'NONE', #3367, 1000.000000000000000 ) ;
#1963 = CARTESIAN_POINT ( 'NONE',  ( -6.099999999999992539, 2.949999999999998845, -6.050000000000002487 ) ) ;
#1964 = CARTESIAN_POINT ( 'NONE',  ( -4.700000000000002842, -3.350000000000000977, 2.924999999999999822 ) ) ;
#1965 = DIRECTION ( 'NONE',  ( 0.000000000000000000, 1.000000000000000000, 0.000000000000000000 ) ) ;
#1966 = EDGE_LOOP ( 'NONE', ( #1148, #6616, #2768, #4693 ) ) ;
#1967 = VECTOR ( 'NONE', #4036, 1000.000000000000000 ) ;
#1968 = DIRECTION ( 'NONE',  ( -1.000000000000000000, 0.000000000000000000, -0.000000000000000000 ) ) ;
#1969 = AXIS2_PLACEMENT_3D ( 'NONE', #4239, #4452, #5215 ) ;
#1970 = VECTOR ( 'NONE', #1204, 1000.000000000000000 ) ;
#1971 = CARTESIAN_POINT ( 'NONE',  ( 4.299999999999998046, 8.400000000000002132, -0.07500000000000128786 ) ) ;
#1972 = LINE ( 'NONE', #398, #5499 ) ;
#1973 = VECTOR ( 'NONE', #4689, 1000.000000000000000 ) ;
#1974 = ORIENTED_EDGE ( 'NONE', *, *, #5920, .T. ) ;
#1975 = PLANE ( 'NONE',  #7347 ) ;
#1976 = DIRECTION ( 'NONE',  ( -1.577021341797097314E-16, -0.000000000000000000, -1.000000000000000000 ) ) ;
#1977 = AXIS2_PLACEMENT_3D ( 'NONE', #9915, #2514, #9100 ) ;
#1978 = DIRECTION ( 'NONE',  ( -0.000000000000000000, -1.000000000000000000, -0.000000000000000000 ) ) ;
#1979 = DIRECTION ( 'NONE',  ( -0.000000000000000000, -1.000000000000000000, -0.000000000000000000 ) ) ;
#1980 = FACE_OUTER_BOUND ( 'NONE', #1362, .T. ) ;
#1981 = ORIENTED_EDGE ( 'NONE', *, *, #1565, .T. ) ;
#1982 = EDGE_LOOP ( 'NONE', ( #3497, #9836, #9079, #806 ) ) ;
#1983 = CARTESIAN_POINT ( 'NONE',  ( -5.674999999999998046, 12.80000000000000071, -5.024999999999998579 ) ) ;
#1984 = EDGE_CURVE ( 'NONE', #4059, #7125, #5071, .T. ) ;
#1985 = DIRECTION ( 'NONE',  ( 0.000000000000000000, -0.000000000000000000, 1.000000000000000000 ) ) ;
#1986 = ORIENTED_EDGE ( 'NONE', *, *, #9831, .T. ) ;
#1987 = DIRECTION ( 'NONE',  ( 0.000000000000000000, 0.000000000000000000, -1.000000000000000000 ) ) ;
#1988 = CARTESIAN_POINT ( 'NONE',  ( -6.099999999999992539, 3.249999999999999556, -5.350000000000000533 ) ) ;
#1989 = VERTEX_POINT ( 'NONE', #75 ) ;
#1990 = DIRECTION ( 'NONE',  ( 0.000000000000000000, 1.000000000000000000, 0.000000000000000000 ) ) ;
#1991 = CARTESIAN_POINT ( 'NONE',  ( 4.299999999999998046, 2.800000000000000266, -0.07500000000000128786 ) ) ;
#1992 = ORIENTED_EDGE ( 'NONE', *, *, #4208, .F. ) ;
#1993 = CIRCLE ( 'NONE', #3382, 0.2000000000000009548 ) ;
#1994 = EDGE_CURVE ( 'NONE', #6693, #9251, #3386, .T. ) ;
#1995 = EDGE_CURVE ( 'NONE', #8753, #4537, #1755, .T. ) ;
#1996 = LINE ( 'NONE', #9562, #4664 ) ;
#1997 = EDGE_LOOP ( 'NONE', ( #3149, #9419, #7386, #5897 ) ) ;
#1998 = EDGE_CURVE ( 'NONE', #252, #5977, #3436, .T. ) ;
#1999 = VERTEX_POINT ( 'NONE', #292 ) ;
#2000 = FACE_OUTER_BOUND ( 'NONE', #9774, .T. ) ;
#2001 = EDGE_LOOP ( 'NONE', ( #207, #1742, #5592, #4226 ) ) ;
#2002 = DIRECTION ( 'NONE',  ( 1.000000000000000000, -0.000000000000000000, 0.000000000000000000 ) ) ;
#2003 = DIRECTION ( 'NONE',  ( -1.000000000000000000, 0.000000000000000000, -0.000000000000000000 ) ) ;
#2004 = DIRECTION ( 'NONE',  ( 0.000000000000000000, 0.000000000000000000, 1.000000000000000000 ) ) ;
#2005 = EDGE_LOOP ( 'NONE', ( #6221, #7958, #326, #3729 ) ) ;
#2006 = ORIENTED_EDGE ( 'NONE', *, *, #616, .F. ) ;
#2007 = EDGE_CURVE ( 'NONE', #449, #5656, #2890, .T. ) ;
#2008 = EDGE_CURVE ( 'NONE', #3801, #3696, #8435, .T. ) ;
#2009 = CARTESIAN_POINT ( 'NONE',  ( 3.950000000000000178, 10.05000000000000071, -3.025000000000001688 ) ) ;
#2010 = VERTEX_POINT ( 'NONE', #3548 ) ;
#2011 = EDGE_CURVE ( 'NONE', #5406, #1894, #2839, .T. ) ;
#2012 = PLANE ( 'NONE',  #3658 ) ;
#2013 = ORIENTED_EDGE ( 'NONE', *, *, #6996, .T. ) ;
#2014 = ORIENTED_EDGE ( 'NONE', *, *, #7786, .F. ) ;
#2015 = CARTESIAN_POINT ( 'NONE',  ( 5.474999999999998757, 2.600000000000001421, -5.025000000000005684 ) ) ;
#2016 = CARTESIAN_POINT ( 'NONE',  ( 0.000000000000000000, -3.750000000000001332, 4.025000000000000355 ) ) ;
#2017 = CARTESIAN_POINT ( 'NONE',  ( -0.1999999999999970690, 0.000000000000000000, 4.025000000000000355 ) ) ;
#2018 = CARTESIAN_POINT ( 'NONE',  ( 5.200000000000002842, -0.8500000000000011990, 4.025000000000000355 ) ) ;
#2019 = DIRECTION ( 'NONE',  ( -1.000000000000000000, 0.000000000000000000, 0.000000000000000000 ) ) ;
#2020 = ORIENTED_EDGE ( 'NONE', *, *, #2189, .F. ) ;
#2021 = EDGE_CURVE ( 'NONE', #1509, #9913, #238, .T. ) ;
#2022 = CARTESIAN_POINT ( 'NONE',  ( -8.950000000000002842, -3.375000000000000888, 4.025000000000000355 ) ) ;
#2023 = LINE ( 'NONE', #5341, #519 ) ;
#2024 = CARTESIAN_POINT ( 'NONE',  ( -2.874999999999999556, 11.90000000000000036, -0.6545349465914744869 ) ) ;
#2025 = EDGE_CURVE ( 'NONE', #6609, #10375, #9314, .T. ) ;
#2026 = ORIENTED_EDGE ( 'NONE', *, *, #8089, .F. ) ;
#2027 = DIRECTION ( 'NONE',  ( -0.000000000000000000, -1.000000000000000000, -0.000000000000000000 ) ) ;
#2029 = FACE_OUTER_BOUND ( 'NONE', #3965, .T. ) ;
#2028 = VECTOR ( 'NONE', #10735, 1000.000000000000000 ) ;
#2030 = DIRECTION ( 'NONE',  ( -0.000000000000000000, 1.000000000000000000, -0.000000000000000000 ) ) ;
#2031 = DIRECTION ( 'NONE',  ( 0.000000000000000000, 0.000000000000000000, -1.000000000000000000 ) ) ;
#2032 = LINE ( 'NONE', #2896, #5696 ) ;
#2033 = CARTESIAN_POINT ( 'NONE',  ( 3.799999999999998046, -3.350000000000000977, 0.2249999999999982014 ) ) ;
#2034 = ORIENTED_EDGE ( 'NONE', *, *, #6260, .T. ) ;
#2035 = ORIENTED_EDGE ( 'NONE', *, *, #10477, .F. ) ;
#2036 = PLANE ( 'NONE',  #3861 ) ;
#2037 = CARTESIAN_POINT ( 'NONE',  ( -3.074999999999999289, 12.80000000000000071, -4.225000000000004086 ) ) ;
#2038 = AXIS2_PLACEMENT_3D ( 'NONE', #10110, #6734, #9399 ) ;
#2039 = ORIENTED_EDGE ( 'NONE', *, *, #4921, .F. ) ;
#2040 = CARTESIAN_POINT ( 'NONE',  ( 9.000000000000000000, 12.28038475772934035, -3.825000000000000622 ) ) ;
#2041 = LINE ( 'NONE', #8679, #2127 ) ;
#2042 = ORIENTED_EDGE ( 'NONE', *, *, #3862, .F. ) ;
#2043 = LINE ( 'NONE', #5364, #8640 ) ;
#2044 = LINE ( 'NONE', #9501, #8561 ) ;
#2045 = AXIS2_PLACEMENT_3D ( 'NONE', #10211, #1990, #6064 ) ;
#2046 = EDGE_LOOP ( 'NONE', ( #9811, #4690, #5967, #2931 ) ) ;
#2047 = CARTESIAN_POINT ( 'NONE',  ( -6.499999999999995559, 5.600000000000000533, 3.600000000000000977 ) ) ;
#2048 = CIRCLE ( 'NONE', #4830, 1.000000000000005995 ) ;
#2049 = ORIENTED_EDGE ( 'NONE', *, *, #9697, .T. ) ;
#2050 = ORIENTED_EDGE ( 'NONE', *, *, #10520, .T. ) ;
#2051 = DIRECTION ( 'NONE',  ( 0.000000000000000000, 0.000000000000000000, -1.000000000000000000 ) ) ;
#2052 = EDGE_CURVE ( 'NONE', #1506, #1486, #9265, .T. ) ;
#2053 = ORIENTED_EDGE ( 'NONE', *, *, #2406, .F. ) ;
#2054 = CARTESIAN_POINT ( 'NONE',  ( 7.000000000000002665, -1.250000000000001332, 2.424999999999998934 ) ) ;
#2055 = FACE_OUTER_BOUND ( 'NONE', #3464, .T. ) ;
#2056 = AXIS2_PLACEMENT_3D ( 'NONE', #10133, #6089, #3483 ) ;
#2057 = DIRECTION ( 'NONE',  ( 1.000000000000000000, 0.000000000000000000, 0.000000000000000000 ) ) ;
#2058 = ORIENTED_EDGE ( 'NONE', *, *, #10453, .T. ) ;
#2059 = VERTEX_POINT ( 'NONE', #10247 ) ;
#2060 = VECTOR ( 'NONE', #3257, 1000.000000000000000 ) ;
#2061 = DIRECTION ( 'NONE',  ( -1.000000000000000000, 0.000000000000000000, -0.000000000000000000 ) ) ;
#2062 = VECTOR ( 'NONE', #2983, 1000.000000000000000 ) ;
#2063 = EDGE_LOOP ( 'NONE', ( #5736, #9083, #9585, #5822 ) ) ;
#2064 = CARTESIAN_POINT ( 'NONE',  ( -3.950000000000000178, 0.9155523756961149173, -3.025000000000001243 ) ) ;
#2065 = AXIS2_PLACEMENT_3D ( 'NONE', #9041, #2400, #4086 ) ;
#2066 = EDGE_CURVE ( 'NONE', #186, #9828, #992, .T. ) ;
#2067 = EDGE_LOOP ( 'NONE', ( #2649, #3453, #7286, #6740 ) ) ;
#2068 = ORIENTED_EDGE ( 'NONE', *, *, #8420, .T. ) ;
#2069 = ADVANCED_FACE ( 'NONE', ( #2779 ), #7736, .F. ) ;
#2070 = CARTESIAN_POINT ( 'NONE',  ( 10.20000000000000284, 12.80000000000000071, 5.024999999999999467 ) ) ;
#2071 = CARTESIAN_POINT ( 'NONE',  ( -4.299999999999998046, -1.250000000000001332, 2.924999999999999822 ) ) ;
#2072 = DIRECTION ( 'NONE',  ( -0.000000000000000000, -0.000000000000000000, 1.000000000000000000 ) ) ;
#2073 = DIRECTION ( 'NONE',  ( 0.000000000000000000, 0.000000000000000000, -1.000000000000000000 ) ) ;
#2074 = CARTESIAN_POINT ( 'NONE',  ( -7.480000000000000426, 2.800000000000000266, -2.375000000000009770 ) ) ;
#2075 = VECTOR ( 'NONE', #10526, 1000.000000000000000 ) ;
#2076 = ORIENTED_EDGE ( 'NONE', *, *, #9923, .T. ) ;
#2077 = EDGE_CURVE ( 'NONE', #6053, #4466, #7034, .T. ) ;
#2078 = CARTESIAN_POINT ( 'NONE',  ( 1.999999999999996669, -3.750000000000001332, 0.2249999999999999500 ) ) ;
#2079 = PLANE ( 'NONE',  #921 ) ;
#2080 = FACE_OUTER_BOUND ( 'NONE', #4355, .T. ) ;
#2081 = VECTOR ( 'NONE', #2515, 1000.000000000000114 ) ;
#2082 = DIRECTION ( 'NONE',  ( -0.3236155771181840057, 0.8891264907159889264, 0.3236155771181840057 ) ) ;
#2083 = DIRECTION ( 'NONE',  ( -0.000000000000000000, -1.000000000000000000, -0.000000000000000000 ) ) ;
#2084 = DIRECTION ( 'NONE',  ( 0.7071067811865444641, 8.659560562354895880E-17, -0.7071067811865505703 ) ) ;
#2085 = CARTESIAN_POINT ( 'NONE',  ( -8.999999999999998224, 2.800000000000000266, -0.07500000000000084377 ) ) ;
#2086 = FACE_OUTER_BOUND ( 'NONE', #9495, .T. ) ;
#2087 = DIRECTION ( 'NONE',  ( -1.000000000000000000, 0.000000000000000000, 1.275531967630005245E-16 ) ) ;
#2088 = ORIENTED_EDGE ( 'NONE', *, *, #2342, .F. ) ;
#2089 = ADVANCED_FACE ( 'NONE', ( #10355 ), #3490, .T. ) ;
#2090 = DIRECTION ( 'NONE',  ( -0.000000000000000000, 0.000000000000000000, 1.000000000000000000 ) ) ;
#2091 = LINE ( 'NONE', #3991, #4807 ) ;
#2092 = ORIENTED_EDGE ( 'NONE', *, *, #2967, .T. ) ;
#2093 = CARTESIAN_POINT ( 'NONE',  ( -3.574999999999999734, 10.50000000000000000, -0.6545349465914735987 ) ) ;
#2094 = CARTESIAN_POINT ( 'NONE',  ( 1.100000000000002087, -4.999999999999999112, 2.924999999999999822 ) ) ;
#2095 = ORIENTED_EDGE ( 'NONE', *, *, #9513, .T. ) ;
#2096 = DIRECTION ( 'NONE',  ( -0.000000000000000000, -1.000000000000000000, -0.000000000000000000 ) ) ;
#2097 = CARTESIAN_POINT ( 'NONE',  ( 10.19999999999999574, 1.000000000000003553, 4.025000000000000355 ) ) ;
#2098 = VERTEX_POINT ( 'NONE', #8494 ) ;
#2099 = AXIS2_PLACEMENT_3D ( 'NONE', #5912, #3466, #864 ) ;
#2100 = CARTESIAN_POINT ( 'NONE',  ( 2.875000000000000000, 12.80000000000000071, -5.024999999999999467 ) ) ;
#2101 = ORIENTED_EDGE ( 'NONE', *, *, #6135, .T. ) ;
#2102 = ORIENTED_EDGE ( 'NONE', *, *, #6541, .F. ) ;
#2103 = LINE ( 'NONE', #2865, #7148 ) ;
#2104 = VERTEX_POINT ( 'NONE', #3596 ) ;
#2105 = CARTESIAN_POINT ( 'NONE',  ( 10.20000000000000284, 5.932552260868268550E-19, -4.225000000000003197 ) ) ;
#2106 = DIRECTION ( 'NONE',  ( 0.000000000000000000, 0.000000000000000000, -1.000000000000000000 ) ) ;
#2107 = VECTOR ( 'NONE', #1566, 1000.000000000000000 ) ;
#2108 = DIRECTION ( 'NONE',  ( 1.000000000000000000, 0.000000000000000000, 0.000000000000000000 ) ) ;
#2109 = ORIENTED_EDGE ( 'NONE', *, *, #5808, .F. ) ;
#2110 = ORIENTED_EDGE ( 'NONE', *, *, #6793, .F. ) ;
#2111 = EDGE_CURVE ( 'NONE', #1197, #3419, #1047, .T. ) ;
#2112 = CARTESIAN_POINT ( 'NONE',  ( 0.000000000000000000, -3.350000000000000977, 4.025000000000000355 ) ) ;
#2113 = ORIENTED_EDGE ( 'NONE', *, *, #1342, .F. ) ;
#2114 = LINE ( 'NONE', #4510, #192 ) ;
#2115 = ORIENTED_EDGE ( 'NONE', *, *, #7802, .F. ) ;
#2116 = ORIENTED_EDGE ( 'NONE', *, *, #1927, .T. ) ;
#2117 = VECTOR ( 'NONE', #4949, 1000.000000000000000 ) ;
#2118 = DIRECTION ( 'NONE',  ( -0.000000000000000000, 0.000000000000000000, 1.000000000000000000 ) ) ;
#2119 = PLANE ( 'NONE',  #7162 ) ;
#2120 = VECTOR ( 'NONE', #5155, 1000.000000000000000 ) ;
#2121 = DIRECTION ( 'NONE',  ( -1.000000000000000000, 0.000000000000000000, 8.503546450866702047E-17 ) ) ;
#2122 = LINE ( 'NONE', #8811, #988 ) ;
#2123 = DIRECTION ( 'NONE',  ( 0.000000000000000000, 0.000000000000000000, -1.000000000000000000 ) ) ;
#2124 = EDGE_LOOP ( 'NONE', ( #301, #6164, #6902, #9347 ) ) ;
#2125 = VECTOR ( 'NONE', #8070, 1000.000000000000000 ) ;
#2126 = CYLINDRICAL_SURFACE ( 'NONE', #4717, 0.1999999999999996503 ) ;
#2127 = VECTOR ( 'NONE', #10371, 1000.000000000000000 ) ;
#2128 = EDGE_CURVE ( 'NONE', #6464, #360, #4359, .T. ) ;
#2129 = DIRECTION ( 'NONE',  ( 1.000000000000000000, 0.000000000000000000, -1.515042337097647644E-16 ) ) ;
#2130 = AXIS2_PLACEMENT_3D ( 'NONE', #4658, #1404, #3684 ) ;
#2131 = EDGE_CURVE ( 'NONE', #989, #8654, #2724, .T. ) ;
#2132 = CARTESIAN_POINT ( 'NONE',  ( -10.20000000000000107, 7.299999999999996270, 5.375000000000000000 ) ) ;
#2133 = VECTOR ( 'NONE', #995, 1000.000000000000000 ) ;
#2134 = VECTOR ( 'NONE', #607, 1000.000000000000000 ) ;
#2135 = EDGE_CURVE ( 'NONE', #6950, #9524, #5229, .T. ) ;
#2136 = ORIENTED_EDGE ( 'NONE', *, *, #4700, .F. ) ;
#2137 = DIRECTION ( 'NONE',  ( 0.000000000000000000, 0.000000000000000000, 1.000000000000000000 ) ) ;
#2138 = CARTESIAN_POINT ( 'NONE',  ( 8.199999999999995737, 4.800000000000000711, 5.025000000000001243 ) ) ;
#2139 = DIRECTION ( 'NONE',  ( 1.000000000000000000, -0.000000000000000000, 0.000000000000000000 ) ) ;
#2140 = AXIS2_PLACEMENT_3D ( 'NONE', #7250, #5673, #5459 ) ;
#2141 = CARTESIAN_POINT ( 'NONE',  ( 1.600000000000002531, 2.800000000000002043, 2.124999999999999112 ) ) ;
#2142 = DIRECTION ( 'NONE',  ( 1.000000000000000000, -0.000000000000000000, 9.139744341289816024E-17 ) ) ;
#2143 = CARTESIAN_POINT ( 'NONE',  ( 7.980000000000001315, 12.28038475772933147, -2.375000000000002220 ) ) ;
#2144 = CIRCLE ( 'NONE', #5088, 0.7000000000000005107 ) ;
#2145 = ORIENTED_EDGE ( 'NONE', *, *, #555, .T. ) ;
#2146 = CARTESIAN_POINT ( 'NONE',  ( 9.574999999999993960, 1.000000000000003331, 4.825000000000007283 ) ) ;
#2147 = AXIS2_PLACEMENT_3D ( 'NONE', #1863, #8556, #2683 ) ;
#2148 = DIRECTION ( 'NONE',  ( 0.000000000000000000, 0.000000000000000000, 1.000000000000000000 ) ) ;
#2149 = EDGE_CURVE ( 'NONE', #1765, #8747, #1972, .T. ) ;
#2150 = VECTOR ( 'NONE', #4351, 1000.000000000000000 ) ;
#2151 = EDGE_LOOP ( 'NONE', ( #9561, #7548, #5464, #5593 ) ) ;
#2152 = EDGE_CURVE ( 'NONE', #7877, #6951, #8607, .T. ) ;
#2153 = CARTESIAN_POINT ( 'NONE',  ( 2.499999999999996891, -3.350000000000000977, 4.025000000000000355 ) ) ;
#2154 = EDGE_CURVE ( 'NONE', #7600, #2325, #347, .T. ) ;
#2155 = CARTESIAN_POINT ( 'NONE',  ( -6.099999999999990763, 3.250000000000000000, 3.599999999999999201 ) ) ;
#2156 = ORIENTED_EDGE ( 'NONE', *, *, #2938, .T. ) ;
#2157 = PLANE ( 'NONE',  #8818 ) ;
#2158 = DIRECTION ( 'NONE',  ( 0.000000000000000000, 0.000000000000000000, -1.000000000000000000 ) ) ;
#2159 = ORIENTED_EDGE ( 'NONE', *, *, #2595, .F. ) ;
#2160 = DIRECTION ( 'NONE',  ( -3.469446951953607878E-15, 0.000000000000000000, -1.000000000000000000 ) ) ;
#2161 = EDGE_LOOP ( 'NONE', ( #459, #5378, #635, #10269 ) ) ;
#2162 = ADVANCED_FACE ( 'NONE', ( #8658 ), #3707, .F. ) ;
#2163 = VERTEX_POINT ( 'NONE', #8936 ) ;
#2164 = DIRECTION ( 'NONE',  ( 0.000000000000000000, 1.000000000000000000, 0.000000000000000000 ) ) ;
#2165 = ORIENTED_EDGE ( 'NONE', *, *, #1481, .T. ) ;
#2166 = LINE ( 'NONE', #8690, #5853 ) ;
#2167 = FACE_OUTER_BOUND ( 'NONE', #8603, .T. ) ;
#2168 = ORIENTED_EDGE ( 'NONE', *, *, #1624, .T. ) ;
#2169 = PLANE ( 'NONE',  #1455 ) ;
#2170 = VERTEX_POINT ( 'NONE', #2132 ) ;
#2171 = CARTESIAN_POINT ( 'NONE',  ( 0.1999999999999970690, -3.350000000000000977, 2.924999999999999822 ) ) ;
#2172 = ORIENTED_EDGE ( 'NONE', *, *, #1732, .F. ) ;
#2173 = ORIENTED_EDGE ( 'NONE', *, *, #4204, .T. ) ;
#2174 = DIRECTION ( 'NONE',  ( 7.228014483236760650E-16, 0.000000000000000000, 1.000000000000000000 ) ) ;
#2175 = CARTESIAN_POINT ( 'NONE',  ( -3.400000000000003020, -3.750000000000001332, 4.025000000000000355 ) ) ;
#2176 = EDGE_CURVE ( 'NONE', #10597, #6344, #5396, .T. ) ;
#2177 = CARTESIAN_POINT ( 'NONE',  ( -8.199999999999997513, 4.799999999999998046, 7.574999999999996625 ) ) ;
#2178 = DIRECTION ( 'NONE',  ( -0.000000000000000000, -1.000000000000000000, -0.000000000000000000 ) ) ;
#2179 = LINE ( 'NONE', #9639, #6573 ) ;
#2180 = VERTEX_POINT ( 'NONE', #7999 ) ;
#2181 = DIRECTION ( 'NONE',  ( -0.000000000000000000, -0.7071067811865492381, -0.7071067811865457964 ) ) ;
#2182 = DIRECTION ( 'NONE',  ( 1.000000000000000000, 0.000000000000000000, -0.000000000000000000 ) ) ;
#2183 = PLANE ( 'NONE',  #5675 ) ;
#2184 = ORIENTED_EDGE ( 'NONE', *, *, #5917, .F. ) ;
#2185 = ORIENTED_EDGE ( 'NONE', *, *, #3392, .F. ) ;
#2186 = CARTESIAN_POINT ( 'NONE',  ( -2.874999999999999112, 12.80000000000000071, -4.824999999999999289 ) ) ;
#2187 = FACE_BOUND ( 'NONE', #2311, .T. ) ;
#2188 = DIRECTION ( 'NONE',  ( 1.000000000000000000, 0.000000000000000000, -1.515042337097647644E-16 ) ) ;
#2189 = EDGE_CURVE ( 'NONE', #9821, #10107, #7572, .T. ) ;
#2190 = CARTESIAN_POINT ( 'NONE',  ( -1.435000000000000497, 11.09999999999999964, -5.024999999999999467 ) ) ;
#2191 = FACE_OUTER_BOUND ( 'NONE', #488, .T. ) ;
#2192 = CARTESIAN_POINT ( 'NONE',  ( 5.599999999999996980, -3.350000000000000977, 0.2249999999999982014 ) ) ;
#2193 = ORIENTED_EDGE ( 'NONE', *, *, #3719, .F. ) ;
#2194 = DIRECTION ( 'NONE',  ( 0.000000000000000000, 0.000000000000000000, -1.000000000000000000 ) ) ;
#2195 = DIRECTION ( 'NONE',  ( -0.000000000000000000, -0.000000000000000000, -1.000000000000000000 ) ) ;
#2196 = EDGE_CURVE ( 'NONE', #8182, #9098, #1483, .T. ) ;
#2197 = VECTOR ( 'NONE', #10190, 1000.000000000000000 ) ;
#2198 = VERTEX_POINT ( 'NONE', #1267 ) ;
#2199 = DIRECTION ( 'NONE',  ( -0.000000000000000000, -0.000000000000000000, 1.000000000000000000 ) ) ;
#2200 = CARTESIAN_POINT ( 'NONE',  ( -2.750000000000000000, 10.05000000000000071, -3.675000000000001155 ) ) ;
#2201 = EDGE_LOOP ( 'NONE', ( #6831, #9140, #2840, #477 ) ) ;
#2202 = ADVANCED_FACE ( 'NONE', ( #6321 ), #665, .F. ) ;
#2203 = FACE_OUTER_BOUND ( 'NONE', #8300, .T. ) ;
#2204 = EDGE_CURVE ( 'NONE', #1818, #3301, #1372, .T. ) ;
#2205 = PLANE ( 'NONE',  #53 ) ;
#2206 = LINE ( 'NONE', #4287, #5423 ) ;
#2207 = ORIENTED_EDGE ( 'NONE', *, *, #7387, .T. ) ;
#2208 = VECTOR ( 'NONE', #9417, 1000.000000000000000 ) ;
#2209 = EDGE_CURVE ( 'NONE', #10094, #7795, #4681, .T. ) ;
#2210 = CARTESIAN_POINT ( 'NONE',  ( -5.599999999999996980, -0.8500000000000011990, 2.924999999999999822 ) ) ;
#2211 = VERTEX_POINT ( 'NONE', #3865 ) ;
#2212 = VECTOR ( 'NONE', #970, 1000.000000000000000 ) ;
#2213 = ORIENTED_EDGE ( 'NONE', *, *, #2642, .F. ) ;
#2214 = CARTESIAN_POINT ( 'NONE',  ( 1.935000000000000941, 2.800000000000000266, -2.675000000000000266 ) ) ;
#2215 = VERTEX_POINT ( 'NONE', #1425 ) ;
#2216 = DIRECTION ( 'NONE',  ( 0.000000000000000000, -0.000000000000000000, 1.000000000000000000 ) ) ;
#2217 = EDGE_CURVE ( 'NONE', #2436, #2704, #8875, .T. ) ;
#2218 =( LENGTH_UNIT ( ) NAMED_UNIT ( * ) SI_UNIT ( .MILLI., .METRE. ) );
#2219 = SHAPE_REPRESENTATION_RELATIONSHIP ( 'NONE' , 'NONE' ,  #4100, #3066 ) ;
#2220 = ORIENTED_EDGE ( 'NONE', *, *, #5214, .F. ) ;
#2221 = VERTEX_POINT ( 'NONE', #4581 ) ;
#2222 = EDGE_CURVE ( 'NONE', #10556, #2855, #7244, .T. ) ;
#2223 = AXIS2_PLACEMENT_3D ( 'NONE', #6605, #3285, #9114 ) ;
#2224 = DIRECTION ( 'NONE',  ( 0.000000000000000000, 0.000000000000000000, -1.000000000000000000 ) ) ;
#2225 = VERTEX_POINT ( 'NONE', #9695 ) ;
#2226 = EDGE_LOOP ( 'NONE', ( #6872, #1844, #9573, #1038 ) ) ;
#2227 = DIRECTION ( 'NONE',  ( -1.000000000000000000, 0.000000000000000000, 0.000000000000000000 ) ) ;
#2228 = ORIENTED_EDGE ( 'NONE', *, *, #2209, .F. ) ;
#2229 = ORIENTED_EDGE ( 'NONE', *, *, #6462, .F. ) ;
#2230 = LINE ( 'NONE', #7184, #7531 ) ;
#2231 = CARTESIAN_POINT ( 'NONE',  ( -2.234999999999998987, 10.05000000000000071, -2.674999999999999822 ) ) ;
#2232 = CARTESIAN_POINT ( 'NONE',  ( -7.824999999999991296, 1.400000000000001021, 4.025000000000000355 ) ) ;
#2233 = DIRECTION ( 'NONE',  ( -1.000000000000000000, -3.469446951953601370E-16, 0.000000000000000000 ) ) ;
#2234 = LINE ( 'NONE', #4622, #5712 ) ;
#2235 = ORIENTED_EDGE ( 'NONE', *, *, #959, .F. ) ;
#2236 = CARTESIAN_POINT ( 'NONE',  ( -8.999999999999998224, 2.800000000000000266, 3.825000000000001066 ) ) ;
#2237 = CARTESIAN_POINT ( 'NONE',  ( -0.6999999999999975131, 0.000000000000000000, 0.000000000000000000 ) ) ;
#2238 = VECTOR ( 'NONE', #6593, 1000.000000000000000 ) ;
#2239 = ORIENTED_EDGE ( 'NONE', *, *, #9297, .T. ) ;
#2240 = VERTEX_POINT ( 'NONE', #1320 ) ;
#2241 = LINE ( 'NONE', #6373, #2492 ) ;
#2242 = DIRECTION ( 'NONE',  ( -1.000000000000000000, 0.000000000000000000, 0.000000000000000000 ) ) ;
#2243 = CARTESIAN_POINT ( 'NONE',  ( 10.20000000000000284, -3.374999999999998224, 4.025000000000000355 ) ) ;
#2244 = CIRCLE ( 'NONE', #10241, 0.5000000000000004441 ) ;
#2245 =( GEOMETRIC_REPRESENTATION_CONTEXT ( 3 ) GLOBAL_UNCERTAINTY_ASSIGNED_CONTEXT ( ( #1899 ) ) GLOBAL_UNIT_ASSIGNED_CONTEXT ( ( #1304, #4501, #7922 ) ) REPRESENTATION_CONTEXT ( 'NONE', 'WORKASPACE' ) );
#2246 = FILL_AREA_STYLE_COLOUR ( '', #9369 ) ;
#2247 = DIRECTION ( 'NONE',  ( 0.000000000000000000, 0.000000000000000000, -1.000000000000000000 ) ) ;
#2248 = CARTESIAN_POINT ( 'NONE',  ( -7.679999999999999716, 12.80000000000000071, -3.116619848709562213 ) ) ;
#2249 = ORIENTED_EDGE ( 'NONE', *, *, #5202, .F. ) ;
#2250 = PLANE ( 'NONE',  #4908 ) ;
#2251 = FACE_OUTER_BOUND ( 'NONE', #6884, .T. ) ;
#2252 = AXIS2_PLACEMENT_3D ( 'NONE', #9703, #7366, #8172 ) ;
#2253 = ADVANCED_FACE ( 'NONE', ( #2080 ), #8712, .F. ) ;
#2254 = EDGE_LOOP ( 'NONE', ( #9340, #3632, #9220, #1422 ) ) ;
#2255 = AXIS2_PLACEMENT_3D ( 'NONE', #9053, #9981, #6704 ) ;
#2256 = CARTESIAN_POINT ( 'NONE',  ( -3.074999999999998845, 10.50000000000000000, -4.225000000000004086 ) ) ;
#2257 = DIRECTION ( 'NONE',  ( -0.000000000000000000, -1.000000000000000000, -0.000000000000000000 ) ) ;
#2258 = ORIENTED_EDGE ( 'NONE', *, *, #5383, .T. ) ;
#2259 = DIRECTION ( 'NONE',  ( 0.000000000000000000, 0.000000000000000000, -1.000000000000000000 ) ) ;
#2260 = DIRECTION ( 'NONE',  ( 1.000000000000000000, 0.000000000000000000, -0.000000000000000000 ) ) ;
#2261 = FACE_OUTER_BOUND ( 'NONE', #8828, .T. ) ;
#2262 = ORIENTED_EDGE ( 'NONE', *, *, #7807, .F. ) ;
#2263 = EDGE_CURVE ( 'NONE', #7382, #8586, #7194, .T. ) ;
#2264 = DIRECTION ( 'NONE',  ( 0.000000000000000000, 0.000000000000000000, -1.000000000000000000 ) ) ;
#2265 = EDGE_CURVE ( 'NONE', #4743, #941, #9644, .T. ) ;
#2266 = EDGE_LOOP ( 'NONE', ( #2375, #3851, #2887, #8154, #3555, #3218, #3771, #8082, #5664, #7716, #540, #6514, #1465, #6672, #8764, #10165, #9633, #1553, #4836, #4742, #5263, #4683, #426 ) ) ;
#2267 = CARTESIAN_POINT ( 'NONE',  ( -3.799999999999997602, 3.469446951953614189E-15, 2.125000000000000000 ) ) ;
#2268 = EDGE_CURVE ( 'NONE', #10107, #10057, #5615, .T. ) ;
#2269 = VERTEX_POINT ( 'NONE', #2945 ) ;
#2270 = CARTESIAN_POINT ( 'NONE',  ( -3.575000000000000178, 2.600000000000001421, -4.025000000000003908 ) ) ;
#2271 = DIRECTION ( 'NONE',  ( -0.000000000000000000, 1.000000000000000000, 0.000000000000000000 ) ) ;
#2272 = DIRECTION ( 'NONE',  ( 1.000000000000000000, 0.000000000000000000, 0.000000000000000000 ) ) ;
#2273 = VERTEX_POINT ( 'NONE', #8767 ) ;
#2274 = VERTEX_POINT ( 'NONE', #10569 ) ;
#2275 = AXIS2_PLACEMENT_3D ( 'NONE', #10166, #9953, #6683 ) ;
#2276 = CARTESIAN_POINT ( 'NONE',  ( -5.474999999999996980, 12.80000000000000071, -5.025000000000003908 ) ) ;
#2277 = EDGE_CURVE ( 'NONE', #2484, #8615, #3976, .T. ) ;
#2278 = VERTEX_POINT ( 'NONE', #7943 ) ;
#2279 = ORIENTED_EDGE ( 'NONE', *, *, #1223, .T. ) ;
#2280 = DIRECTION ( 'NONE',  ( 1.000000000000000000, -9.391921407275224146E-33, -1.938238520644476666E-16 ) ) ;
#2281 = VECTOR ( 'NONE', #10546, 1000.000000000000000 ) ;
#2283 = EDGE_LOOP ( 'NONE', ( #1750, #6142, #8240, #6497 ) ) ;
#2282 = EDGE_CURVE ( 'NONE', #4371, #1197, #7300, .T. ) ;
#2284 = ORIENTED_EDGE ( 'NONE', *, *, #10765, .T. ) ;
#2285 = CARTESIAN_POINT ( 'NONE',  ( 3.799999999999998046, 0.000000000000000000, -0.4750000000000014766 ) ) ;
#2286 = ADVANCED_FACE ( 'NONE', ( #2994 ), #2183, .F. ) ;
#2287 = CARTESIAN_POINT ( 'NONE',  ( -5.599999999999990763, 3.649999999999999911, 3.187878387081809262 ) ) ;
#2288 = DIRECTION ( 'NONE',  ( 1.000000000000000000, 0.000000000000000000, 0.000000000000000000 ) ) ;
#2289 = LINE ( 'NONE', #550, #306 ) ;
#2290 = DIRECTION ( 'NONE',  ( 0.000000000000000000, -1.000000000000000000, 0.000000000000000000 ) ) ;
#2291 = VERTEX_POINT ( 'NONE', #7357 ) ;
#2292 = CARTESIAN_POINT ( 'NONE',  ( -8.999999999999998224, 2.800000000000000266, -0.07500000000000128786 ) ) ;
#2293 =( BOUNDED_CURVE ( )  B_SPLINE_CURVE ( 3, ( #4324, #6940, #7804, #6992 ),
 .UNSPECIFIED., .F., .F. ) 
 B_SPLINE_CURVE_WITH_KNOTS ( ( 4, 4 ),
 ( 1.495451272393800035E-16, 1.570796326794896780 ),
 .UNSPECIFIED. ) 
 CURVE ( )  GEOMETRIC_REPRESENTATION_ITEM ( )  RATIONAL_B_SPLINE_CURVE ( ( 1.000000000000000000, 0.8047378541243649375, 0.8047378541243649375, 1.000000000000000000 ) ) 
 REPRESENTATION_ITEM ( '' )  );
#2294 = DIRECTION ( 'NONE',  ( -0.000000000000000000, -1.000000000000000000, -0.000000000000000000 ) ) ;
#2295 = PLANE ( 'NONE',  #9550 ) ;
#2296 = AXIS2_PLACEMENT_3D ( 'NONE', #3445, #8446, #4262 ) ;
#2297 = ORIENTED_EDGE ( 'NONE', *, *, #5528, .F. ) ;
#2298 = ORIENTED_EDGE ( 'NONE', *, *, #3398, .F. ) ;
#2299 = LINE ( 'NONE', #2353, #4567 ) ;
#2300 = LINE ( 'NONE', #6375, #9964 ) ;
#2301 = CARTESIAN_POINT ( 'NONE',  ( -1.100000000000002087, -3.750000000000001332, 4.025000000000000355 ) ) ;
#2302 = CARTESIAN_POINT ( 'NONE',  ( 2.875000000000000000, 11.90000000000000036, -5.024999999999999467 ) ) ;
#2303 = CARTESIAN_POINT ( 'NONE',  ( 7.980000000000001315, 1.385786437626903345, -2.375000000000002220 ) ) ;
#2304 = CARTESIAN_POINT ( 'NONE',  ( -5.949999999999992184, 3.399999999999999023, 3.599999999999999201 ) ) ;
#2305 = CIRCLE ( 'NONE', #5945, 0.2000000000000005107 ) ;
#2306 = ORIENTED_EDGE ( 'NONE', *, *, #4793, .T. ) ;
#2307 = CARTESIAN_POINT ( 'NONE',  ( -5.200000000000002842, -3.750000000000001332, 2.924999999999999822 ) ) ;
#2308 = AXIS2_PLACEMENT_3D ( 'NONE', #6657, #8238, #7528 ) ;
#2309 = LINE ( 'NONE', #571, #465 ) ;
#2310 = VECTOR ( 'NONE', #10046, 1000.000000000000000 ) ;
#2311 = EDGE_LOOP ( 'NONE', ( #6145, #9882, #1349, #1583 ) ) ;
#2312 = AXIS2_PLACEMENT_3D ( 'NONE', #7402, #780, #8267 ) ;
#2313 = FACE_OUTER_BOUND ( 'NONE', #272, .T. ) ;
#2314 = DIRECTION ( 'NONE',  ( 0.000000000000000000, -1.000000000000000000, 0.000000000000000000 ) ) ;
#2315 = VECTOR ( 'NONE', #10130, 1000.000000000000000 ) ;
#2316 = ORIENTED_EDGE ( 'NONE', *, *, #5574, .F. ) ;
#2317 = DIRECTION ( 'NONE',  ( -0.000000000000000000, 0.000000000000000000, 1.000000000000000000 ) ) ;
#2318 = LINE ( 'NONE', #1394, #9266 ) ;
#2319 = CARTESIAN_POINT ( 'NONE',  ( -4.299999999999998046, 0.000000000000000000, 1.724999999999999645 ) ) ;
#2320 = VECTOR ( 'NONE', #7861, 1000.000000000000000 ) ;
#2321 = ADVANCED_FACE ( 'NONE', ( #6479 ), #8984, .F. ) ;
#2322 = ORIENTED_EDGE ( 'NONE', *, *, #5966, .T. ) ;
#2323 = VECTOR ( 'NONE', #7299, 1000.000000000000227 ) ;
#2324 = PRODUCT_DEFINITION_SHAPE ( 'NONE', 'NONE',  #10768 ) ;
#2325 = VERTEX_POINT ( 'NONE', #5667 ) ;
#2326 = CARTESIAN_POINT ( 'NONE',  ( 9.200000000000001066, 12.28038475772934035, 3.824999999999997957 ) ) ;
#2327 = EDGE_LOOP ( 'NONE', ( #4385, #9154, #10263, #10714 ) ) ;
#2328 = DIRECTION ( 'NONE',  ( 0.000000000000000000, 0.000000000000000000, -1.000000000000000000 ) ) ;
#2329 = CARTESIAN_POINT ( 'NONE',  ( -3.074999999999998401, 2.600000000000001421, -4.824999999999999289 ) ) ;
#2330 = ADVANCED_FACE ( 'NONE', ( #4849 ), #8164, .T. ) ;
#2331 = CONTEXT_DEPENDENT_SHAPE_REPRESENTATION ( #4450, #2324 ) ;
#2332 = EDGE_CURVE ( 'NONE', #10729, #120, #5357, .T. ) ;
#2333 = ORIENTED_EDGE ( 'NONE', *, *, #6025, .F. ) ;
#2334 = DIRECTION ( 'NONE',  ( 0.000000000000000000, 0.000000000000000000, -1.000000000000000000 ) ) ;
#2335 = ORIENTED_EDGE ( 'NONE', *, *, #8509, .F. ) ;
#2336 = EDGE_LOOP ( 'NONE', ( #8847, #3715, #5670, #3157 ) ) ;
#2337 = CARTESIAN_POINT ( 'NONE',  ( 10.20000000000000284, 0.000000000000000000, -4.724999999999998757 ) ) ;
#2338 = ORIENTED_EDGE ( 'NONE', *, *, #4066, .F. ) ;
#2339 = ORIENTED_EDGE ( 'NONE', *, *, #7779, .T. ) ;
#2340 = LINE ( 'NONE', #7445, #6411 ) ;
#2341 = FACE_OUTER_BOUND ( 'NONE', #3067, .T. ) ;
#2342 = EDGE_CURVE ( 'NONE', #273, #8255, #1006, .T. ) ;
#2343 = FACE_OUTER_BOUND ( 'NONE', #10226, .T. ) ;
#2344 = LINE ( 'NONE', #1527, #3242 ) ;
#2345 = CARTESIAN_POINT ( 'NONE',  ( 8.950000000000002842, -1.224999999999998757, 4.025000000000000355 ) ) ;
#2346 = ORIENTED_EDGE ( 'NONE', *, *, #5200, .T. ) ;
#2347 = FACE_OUTER_BOUND ( 'NONE', #2686, .T. ) ;
#2348 = EDGE_CURVE ( 'NONE', #5746, #4669, #7799, .T. ) ;
#2349 = DIRECTION ( 'NONE',  ( 3.016910393003151931E-15, 0.000000000000000000, 1.000000000000000000 ) ) ;
#2350 = LINE ( 'NONE', #4956, #689 ) ;
#2351 = ORIENTED_EDGE ( 'NONE', *, *, #2856, .T. ) ;
#2352 = ORIENTED_EDGE ( 'NONE', *, *, #9468, .T. ) ;
#2353 = CARTESIAN_POINT ( 'NONE',  ( 3.400000000000002132, 0.000000000000000000, 4.025000000000000355 ) ) ;
#2354 = CARTESIAN_POINT ( 'NONE',  ( 6.099999999999997868, -3.350000000000000977, 0.2249999999999982014 ) ) ;
#2355 = DIRECTION ( 'NONE',  ( -0.000000000000000000, 1.000000000000000000, -0.000000000000000000 ) ) ;
#2356 = CARTESIAN_POINT ( 'NONE',  ( 3.950000000000000178, 10.05000000000000071, -2.375000000000002665 ) ) ;
#2357 = LINE ( 'NONE', #8825, #6739 ) ;
#2358 = CARTESIAN_POINT ( 'NONE',  ( 1.600000000000002531, 2.800000000000000266, 1.724999999999999201 ) ) ;
#2359 = EDGE_CURVE ( 'NONE', #7051, #10302, #1820, .T. ) ;
#2360 = ORIENTED_EDGE ( 'NONE', *, *, #663, .T. ) ;
#2361 = DIRECTION ( 'NONE',  ( -0.7327934916262994758, -0.6804510993672774344, 0.000000000000000000 ) ) ;
#2362 = DIRECTION ( 'NONE',  ( 0.000000000000000000, 0.000000000000000000, -1.000000000000000000 ) ) ;
#2363 = EDGE_CURVE ( 'NONE', #994, #2215, #9382, .T. ) ;
#2364 = VERTEX_POINT ( 'NONE', #5133 ) ;
#2365 = FACE_OUTER_BOUND ( 'NONE', #9443, .T. ) ;
#2366 = DIRECTION ( 'NONE',  ( 1.000000000000000000, 0.000000000000000000, 0.000000000000000000 ) ) ;
#2367 = ORIENTED_EDGE ( 'NONE', *, *, #10390, .T. ) ;
#2368 = CARTESIAN_POINT ( 'NONE',  ( -8.999999999999998224, 2.800000000000000266, 4.025000000000000355 ) ) ;
#2369 = FACE_OUTER_BOUND ( 'NONE', #8346, .T. ) ;
#2370 = CARTESIAN_POINT ( 'NONE',  ( -5.200000000000002842, 8.400000000000000355, -0.4750000000000010325 ) ) ;
#2371 = VERTEX_POINT ( 'NONE', #2037 ) ;
#2372 = VECTOR ( 'NONE', #10155, 1000.000000000000000 ) ;
#2373 = VECTOR ( 'NONE', #2148, 1000.000000000000000 ) ;
#2374 = CLOSED_SHELL ( 'NONE', ( #10396, #10364, #3531, #8336, #4862, #9805, #7044, #4520, #3265, #2089, #10259, #4944, #10709, #4599, #1495, #3933, #1881, #9974, #6119, #4076, #8896, #8436 ) ) ;
#2375 = ORIENTED_EDGE ( 'NONE', *, *, #3904, .T. ) ;
#2376 = DIRECTION ( 'NONE',  ( -1.000000000000000000, 0.000000000000000000, -0.000000000000000000 ) ) ;
#2377 = ORIENTED_EDGE ( 'NONE', *, *, #7771, .F. ) ;
#2378 = DIRECTION ( 'NONE',  ( -0.000000000000000000, -1.000000000000000000, -0.000000000000000000 ) ) ;
#2379 = VECTOR ( 'NONE', #5011, 1000.000000000000000 ) ;
#2380 = SHAPE_DEFINITION_REPRESENTATION ( #7271, #7031 ) ;
#2381 = VERTEX_POINT ( 'NONE', #6883 ) ;
#2382 = ORIENTED_EDGE ( 'NONE', *, *, #2277, .T. ) ;
#2383 = LINE ( 'NONE', #3143, #8591 ) ;
#2384 = VECTOR ( 'NONE', #962, 1000.000000000000000 ) ;
#2385 = EDGE_LOOP ( 'NONE', ( #6217, #3177, #1085, #1356, #5637, #3660 ) ) ;
#2386 = EDGE_CURVE ( 'NONE', #348, #7297, #4317, .T. ) ;
#2387 = ORIENTED_EDGE ( 'NONE', *, *, #4815, .T. ) ;
#2388 = DIRECTION ( 'NONE',  ( 0.000000000000000000, -1.000000000000000000, 0.000000000000000000 ) ) ;
#2389 = ORIENTED_EDGE ( 'NONE', *, *, #1533, .T. ) ;
#2390 = DIRECTION ( 'NONE',  ( 1.000000000000000000, -0.000000000000000000, -4.818676322157797621E-17 ) ) ;
#2391 = LINE ( 'NONE', #9085, #1255 ) ;
#2392 = CARTESIAN_POINT ( 'NONE',  ( -3.799999999999997602, 8.399999999999998579, 2.125000000000000000 ) ) ;
#2393 = CARTESIAN_POINT ( 'NONE',  ( -9.199999999999997513, 4.799999999999998046, 13.20342712474620939 ) ) ;
#2394 = LINE ( 'NONE', #9089, #10755 ) ;
#2395 = VECTOR ( 'NONE', #10645, 1000.000000000000000 ) ;
#2396 = ORIENTED_EDGE ( 'NONE', *, *, #10518, .T. ) ;
#2397 = LINE ( 'NONE', #4028, #417 ) ;
#2398 = ADVANCED_FACE ( 'NONE', ( #10204 ), #190, .T. ) ;
#2399 = EDGE_CURVE ( 'NONE', #10609, #8316, #1923, .T. ) ;
#2400 = DIRECTION ( 'NONE',  ( -1.000000000000000000, 0.000000000000000000, 0.000000000000000000 ) ) ;
#2401 = ORIENTED_EDGE ( 'NONE', *, *, #2742, .T. ) ;
#2402 = ORIENTED_EDGE ( 'NONE', *, *, #8004, .T. ) ;
#2403 = DIRECTION ( 'NONE',  ( 0.000000000000000000, 0.000000000000000000, -1.000000000000000000 ) ) ;
#2404 = DIRECTION ( 'NONE',  ( -1.577021341797097314E-16, -0.000000000000000000, -1.000000000000000000 ) ) ;
#2405 = DIRECTION ( 'NONE',  ( -0.000000000000000000, -0.000000000000000000, 1.000000000000000000 ) ) ;
#2406 = EDGE_CURVE ( 'NONE', #6964, #3422, #2688, .T. ) ;
#2407 = CARTESIAN_POINT ( 'NONE',  ( -6.999999999999997335, 5.150000000000000355, -8.550000000000002487 ) ) ;
#2408 = CARTESIAN_POINT ( 'NONE',  ( 3.400000000000002132, -1.250000000000001332, 2.425000000000000711 ) ) ;
#2409 = AXIS2_PLACEMENT_3D ( 'NONE', #8417, #270, #9293 ) ;
#2410 = ORIENTED_EDGE ( 'NONE', *, *, #6665, .F. ) ;
#2411 = DIRECTION ( 'NONE',  ( 0.000000000000000000, -1.000000000000000000, 0.000000000000000000 ) ) ;
#2412 = CIRCLE ( 'NONE', #3621, 0.2000000000000009548 ) ;
#2413 = DIRECTION ( 'NONE',  ( -0.9396926207859083169, 0.000000000000000000, 0.3420201433256692125 ) ) ;
#2414 = EDGE_CURVE ( 'NONE', #62, #8247, #3717, .T. ) ;
#2415 = VECTOR ( 'NONE', #4255, 1000.000000000000000 ) ;
#2416 = VECTOR ( 'NONE', #6571, 1000.000000000000000 ) ;
#2417 = ORIENTED_EDGE ( 'NONE', *, *, #5671, .F. ) ;
#2418 = DIRECTION ( 'NONE',  ( 0.000000000000000000, -0.7071067811865465735, 0.7071067811865483499 ) ) ;
#2419 = LINE ( 'NONE', #128, #4380 ) ;
#2420 = ORIENTED_EDGE ( 'NONE', *, *, #5327, .F. ) ;
#2421 = VECTOR ( 'NONE', #2451, 1000.000000000000000 ) ;
#2422 = EDGE_CURVE ( 'NONE', #7550, #8303, #4484, .T. ) ;
#2423 = CARTESIAN_POINT ( 'NONE',  ( -6.099999999999997868, -0.8500000000000011990, 2.425000000000000266 ) ) ;
#2424 = CARTESIAN_POINT ( 'NONE',  ( -10.19999999999999574, 12.80000000000000071, 5.025000000000002132 ) ) ;
#2425 = ADVANCED_FACE ( 'NONE', ( #1870 ), #358, .T. ) ;
#2426 = CARTESIAN_POINT ( 'NONE',  ( -7.824999999999991296, 1.400000000000001021, 4.025000000000000355 ) ) ;
#2427 = VERTEX_POINT ( 'NONE', #305 ) ;
#2428 = EDGE_CURVE ( 'NONE', #3302, #7055, #6492, .T. ) ;
#2429 = AXIS2_PLACEMENT_3D ( 'NONE', #594, #8030, #9834 ) ;
#2430 = VECTOR ( 'NONE', #74, 1000.000000000000000 ) ;
#2431 = ORIENTED_EDGE ( 'NONE', *, *, #8183, .T. ) ;
#2432 = DIRECTION ( 'NONE',  ( 0.5000000000000047740, 0.8660254037844359321, 0.000000000000000000 ) ) ;
#2433 = CARTESIAN_POINT ( 'NONE',  ( -6.099999999999992539, -1.887878387081804998, -5.650000000000002132 ) ) ;
#2434 = CARTESIAN_POINT ( 'NONE',  ( 5.200000000000002842, 0.000000000000000000, 4.025000000000000355 ) ) ;
#2435 = DIRECTION ( 'NONE',  ( 1.000000000000000000, 0.000000000000000000, 0.000000000000000000 ) ) ;
#2436 = VERTEX_POINT ( 'NONE', #7853 ) ;
#2437 = DIRECTION ( 'NONE',  ( 1.000000000000000000, -0.000000000000000000, -0.000000000000000000 ) ) ;
#2438 = ORIENTED_EDGE ( 'NONE', *, *, #10142, .T. ) ;
#2439 = ORIENTED_EDGE ( 'NONE', *, *, #4418, .F. ) ;
#2440 = DIRECTION ( 'NONE',  ( -0.000000000000000000, 0.000000000000000000, 1.000000000000000000 ) ) ;
#2441 = ORIENTED_EDGE ( 'NONE', *, *, #5999, .F. ) ;
#2442 = CARTESIAN_POINT ( 'NONE',  ( -2.575000000000000622, 11.90000000000000036, -5.024999999999999467 ) ) ;
#2443 = CARTESIAN_POINT ( 'NONE',  ( -10.20000000000000107, 7.299999999999996270, 5.375000000000000000 ) ) ;
#2444 = FACE_OUTER_BOUND ( 'NONE', #862, .T. ) ;
#2445 = LINE ( 'NONE', #8313, #8538 ) ;
#2446 = CARTESIAN_POINT ( 'NONE',  ( -9.199999999999997513, 12.28038475772934035, 3.825000000000001066 ) ) ;
#2447 = VERTEX_POINT ( 'NONE', #4370 ) ;
#2448 = EDGE_CURVE ( 'NONE', #7904, #4133, #251, .T. ) ;
#2449 = DIRECTION ( 'NONE',  ( -0.000000000000000000, -1.000000000000000000, -0.000000000000000000 ) ) ;
#2450 = CIRCLE ( 'NONE', #8523, 0.5000000000000000000 ) ;
#2451 = DIRECTION ( 'NONE',  ( -1.000000000000000000, 0.000000000000000000, 0.000000000000000000 ) ) ;
#2452 = AXIS2_PLACEMENT_3D ( 'NONE', #6404, #8908, #2272 ) ;
#2453 = ORIENTED_EDGE ( 'NONE', *, *, #777, .F. ) ;
#2454 = EDGE_LOOP ( 'NONE', ( #3217, #7759, #1610, #9938 ) ) ;
#2455 = DIRECTION ( 'NONE',  ( -1.000000000000000000, -0.000000000000000000, -0.000000000000000000 ) ) ;
#2456 = LINE ( 'NONE', #10632, #3015 ) ;
#2457 = DIRECTION ( 'NONE',  ( -3.016910393003151931E-15, 0.000000000000000000, -1.000000000000000000 ) ) ;
#2458 = FACE_OUTER_BOUND ( 'NONE', #969, .T. ) ;
#2459 = DIRECTION ( 'NONE',  ( 1.000000000000000000, -0.000000000000000000, 0.000000000000000000 ) ) ;
#2460 = ORIENTED_EDGE ( 'NONE', *, *, #3603, .T. ) ;
#2461 = ADVANCED_FACE ( 'NONE', ( #10261 ), #2791, .F. ) ;
#2462 = EDGE_CURVE ( 'NONE', #505, #9473, #4060, .T. ) ;
#2463 = CARTESIAN_POINT ( 'NONE',  ( 1.100000000000002087, 8.399999999999998579, 1.724999999999998979 ) ) ;
#2464 = LINE ( 'NONE', #9000, #5144 ) ;
#2465 = CARTESIAN_POINT ( 'NONE',  ( 8.950000000000002842, -0.8499999999999999778, -3.375000000000000000 ) ) ;
#2466 = VECTOR ( 'NONE', #4447, 1000.000000000000000 ) ;
#2467 = EDGE_CURVE ( 'NONE', #10067, #6259, #2850, .T. ) ;
#2468 = AXIS2_PLACEMENT_3D ( 'NONE', #7675, #1968, #2888 ) ;
#2469 = EDGE_LOOP ( 'NONE', ( #2797, #5067, #2654, #5175, #9258, #3298 ) ) ;
#2470 = CARTESIAN_POINT ( 'NONE',  ( 3.799999999999998046, -3.350000000000000977, 4.025000000000000355 ) ) ;
#2471 = CARTESIAN_POINT ( 'NONE',  ( 8.950000000000002842, -0.8500000000000009770, 2.924999999999999822 ) ) ;
#2472 = DIRECTION ( 'NONE',  ( -1.000000000000000000, 0.000000000000000000, 0.000000000000000000 ) ) ;
#2473 = AXIS2_PLACEMENT_3D ( 'NONE', #7563, #4297, #5984 ) ;
#2474 = FACE_OUTER_BOUND ( 'NONE', #440, .T. ) ;
#2475 = VECTOR ( 'NONE', #6832, 1000.000000000000000 ) ;
#2476 = VERTEX_POINT ( 'NONE', #3053 ) ;
#2477 = DIRECTION ( 'NONE',  ( -0.000000000000000000, -0.000000000000000000, 1.000000000000000000 ) ) ;
#2478 = VERTEX_POINT ( 'NONE', #5566 ) ;
#2479 = EDGE_CURVE ( 'NONE', #9877, #7166, #2950, .T. ) ;
#2480 = VECTOR ( 'NONE', #7851, 1000.000000000000000 ) ;
#2481 = VECTOR ( 'NONE', #4112, 1000.000000000000000 ) ;
#2482 = EDGE_CURVE ( 'NONE', #2704, #3879, #1325, .T. ) ;
#2483 = ADVANCED_FACE ( 'NONE', ( #3711 ), #5510, .F. ) ;
#2484 = VERTEX_POINT ( 'NONE', #6376 ) ;
#2485 = CARTESIAN_POINT ( 'NONE',  ( 0.1999999999999970690, 8.400000000000000355, -0.4750000000000014766 ) ) ;
#2486 = VECTOR ( 'NONE', #8048, 1000.000000000000000 ) ;
#2487 = CARTESIAN_POINT ( 'NONE',  ( 6.500000000000002665, 8.400000000000000355, 2.124999999999999112 ) ) ;
#2488 = FACE_OUTER_BOUND ( 'NONE', #7064, .T. ) ;
#2489 = VECTOR ( 'NONE', #6045, 1000.000000000000000 ) ;
#2490 =( NAMED_UNIT ( * ) PLANE_ANGLE_UNIT ( ) SI_UNIT ( $, .RADIAN. ) );
#2491 = VERTEX_POINT ( 'NONE', #6158 ) ;
#2492 = VECTOR ( 'NONE', #2027, 1000.000000000000000 ) ;
#2493 = AXIS2_PLACEMENT_3D ( 'NONE', #1814, #5128, #9432 ) ;
#2494 = DIRECTION ( 'NONE',  ( -0.000000000000000000, 1.000000000000000000, 0.000000000000000000 ) ) ;
#2495 = EDGE_CURVE ( 'NONE', #6372, #5686, #4584, .T. ) ;
#2496 = EDGE_LOOP ( 'NONE', ( #9554, #9919, #10039, #6528 ) ) ;
#2497 = EDGE_LOOP ( 'NONE', ( #6014, #6893, #2035, #3016 ) ) ;
#2498 = DIRECTION ( 'NONE',  ( -1.000000000000000000, 0.000000000000000000, 0.000000000000000000 ) ) ;
#2499 = AXIS2_PLACEMENT_3D ( 'NONE', #3983, #5625, #8993 ) ;
#2500 = ORIENTED_EDGE ( 'NONE', *, *, #7983, .F. ) ;
#2501 = FACE_OUTER_BOUND ( 'NONE', #8558, .T. ) ;
#2502 = CARTESIAN_POINT ( 'NONE',  ( -5.749999999999992895, -2.299999999999999822, 0.000000000000000000 ) ) ;
#2503 = FACE_OUTER_BOUND ( 'NONE', #6517, .T. ) ;
#2504 = FACE_OUTER_BOUND ( 'NONE', #6520, .T. ) ;
#2505 = CARTESIAN_POINT ( 'NONE',  ( -2.499999999999997780, 8.399999999999998579, 1.724999999999999423 ) ) ;
#2506 = ORIENTED_EDGE ( 'NONE', *, *, #8134, .T. ) ;
#2507 = DIRECTION ( 'NONE',  ( -1.000000000000000000, -0.000000000000000000, -0.000000000000000000 ) ) ;
#2508 = ORIENTED_EDGE ( 'NONE', *, *, #2803, .F. ) ;
#2509 = DIRECTION ( 'NONE',  ( 1.000000000000000000, 0.000000000000000000, 0.000000000000000000 ) ) ;
#2510 = ADVANCED_FACE ( 'NONE', ( #7251 ), #10416, .T. ) ;
#2511 = VERTEX_POINT ( 'NONE', #2843 ) ;
#2512 = ORIENTED_EDGE ( 'NONE', *, *, #9193, .F. ) ;
#2513 = DIRECTION ( 'NONE',  ( 0.000000000000000000, -1.000000000000000000, 0.000000000000000000 ) ) ;
#2514 = DIRECTION ( 'NONE',  ( -1.000000000000000000, -0.000000000000000000, -0.000000000000000000 ) ) ;
#2515 = DIRECTION ( 'NONE',  ( 0.5773502691896287287, 0.5773502691896247319, 0.5773502691896238437 ) ) ;
#2516 = CARTESIAN_POINT ( 'NONE',  ( 10.20000000000000284, -3.999999999999999112, -3.375000000000000444 ) ) ;
#2517 = CARTESIAN_POINT ( 'NONE',  ( -10.19999999999999574, 1.000000000000000888, 4.025000000000000355 ) ) ;
#2518 = VECTOR ( 'NONE', #8148, 1000.000000000000000 ) ;
#2519 = ORIENTED_EDGE ( 'NONE', *, *, #4639, .T. ) ;
#2520 = CARTESIAN_POINT ( 'NONE',  ( -3.400000000000003020, -3.350000000000000977, 4.025000000000000355 ) ) ;
#2521 = FACE_OUTER_BOUND ( 'NONE', #9629, .T. ) ;
#2522 = DIRECTION ( 'NONE',  ( -0.9396926207859083169, 0.3420201433256692125, -0.000000000000000000 ) ) ;
#2523 = VERTEX_POINT ( 'NONE', #7842 ) ;
#2524 = EDGE_CURVE ( 'NONE', #1011, #642, #7037, .T. ) ;
#2525 = DIRECTION ( 'NONE',  ( 0.000000000000000000, 0.000000000000000000, 1.000000000000000000 ) ) ;
#2526 = DIRECTION ( 'NONE',  ( -1.000000000000000000, 0.000000000000000000, 0.000000000000000000 ) ) ;
#2527 = CARTESIAN_POINT ( 'NONE',  ( -1.600000000000002531, -3.350000000000000977, 2.924999999999999822 ) ) ;
#2528 = CARTESIAN_POINT ( 'NONE',  ( -9.000000000000000000, 2.800000000000000266, -3.824999999999998401 ) ) ;
#2529 = ORIENTED_EDGE ( 'NONE', *, *, #1470, .T. ) ;
#2530 = DIRECTION ( 'NONE',  ( -0.000000000000000000, -0.000000000000000000, 1.000000000000000000 ) ) ;
#2531 = EDGE_CURVE ( 'NONE', #5195, #9169, #563, .T. ) ;
#2532 = ORIENTED_EDGE ( 'NONE', *, *, #5488, .T. ) ;
#2533 = ORIENTED_EDGE ( 'NONE', *, *, #9697, .F. ) ;
#2534 = EDGE_CURVE ( 'NONE', #8756, #9251, #6213, .T. ) ;
#2535 = EDGE_CURVE ( 'NONE', #9913, #6053, #9487, .T. ) ;
#2536 = CARTESIAN_POINT ( 'NONE',  ( 0.1999999999999970690, 0.000000000000000000, -0.4750000000000014766 ) ) ;
#2537 = VERTEX_POINT ( 'NONE', #8064 ) ;
#2538 = CARTESIAN_POINT ( 'NONE',  ( -3.074999999999998401, 0.000000000000000000, -4.824999999999999289 ) ) ;
#2539 = DIRECTION ( 'NONE',  ( 0.000000000000000000, 1.000000000000000000, 0.000000000000000000 ) ) ;
#2540 = EDGE_CURVE ( 'NONE', #4837, #2748, #8664, .T. ) ;
#2541 = VERTEX_POINT ( 'NONE', #7948 ) ;
#2542 = CARTESIAN_POINT ( 'NONE',  ( 2.574999999999999734, 10.50000000000000000, -5.024999999999999467 ) ) ;
#2543 = ORIENTED_EDGE ( 'NONE', *, *, #1460, .F. ) ;
#2544 = EDGE_CURVE ( 'NONE', #5354, #7155, #9702, .T. ) ;
#2545 = VECTOR ( 'NONE', #9478, 1000.000000000000000 ) ;
#2546 = ORIENTED_EDGE ( 'NONE', *, *, #2535, .T. ) ;
#2547 = PLANE ( 'NONE',  #10449 ) ;
#2548 = VERTEX_POINT ( 'NONE', #1433 ) ;
#2549 = DIRECTION ( 'NONE',  ( 0.000000000000000000, 0.000000000000000000, -1.000000000000000000 ) ) ;
#2550 = DIRECTION ( 'NONE',  ( -2.241244801003626445E-16, 0.000000000000000000, -1.000000000000000000 ) ) ;
#2551 = DIRECTION ( 'NONE',  ( -0.000000000000000000, -1.000000000000000000, -0.000000000000000000 ) ) ;
#2552 = DIRECTION ( 'NONE',  ( -0.000000000000000000, -0.000000000000000000, 1.000000000000000000 ) ) ;
#2553 = ADVANCED_FACE ( 'NONE', ( #3762 ), #9595, .T. ) ;
#2554 = CARTESIAN_POINT ( 'NONE',  ( -1.100000000000002087, -3.750000000000001332, 0.2249999999999999500 ) ) ;
#2555 = ORIENTED_EDGE ( 'NONE', *, *, #5658, .F. ) ;
#2556 = EDGE_CURVE ( 'NONE', #10437, #7761, #1378, .T. ) ;
#2557 = VECTOR ( 'NONE', #10604, 1000.000000000000000 ) ;
#2558 = CARTESIAN_POINT ( 'NONE',  ( -0.1999999999999970690, 2.800000000000000266, 3.825000000000001066 ) ) ;
#2559 = EDGE_LOOP ( 'NONE', ( #191, #1110, #10159, #8798 ) ) ;
#2560 = LINE ( 'NONE', #4241, #10271 ) ;
#2561 = VERTEX_POINT ( 'NONE', #4632 ) ;
#2562 = ORIENTED_EDGE ( 'NONE', *, *, #9871, .F. ) ;
#2563 = DIRECTION ( 'NONE',  ( 1.000000000000000000, 0.000000000000000000, 0.000000000000000000 ) ) ;
#2564 = CIRCLE ( 'NONE', #2045, 0.2000000000000009548 ) ;
#2565 = FACE_OUTER_BOUND ( 'NONE', #3163, .T. ) ;
#2566 = CARTESIAN_POINT ( 'NONE',  ( 5.200000000000002842, 2.800000000000000266, 3.825000000000001066 ) ) ;
#2567 = DIRECTION ( 'NONE',  ( -0.000000000000000000, -0.000000000000000000, 1.000000000000000000 ) ) ;
#2568 = CARTESIAN_POINT ( 'NONE',  ( 2.992223812151944440, 6.657776187848108762, -3.675000000000001155 ) ) ;
#2569 = EDGE_LOOP ( 'NONE', ( #8167, #6843, #10616, #10559 ) ) ;
#2570 = CARTESIAN_POINT ( 'NONE',  ( -5.599999999999996980, 3.469446951953614189E-15, 1.724999999999999645 ) ) ;
#2571 = DIRECTION ( 'NONE',  ( 0.000000000000000000, 0.000000000000000000, -1.000000000000000000 ) ) ;
#2572 = VECTOR ( 'NONE', #3876, 1000.000000000000000 ) ;
#2573 = DIRECTION ( 'NONE',  ( -0.000000000000000000, -0.000000000000000000, -1.000000000000000000 ) ) ;
#2574 = ORIENTED_EDGE ( 'NONE', *, *, #6462, .T. ) ;
#2575 = CARTESIAN_POINT ( 'NONE',  ( 7.980000000000004867, 12.28038475772934035, -2.875000000000002665 ) ) ;
#2576 = DIRECTION ( 'NONE',  ( -0.000000000000000000, -1.000000000000000000, -0.000000000000000000 ) ) ;
#2577 = DIRECTION ( 'NONE',  ( -0.7071067811865505703, -0.000000000000000000, -0.7071067811865444641 ) ) ;
#2578 = CARTESIAN_POINT ( 'NONE',  ( -8.929436897598101552, 6.278022880801767514, -3.025000000000001243 ) ) ;
#2579 = ORIENTED_EDGE ( 'NONE', *, *, #164, .F. ) ;
#2580 = LINE ( 'NONE', #9219, #5941 ) ;
#2581 = CIRCLE ( 'NONE', #8138, 0.1999999999999996503 ) ;
#2582 =( REPRESENTATION_RELATIONSHIP ('NONE','NONE', #8135, #7031 ) REPRESENTATION_RELATIONSHIP_WITH_TRANSFORMATION ( #3459 )SHAPE_REPRESENTATION_RELATIONSHIP( ) );
#2583 = ORIENTED_EDGE ( 'NONE', *, *, #6339, .F. ) ;
#2584 = ORIENTED_EDGE ( 'NONE', *, *, #1853, .F. ) ;
#2585 = ADVANCED_FACE ( 'NONE', ( #3818 ), #3003, .T. ) ;
#2586 = VECTOR ( 'NONE', #9189, 1000.000000000000000 ) ;
#2587 = EDGE_LOOP ( 'NONE', ( #1343, #9222, #3023, #9634 ) ) ;
#2588 = CIRCLE ( 'NONE', #4321, 0.2999999999999999334 ) ;
#2589 = LINE ( 'NONE', #5904, #4216 ) ;
#2590 = ORIENTED_EDGE ( 'NONE', *, *, #8000, .F. ) ;
#2591 = LINE ( 'NONE', #2487, #7593 ) ;
#2592 = VECTOR ( 'NONE', #7604, 1000.000000000000000 ) ;
#2593 = ORIENTED_EDGE ( 'NONE', *, *, #6363, .T. ) ;
#2594 = EDGE_CURVE ( 'NONE', #3304, #10542, #623, .T. ) ;
#2595 = EDGE_CURVE ( 'NONE', #10483, #3831, #9270, .T. ) ;
#2596 = CARTESIAN_POINT ( 'NONE',  ( 0.6999999999999975131, -3.350000000000000977, 2.924999999999999822 ) ) ;
#2597 = AXIS2_PLACEMENT_3D ( 'NONE', #1917, #1114, #7740 ) ;
#2598 = ORIENTED_EDGE ( 'NONE', *, *, #4162, .F. ) ;
#2599 = EDGE_CURVE ( 'NONE', #10128, #2215, #672, .T. ) ;
#2600 = ORIENTED_EDGE ( 'NONE', *, *, #2955, .F. ) ;
#2601 = CARTESIAN_POINT ( 'NONE',  ( 7.000000000000002665, 8.400000000000000355, 1.724999999999998979 ) ) ;
#2602 = ORIENTED_EDGE ( 'NONE', *, *, #641, .T. ) ;
#2603 = DIRECTION ( 'NONE',  ( 1.000000000000000000, -0.000000000000000000, 0.000000000000000000 ) ) ;
#2604 = PLANE ( 'NONE',  #10068 ) ;
#2605 = LINE ( 'NONE', #7658, #146 ) ;
#2606 = FACE_OUTER_BOUND ( 'NONE', #3164, .T. ) ;
#2607 = ORIENTED_EDGE ( 'NONE', *, *, #1815, .F. ) ;
#2608 = CARTESIAN_POINT ( 'NONE',  ( 10.20000000000000462, 2.599999999999994760, 5.024999999999999467 ) ) ;
#2609 = EDGE_LOOP ( 'NONE', ( #4778, #10567, #6023, #2136 ) ) ;
#2610 = EDGE_CURVE ( 'NONE', #779, #7024, #728, .T. ) ;
#2611 = EDGE_CURVE ( 'NONE', #5232, #3672, #2456, .T. ) ;
#2612 = LINE ( 'NONE', #5926, #8011 ) ;
#2613 = ORIENTED_EDGE ( 'NONE', *, *, #9329, .F. ) ;
#2614 = ORIENTED_EDGE ( 'NONE', *, *, #9096, .T. ) ;
#2615 = CARTESIAN_POINT ( 'NONE',  ( 8.950000000000002842, -1.574999999999999512, 7.875000000000000000 ) ) ;
#2616 = CARTESIAN_POINT ( 'NONE',  ( -3.575000000000000178, 10.50000000000000000, -3.025000000000001243 ) ) ;
#2617 = CARTESIAN_POINT ( 'NONE',  ( 6.500000000000002665, 2.800000000000002043, 1.724999999999998979 ) ) ;
#2618 = LINE ( 'NONE', #7566, #9153 ) ;
#2619 = DIRECTION ( 'NONE',  ( 0.000000000000000000, 0.000000000000000000, -1.000000000000000000 ) ) ;
#2620 = ORIENTED_EDGE ( 'NONE', *, *, #3134, .F. ) ;
#2621 = DIRECTION ( 'NONE',  ( -0.000000000000000000, -0.000000000000000000, 1.000000000000000000 ) ) ;
#2622 = VECTOR ( 'NONE', #1727, 1000.000000000000000 ) ;
#2623 = DIRECTION ( 'NONE',  ( -0.000000000000000000, 0.000000000000000000, 1.000000000000000000 ) ) ;
#2624 = DIRECTION ( 'NONE',  ( -1.000000000000000000, 0.000000000000000000, 2.241244801003626445E-16 ) ) ;
#2625 = ORIENTED_EDGE ( 'NONE', *, *, #6939, .T. ) ;
#2626 = LINE ( 'NONE', #10087, #4738 ) ;
#2627 = DIRECTION ( 'NONE',  ( 0.000000000000000000, 0.000000000000000000, 1.000000000000000000 ) ) ;
#2628 = VECTOR ( 'NONE', #8192, 1000.000000000000000 ) ;
#2629 = CARTESIAN_POINT ( 'NONE',  ( -0.1999999999999970690, 0.000000000000000000, 0.000000000000000000 ) ) ;
#2630 = CARTESIAN_POINT ( 'NONE',  ( 8.950000000000002842, 0.000000000000000000, 2.925000000000000711 ) ) ;
#2631 = ORIENTED_EDGE ( 'NONE', *, *, #2851, .F. ) ;
#2632 = CARTESIAN_POINT ( 'NONE',  ( 1.600000000000002531, -0.8500000000000011990, 4.025000000000000355 ) ) ;
#2633 = ORIENTED_EDGE ( 'NONE', *, *, #3406, .F. ) ;
#2634 = ORIENTED_EDGE ( 'NONE', *, *, #2462, .T. ) ;
#2635 = CARTESIAN_POINT ( 'NONE',  ( -2.750000000000000000, 0.9155523756961149173, -3.675000000000001155 ) ) ;
#2636 = ORIENTED_EDGE ( 'NONE', *, *, #4456, .T. ) ;
#2637 = AXIS2_PLACEMENT_3D ( 'NONE', #5113, #6862, #9636 ) ;
#2638 = LINE ( 'NONE', #5957, #2475 ) ;
#2639 = DIRECTION ( 'NONE',  ( 0.000000000000000000, -1.000000000000000000, 0.000000000000000000 ) ) ;
#2640 = CIRCLE ( 'NONE', #8723, 0.3000000000000003775 ) ;
#2641 = VERTEX_POINT ( 'NONE', #2301 ) ;
#2642 = EDGE_CURVE ( 'NONE', #7680, #1728, #9814, .T. ) ;
#2643 = LINE ( 'NONE', #257, #4820 ) ;
#2644 = ORIENTED_EDGE ( 'NONE', *, *, #10461, .F. ) ;
#2645 = VECTOR ( 'NONE', #8491, 1000.000000000000000 ) ;
#2646 = CARTESIAN_POINT ( 'NONE',  ( -3.799999999999997602, -1.250000000000001332, 4.025000000000000355 ) ) ;
#2647 = VECTOR ( 'NONE', #6005, 1000.000000000000000 ) ;
#2648 = PLANE ( 'NONE',  #5189 ) ;
#2649 = ORIENTED_EDGE ( 'NONE', *, *, #10520, .F. ) ;
#2650 = ORIENTED_EDGE ( 'NONE', *, *, #1994, .T. ) ;
#2651 = DIRECTION ( 'NONE',  ( 1.000000000000000000, 0.000000000000000000, 0.000000000000000000 ) ) ;
#2652 = VECTOR ( 'NONE', #4258, 1000.000000000000000 ) ;
#2653 = ADVANCED_FACE ( 'NONE', ( #4960 ), #4800, .T. ) ;
#2654 = ORIENTED_EDGE ( 'NONE', *, *, #7564, .F. ) ;
#2655 = LINE ( 'NONE', #9343, #760 ) ;
#2656 = DIRECTION ( 'NONE',  ( 1.156482317317871725E-15, -1.000000000000000000, 0.000000000000000000 ) ) ;
#2657 = VECTOR ( 'NONE', #5458, 1000.000000000000000 ) ;
#2658 = DIRECTION ( 'NONE',  ( 0.000000000000000000, -1.000000000000000000, 0.000000000000000000 ) ) ;
#2659 = ORIENTED_EDGE ( 'NONE', *, *, #4876, .F. ) ;
#2660 = VECTOR ( 'NONE', #9652, 1000.000000000000000 ) ;
#2661 = LINE ( 'NONE', #5976, #3705 ) ;
#2662 = CIRCLE ( 'NONE', #1977, 0.3000000000000003775 ) ;
#2663 = VERTEX_POINT ( 'NONE', #3320 ) ;
#2664 = CARTESIAN_POINT ( 'NONE',  ( -0.6999999999999975131, 2.800000000000000266, 3.825000000000001066 ) ) ;
#2665 = EDGE_CURVE ( 'NONE', #2663, #8753, #10689, .T. ) ;
#2666 = EDGE_LOOP ( 'NONE', ( #8820, #3401, #4783, #8625 ) ) ;
#2667 = ORIENTED_EDGE ( 'NONE', *, *, #3719, .T. ) ;
#2668 = EDGE_CURVE ( 'NONE', #5021, #186, #6536, .T. ) ;
#2669 = CARTESIAN_POINT ( 'NONE',  ( 1.935000000000000053, 7.099999999999999645, 1.540689534999236443 ) ) ;
#2670 = CARTESIAN_POINT ( 'NONE',  ( 3.075000000000000622, 2.600000000000001421, -4.225000000000004974 ) ) ;
#2671 = FACE_OUTER_BOUND ( 'NONE', #1068, .T. ) ;
#2672 = DIRECTION ( 'NONE',  ( 0.000000000000000000, 0.000000000000000000, -1.000000000000000000 ) ) ;
#2673 = DIRECTION ( 'NONE',  ( 0.000000000000000000, 0.000000000000000000, 1.000000000000000000 ) ) ;
#2674 = ORIENTED_EDGE ( 'NONE', *, *, #1857, .F. ) ;
#2675 = EDGE_CURVE ( 'NONE', #4198, #493, #6588, .T. ) ;
#2676 = DIRECTION ( 'NONE',  ( 0.000000000000000000, 1.000000000000000000, 0.000000000000000000 ) ) ;
#2677 = DIRECTION ( 'NONE',  ( 0.000000000000000000, 1.000000000000000000, 0.000000000000000000 ) ) ;
#2678 = CARTESIAN_POINT ( 'NONE',  ( -6.099999999999990763, 3.250000000000000000, 3.599999999999999201 ) ) ;
#2679 = ORIENTED_EDGE ( 'NONE', *, *, #2008, .T. ) ;
#2680 = DIRECTION ( 'NONE',  ( 0.000000000000000000, 0.000000000000000000, -1.000000000000000000 ) ) ;
#2681 = PLANE ( 'NONE',  #1620 ) ;
#2682 = CARTESIAN_POINT ( 'NONE',  ( 0.000000000000000000, 0.000000000000000000, -0.07500000000000128786 ) ) ;
#2683 = DIRECTION ( 'NONE',  ( 0.000000000000000000, 0.000000000000000000, 1.000000000000000000 ) ) ;
#2684 = ORIENTED_EDGE ( 'NONE', *, *, #6504, .T. ) ;
#2685 = EDGE_CURVE ( 'NONE', #8244, #789, #5726, .T. ) ;
#2686 = EDGE_LOOP ( 'NONE', ( #4704, #2602, #10466, #5974 ) ) ;
#2687 = ORIENTED_EDGE ( 'NONE', *, *, #2524, .T. ) ;
#2688 = LINE ( 'NONE', #5243, #3885 ) ;
#2689 = ORIENTED_EDGE ( 'NONE', *, *, #948, .T. ) ;
#2690 = DIRECTION ( 'NONE',  ( 0.6804510993672774344, 0.7327934916262994758, -1.017581462350554634E-16 ) ) ;
#2691 = DIRECTION ( 'NONE',  ( -0.000000000000000000, -0.000000000000000000, 1.000000000000000000 ) ) ;
#2692 = ORIENTED_EDGE ( 'NONE', *, *, #7105, .F. ) ;
#2693 = DIRECTION ( 'NONE',  ( 1.000000000000000000, 0.000000000000000000, 0.000000000000000000 ) ) ;
#2694 = EDGE_LOOP ( 'NONE', ( #8206, #1898, #303, #1339 ) ) ;
#2695 = FACE_OUTER_BOUND ( 'NONE', #4089, .T. ) ;
#2696 = ORIENTED_EDGE ( 'NONE', *, *, #9237, .T. ) ;
#2697 = EDGE_LOOP ( 'NONE', ( #5549, #6308, #8898, #7573 ) ) ;
#2698 = DIRECTION ( 'NONE',  ( -1.000000000000000000, -0.000000000000000000, -0.000000000000000000 ) ) ;
#2699 = ORIENTED_EDGE ( 'NONE', *, *, #9176, .F. ) ;
#2700 = DIRECTION ( 'NONE',  ( -0.5000000000000021094, -0.8660254037844374864, 0.000000000000000000 ) ) ;
#2701 = CARTESIAN_POINT ( 'NONE',  ( 8.950000000000002842, -1.250000000000001110, 2.924999999999999822 ) ) ;
#2702 = DIRECTION ( 'NONE',  ( 0.000000000000000000, 0.000000000000000000, -1.000000000000000000 ) ) ;
#2703 = CARTESIAN_POINT ( 'NONE',  ( 9.574999999999993960, 1.000000000000003331, 4.825000000000007283 ) ) ;
#2704 = VERTEX_POINT ( 'NONE', #6431 ) ;
#2705 = EDGE_LOOP ( 'NONE', ( #8637, #830, #1685, #2590 ) ) ;
#2706 = AXIS2_PLACEMENT_3D ( 'NONE', #3813, #10519, #5503 ) ;
#2707 = EDGE_CURVE ( 'NONE', #3879, #7929, #9045, .T. ) ;
#2708 = CARTESIAN_POINT ( 'NONE',  ( -5.599999999999996980, 2.800000000000000266, 1.724999999999999867 ) ) ;
#2709 = ORIENTED_EDGE ( 'NONE', *, *, #10657, .T. ) ;
#2710 = LINE ( 'NONE', #6029, #3800 ) ;
#2711 = ORIENTED_EDGE ( 'NONE', *, *, #6260, .F. ) ;
#2712 = ORIENTED_EDGE ( 'NONE', *, *, #9383, .T. ) ;
#2713 = DIRECTION ( 'NONE',  ( 1.000000000000000000, 0.000000000000000000, 0.000000000000000000 ) ) ;
#2714 = LINE ( 'NONE', #1847, #3337 ) ;
#2715 = CARTESIAN_POINT ( 'NONE',  ( -5.200000000000002842, -3.750000000000001332, 4.025000000000000355 ) ) ;
#2716 = LINE ( 'NONE', #3701, #7242 ) ;
#2717 = LINE ( 'NONE', #3485, #8310 ) ;
#2718 = AXIS2_PLACEMENT_3D ( 'NONE', #511, #6329, #8774 ) ;
#2719 = ORIENTED_EDGE ( 'NONE', *, *, #8632, .F. ) ;
#2720 = CARTESIAN_POINT ( 'NONE',  ( 2.499999999999996891, -3.750000000000001332, 0.2249999999999999500 ) ) ;
#2721 = EDGE_CURVE ( 'NONE', #5030, #1174, #1643, .T. ) ;
#2722 = DIRECTION ( 'NONE',  ( -1.000000000000000000, 0.000000000000000000, -0.000000000000000000 ) ) ;
#2723 = ADVANCED_FACE ( 'NONE', ( #10576 ), #4037, .T. ) ;
#2724 = LINE ( 'NONE', #6042, #293 ) ;
#2725 = VECTOR ( 'NONE', #8360, 1000.000000000000000 ) ;
#2726 = VERTEX_POINT ( 'NONE', #5773 ) ;
#2727 = EDGE_CURVE ( 'NONE', #10399, #1253, #10, .T. ) ;
#2728 = CARTESIAN_POINT ( 'NONE',  ( -6.099999999999990763, 3.250000000000000000, 3.187878387081809262 ) ) ;
#2729 = LINE ( 'NONE', #1051, #8031 ) ;
#2730 = CARTESIAN_POINT ( 'NONE',  ( -6.999999999999995559, 5.849999999999999645, 3.600000000000000977 ) ) ;
#2731 = DIRECTION ( 'NONE',  ( -1.000000000000000000, 0.000000000000000000, 8.673617379884035472E-16 ) ) ;
#2732 = CARTESIAN_POINT ( 'NONE',  ( 2.750000000000000000, 0.9155523756961149173, -3.025000000000001243 ) ) ;
#2733 = ORIENTED_EDGE ( 'NONE', *, *, #8713, .F. ) ;
#2734 = VERTEX_POINT ( 'NONE', #5827 ) ;
#2735 = LINE ( 'NONE', #3557, #467 ) ;
#2736 = VECTOR ( 'NONE', #2096, 1000.000000000000000 ) ;
#2737 = DIRECTION ( 'NONE',  ( -1.000000000000000000, 0.000000000000000000, -0.000000000000000000 ) ) ;
#2738 = ADVANCED_FACE ( 'NONE', ( #8114 ), #4091, .T. ) ;
#2739 = VERTEX_POINT ( 'NONE', #7409 ) ;
#2740 = EDGE_CURVE ( 'NONE', #10214, #3099, #2662, .T. ) ;
#2741 = DIRECTION ( 'NONE',  ( -0.000000000000000000, -0.000000000000000000, -1.000000000000000000 ) ) ;
#2742 = EDGE_CURVE ( 'NONE', #2381, #10375, #9148, .T. ) ;
#2743 = CARTESIAN_POINT ( 'NONE',  ( -9.574999999999993960, 1.000000000000000888, 4.025000000000000355 ) ) ;
#2744 = ORIENTED_EDGE ( 'NONE', *, *, #8589, .T. ) ;
#2745 = DIRECTION ( 'NONE',  ( -0.000000000000000000, 0.000000000000000000, 1.000000000000000000 ) ) ;
#2746 = CARTESIAN_POINT ( 'NONE',  ( 7.383261563334482247, 12.44794064507879661, -2.471738436665533722 ) ) ;
#2747 = EDGE_CURVE ( 'NONE', #85, #4797, #5930, .T. ) ;
#2748 = VERTEX_POINT ( 'NONE', #9253 ) ;
#2749 = VECTOR ( 'NONE', #6476, 1000.000000000000000 ) ;
#2750 = PLANE ( 'NONE',  #1552 ) ;
#2751 = VERTEX_POINT ( 'NONE', #5881 ) ;
#2752 = VERTEX_POINT ( 'NONE', #8427 ) ;
#2753 = CARTESIAN_POINT ( 'NONE',  ( -5.200000000000002842, 0.000000000000000000, 4.025000000000000355 ) ) ;
#2754 = VECTOR ( 'NONE', #10272, 1000.000000000000000 ) ;
#2755 = VECTOR ( 'NONE', #494, 1000.000000000000000 ) ;
#2756 = EDGE_LOOP ( 'NONE', ( #2382, #10109, #7438, #3738 ) ) ;
#2757 = DIRECTION ( 'NONE',  ( 0.000000000000000000, 0.000000000000000000, 1.000000000000000000 ) ) ;
#2758 = FACE_OUTER_BOUND ( 'NONE', #1132, .T. ) ;
#2759 = LINE ( 'NONE', #7553, #6403 ) ;
#2760 = LINE ( 'NONE', #2703, #2466 ) ;
#2761 = ORIENTED_EDGE ( 'NONE', *, *, #491, .T. ) ;
#2762 = ORIENTED_EDGE ( 'NONE', *, *, #3145, .T. ) ;
#2763 = VECTOR ( 'NONE', #856, 1000.000000000000000 ) ;
#2764 = FACE_OUTER_BOUND ( 'NONE', #9946, .T. ) ;
#2765 = ORIENTED_EDGE ( 'NONE', *, *, #4400, .F. ) ;
#2766 = VECTOR ( 'NONE', #4047, 1000.000000000000000 ) ;
#2767 = DIRECTION ( 'NONE',  ( -0.000000000000000000, 1.000000000000000000, -0.000000000000000000 ) ) ;
#2768 = ORIENTED_EDGE ( 'NONE', *, *, #8200, .T. ) ;
#2769 = ORIENTED_EDGE ( 'NONE', *, *, #7564, .T. ) ;
#2770 = DIRECTION ( 'NONE',  ( 0.000000000000000000, 0.000000000000000000, -1.000000000000000000 ) ) ;
#2771 = CARTESIAN_POINT ( 'NONE',  ( 2.235000000000000764, 10.05000000000000071, -2.375000000000000444 ) ) ;
#2772 = ADVANCED_FACE ( 'NONE', ( #1745 ), #10182, .F. ) ;
#2773 = CARTESIAN_POINT ( 'NONE',  ( 3.075000000000000622, 2.600000000000001421, -4.225000000000004974 ) ) ;
#2774 = PLANE ( 'NONE',  #10725 ) ;
#2775 = DIRECTION ( 'NONE',  ( -1.000000000000000000, 0.000000000000000000, 0.000000000000000000 ) ) ;
#2776 = VERTEX_POINT ( 'NONE', #2616 ) ;
#2777 = CARTESIAN_POINT ( 'NONE',  ( -9.000000000000000000, 12.28038475772934035, -4.024999999999999467 ) ) ;
#2778 = CARTESIAN_POINT ( 'NONE',  ( -1.600000000000002531, 0.000000000000000000, -0.4750000000000014766 ) ) ;
#2779 = FACE_OUTER_BOUND ( 'NONE', #4635, .T. ) ;
#2780 = VERTEX_POINT ( 'NONE', #6088 ) ;
#2781 = LINE ( 'NONE', #4307, #7358 ) ;
#2782 = FACE_OUTER_BOUND ( 'NONE', #7634, .T. ) ;
#2783 = ADVANCED_FACE ( 'NONE', ( #2565 ), #983, .F. ) ;
#2784 = CARTESIAN_POINT ( 'NONE',  ( -9.000000000000000000, 12.80000000000000071, -4.325000000000001066 ) ) ;
#2785 = DIRECTION ( 'NONE',  ( 0.000000000000000000, 0.000000000000000000, -1.000000000000000000 ) ) ;
#2786 = EDGE_CURVE ( 'NONE', #3740, #4988, #4900, .T. ) ;
#2787 = CARTESIAN_POINT ( 'NONE',  ( 4.700000000000002842, -0.8500000000000011990, 4.025000000000000355 ) ) ;
#2788 = EDGE_LOOP ( 'NONE', ( #710, #6718, #6733, #3980 ) ) ;
#2789 = VERTEX_POINT ( 'NONE', #228 ) ;
#2790 = FACE_OUTER_BOUND ( 'NONE', #2705, .T. ) ;
#2791 = PLANE ( 'NONE',  #4402 ) ;
#2792 = EDGE_CURVE ( 'NONE', #9242, #6105, #7616, .T. ) ;
#2793 = ORIENTED_EDGE ( 'NONE', *, *, #9039, .F. ) ;
#2794 = VECTOR ( 'NONE', #10715, 1000.000000000000000 ) ;
#2795 = CARTESIAN_POINT ( 'NONE',  ( -8.249999999999996447, 7.299999999999997158, 5.375000000000000000 ) ) ;
#2796 = CARTESIAN_POINT ( 'NONE',  ( -6.649999999999995914, 5.849999999999999645, 3.600000000000000977 ) ) ;
#2797 = ORIENTED_EDGE ( 'NONE', *, *, #3252, .T. ) ;
#2798 = ADVANCED_FACE ( 'NONE', ( #937 ), #172, .F. ) ;
#2799 = DIRECTION ( 'NONE',  ( -0.000000000000000000, 0.000000000000000000, 1.000000000000000000 ) ) ;
#2800 = EDGE_CURVE ( 'NONE', #280, #2776, #3482, .T. ) ;
#2801 = DIRECTION ( 'NONE',  ( -0.000000000000000000, -0.000000000000000000, -1.000000000000000000 ) ) ;
#2802 = ORIENTED_EDGE ( 'NONE', *, *, #808, .T. ) ;
#2803 = EDGE_CURVE ( 'NONE', #8654, #4449, #6803, .T. ) ;
#2804 = EDGE_CURVE ( 'NONE', #8414, #7376, #9413, .T. ) ;
#2805 = LINE ( 'NONE', #7161, #9889 ) ;
#2806 = ORIENTED_EDGE ( 'NONE', *, *, #8089, .T. ) ;
#2807 = VECTOR ( 'NONE', #7569, 1000.000000000000000 ) ;
#2808 = ORIENTED_EDGE ( 'NONE', *, *, #5793, .F. ) ;
#2809 = LINE ( 'NONE', #2753, #7836 ) ;
#2810 = ORIENTED_EDGE ( 'NONE', *, *, #1563, .F. ) ;
#2811 = LINE ( 'NONE', #9676, #1348 ) ;
#2812 = EDGE_CURVE ( 'NONE', #493, #4551, #4723, .T. ) ;
#2813 = SURFACE_STYLE_FILL_AREA ( #6185 ) ;
#2814 = CARTESIAN_POINT ( 'NONE',  ( -9.199999999999997513, 4.799999999999998046, 5.025000000000001243 ) ) ;
#2815 = VECTOR ( 'NONE', #5760, 1000.000000000000000 ) ;
#2816 = VERTEX_POINT ( 'NONE', #2771 ) ;
#2817 = ORIENTED_EDGE ( 'NONE', *, *, #1473, .T. ) ;
#2818 = VECTOR ( 'NONE', #10321, 1000.000000000000000 ) ;
#2819 = EDGE_CURVE ( 'NONE', #6413, #9837, #1150, .T. ) ;
#2820 = DIRECTION ( 'NONE',  ( 1.000000000000000000, 0.000000000000000000, 0.000000000000000000 ) ) ;
#2821 = VECTOR ( 'NONE', #2691, 1000.000000000000000 ) ;
#2822 = ORIENTED_EDGE ( 'NONE', *, *, #1295, .F. ) ;
#2823 = VECTOR ( 'NONE', #1532, 1000.000000000000000 ) ;
#2824 = CARTESIAN_POINT ( 'NONE',  ( 7.625000000000000000, 1.599999999999995204, 5.024999999999999467 ) ) ;
#2825 = VECTOR ( 'NONE', #1097, 999.9999999999998863 ) ;
#2826 = ORIENTED_EDGE ( 'NONE', *, *, #4985, .F. ) ;
#2827 = ORIENTED_EDGE ( 'NONE', *, *, #1342, .T. ) ;
#2828 = CARTESIAN_POINT ( 'NONE',  ( -1.999999999999997335, -0.8500000000000011990, 2.924999999999999822 ) ) ;
#2829 = DIRECTION ( 'NONE',  ( -1.000000000000000000, 0.000000000000000000, 0.000000000000000000 ) ) ;
#2830 = VECTOR ( 'NONE', #2907, 1000.000000000000000 ) ;
#2831 = PLANE ( 'NONE',  #2056 ) ;
#2832 = DIRECTION ( 'NONE',  ( -1.000000000000000000, 0.000000000000000000, -0.000000000000000000 ) ) ;
#2833 = DIRECTION ( 'NONE',  ( 0.000000000000000000, 1.000000000000000000, 0.000000000000000000 ) ) ;
#2834 = EDGE_LOOP ( 'NONE', ( #7826, #1118, #7859, #880 ) ) ;
#2835 = VECTOR ( 'NONE', #1220, 1000.000000000000000 ) ;
#2836 = DIRECTION ( 'NONE',  ( 1.000000000000000000, -0.000000000000000000, 0.000000000000000000 ) ) ;
#2837 = VECTOR ( 'NONE', #5872, 1000.000000000000000 ) ;
#2838 = LINE ( 'NONE', #5292, #3292 ) ;
#2839 = LINE ( 'NONE', #5992, #5142 ) ;
#2840 = ORIENTED_EDGE ( 'NONE', *, *, #6253, .F. ) ;
#2841 = LINE ( 'NONE', #9541, #2657 ) ;
#2842 = FACE_BOUND ( 'NONE', #225, .T. ) ;
#2843 = CARTESIAN_POINT ( 'NONE',  ( 3.075000000000003286, 0.000000000000000000, -4.824999999999999289 ) ) ;
#2844 = PLANE ( 'NONE',  #5557 ) ;
#2845 = CARTESIAN_POINT ( 'NONE',  ( 6.500000000000002665, 0.000000000000000000, 1.724999999999998979 ) ) ;
#2846 = FACE_OUTER_BOUND ( 'NONE', #5716, .T. ) ;
#2847 = ORIENTED_EDGE ( 'NONE', *, *, #2862, .T. ) ;
#2848 = ORIENTED_EDGE ( 'NONE', *, *, #755, .F. ) ;
#2849 = LINE ( 'NONE', #7096, #748 ) ;
#2850 = LINE ( 'NONE', #508, #10500 ) ;
#2851 = EDGE_CURVE ( 'NONE', #2751, #7536, #2714, .T. ) ;
#2852 = ORIENTED_EDGE ( 'NONE', *, *, #1563, .T. ) ;
#2853 = FACE_OUTER_BOUND ( 'NONE', #10445, .T. ) ;
#2854 = DIRECTION ( 'NONE',  ( 0.000000000000000000, -0.000000000000000000, 1.000000000000000000 ) ) ;
#2855 = VERTEX_POINT ( 'NONE', #1961 ) ;
#2856 = EDGE_CURVE ( 'NONE', #5650, #574, #5221, .T. ) ;
#2857 = LINE ( 'NONE', #6172, #4132 ) ;
#2858 = DIRECTION ( 'NONE',  ( -0.000000000000000000, 0.000000000000000000, 1.000000000000000000 ) ) ;
#2859 = ORIENTED_EDGE ( 'NONE', *, *, #3075, .T. ) ;
#2860 = EDGE_CURVE ( 'NONE', #2225, #4721, #5166, .T. ) ;
#2861 = DIRECTION ( 'NONE',  ( -0.000000000000000000, -0.000000000000000000, 1.000000000000000000 ) ) ;
#2862 = EDGE_CURVE ( 'NONE', #3565, #10367, #3587, .T. ) ;
#2863 = ORIENTED_EDGE ( 'NONE', *, *, #5732, .T. ) ;
#2864 = EDGE_LOOP ( 'NONE', ( #5649, #4243, #5886, #5111 ) ) ;
#2865 = CARTESIAN_POINT ( 'NONE',  ( -6.500000000000002665, 2.800000000000000266, 3.825000000000001066 ) ) ;
#2866 = EDGE_CURVE ( 'NONE', #3910, #10124, #6750, .T. ) ;
#2867 = ORIENTED_EDGE ( 'NONE', *, *, #1367, .T. ) ;
#2868 = DIRECTION ( 'NONE',  ( -2.267612386897787377E-16, 0.000000000000000000, -1.000000000000000000 ) ) ;
#2869 = CARTESIAN_POINT ( 'NONE',  ( 0.1999999999999970690, 8.400000000000000355, -0.07500000000000128786 ) ) ;
#2870 = DIRECTION ( 'NONE',  ( 0.000000000000000000, 0.000000000000000000, 1.000000000000000000 ) ) ;
#2871 = DIRECTION ( 'NONE',  ( 0.000000000000000000, 0.000000000000000000, -1.000000000000000000 ) ) ;
#2872 = ORIENTED_EDGE ( 'NONE', *, *, #7653, .F. ) ;
#2873 = ORIENTED_EDGE ( 'NONE', *, *, #1460, .T. ) ;
#2874 = CARTESIAN_POINT ( 'NONE',  ( 5.200000000000002842, -0.8500000000000011990, 2.924999999999999822 ) ) ;
#2875 = EDGE_CURVE ( 'NONE', #5406, #6182, #1605, .T. ) ;
#2876 = EDGE_LOOP ( 'NONE', ( #8534, #3028, #5424, #8074 ) ) ;
#2877 = LINE ( 'NONE', #5441, #6788 ) ;
#2879 = ORIENTED_EDGE ( 'NONE', *, *, #7178, .T. ) ;
#2878 = EDGE_CURVE ( 'NONE', #7811, #802, #8650, .T. ) ;
#2880 = EDGE_LOOP ( 'NONE', ( #8677, #2915, #10670, #4454 ) ) ;
#2881 = LINE ( 'NONE', #1312, #1970 ) ;
#2882 = DIRECTION ( 'NONE',  ( 0.000000000000000000, 1.000000000000000000, 0.000000000000000000 ) ) ;
#2883 = LINE ( 'NONE', #2017, #8477 ) ;
#2884 = CARTESIAN_POINT ( 'NONE',  ( 9.000000000000000000, 2.800000000000000266, -4.025000000000001243 ) ) ;
#2885 = CARTESIAN_POINT ( 'NONE',  ( -9.899999999999996803, 12.80000000000000071, -5.024999999999998579 ) ) ;
#2886 = AXIS2_PLACEMENT_3D ( 'NONE', #5456, #10410, #452 ) ;
#2887 = ORIENTED_EDGE ( 'NONE', *, *, #7578, .F. ) ;
#2888 = DIRECTION ( 'NONE',  ( -0.000000000000000000, 0.000000000000000000, 1.000000000000000000 ) ) ;
#2889 = FACE_BOUND ( 'NONE', #1557, .T. ) ;
#2890 = LINE ( 'NONE', #1856, #8274 ) ;
#2891 = FACE_OUTER_BOUND ( 'NONE', #1388, .T. ) ;
#2893 = CARTESIAN_POINT ( 'NONE',  ( 1.435000000000000275, 10.59999999999999964, 1.540689534999236443 ) ) ;
#2892 = VECTOR ( 'NONE', #7888, 1000.000000000000114 ) ;
#2894 = DIRECTION ( 'NONE',  ( 0.000000000000000000, -0.000000000000000000, -1.000000000000000000 ) ) ;
#2895 = SURFACE_STYLE_FILL_AREA ( #6432 ) ;
#2896 = CARTESIAN_POINT ( 'NONE',  ( -6.099999999999997868, 0.000000000000000000, 0.000000000000000000 ) ) ;
#2897 = CARTESIAN_POINT ( 'NONE',  ( -6.999999999999997335, 5.849999999999999645, -7.850000000000003197 ) ) ;
#2898 = VERTEX_POINT ( 'NONE', #8809 ) ;
#2899 = CARTESIAN_POINT ( 'NONE',  ( -6.099999999999997868, -1.250000000000001332, 2.425000000000000266 ) ) ;
#2900 = DIRECTION ( 'NONE',  ( -1.783703486049632029E-16, 0.7071067811865459074, -0.7071067811865491270 ) ) ;
#2901 = CIRCLE ( 'NONE', #1695, 0.5000000000000022204 ) ;
#2902 = ORIENTED_EDGE ( 'NONE', *, *, #10030, .T. ) ;
#2903 = DIRECTION ( 'NONE',  ( -1.000000000000000000, 0.000000000000000000, 8.503546450866702047E-17 ) ) ;
#2904 = CARTESIAN_POINT ( 'NONE',  ( -5.200000000000002842, -3.750000000000001332, 0.2249999999999995060 ) ) ;
#2905 = VERTEX_POINT ( 'NONE', #2175 ) ;
#2906 = CARTESIAN_POINT ( 'NONE',  ( -1.934999999999999165, 2.800000000000000266, -4.024999999999999467 ) ) ;
#2907 = DIRECTION ( 'NONE',  ( -1.495451272393799542E-16, -0.000000000000000000, -1.000000000000000000 ) ) ;
#2908 = AXIS2_PLACEMENT_3D ( 'NONE', #6501, #5741, #9825 ) ;
#2909 = EDGE_CURVE ( 'NONE', #4551, #5588, #445, .T. ) ;
#2910 = ORIENTED_EDGE ( 'NONE', *, *, #8655, .T. ) ;
#2911 = DIRECTION ( 'NONE',  ( 0.000000000000000000, 0.7071067811865492381, 0.7071067811865457964 ) ) ;
#2912 = EDGE_LOOP ( 'NONE', ( #10032, #8873, #537, #3034 ) ) ;
#2913 = ORIENTED_EDGE ( 'NONE', *, *, #5683, .F. ) ;
#2914 = DIRECTION ( 'NONE',  ( -0.000000000000000000, -1.000000000000000000, -0.000000000000000000 ) ) ;
#2915 = ORIENTED_EDGE ( 'NONE', *, *, #5258, .T. ) ;
#2916 = DIRECTION ( 'NONE',  ( 0.000000000000000000, 0.000000000000000000, 1.000000000000000000 ) ) ;
#2917 = LINE ( 'NONE', #4555, #8144 ) ;
#2918 = VECTOR ( 'NONE', #4286, 1000.000000000000000 ) ;
#2919 = EDGE_CURVE ( 'NONE', #5379, #5105, #1313, .T. ) ;
#2920 = ORIENTED_EDGE ( 'NONE', *, *, #5978, .T. ) ;
#2921 = EDGE_CURVE ( 'NONE', #8582, #5656, #9422, .T. ) ;
#2922 = VERTEX_POINT ( 'NONE', #8868 ) ;
#2923 = VECTOR ( 'NONE', #5729, 1000.000000000000000 ) ;
#2924 = LINE ( 'NONE', #9630, #7210 ) ;
#2925 = EDGE_CURVE ( 'NONE', #2561, #3359, #5389, .T. ) ;
#2926 = AXIS2_PLACEMENT_3D ( 'NONE', #5909, #3462, #6841 ) ;
#2927 = VECTOR ( 'NONE', #483, 1000.000000000000000 ) ;
#2928 = EDGE_LOOP ( 'NONE', ( #8939, #4341, #2102, #5810 ) ) ;
#2929 = FACE_OUTER_BOUND ( 'NONE', #5634, .T. ) ;
#2930 = AXIS2_PLACEMENT_3D ( 'NONE', #9191, #1735, #8365 ) ;
#2931 = ORIENTED_EDGE ( 'NONE', *, *, #72, .F. ) ;
#2932 = ORIENTED_EDGE ( 'NONE', *, *, #1606, .F. ) ;
#2933 = DIRECTION ( 'NONE',  ( 0.000000000000000000, -1.000000000000000000, 0.000000000000000000 ) ) ;
#2934 = DIRECTION ( 'NONE',  ( 0.000000000000000000, 1.000000000000000000, 1.376764663473656956E-16 ) ) ;
#2935 = CARTESIAN_POINT ( 'NONE',  ( 10.20000000000000284, 12.80000000000000071, -5.025000000000000355 ) ) ;
#2936 = CARTESIAN_POINT ( 'NONE',  ( 8.950000000000002842, -0.8500000000000009770, 2.924999999999999822 ) ) ;
#2937 = PLANE ( 'NONE',  #7796 ) ;
#2938 = EDGE_CURVE ( 'NONE', #578, #1329, #4619, .T. ) ;
#2939 = VECTOR ( 'NONE', #3005, 1000.000000000000000 ) ;
#2940 = ORIENTED_EDGE ( 'NONE', *, *, #487, .T. ) ;
#2941 = DIRECTION ( 'NONE',  ( -1.000000000000000000, 1.779203565104417523E-15, -0.000000000000000000 ) ) ;
#2942 = PLANE ( 'NONE',  #7517 ) ;
#2943 = EDGE_CURVE ( 'NONE', #8247, #6800, #4571, .T. ) ;
#2944 = EDGE_CURVE ( 'NONE', #4221, #3359, #10455, .T. ) ;
#2945 = CARTESIAN_POINT ( 'NONE',  ( -6.499999999999997335, 5.150000000000000355, -8.550000000000002487 ) ) ;
#2946 = AXIS2_PLACEMENT_3D ( 'NONE', #3168, #10633, #1542 ) ;
#2947 = ORIENTED_EDGE ( 'NONE', *, *, #480, .F. ) ;
#2948 = LINE ( 'NONE', #4854, #1622 ) ;
#2949 = PLANE ( 'NONE',  #4919 ) ;
#2950 = LINE ( 'NONE', #7091, #5094 ) ;
#2951 = LINE ( 'NONE', #6328, #10078 ) ;
#2952 = DIRECTION ( 'NONE',  ( -1.000000000000000000, -3.469446951953601370E-16, 1.275531967630005245E-16 ) ) ;
#2953 = CARTESIAN_POINT ( 'NONE',  ( -1.600000000000002531, 2.800000000000000266, 3.825000000000001066 ) ) ;
#2954 = VERTEX_POINT ( 'NONE', #10291 ) ;
#2955 = EDGE_CURVE ( 'NONE', #8877, #8998, #4673, .T. ) ;
#2956 = DIRECTION ( 'NONE',  ( 0.000000000000000000, 0.000000000000000000, -1.000000000000000000 ) ) ;
#2957 = PLANE ( 'NONE',  #7580 ) ;
#2958 = ORIENTED_EDGE ( 'NONE', *, *, #10477, .T. ) ;
#2959 = FACE_OUTER_BOUND ( 'NONE', #6791, .T. ) ;
#2960 = DIRECTION ( 'NONE',  ( -1.000000000000000000, 0.000000000000000000, 0.000000000000000000 ) ) ;
#2961 = ORIENTED_EDGE ( 'NONE', *, *, #9249, .T. ) ;
#2962 = DIRECTION ( 'NONE',  ( -0.000000000000000000, 1.000000000000000000, -0.000000000000000000 ) ) ;
#2963 = DIRECTION ( 'NONE',  ( 0.000000000000000000, 0.000000000000000000, 1.000000000000000000 ) ) ;
#2964 = ORIENTED_EDGE ( 'NONE', *, *, #9226, .F. ) ;
#2965 = CARTESIAN_POINT ( 'NONE',  ( -5.200000000000002842, 8.400000000000000355, -0.07500000000000084377 ) ) ;
#2966 = ORIENTED_EDGE ( 'NONE', *, *, #4863, .F. ) ;
#2967 = EDGE_CURVE ( 'NONE', #3301, #2215, #3804, .T. ) ;
#2968 = ORIENTED_EDGE ( 'NONE', *, *, #1216, .T. ) ;
#2969 = DIRECTION ( 'NONE',  ( -0.000000000000000000, -1.000000000000000000, -0.000000000000000000 ) ) ;
#2970 = ORIENTED_EDGE ( 'NONE', *, *, #601, .T. ) ;
#2971 = LINE ( 'NONE', #482, #7249 ) ;
#2972 = FILL_AREA_STYLE_COLOUR ( '', #4319 ) ;
#2973 = VECTOR ( 'NONE', #7113, 1000.000000000000000 ) ;
#2974 = ORIENTED_EDGE ( 'NONE', *, *, #2535, .F. ) ;
#2975 = ORIENTED_EDGE ( 'NONE', *, *, #4322, .T. ) ;
#2976 = CARTESIAN_POINT ( 'NONE',  ( -3.400000000000003020, 0.000000000000000000, -0.07500000000000084377 ) ) ;
#2977 = ORIENTED_EDGE ( 'NONE', *, *, #9177, .T. ) ;
#2978 = EDGE_CURVE ( 'NONE', #1888, #6957, #6199, .T. ) ;
#2979 = DIRECTION ( 'NONE',  ( 1.000000000000000000, 0.000000000000000000, -1.275531967630005245E-16 ) ) ;
#2980 = ORIENTED_EDGE ( 'NONE', *, *, #1321, .F. ) ;
#2981 = ORIENTED_EDGE ( 'NONE', *, *, #4716, .T. ) ;
#2982 = AXIS2_PLACEMENT_3D ( 'NONE', #2231, #2882, #3747 ) ;
#2983 = DIRECTION ( 'NONE',  ( 0.000000000000000000, 0.7071067811865462405, -0.7071067811865489050 ) ) ;
#2984 = DIRECTION ( 'NONE',  ( 0.000000000000000000, 0.000000000000000000, 1.000000000000000000 ) ) ;
#2985 = AXIS2_PLACEMENT_3D ( 'NONE', #7426, #7268, #8021 ) ;
#2986 = FACE_BOUND ( 'NONE', #1959, .T. ) ;
#2987 = FACE_OUTER_BOUND ( 'NONE', #2151, .T. ) ;
#2988 = FACE_OUTER_BOUND ( 'NONE', #6662, .T. ) ;
#2989 = ORIENTED_EDGE ( 'NONE', *, *, #9440, .F. ) ;
#2990 = CIRCLE ( 'NONE', #3171, 0.1999999999999996503 ) ;
#2991 = CARTESIAN_POINT ( 'NONE',  ( -8.999999999999998224, 2.800000000000000266, -0.4750000000000014766 ) ) ;
#2992 = VECTOR ( 'NONE', #6886, 1000.000000000000000 ) ;
#2993 = DIRECTION ( 'NONE',  ( 1.000000000000000000, 0.000000000000000000, 0.000000000000000000 ) ) ;
#2994 = FACE_OUTER_BOUND ( 'NONE', #8592, .T. ) ;
#2995 = AXIS2_PLACEMENT_3D ( 'NONE', #4101, #3179, #2525 ) ;
#2996 = EDGE_CURVE ( 'NONE', #3672, #6443, #7829, .T. ) ;
#2997 = EDGE_CURVE ( 'NONE', #162, #6855, #9476, .T. ) ;
#2998 = AXIS2_PLACEMENT_3D ( 'NONE', #9879, #8186, #6661 ) ;
#2999 = ORIENTED_EDGE ( 'NONE', *, *, #2866, .F. ) ;
#3000 = ORIENTED_EDGE ( 'NONE', *, *, #8867, .F. ) ;
#3001 = LINE ( 'NONE', #8769, #9263 ) ;
#3002 = FACE_BOUND ( 'NONE', #7636, .T. ) ;
#3003 = PLANE ( 'NONE',  #4759 ) ;
#3004 = VECTOR ( 'NONE', #6816, 1000.000000000000000 ) ;
#3005 = DIRECTION ( 'NONE',  ( 1.000000000000000000, 4.448008912761034932E-16, 0.000000000000000000 ) ) ;
#3006 = EDGE_CURVE ( 'NONE', #2739, #1713, #5767, .T. ) ;
#3007 = DIRECTION ( 'NONE',  ( 1.940974933768933167E-16, 0.5000000000000048850, 0.8660254037844358210 ) ) ;
#3008 = LINE ( 'NONE', #9548, #3012 ) ;
#3009 = VECTOR ( 'NONE', #3981, 1000.000000000000000 ) ;
#3010 = ORIENTED_EDGE ( 'NONE', *, *, #7256, .T. ) ;
#3011 = CARTESIAN_POINT ( 'NONE',  ( 3.400000000000002132, -0.8500000000000011990, 2.924999999999999822 ) ) ;
#3012 = VECTOR ( 'NONE', #2087, 1000.000000000000000 ) ;
#3013 = CARTESIAN_POINT ( 'NONE',  ( 7.000000000000002665, 3.469446951953614189E-15, 2.124999999999999112 ) ) ;
#3014 = ADVANCED_FACE ( 'NONE', ( #6966 ), #2119, .F. ) ;
#3015 = VECTOR ( 'NONE', #4141, 1000.000000000000000 ) ;
#3016 = ORIENTED_EDGE ( 'NONE', *, *, #9177, .F. ) ;
#3017 = DIRECTION ( 'NONE',  ( 1.495451272393799542E-16, 0.000000000000000000, 1.000000000000000000 ) ) ;
#3018 = CARTESIAN_POINT ( 'NONE',  ( 10.20000000000000462, 7.299999999999998934, 5.375000000000000000 ) ) ;
#3019 = ORIENTED_EDGE ( 'NONE', *, *, #7595, .F. ) ;
#3020 = EDGE_CURVE ( 'NONE', #4512, #2905, #5552, .T. ) ;
#3021 = FACE_OUTER_BOUND ( 'NONE', #1716, .T. ) ;
#3022 = PLANE ( 'NONE',  #3699 ) ;
#3023 = ORIENTED_EDGE ( 'NONE', *, *, #4507, .F. ) ;
#3024 = CARTESIAN_POINT ( 'NONE',  ( -6.999999999999997335, 5.450000000000000178, -7.850000000000003197 ) ) ;
#3025 = EDGE_LOOP ( 'NONE', ( #9725, #7443, #5695, #3144 ) ) ;
#3026 = ORIENTED_EDGE ( 'NONE', *, *, #9453, .F. ) ;
#3027 = CARTESIAN_POINT ( 'NONE',  ( -2.934999999999999165, 2.800000000000000266, -2.375000000000001332 ) ) ;
#3028 = ORIENTED_EDGE ( 'NONE', *, *, #1838, .F. ) ;
#3029 = DIRECTION ( 'NONE',  ( 0.000000000000000000, 0.000000000000000000, -1.000000000000000000 ) ) ;
#3030 =( NAMED_UNIT ( * ) SI_UNIT ( $, .STERADIAN. ) SOLID_ANGLE_UNIT ( ) );
#3031 = CIRCLE ( 'NONE', #5297, 0.1999999999999996503 ) ;
#3032 = ORIENTED_EDGE ( 'NONE', *, *, #7735, .T. ) ;
#3033 = DIRECTION ( 'NONE',  ( -1.000000000000000000, 0.000000000000000000, 0.000000000000000000 ) ) ;
#3034 = ORIENTED_EDGE ( 'NONE', *, *, #5411, .T. ) ;
#3035 = ORIENTED_EDGE ( 'NONE', *, *, #10116, .F. ) ;
#3036 = CYLINDRICAL_SURFACE ( 'NONE', #543, 0.2999999999999999334 ) ;
#3037 = ORIENTED_EDGE ( 'NONE', *, *, #4306, .F. ) ;
#3038 = ORIENTED_EDGE ( 'NONE', *, *, #4473, .F. ) ;
#3039 = CARTESIAN_POINT ( 'NONE',  ( -7.980000000000001315, 12.28038475772934035, -3.824999999999998401 ) ) ;
#3040 = CARTESIAN_POINT ( 'NONE',  ( 3.799999999999998046, 8.400000000000002132, -0.07500000000000128786 ) ) ;
#3041 = DIRECTION ( 'NONE',  ( -1.000000000000000000, 0.000000000000000000, 0.000000000000000000 ) ) ;
#3042 = CARTESIAN_POINT ( 'NONE',  ( 4.700000000000002842, 8.400000000000000355, 2.124999999999999112 ) ) ;
#3043 = PLANE ( 'NONE',  #9885 ) ;
#3044 = VERTEX_POINT ( 'NONE', #2071 ) ;
#3045 = EDGE_CURVE ( 'NONE', #1700, #4670, #336, .T. ) ;
#3046 = CARTESIAN_POINT ( 'NONE',  ( 3.275000000000000799, 10.50000000000000000, -4.225000000000004974 ) ) ;
#3047 =( BOUNDED_CURVE ( )  B_SPLINE_CURVE ( 3, ( #1655, #845, #1758, #10746 ),
 .UNSPECIFIED., .F., .F. ) 
 B_SPLINE_CURVE_WITH_KNOTS ( ( 4, 4 ),
 ( 3.141592653589793116, 4.712388980384680792 ),
 .UNSPECIFIED. ) 
 CURVE ( )  GEOMETRIC_REPRESENTATION_ITEM ( )  RATIONAL_B_SPLINE_CURVE ( ( 1.000000000000000000, 0.8047378541243670469, 0.8047378541243670469, 1.000000000000000000 ) ) 
 REPRESENTATION_ITEM ( '' )  );
#3048 = DIRECTION ( 'NONE',  ( 0.000000000000000000, 0.000000000000000000, 1.000000000000000000 ) ) ;
#3049 = ORIENTED_EDGE ( 'NONE', *, *, #3650, .F. ) ;
#3050 = ORIENTED_EDGE ( 'NONE', *, *, #6665, .T. ) ;
#3051 = CARTESIAN_POINT ( 'NONE',  ( -5.599999999999992539, 3.649999999999999467, -5.349999999999996980 ) ) ;
#3052 = CARTESIAN_POINT ( 'NONE',  ( -5.599999999999990763, 3.250000000000000000, 3.187878387081809706 ) ) ;
#3053 = CARTESIAN_POINT ( 'NONE',  ( 10.20000000000000284, -4.999999999999999112, 4.025000000000000355 ) ) ;
#3054 = DIRECTION ( 'NONE',  ( -1.000000000000000000, 0.000000000000000000, 0.000000000000000000 ) ) ;
#3055 = CARTESIAN_POINT ( 'NONE',  ( 9.199999999999999289, 2.800000000000000266, -3.825000000000000622 ) ) ;
#3056 = ORIENTED_EDGE ( 'NONE', *, *, #9908, .T. ) ;
#3057 = EDGE_CURVE ( 'NONE', #8101, #652, #5334, .T. ) ;
#3058 = EDGE_CURVE ( 'NONE', #2291, #9557, #6255, .T. ) ;
#3059 = DIRECTION ( 'NONE',  ( 0.000000000000000000, 1.000000000000000000, 0.000000000000000000 ) ) ;
#3060 = DIRECTION ( 'NONE',  ( 0.000000000000000000, 0.000000000000000000, -1.000000000000000000 ) ) ;
#3061 = AXIS2_PLACEMENT_3D ( 'NONE', #9807, #1534, #2349 ) ;
#3062 = ADVANCED_FACE ( 'NONE', ( #6572 ), #9903, .F. ) ;
#3063 = ORIENTED_EDGE ( 'NONE', *, *, #5188, .F. ) ;
#3064 = DIRECTION ( 'NONE',  ( -1.000000000000000000, 0.000000000000000000, 1.495451272393799542E-16 ) ) ;
#3065 = CARTESIAN_POINT ( 'NONE',  ( 9.000000000000001776, 12.28038475772934035, 4.025000000000000355 ) ) ;
#3066 = ADVANCED_BREP_SHAPE_REPRESENTATION ( '', ( #9936, #10230 ), #9014 ) ;
#3067 = EDGE_LOOP ( 'NONE', ( #811, #8431, #6600, #6785 ) ) ;
#3068 = CARTESIAN_POINT ( 'NONE',  ( 7.000000000000002665, -1.250000000000001332, 2.424999999999998934 ) ) ;
#3069 = DIRECTION ( 'NONE',  ( 0.000000000000000000, -1.000000000000000000, 0.000000000000000000 ) ) ;
#3070 = FACE_OUTER_BOUND ( 'NONE', #8014, .T. ) ;
#3071 = ORIENTED_EDGE ( 'NONE', *, *, #9120, .F. ) ;
#3072 = EDGE_CURVE ( 'NONE', #1778, #6706, #10562, .T. ) ;
#3073 = VECTOR ( 'NONE', #5449, 1000.000000000000000 ) ;
#3074 = DIRECTION ( 'NONE',  ( 0.000000000000000000, 1.000000000000000000, 0.000000000000000000 ) ) ;
#3075 = EDGE_CURVE ( 'NONE', #9169, #2447, #5816, .T. ) ;
#3076 = EDGE_CURVE ( 'NONE', #2170, #8515, #3207, .T. ) ;
#3077 = ORIENTED_EDGE ( 'NONE', *, *, #9564, .F. ) ;
#3078 = EDGE_CURVE ( 'NONE', #3696, #10641, #2391, .T. ) ;
#3079 = VECTOR ( 'NONE', #908, 999.9999999999998863 ) ;
#3080 = LINE ( 'NONE', #5697, #3494 ) ;
#3081 = ORIENTED_EDGE ( 'NONE', *, *, #2263, .T. ) ;
#3082 = DIRECTION ( 'NONE',  ( -1.000000000000000000, -1.247005693593552917E-16, 0.000000000000000000 ) ) ;
#3083 = PLANE ( 'NONE',  #7810 ) ;
#3084 = DIRECTION ( 'NONE',  ( 1.000000000000000000, 0.000000000000000000, 0.000000000000000000 ) ) ;
#3085 = ORIENTED_EDGE ( 'NONE', *, *, #6567, .F. ) ;
#3086 = VERTEX_POINT ( 'NONE', #8926 ) ;
#3087 = AXIS2_PLACEMENT_3D ( 'NONE', #3670, #3724, #10324 ) ;
#3088 = CARTESIAN_POINT ( 'NONE',  ( -9.574999999999993960, 2.400000000000001243, 4.025000000000000355 ) ) ;
#3089 = ORIENTED_EDGE ( 'NONE', *, *, #5966, .F. ) ;
#3090 = ORIENTED_EDGE ( 'NONE', *, *, #7540, .T. ) ;
#3091 = FACE_OUTER_BOUND ( 'NONE', #877, .T. ) ;
#3092 = ORIENTED_EDGE ( 'NONE', *, *, #5599, .T. ) ;
#3093 = EDGE_LOOP ( 'NONE', ( #3077, #7651, #9832, #2172 ) ) ;
#3094 = DIRECTION ( 'NONE',  ( 0.000000000000000000, 0.000000000000000000, 1.000000000000000000 ) ) ;
#3095 = CARTESIAN_POINT ( 'NONE',  ( 7.479999999999999538, 12.80000000000000071, -2.675000000000018918 ) ) ;
#3096 = FACE_BOUND ( 'NONE', #7718, .T. ) ;
#3097 = CARTESIAN_POINT ( 'NONE',  ( -1.100000000000002087, -3.350000000000000977, 4.025000000000000355 ) ) ;
#3098 = DIRECTION ( 'NONE',  ( -1.000000000000000000, 0.000000000000000000, 0.000000000000000000 ) ) ;
#3099 = VERTEX_POINT ( 'NONE', #1579 ) ;
#3100 = AXIS2_PLACEMENT_3D ( 'NONE', #8214, #1476, #9904 ) ;
#3101 = LINE ( 'NONE', #2292, #10310 ) ;
#3102 = DIRECTION ( 'NONE',  ( -1.000000000000000000, 0.000000000000000000, -0.000000000000000000 ) ) ;
#3103 = VECTOR ( 'NONE', #3807, 1000.000000000000000 ) ;
#3104 = LINE ( 'NONE', #9095, #3454 ) ;
#3105 = EDGE_CURVE ( 'NONE', #7055, #30, #1633, .T. ) ;
#3106 = ORIENTED_EDGE ( 'NONE', *, *, #361, .F. ) ;
#3107 = ORIENTED_EDGE ( 'NONE', *, *, #8027, .T. ) ;
#3108 = FACE_OUTER_BOUND ( 'NONE', #1480, .T. ) ;
#3109 = FACE_OUTER_BOUND ( 'NONE', #541, .T. ) ;
#3110 = DIRECTION ( 'NONE',  ( 0.000000000000000000, 0.000000000000000000, -1.000000000000000000 ) ) ;
#3111 = VECTOR ( 'NONE', #5037, 1000.000000000000000 ) ;
#3112 = VECTOR ( 'NONE', #9956, 1000.000000000000000 ) ;
#3113 = CARTESIAN_POINT ( 'NONE',  ( 8.250000000000001776, 8.799999999999998934, 5.375000000000000000 ) ) ;
#3114 = DIRECTION ( 'NONE',  ( 0.000000000000000000, 0.000000000000000000, 1.000000000000000000 ) ) ;
#3115 = CARTESIAN_POINT ( 'NONE',  ( -0.1999999999999970690, -1.250000000000001332, 4.025000000000000355 ) ) ;
#3116 = ORIENTED_EDGE ( 'NONE', *, *, #5807, .T. ) ;
#3117 = CARTESIAN_POINT ( 'NONE',  ( -7.000000000000002665, 2.800000000000000266, -0.4750000000000010325 ) ) ;
#3118 = FACE_OUTER_BOUND ( 'NONE', #7640, .T. ) ;
#3119 = VECTOR ( 'NONE', #10708, 1000.000000000000000 ) ;
#3120 = VERTEX_POINT ( 'NONE', #8157 ) ;
#3121 = EDGE_CURVE ( 'NONE', #273, #6623, #4126, .T. ) ;
#3122 = EDGE_CURVE ( 'NONE', #7668, #325, #3254, .T. ) ;
#3123 = CARTESIAN_POINT ( 'NONE',  ( 1.435000000000000275, 11.09999999999999964, 1.540689534999236443 ) ) ;
#3124 = DIRECTION ( 'NONE',  ( 0.000000000000000000, 0.000000000000000000, 1.000000000000000000 ) ) ;
#3125 = VERTEX_POINT ( 'NONE', #774 ) ;
#3126 = DIRECTION ( 'NONE',  ( -1.000000000000000000, 0.000000000000000000, 1.057758217059031665E-15 ) ) ;
#3127 = CARTESIAN_POINT ( 'NONE',  ( -3.274999999999999467, 2.600000000000001421, -4.225000000000004086 ) ) ;
#3128 = DIRECTION ( 'NONE',  ( 0.000000000000000000, 0.000000000000000000, -1.000000000000000000 ) ) ;
#3129 = EDGE_LOOP ( 'NONE', ( #1511, #9841, #3460, #6030, #953, #4904, #5002 ) ) ;
#3130 = ORIENTED_EDGE ( 'NONE', *, *, #1736, .F. ) ;
#3131 = EDGE_CURVE ( 'NONE', #7277, #3909, #7236, .T. ) ;
#3132 = EDGE_CURVE ( 'NONE', #9251, #9662, #1475, .T. ) ;
#3133 = LINE ( 'NONE', #2326, #4891 ) ;
#3134 = EDGE_CURVE ( 'NONE', #7869, #1458, #7292, .T. ) ;
#3135 = ORIENTED_EDGE ( 'NONE', *, *, #9406, .F. ) ;
#3136 = PLANE ( 'NONE',  #313 ) ;
#3137 = PLANE ( 'NONE',  #7296 ) ;
#3138 = CARTESIAN_POINT ( 'NONE',  ( 5.400000000000000355, 4.358492733391728318E-16, 3.525838017789119938E-33 ) ) ;
#3139 = EDGE_CURVE ( 'NONE', #5317, #3910, #7446, .T. ) ;
#3140 = ORIENTED_EDGE ( 'NONE', *, *, #4344, .T. ) ;
#3141 = ORIENTED_EDGE ( 'NONE', *, *, #480, .T. ) ;
#3142 = CIRCLE ( 'NONE', #5916, 0.2000000000000009548 ) ;
#3143 = CARTESIAN_POINT ( 'NONE',  ( 8.950000000000002842, -3.750000000000001332, 2.924999999999999822 ) ) ;
#3144 = ORIENTED_EDGE ( 'NONE', *, *, #10121, .T. ) ;
#3145 = EDGE_CURVE ( 'NONE', #7214, #10704, #10718, .T. ) ;
#3146 = ORIENTED_EDGE ( 'NONE', *, *, #2944, .T. ) ;
#3147 = CARTESIAN_POINT ( 'NONE',  ( 3.400000000000002132, 3.469446951953614189E-15, 1.724999999999998979 ) ) ;
#3148 = VECTOR ( 'NONE', #9830, 1000.000000000000000 ) ;
#3149 = ORIENTED_EDGE ( 'NONE', *, *, #737, .T. ) ;
#3150 = ORIENTED_EDGE ( 'NONE', *, *, #6137, .T. ) ;
#3151 = FACE_OUTER_BOUND ( 'NONE', #5550, .T. ) ;
#3152 = CARTESIAN_POINT ( 'NONE',  ( -8.950000000000002842, -1.574999999999999512, 5.375000000000000000 ) ) ;
#3153 = LINE ( 'NONE', #1580, #10051 ) ;
#3154 = DIRECTION ( 'NONE',  ( -1.000000000000000000, -0.000000000000000000, -0.000000000000000000 ) ) ;
#3155 = EDGE_CURVE ( 'NONE', #10542, #9242, #9745, .T. ) ;
#3156 = CARTESIAN_POINT ( 'NONE',  ( 6.099999999999997868, 0.000000000000000000, 4.025000000000000355 ) ) ;
#3157 = ORIENTED_EDGE ( 'NONE', *, *, #8946, .F. ) ;
#3158 = PLANE ( 'NONE',  #10317 ) ;
#3159 = CARTESIAN_POINT ( 'NONE',  ( -1.934999999999999165, 2.800000000000000266, -4.024999999999999467 ) ) ;
#3160 = VECTOR ( 'NONE', #9849, 1000.000000000000000 ) ;
#3161 = LINE ( 'NONE', #4740, #6581 ) ;
#3162 = VECTOR ( 'NONE', #8364, 1000.000000000000000 ) ;
#3163 = EDGE_LOOP ( 'NONE', ( #8923, #8490, #8865, #632 ) ) ;
#3164 = EDGE_LOOP ( 'NONE', ( #20, #8259, #651, #2185 ) ) ;
#3165 = LINE ( 'NONE', #4798, #4394 ) ;
#3166 = CARTESIAN_POINT ( 'NONE',  ( 0.000000000000000000, 0.000000000000000000, 4.025000000000000355 ) ) ;
#3167 = DIRECTION ( 'NONE',  ( 0.000000000000000000, 0.000000000000000000, -1.000000000000000000 ) ) ;
#3168 = CARTESIAN_POINT ( 'NONE',  ( 2.875000000000000000, 2.600000000000001421, -4.824999999999999289 ) ) ;
#3169 = CARTESIAN_POINT ( 'NONE',  ( 0.000000000000000000, -0.8500000000000011990, 4.025000000000000355 ) ) ;
#3170 = PLANE ( 'NONE',  #8744 ) ;
#3171 = AXIS2_PLACEMENT_3D ( 'NONE', #5632, #5731, #629 ) ;
#3172 = ORIENTED_EDGE ( 'NONE', *, *, #1536, .F. ) ;
#3173 = PLANE ( 'NONE',  #217 ) ;
#3174 = AXIS2_PLACEMENT_3D ( 'NONE', #2093, #3064, #3017 ) ;
#3175 = LINE ( 'NONE', #4097, #2766 ) ;
#3176 = AXIS2_PLACEMENT_3D ( 'NONE', #8621, #2854, #3229 ) ;
#3177 = ORIENTED_EDGE ( 'NONE', *, *, #7997, .F. ) ;
#3178 = VECTOR ( 'NONE', #9093, 1000.000000000000000 ) ;
#3179 = DIRECTION ( 'NONE',  ( -0.000000000000000000, 1.000000000000000000, -0.000000000000000000 ) ) ;
#3180 = LINE ( 'NONE', #2155, #1090 ) ;
#3181 = VECTOR ( 'NONE', #8377, 1000.000000000000114 ) ;
#3182 = ORIENTED_EDGE ( 'NONE', *, *, #9406, .T. ) ;
#3183 = LINE ( 'NONE', #3829, #316 ) ;
#3184 = LINE ( 'NONE', #10749, #5619 ) ;
#3185 = LINE ( 'NONE', #3288, #4375 ) ;
#3186 = AXIS2_PLACEMENT_3D ( 'NONE', #4023, #6889, #2858 ) ;
#3187 = ORIENTED_EDGE ( 'NONE', *, *, #5343, .T. ) ;
#3188 = EDGE_CURVE ( 'NONE', #360, #5219, #4785, .T. ) ;
#3189 = VECTOR ( 'NONE', #8771, 1000.000000000000000 ) ;
#3190 = ORIENTED_EDGE ( 'NONE', *, *, #5167, .F. ) ;
#3191 = LINE ( 'NONE', #7276, #7325 ) ;
#3192 = ORIENTED_EDGE ( 'NONE', *, *, #8858, .F. ) ;
#3193 = CARTESIAN_POINT ( 'NONE',  ( -0.6999999999999975131, 8.399999999999998579, 1.724999999999999423 ) ) ;
#3194 = LINE ( 'NONE', #9782, #3119 ) ;
#3195 = ORIENTED_EDGE ( 'NONE', *, *, #4536, .F. ) ;
#3196 = ORIENTED_EDGE ( 'NONE', *, *, #6176, .T. ) ;
#3197 = ADVANCED_FACE ( 'NONE', ( #8977 ), #9957, .F. ) ;
#3198 = EDGE_CURVE ( 'NONE', #815, #9877, #657, .T. ) ;
#3199 = DIRECTION ( 'NONE',  ( -1.515042337097647644E-16, -0.000000000000000000, -1.000000000000000000 ) ) ;
#3200 = VERTEX_POINT ( 'NONE', #6472 ) ;
#3201 = ADVANCED_FACE ( 'NONE', ( #2341 ), #5660, .F. ) ;
#3202 = ORIENTED_EDGE ( 'NONE', *, *, #2422, .F. ) ;
#3203 = LINE ( 'NONE', #8093, #369 ) ;
#3204 = VERTEX_POINT ( 'NONE', #1991 ) ;
#3205 = VERTEX_POINT ( 'NONE', #1127 ) ;
#3206 = CARTESIAN_POINT ( 'NONE',  ( -6.099999999999997868, -1.250000000000001332, 2.924999999999999822 ) ) ;
#3207 = LINE ( 'NONE', #2443, #2815 ) ;
#3208 = DIRECTION ( 'NONE',  ( -1.000000000000000000, 0.000000000000000000, -0.000000000000000000 ) ) ;
#3209 = CARTESIAN_POINT ( 'NONE',  ( -2.750000000000000000, 10.50000000000000000, -3.675000000000001155 ) ) ;
#3210 = DIRECTION ( 'NONE',  ( -0.7071067811865505703, -0.7071067811865444641, 0.000000000000000000 ) ) ;
#3211 = ORIENTED_EDGE ( 'NONE', *, *, #3348, .T. ) ;
#3212 = EDGE_CURVE ( 'NONE', #7774, #3425, #5310, .T. ) ;
#3213 = LINE ( 'NONE', #9856, #5955 ) ;
#3214 = EDGE_CURVE ( 'NONE', #8543, #5925, #3619, .T. ) ;
#3215 = ADVANCED_FACE ( 'NONE', ( #10374 ), #8682, .F. ) ;
#3216 = DIRECTION ( 'NONE',  ( -0.000000000000000000, -0.000000000000000000, 1.000000000000000000 ) ) ;
#3217 = ORIENTED_EDGE ( 'NONE', *, *, #2556, .T. ) ;
#3218 = ORIENTED_EDGE ( 'NONE', *, *, #8772, .F. ) ;
#3219 = PLANE ( 'NONE',  #764 ) ;
#3220 = DIRECTION ( 'NONE',  ( 0.000000000000000000, 1.000000000000000000, 0.000000000000000000 ) ) ;
#3221 = DIRECTION ( 'NONE',  ( 0.000000000000000000, 0.000000000000000000, 1.000000000000000000 ) ) ;
#3222 = DIRECTION ( 'NONE',  ( 0.000000000000000000, 0.000000000000000000, 1.000000000000000000 ) ) ;
#3223 = CARTESIAN_POINT ( 'NONE',  ( -6.999999999999997335, 5.150000000000000355, -8.550000000000002487 ) ) ;
#3224 = ORIENTED_EDGE ( 'NONE', *, *, #6467, .T. ) ;
#3225 = DIRECTION ( 'NONE',  ( 0.8660254037844364872, 0.5000000000000038858, 0.000000000000000000 ) ) ;
#3226 = CARTESIAN_POINT ( 'NONE',  ( 2.750000000000000000, 0.9155523756961149173, -3.675000000000001155 ) ) ;
#3227 = ORIENTED_EDGE ( 'NONE', *, *, #2011, .T. ) ;
#3228 = DIRECTION ( 'NONE',  ( -1.156482317317868570E-15, -1.000000000000000000, 0.000000000000000000 ) ) ;
#3229 = DIRECTION ( 'NONE',  ( 1.000000000000000000, 0.000000000000000000, 0.000000000000000000 ) ) ;
#3230 = ORIENTED_EDGE ( 'NONE', *, *, #10381, .T. ) ;
#3231 = DIRECTION ( 'NONE',  ( 0.000000000000000000, 0.000000000000000000, -1.000000000000000000 ) ) ;
#3232 = DIRECTION ( 'NONE',  ( 1.000000000000000000, 0.000000000000000000, 0.000000000000000000 ) ) ;
#3233 = CARTESIAN_POINT ( 'NONE',  ( -2.499999999999997780, 2.800000000000002043, 2.124999999999999112 ) ) ;
#3234 = ORIENTED_EDGE ( 'NONE', *, *, #10197, .F. ) ;
#3235 = AXIS2_PLACEMENT_3D ( 'NONE', #1807, #6811, #180 ) ;
#3236 = VECTOR ( 'NONE', #17, 1000.000000000000000 ) ;
#3237 = ORIENTED_EDGE ( 'NONE', *, *, #9260, .T. ) ;
#3238 = PLANE ( 'NONE',  #9229 ) ;
#3239 = EDGE_CURVE ( 'NONE', #2211, #7668, #4545, .T. ) ;
#3240 = DIRECTION ( 'NONE',  ( 0.000000000000000000, 1.000000000000000000, 0.000000000000000000 ) ) ;
#3241 = LINE ( 'NONE', #7385, #5198 ) ;
#3242 = VECTOR ( 'NONE', #4842, 1000.000000000000000 ) ;
#3243 = CARTESIAN_POINT ( 'NONE',  ( 9.000000000000000000, 7.264154555652880694E-16, 5.876396696315198301E-33 ) ) ;
#3244 = VERTEX_POINT ( 'NONE', #7702 ) ;
#3245 = CARTESIAN_POINT ( 'NONE',  ( -7.307368295743380315, 12.62276624786628254, -2.572674045496107009 ) ) ;
#3246 = AXIS2_PLACEMENT_3D ( 'NONE', #1292, #523, #5418 ) ;
#3247 = ORIENTED_EDGE ( 'NONE', *, *, #4328, .T. ) ;
#3248 = EDGE_LOOP ( 'NONE', ( #5183, #9457, #2873, #2049 ) ) ;
#3249 = DIRECTION ( 'NONE',  ( 1.000000000000000000, 0.000000000000000000, 0.000000000000000000 ) ) ;
#3250 = EDGE_CURVE ( 'NONE', #10124, #1509, #425, .T. ) ;
#3251 = ORIENTED_EDGE ( 'NONE', *, *, #554, .T. ) ;
#3252 = EDGE_CURVE ( 'NONE', #5820, #9645, #8362, .T. ) ;
#3253 = DIRECTION ( 'NONE',  ( 0.000000000000000000, 0.000000000000000000, -1.000000000000000000 ) ) ;
#3254 = LINE ( 'NONE', #712, #3160 ) ;
#3255 = PLANE ( 'NONE',  #5358 ) ;
#3256 = LINE ( 'NONE', #9088, #6288 ) ;
#3257 = DIRECTION ( 'NONE',  ( -1.000000000000000000, 0.000000000000000000, 0.000000000000000000 ) ) ;
#3258 = AXIS2_PLACEMENT_3D ( 'NONE', #9878, #9060, #2259 ) ;
#3259 = ORIENTED_EDGE ( 'NONE', *, *, #536, .T. ) ;
#3260 = EDGE_CURVE ( 'NONE', #2726, #4537, #2044, .T. ) ;
#3261 = DIRECTION ( 'NONE',  ( 1.000000000000000000, 0.000000000000000000, -0.000000000000000000 ) ) ;
#3262 = CARTESIAN_POINT ( 'NONE',  ( -10.19999999999999574, 12.80000000000000071, -4.724999999999997868 ) ) ;
#3263 = ORIENTED_EDGE ( 'NONE', *, *, #3452, .T. ) ;
#3264 = ORIENTED_EDGE ( 'NONE', *, *, #1069, .F. ) ;
#3265 = ADVANCED_FACE ( 'NONE', ( #10212 ), #8624, .T. ) ;
#3266 = CARTESIAN_POINT ( 'NONE',  ( -9.574999999999993960, 1.000000000000000888, 4.825000000000009948 ) ) ;
#3267 = DIRECTION ( 'NONE',  ( 1.000000000000000000, 0.000000000000000000, 0.000000000000000000 ) ) ;
#3268 = DIRECTION ( 'NONE',  ( 1.000000000000000000, 0.000000000000000000, -2.478176394252581338E-15 ) ) ;
#3269 = PLANE ( 'NONE',  #4630 ) ;
#3270 = DIRECTION ( 'NONE',  ( -0.000000000000000000, -0.000000000000000000, 1.000000000000000000 ) ) ;
#3271 = VECTOR ( 'NONE', #2121, 1000.000000000000000 ) ;
#3272 = ORIENTED_EDGE ( 'NONE', *, *, #9358, .F. ) ;
#3273 = EDGE_CURVE ( 'NONE', #2198, #2278, #6065, .T. ) ;
#3275 = EDGE_CURVE ( 'NONE', #10129, #133, #10325, .T. ) ;
#3274 = LINE ( 'NONE', #942, #2807 ) ;
#3276 = AXIS2_PLACEMENT_3D ( 'NONE', #5830, #675, #9103 ) ;
#3277 = PLANE ( 'NONE',  #7468 ) ;
#3278 = FACE_OUTER_BOUND ( 'NONE', #9460, .T. ) ;
#3279 = VECTOR ( 'NONE', #4225, 1000.000000000000000 ) ;
#3280 = ORIENTED_EDGE ( 'NONE', *, *, #5004, .T. ) ;
#3281 = LINE ( 'NONE', #1555, #4561 ) ;
#3282 = CARTESIAN_POINT ( 'NONE',  ( -6.749999999999997335, 5.150000000000000355, -7.850000000000003197 ) ) ;
#3283 = ORIENTED_EDGE ( 'NONE', *, *, #10197, .T. ) ;
#3284 = VECTOR ( 'NONE', #3369, 1000.000000000000000 ) ;
#3285 = DIRECTION ( 'NONE',  ( -1.000000000000000000, 0.000000000000000000, -0.000000000000000000 ) ) ;
#3286 = CARTESIAN_POINT ( 'NONE',  ( -4.700000000000002842, -4.999999999999999112, 2.924999999999999822 ) ) ;
#3287 = ORIENTED_EDGE ( 'NONE', *, *, #1531, .F. ) ;
#3288 = CARTESIAN_POINT ( 'NONE',  ( -1.600000000000002531, -3.350000000000000977, 0.2249999999999999500 ) ) ;
#3289 = ADVANCED_FACE ( 'NONE', ( #1932 ), #7495, .F. ) ;
#3290 = ORIENTED_EDGE ( 'NONE', *, *, #9130, .F. ) ;
#3291 = VECTOR ( 'NONE', #6927, 1000.000000000000114 ) ;
#3292 = VECTOR ( 'NONE', #3545, 1000.000000000000000 ) ;
#3293 = ORIENTED_EDGE ( 'NONE', *, *, #631, .F. ) ;
#3294 = FACE_OUTER_BOUND ( 'NONE', #8402, .T. ) ;
#3295 = CARTESIAN_POINT ( 'NONE',  ( -1.100000000000002087, -4.999999999999999112, 2.924999999999999822 ) ) ;
#3296 = CARTESIAN_POINT ( 'NONE',  ( -8.199999999999997513, 4.799999999999998046, 13.20342712474620939 ) ) ;
#3297 = ITEM_DEFINED_TRANSFORMATION ( 'NONE', 'NONE', #2130,  #10230 ) ;
#3298 = ORIENTED_EDGE ( 'NONE', *, *, #4274, .F. ) ;
#3299 = ADVANCED_FACE ( 'NONE', ( #6945 ), #870, .T. ) ;
#3300 = CARTESIAN_POINT ( 'NONE',  ( 3.075000000000000178, 11.71428571428571530, -4.824999999999999289 ) ) ;
#3301 = VERTEX_POINT ( 'NONE', #4178 ) ;
#3302 = VERTEX_POINT ( 'NONE', #10009 ) ;
#3303 = DIRECTION ( 'NONE',  ( -0.000000000000000000, -1.000000000000000000, -0.000000000000000000 ) ) ;
#3304 = VERTEX_POINT ( 'NONE', #258 ) ;
#3305 = DIRECTION ( 'NONE',  ( 1.000000000000000000, -0.000000000000000000, -1.275531967630005245E-16 ) ) ;
#3306 = DIRECTION ( 'NONE',  ( -0.7327934916262994758, -0.6804510993672774344, 0.000000000000000000 ) ) ;
#3307 = CARTESIAN_POINT ( 'NONE',  ( -10.20000000000000284, -3.375000000000000888, 4.025000000000000355 ) ) ;
#3308 = DIRECTION ( 'NONE',  ( -0.000000000000000000, 1.000000000000000000, 0.000000000000000000 ) ) ;
#3309 = LINE ( 'NONE', #2505, #9539 ) ;
#3310 = ORIENTED_EDGE ( 'NONE', *, *, #3546, .F. ) ;
#3311 = EDGE_CURVE ( 'NONE', #6951, #3909, #8155, .T. ) ;
#3312 = CARTESIAN_POINT ( 'NONE',  ( -1.600000000000002531, 8.400000000000000355, -0.07500000000000128786 ) ) ;
#3313 = AXIS2_PLACEMENT_3D ( 'NONE', #4666, #384, #7072 ) ;
#3314 = ORIENTED_EDGE ( 'NONE', *, *, #5197, .F. ) ;
#3315 = LINE ( 'NONE', #4137, #1027 ) ;
#3316 = DIRECTION ( 'NONE',  ( -1.495451272393799542E-16, -0.000000000000000000, -1.000000000000000000 ) ) ;
#3317 = ORIENTED_EDGE ( 'NONE', *, *, #7522, .T. ) ;
#3318 = ORIENTED_EDGE ( 'NONE', *, *, #3617, .F. ) ;
#3319 = PLANE ( 'NONE',  #1106 ) ;
#3320 = CARTESIAN_POINT ( 'NONE',  ( 1.935000000000001164, 12.28038475772933147, -3.675000000000001155 ) ) ;
#3321 = DIRECTION ( 'NONE',  ( -0.000000000000000000, -1.000000000000000000, -0.000000000000000000 ) ) ;
#3322 = CARTESIAN_POINT ( 'NONE',  ( 9.574999999999993960, 1.000000000000003331, 4.025000000000000355 ) ) ;
#3323 = FACE_OUTER_BOUND ( 'NONE', #531, .T. ) ;
#3324 = ORIENTED_EDGE ( 'NONE', *, *, #5775, .F. ) ;
#3325 = DIRECTION ( 'NONE',  ( 0.000000000000000000, 1.000000000000000000, 0.000000000000000000 ) ) ;
#3326 = EDGE_CURVE ( 'NONE', #10061, #432, #5254, .T. ) ;
#3327 = CARTESIAN_POINT ( 'NONE',  ( 8.950000000000002842, -3.999999999999999112, 2.924999999999999822 ) ) ;
#3328 = EDGE_CURVE ( 'NONE', #2170, #7754, #5866, .T. ) ;
#3329 = CARTESIAN_POINT ( 'NONE',  ( -3.274999999999999467, 2.600000000000001421, -4.025000000000003908 ) ) ;
#3330 = CIRCLE ( 'NONE', #4202, 1.000000000000000888 ) ;
#3331 = VECTOR ( 'NONE', #4468, 1000.000000000000000 ) ;
#3332 = VERTEX_POINT ( 'NONE', #4489 ) ;
#3333 = ADVANCED_FACE ( 'NONE', ( #7809 ), #6227, .F. ) ;
#3334 = DIRECTION ( 'NONE',  ( 0.000000000000000000, 0.000000000000000000, 1.000000000000000000 ) ) ;
#3335 = CYLINDRICAL_SURFACE ( 'NONE', #7864, 0.6999999999999992895 ) ;
#3336 = LINE ( 'NONE', #4971, #7944 ) ;
#3337 = VECTOR ( 'NONE', #6034, 1000.000000000000000 ) ;
#3338 = DIRECTION ( 'NONE',  ( 0.000000000000000000, 1.000000000000000000, 0.000000000000000000 ) ) ;
#3339 = VECTOR ( 'NONE', #4206, 1000.000000000000000 ) ;
#3340 = EDGE_LOOP ( 'NONE', ( #932, #3571, #5007, #3828 ) ) ;
#3341 = CARTESIAN_POINT ( 'NONE',  ( 3.157842712474620228, 11.63736033841642481, -4.025000000000003908 ) ) ;
#3342 = APPLICATION_CONTEXT ( 'automotive_design' ) ;
#3343 = ORIENTED_EDGE ( 'NONE', *, *, #4008, .T. ) ;
#3344 = EDGE_CURVE ( 'NONE', #3510, #10297, #7217, .T. ) ;
#3345 = VECTOR ( 'NONE', #1556, 1000.000000000000000 ) ;
#3346 = CIRCLE ( 'NONE', #10492, 0.2000000000000000944 ) ;
#3347 = ORIENTED_EDGE ( 'NONE', *, *, #631, .T. ) ;
#3348 = EDGE_CURVE ( 'NONE', #3425, #1291, #7524, .T. ) ;
#3349 = DIRECTION ( 'NONE',  ( 0.000000000000000000, 0.000000000000000000, -1.000000000000000000 ) ) ;
#3350 = VECTOR ( 'NONE', #4210, 1000.000000000000000 ) ;
#3351 = DIRECTION ( 'NONE',  ( -0.000000000000000000, 1.000000000000000000, -0.000000000000000000 ) ) ;
#3352 = CARTESIAN_POINT ( 'NONE',  ( -1.600000000000002531, -3.350000000000000977, 4.025000000000000355 ) ) ;
#3353 = VECTOR ( 'NONE', #10195, 1000.000000000000114 ) ;
#3354 = VERTEX_POINT ( 'NONE', #6343 ) ;
#3355 = VECTOR ( 'NONE', #1897, 1000.000000000000000 ) ;
#3356 = VECTOR ( 'NONE', #9475, 1000.000000000000000 ) ;
#3357 = AXIS2_PLACEMENT_3D ( 'NONE', #3496, #6983, #10309 ) ;
#3358 = CARTESIAN_POINT ( 'NONE',  ( 6.099999999999997868, -4.999999999999999112, 2.924999999999999822 ) ) ;
#3359 = VERTEX_POINT ( 'NONE', #9615 ) ;
#3360 = EDGE_LOOP ( 'NONE', ( #8961, #2863, #9380, #7422 ) ) ;
#3361 = DIRECTION ( 'NONE',  ( -0.000000000000000000, -1.000000000000000000, -0.000000000000000000 ) ) ;
#3362 = AXIS2_PLACEMENT_3D ( 'NONE', #8881, #10358, #2894 ) ;
#3363 = PRODUCT_DEFINITION_SHAPE ( 'NONE', 'NONE',  #10769 ) ;
#3364 = ORIENTED_EDGE ( 'NONE', *, *, #5680, .F. ) ;
#3365 = CARTESIAN_POINT ( 'NONE',  ( -5.599999999999992539, -1.887878387081803222, -6.050000000000002487 ) ) ;
#3366 = PLANE ( 'NONE',  #1023 ) ;
#3367 = DIRECTION ( 'NONE',  ( 0.000000000000000000, -6.413570011749477106E-20, 1.000000000000000000 ) ) ;
#3368 = PLANE ( 'NONE',  #10478 ) ;
#3369 = DIRECTION ( 'NONE',  ( -0.000000000000000000, -0.000000000000000000, 1.000000000000000000 ) ) ;
#3370 = ORIENTED_EDGE ( 'NONE', *, *, #9459, .F. ) ;
#3371 = PLANE ( 'NONE',  #1278 ) ;
#3372 = ORIENTED_EDGE ( 'NONE', *, *, #2996, .F. ) ;
#3373 = DIRECTION ( 'NONE',  ( -0.000000000000000000, 1.000000000000000000, -0.000000000000000000 ) ) ;
#3374 = VERTEX_POINT ( 'NONE', #691 ) ;
#3375 = ORIENTED_EDGE ( 'NONE', *, *, #2066, .F. ) ;
#3376 = DIRECTION ( 'NONE',  ( -1.577021341797097314E-16, -0.000000000000000000, -1.000000000000000000 ) ) ;
#3377 = CARTESIAN_POINT ( 'NONE',  ( 0.000000000000000000, 0.000000000000000000, -0.07500000000000128786 ) ) ;
#3378 = ADVANCED_FACE ( 'NONE', ( #580 ), #7266, .T. ) ;
#3379 = DIRECTION ( 'NONE',  ( 0.000000000000000000, 0.000000000000000000, -1.000000000000000000 ) ) ;
#3380 = PLANE ( 'NONE',  #10205 ) ;
#3381 = DIRECTION ( 'NONE',  ( 0.5773502691896281735, 0.5773502691896259531, 0.5773502691896231775 ) ) ;
#3382 = AXIS2_PLACEMENT_3D ( 'NONE', #7284, #766, #4777 ) ;
#3383 = ORIENTED_EDGE ( 'NONE', *, *, #9138, .F. ) ;
#3384 = DIRECTION ( 'NONE',  ( -0.000000000000000000, -0.000000000000000000, 1.000000000000000000 ) ) ;
#3385 = LINE ( 'NONE', #10028, #7981 ) ;
#3386 = LINE ( 'NONE', #9212, #462 ) ;
#3387 = ORIENTED_EDGE ( 'NONE', *, *, #9226, .T. ) ;
#3388 = DIRECTION ( 'NONE',  ( -0.000000000000000000, 0.7071067811865484609, 0.7071067811865466846 ) ) ;
#3389 = CARTESIAN_POINT ( 'NONE',  ( 5.674999999999998934, 12.80000000000000071, -5.025000000000000355 ) ) ;
#3390 = ADVANCED_FACE ( 'NONE', ( #6445 ), #3776, .F. ) ;
#3391 = CARTESIAN_POINT ( 'NONE',  ( -9.574999999999993960, 2.400000000000001243, 4.825000000000009948 ) ) ;
#3392 = EDGE_CURVE ( 'NONE', #9072, #3907, #6284, .T. ) ;
#3393 = CARTESIAN_POINT ( 'NONE',  ( -2.750000000000000000, 10.50000000000000000, -3.675000000000001155 ) ) ;
#3394 = EDGE_LOOP ( 'NONE', ( #1986, #5879, #281, #6634 ) ) ;
#3395 = LINE ( 'NONE', #954, #7689 ) ;
#3396 = EDGE_LOOP ( 'NONE', ( #619, #5149, #10460, #7198 ) ) ;
#3397 = PLANE ( 'NONE',  #8976 ) ;
#3398 = EDGE_CURVE ( 'NONE', #3419, #5492, #7911, .T. ) ;
#3399 = ORIENTED_EDGE ( 'NONE', *, *, #3252, .F. ) ;
#3400 = DIRECTION ( 'NONE',  ( 0.000000000000000000, -1.000000000000000000, 0.000000000000000000 ) ) ;
#3401 = ORIENTED_EDGE ( 'NONE', *, *, #2544, .F. ) ;
#3402 = DIRECTION ( 'NONE',  ( -0.000000000000000000, -1.000000000000000000, -0.000000000000000000 ) ) ;
#3403 = EDGE_CURVE ( 'NONE', #7277, #5824, #5475, .T. ) ;
#3404 = VECTOR ( 'NONE', #3757, 1000.000000000000000 ) ;
#3405 = ORIENTED_EDGE ( 'NONE', *, *, #7720, .T. ) ;
#3406 = EDGE_CURVE ( 'NONE', #4050, #2726, #2318, .T. ) ;
#3407 = VECTOR ( 'NONE', #7208, 1000.000000000000000 ) ;
#3408 = EDGE_CURVE ( 'NONE', #7668, #2274, #471, .T. ) ;
#3409 = PLANE ( 'NONE',  #2926 ) ;
#3410 = ORIENTED_EDGE ( 'NONE', *, *, #6678, .F. ) ;
#3411 = VECTOR ( 'NONE', #4621, 1000.000000000000000 ) ;
#3412 = VERTEX_POINT ( 'NONE', #10647 ) ;
#3413 = CARTESIAN_POINT ( 'NONE',  ( 10.20000000000000284, 0.000000000000000000, 5.024999999999999467 ) ) ;
#3414 = ORIENTED_EDGE ( 'NONE', *, *, #8454, .F. ) ;
#3415 = LINE ( 'NONE', #1832, #7939 ) ;
#3416 = CARTESIAN_POINT ( 'NONE',  ( -8.249999999999998224, 8.799999999999997158, 5.375000000000000000 ) ) ;
#3417 = DIRECTION ( 'NONE',  ( 0.000000000000000000, 0.000000000000000000, -1.000000000000000000 ) ) ;
#3418 = DIRECTION ( 'NONE',  ( -0.000000000000000000, -1.000000000000000000, 0.000000000000000000 ) ) ;
#3419 = VERTEX_POINT ( 'NONE', #2097 ) ;
#3420 = AXIS2_PLACEMENT_3D ( 'NONE', #375, #7921, #7061 ) ;
#3421 = FACE_BOUND ( 'NONE', #1520, .T. ) ;
#3422 = VERTEX_POINT ( 'NONE', #6392 ) ;
#3423 = DIRECTION ( 'NONE',  ( 2.267612386897787377E-16, -0.000000000000000000, 1.000000000000000000 ) ) ;
#3424 = ORIENTED_EDGE ( 'NONE', *, *, #1154, .T. ) ;
#3425 = VERTEX_POINT ( 'NONE', #7157 ) ;
#3426 = LINE ( 'NONE', #8536, #3181 ) ;
#3427 = VECTOR ( 'NONE', #6342, 1000.000000000000227 ) ;
#3428 = DIRECTION ( 'NONE',  ( 0.000000000000000000, 1.000000000000000000, 0.000000000000000000 ) ) ;
#3429 = DIRECTION ( 'NONE',  ( 1.084202172485504040E-15, 0.000000000000000000, 1.000000000000000000 ) ) ;
#3430 = LINE ( 'NONE', #939, #1686 ) ;
#3431 = FACE_OUTER_BOUND ( 'NONE', #2001, .T. ) ;
#3432 = VERTEX_POINT ( 'NONE', #8736 ) ;
#3433 = CYLINDRICAL_SURFACE ( 'NONE', #35, 0.2000000000000009548 ) ;
#3434 = CARTESIAN_POINT ( 'NONE',  ( 7.000000000000002665, 8.400000000000000355, 1.724999999999998979 ) ) ;
#3435 = VECTOR ( 'NONE', #7950, 1000.000000000000000 ) ;
#3436 = LINE ( 'NONE', #9368, #10547 ) ;
#3437 = ADVANCED_FACE ( 'NONE', ( #9771 ), #3022, .F. ) ;
#3438 = ORIENTED_EDGE ( 'NONE', *, *, #1138, .F. ) ;
#3439 = DIRECTION ( 'NONE',  ( -1.000000000000000000, 0.000000000000000000, 8.503546450866702047E-17 ) ) ;
#3440 = CARTESIAN_POINT ( 'NONE',  ( 2.575000000000000178, 11.90000000000000036, -3.675000000000001155 ) ) ;
#3441 = AXIS2_PLACEMENT_3D ( 'NONE', #1963, #1800, #5114 ) ;
#3442 = LINE ( 'NONE', #10089, #6911 ) ;
#3443 = CARTESIAN_POINT ( 'NONE',  ( 0.1999999999999970690, -3.350000000000000977, 0.2249999999999999500 ) ) ;
#3444 = ORIENTED_EDGE ( 'NONE', *, *, #7997, .T. ) ;
#3445 = CARTESIAN_POINT ( 'NONE',  ( -5.599999999999992539, 2.949999999999998845, -6.050000000000002487 ) ) ;
#3446 = AXIS2_PLACEMENT_3D ( 'NONE', #611, #6366, #5337 ) ;
#3447 = ORIENTED_EDGE ( 'NONE', *, *, #1661, .T. ) ;
#3448 = ORIENTED_EDGE ( 'NONE', *, *, #2611, .F. ) ;
#3449 = AXIS2_PLACEMENT_3D ( 'NONE', #8577, #1775, #6679 ) ;
#3450 = VECTOR ( 'NONE', #920, 1000.000000000000000 ) ;
#3451 = ADVANCED_FACE ( 'NONE', ( #5525 ), #2205, .F. ) ;
#3452 = EDGE_CURVE ( 'NONE', #1443, #8573, #1293, .T. ) ;
#3453 = ORIENTED_EDGE ( 'NONE', *, *, #9536, .F. ) ;
#3454 = VECTOR ( 'NONE', #1639, 1000.000000000000000 ) ;
#3455 = CARTESIAN_POINT ( 'NONE',  ( 3.400000000000002132, 2.800000000000002043, 2.124999999999999112 ) ) ;
#3456 = CARTESIAN_POINT ( 'NONE',  ( 3.275000000000000799, 12.80000000000000071, -4.025000000000004796 ) ) ;
#3457 = ORIENTED_EDGE ( 'NONE', *, *, #9831, .F. ) ;
#3458 = LINE ( 'NONE', #8407, #2384 ) ;
#3459 = ITEM_DEFINED_TRANSFORMATION ( 'NONE', 'NONE', #2452,  #10230 ) ;
#3460 = ORIENTED_EDGE ( 'NONE', *, *, #5845, .T. ) ;
#3461 = EDGE_CURVE ( 'NONE', #642, #7581, #9963, .T. ) ;
#3462 = DIRECTION ( 'NONE',  ( 3.469446951953616161E-16, -1.000000000000000000, 0.000000000000000000 ) ) ;
#3463 = AXIS2_PLACEMENT_3D ( 'NONE', #8275, #5727, #5010 ) ;
#3464 = EDGE_LOOP ( 'NONE', ( #4443, #9012, #9201, #8375 ) ) ;
#3465 = ORIENTED_EDGE ( 'NONE', *, *, #7987, .T. ) ;
#3466 = DIRECTION ( 'NONE',  ( 0.000000000000000000, -1.000000000000000000, 0.000000000000000000 ) ) ;
#3467 = ADVANCED_FACE ( 'NONE', ( #1450 ), #7322, .T. ) ;
#3468 = ORIENTED_EDGE ( 'NONE', *, *, #3344, .F. ) ;
#3469 = CARTESIAN_POINT ( 'NONE',  ( 1.100000000000002087, 0.000000000000000000, 4.025000000000000355 ) ) ;
#3470 = CARTESIAN_POINT ( 'NONE',  ( -9.899999999999995026, 12.80000000000000071, -4.724999999999997868 ) ) ;
#3471 = DIRECTION ( 'NONE',  ( 1.000000000000000000, 0.000000000000000000, -2.241244801003626445E-16 ) ) ;
#3472 = DIRECTION ( 'NONE',  ( -1.000000000000000000, 0.000000000000000000, 0.000000000000000000 ) ) ;
#3473 = ORIENTED_EDGE ( 'NONE', *, *, #1141, .F. ) ;
#3474 = FACE_OUTER_BOUND ( 'NONE', #4074, .T. ) ;
#3475 = EDGE_CURVE ( 'NONE', #4941, #2548, #9217, .T. ) ;
#3476 = VERTEX_POINT ( 'NONE', #743 ) ;
#3477 = CARTESIAN_POINT ( 'NONE',  ( -7.000000000000002665, -3.750000000000001332, 4.025000000000000355 ) ) ;
#3479 = ORIENTED_EDGE ( 'NONE', *, *, #2819, .T. ) ;
#3478 = ADVANCED_FACE ( 'NONE', ( #6554 ), #6711, .F. ) ;
#3480 = ORIENTED_EDGE ( 'NONE', *, *, #9894, .F. ) ;
#3481 = CARTESIAN_POINT ( 'NONE',  ( 1.100000000000002087, -1.250000000000001332, 2.924999999999999822 ) ) ;
#3482 = LINE ( 'NONE', #65, #1767 ) ;
#3483 = DIRECTION ( 'NONE',  ( 0.000000000000000000, 0.000000000000000000, -1.000000000000000000 ) ) ;
#3484 = DIRECTION ( 'NONE',  ( -0.000000000000000000, 1.000000000000000000, 0.000000000000000000 ) ) ;
#3485 = CARTESIAN_POINT ( 'NONE',  ( -6.499999999999997335, -1.887878387081804998, -8.550000000000002487 ) ) ;
#3486 = VERTEX_POINT ( 'NONE', #9009 ) ;
#3487 = FACE_OUTER_BOUND ( 'NONE', #6852, .T. ) ;
#3488 = AXIS2_PLACEMENT_3D ( 'NONE', #7549, #100, #1076 ) ;
#3489 = LINE ( 'NONE', #1971, #10255 ) ;
#3490 = PLANE ( 'NONE',  #7058 ) ;
#3491 = ORIENTED_EDGE ( 'NONE', *, *, #5850, .F. ) ;
#3492 = CARTESIAN_POINT ( 'NONE',  ( 7.782325954503894749, 12.62276624786627899, -3.047631704256630769 ) ) ;
#3493 = DIRECTION ( 'NONE',  ( -1.000000000000000000, 0.000000000000000000, 0.000000000000000000 ) ) ;
#3494 = VECTOR ( 'NONE', #3838, 1000.000000000000000 ) ;
#3495 = CARTESIAN_POINT ( 'NONE',  ( -6.500000000000002665, 0.000000000000000000, -0.4750000000000010325 ) ) ;
#3496 = CARTESIAN_POINT ( 'NONE',  ( -9.199999999999997513, 4.799999999999998046, 7.875000000000000000 ) ) ;
#3497 = ORIENTED_EDGE ( 'NONE', *, *, #7502, .T. ) ;
#3498 = ORIENTED_EDGE ( 'NONE', *, *, #6782, .T. ) ;
#3499 = ORIENTED_EDGE ( 'NONE', *, *, #5873, .T. ) ;
#3500 = CARTESIAN_POINT ( 'NONE',  ( -2.234999999999998987, 2.800000000000000266, -2.674999999999999822 ) ) ;
#3501 = ORIENTED_EDGE ( 'NONE', *, *, #5231, .F. ) ;
#3502 = VECTOR ( 'NONE', #7396, 1000.000000000000000 ) ;
#3503 = DIRECTION ( 'NONE',  ( 0.000000000000000000, 1.000000000000000000, 0.000000000000000000 ) ) ;
#3504 = PLANE ( 'NONE',  #3666 ) ;
#3505 = VECTOR ( 'NONE', #3418, 1000.000000000000000 ) ;
#3506 = ORIENTED_EDGE ( 'NONE', *, *, #7256, .F. ) ;
#3507 = LINE ( 'NONE', #5851, #10382 ) ;
#3508 = AXIS2_PLACEMENT_3D ( 'NONE', #9324, #4829, #9277 ) ;
#3509 = ADVANCED_FACE ( 'NONE', ( #2369 ), #10036, .F. ) ;
#3510 = VERTEX_POINT ( 'NONE', #5691 ) ;
#3511 = AXIS2_PLACEMENT_3D ( 'NONE', #10643, #3940, #9005 ) ;
#3512 = VECTOR ( 'NONE', #3503, 1000.000000000000000 ) ;
#3513 = CARTESIAN_POINT ( 'NONE',  ( 7.824999999999991296, 2.400000000000003020, 4.825000000000007283 ) ) ;
#3514 = VERTEX_POINT ( 'NONE', #10701 ) ;
#3515 = VECTOR ( 'NONE', #10540, 1000.000000000000114 ) ;
#3516 = ORIENTED_EDGE ( 'NONE', *, *, #10668, .F. ) ;
#3517 = DIRECTION ( 'NONE',  ( 0.000000000000000000, 0.000000000000000000, 1.000000000000000000 ) ) ;
#3518 = CIRCLE ( 'NONE', #234, 0.1999999999999996503 ) ;
#3519 = ORIENTED_EDGE ( 'NONE', *, *, #1815, .T. ) ;
#3520 = CARTESIAN_POINT ( 'NONE',  ( -8.950000000000002842, -3.375000000000000888, 4.025000000000000355 ) ) ;
#3521 = CARTESIAN_POINT ( 'NONE',  ( -2.575000000000000178, 10.50000000000000000, -3.675000000000001155 ) ) ;
#3522 = AXIS2_PLACEMENT_3D ( 'NONE', #8879, #561, #400 ) ;
#3523 = EDGE_CURVE ( 'NONE', #4532, #2922, #26, .T. ) ;
#3524 =( NAMED_UNIT ( * ) SI_UNIT ( $, .STERADIAN. ) SOLID_ANGLE_UNIT ( ) );
#3525 = DIRECTION ( 'NONE',  ( 1.000000000000000000, 0.000000000000000000, 0.000000000000000000 ) ) ;
#3526 = ORIENTED_EDGE ( 'NONE', *, *, #1998, .T. ) ;
#3527 = EDGE_CURVE ( 'NONE', #10094, #8753, #1607, .T. ) ;
#3528 = ORIENTED_EDGE ( 'NONE', *, *, #3188, .F. ) ;
#3529 = VECTOR ( 'NONE', #3656, 1000.000000000000000 ) ;
#3530 = FACE_BOUND ( 'NONE', #8779, .T. ) ;
#3531 = ADVANCED_FACE ( 'NONE', ( #8287 ), #81, .T. ) ;
#3532 = AXIS2_PLACEMENT_3D ( 'NONE', #3873, #2139, #4746 ) ;
#3533 = ORIENTED_EDGE ( 'NONE', *, *, #8927, .F. ) ;
#3534 = DIRECTION ( 'NONE',  ( -1.000000000000000000, 0.000000000000000000, 1.515042337097647644E-16 ) ) ;
#3535 = ORIENTED_EDGE ( 'NONE', *, *, #3058, .F. ) ;
#3536 = ORIENTED_EDGE ( 'NONE', *, *, #7203, .F. ) ;
#3537 = CARTESIAN_POINT ( 'NONE',  ( -6.132619763988280681, -4.270985999605225736, -7.682619763988284944 ) ) ;
#3538 = DIRECTION ( 'NONE',  ( -1.000000000000000000, 0.000000000000000000, 0.000000000000000000 ) ) ;
#3539 = CARTESIAN_POINT ( 'NONE',  ( -7.980000000000001315, 12.28038475772934746, -2.375000000000000000 ) ) ;
#3540 = DIRECTION ( 'NONE',  ( -0.000000000000000000, 1.000000000000000000, -0.000000000000000000 ) ) ;
#3541 = CARTESIAN_POINT ( 'NONE',  ( -10.19999999999999574, 12.80000000000000071, -4.724999999999997868 ) ) ;
#3542 = EDGE_CURVE ( 'NONE', #4334, #3302, #5079, .T. ) ;
#3543 = ORIENTED_EDGE ( 'NONE', *, *, #2204, .T. ) ;
#3544 = DIRECTION ( 'NONE',  ( -1.000000000000000000, 0.000000000000000000, 0.000000000000000000 ) ) ;
#3545 = DIRECTION ( 'NONE',  ( -1.000000000000000000, 0.000000000000000000, 0.000000000000000000 ) ) ;
#3546 = EDGE_CURVE ( 'NONE', #9678, #4669, #5742, .T. ) ;
#3547 = EDGE_CURVE ( 'NONE', #2789, #5030, #4159, .T. ) ;
#3548 = CARTESIAN_POINT ( 'NONE',  ( -9.000000000000000000, 2.800000000000000266, -4.024999999999999467 ) ) ;
#3549 = ORIENTED_EDGE ( 'NONE', *, *, #4003, .T. ) ;
#3550 = LINE ( 'NONE', #9371, #2133 ) ;
#3551 = LINE ( 'NONE', #7683, #3004 ) ;
#3552 = LINE ( 'NONE', #2730, #2763 ) ;
#3553 = LINE ( 'NONE', #4530, #5165 ) ;
#3554 = DIRECTION ( 'NONE',  ( 0.000000000000000000, -0.000000000000000000, -1.000000000000000000 ) ) ;
#3555 = ORIENTED_EDGE ( 'NONE', *, *, #3328, .F. ) ;
#3556 = EDGE_LOOP ( 'NONE', ( #6405, #6097, #3468, #1809 ) ) ;
#3557 = CARTESIAN_POINT ( 'NONE',  ( -8.999999999999998224, 2.800000000000000266, -0.07500000000000128786 ) ) ;
#3558 = CARTESIAN_POINT ( 'NONE',  ( 0.000000000000000000, -1.250000000000001332, 4.025000000000000355 ) ) ;
#3559 = ORIENTED_EDGE ( 'NONE', *, *, #5320, .T. ) ;
#3560 = CARTESIAN_POINT ( 'NONE',  ( -1.600000000000002531, 8.400000000000000355, -0.4750000000000014766 ) ) ;
#3561 = PLANE ( 'NONE',  #10661 ) ;
#3562 = ORIENTED_EDGE ( 'NONE', *, *, #5417, .T. ) ;
#3563 = DIRECTION ( 'NONE',  ( -1.000000000000000000, 0.000000000000000000, -0.000000000000000000 ) ) ;
#3564 = CARTESIAN_POINT ( 'NONE',  ( 7.238380151290434661, 12.80000000000000071, -2.675000000000018474 ) ) ;
#3565 = VERTEX_POINT ( 'NONE', #9932 ) ;
#3566 = CARTESIAN_POINT ( 'NONE',  ( 2.935000000000000941, 2.800000000000000266, -2.375000000000002220 ) ) ;
#3567 = ORIENTED_EDGE ( 'NONE', *, *, #9908, .F. ) ;
#3568 = EDGE_CURVE ( 'NONE', #5379, #2059, #3184, .T. ) ;
#3569 = ORIENTED_EDGE ( 'NONE', *, *, #3547, .T. ) ;
#3570 = DIRECTION ( 'NONE',  ( 1.000000000000000000, 0.000000000000000000, -1.495451272393799542E-16 ) ) ;
#3571 = ORIENTED_EDGE ( 'NONE', *, *, #1927, .F. ) ;
#3572 = DIRECTION ( 'NONE',  ( -0.000000000000000000, -0.000000000000000000, 1.000000000000000000 ) ) ;
#3573 = FACE_OUTER_BOUND ( 'NONE', #4379, .T. ) ;
#3574 = CARTESIAN_POINT ( 'NONE',  ( 0.000000000000000000, 0.000000000000000000, -0.4750000000000010325 ) ) ;
#3575 = DIRECTION ( 'NONE',  ( 0.000000000000000000, 0.000000000000000000, -1.000000000000000000 ) ) ;
#3576 = EDGE_LOOP ( 'NONE', ( #5693, #4643, #9302, #6336 ) ) ;
#3577 = EDGE_LOOP ( 'NONE', ( #6415, #620, #10096, #2533 ) ) ;
#3578 = VECTOR ( 'NONE', #1912, 1000.000000000000000 ) ;
#3579 = DIRECTION ( 'NONE',  ( 1.000000000000000000, 0.000000000000000000, 0.000000000000000000 ) ) ;
#3580 = ORIENTED_EDGE ( 'NONE', *, *, #1017, .F. ) ;
#3581 = EDGE_CURVE ( 'NONE', #10437, #7680, #6502, .T. ) ;
#3582 = EDGE_CURVE ( 'NONE', #9016, #7600, #4927, .T. ) ;
#3583 = DIRECTION ( 'NONE',  ( 1.000000000000000000, 0.000000000000000000, 0.000000000000000000 ) ) ;
#3584 = EDGE_LOOP ( 'NONE', ( #10590, #10440, #1955, #6240 ) ) ;
#3585 = EDGE_LOOP ( 'NONE', ( #5081, #7380, #10662, #2116 ) ) ;
#3586 = PLANE ( 'NONE',  #1957 ) ;
#3587 = LINE ( 'NONE', #1799, #8024 ) ;
#3588 = CARTESIAN_POINT ( 'NONE',  ( 8.950000000000002842, -3.750000000000001332, 2.924999999999999822 ) ) ;
#3589 = EDGE_CURVE ( 'NONE', #7821, #9730, #8242, .T. ) ;
#3590 = DIRECTION ( 'NONE',  ( -0.7071067811865444641, 0.7071067811865505703, 0.000000000000000000 ) ) ;
#3591 = CARTESIAN_POINT ( 'NONE',  ( -0.1999999999999970690, -0.8500000000000011990, 2.924999999999999822 ) ) ;
#3592 = VECTOR ( 'NONE', #5932, 1000.000000000000000 ) ;
#3593 = ORIENTED_EDGE ( 'NONE', *, *, #7703, .F. ) ;
#3594 = LINE ( 'NONE', #1105, #5765 ) ;
#3595 = DIRECTION ( 'NONE',  ( -0.000000000000000000, 1.000000000000000000, -0.000000000000000000 ) ) ;
#3596 = CARTESIAN_POINT ( 'NONE',  ( 2.750000000000000000, 11.90000000000000036, -3.675000000000001155 ) ) ;
#3597 = EDGE_CURVE ( 'NONE', #7051, #4270, #4105, .T. ) ;
#3598 = AXIS2_PLACEMENT_3D ( 'NONE', #9291, #1025, #8470 ) ;
#3599 = VERTEX_POINT ( 'NONE', #7533 ) ;
#3600 = LINE ( 'NONE', #949, #1774 ) ;
#3601 = DIRECTION ( 'NONE',  ( -1.000000000000000000, 0.000000000000000000, 4.818676322157797621E-17 ) ) ;
#3602 = CARTESIAN_POINT ( 'NONE',  ( 1.600000000000002531, -0.8500000000000011990, 2.425000000000000711 ) ) ;
#3603 = EDGE_CURVE ( 'NONE', #10037, #8582, #7424, .T. ) ;
#3604 = CARTESIAN_POINT ( 'NONE',  ( -7.679999999999999716, 10.05000000000000071, -2.375000000000001776 ) ) ;
#3605 = DIRECTION ( 'NONE',  ( 0.000000000000000000, 0.000000000000000000, -1.000000000000000000 ) ) ;
#3606 = ADVANCED_FACE ( 'NONE', ( #2474 ), #5794, .F. ) ;
#3607 = EDGE_LOOP ( 'NONE', ( #3383, #6028, #2333, #7338 ) ) ;
#3608 = ORIENTED_EDGE ( 'NONE', *, *, #2149, .T. ) ;
#3609 = LINE ( 'NONE', #8722, #10119 ) ;
#3610 = VECTOR ( 'NONE', #2962, 1000.000000000000000 ) ;
#3611 = DIRECTION ( 'NONE',  ( 0.000000000000000000, 0.000000000000000000, 1.000000000000000000 ) ) ;
#3612 = EDGE_CURVE ( 'NONE', #605, #2484, #1708, .T. ) ;
#3613 = ORIENTED_EDGE ( 'NONE', *, *, #9448, .T. ) ;
#3614 = DIRECTION ( 'NONE',  ( 1.000000000000000000, 0.000000000000000000, 0.000000000000000000 ) ) ;
#3615 = DIRECTION ( 'NONE',  ( -0.000000000000000000, -1.000000000000000000, -0.000000000000000000 ) ) ;
#3616 = ORIENTED_EDGE ( 'NONE', *, *, #1367, .F. ) ;
#3617 = EDGE_CURVE ( 'NONE', #1700, #205, #10199, .T. ) ;
#3618 = DIRECTION ( 'NONE',  ( -1.000000000000000000, 0.000000000000000000, 0.000000000000000000 ) ) ;
#3619 = LINE ( 'NONE', #6173, #7360 ) ;
#3620 = ORIENTED_EDGE ( 'NONE', *, *, #1652, .F. ) ;
#3621 = AXIS2_PLACEMENT_3D ( 'NONE', #6806, #2833, #5933 ) ;
#3622 = CARTESIAN_POINT ( 'NONE',  ( 8.950000000000002842, -1.574999999999999512, 5.375000000000000000 ) ) ;
#3623 = VERTEX_POINT ( 'NONE', #5998 ) ;
#3624 = ORIENTED_EDGE ( 'NONE', *, *, #8788, .F. ) ;
#3625 = DIRECTION ( 'NONE',  ( 0.000000000000000000, -0.000000000000000000, 1.000000000000000000 ) ) ;
#3626 = AXIS2_PLACEMENT_3D ( 'NONE', #10435, #4438, #7110 ) ;
#3627 = VECTOR ( 'NONE', #4671, 1000.000000000000000 ) ;
#3628 = ORIENTED_EDGE ( 'NONE', *, *, #7912, .F. ) ;
#3629 = LINE ( 'NONE', #4609, #1518 ) ;
#3630 = PRESENTATION_STYLE_ASSIGNMENT (( #8797 ) ) ;
#3631 = DIRECTION ( 'NONE',  ( 1.000000000000000000, 0.000000000000000000, 0.000000000000000000 ) ) ;
#3632 = ORIENTED_EDGE ( 'NONE', *, *, #415, .F. ) ;
#3633 = EDGE_LOOP ( 'NONE', ( #3868, #500, #7394, #5598 ) ) ;
#3634 = VECTOR ( 'NONE', #1275, 1000.000000000000000 ) ;
#3635 = LINE ( 'NONE', #7768, #7014 ) ;
#3636 = EDGE_LOOP ( 'NONE', ( #8448, #8252, #38, #1674, #9064, #1254, #10082, #5975, #5191, #859 ) ) ;
#3637 = CARTESIAN_POINT ( 'NONE',  ( 8.950000000000002842, -0.8500000000000009770, 2.924999999999999822 ) ) ;
#3638 = ORIENTED_EDGE ( 'NONE', *, *, #10461, .T. ) ;
#3639 = ORIENTED_EDGE ( 'NONE', *, *, #4709, .T. ) ;
#3640 = DIRECTION ( 'NONE',  ( 1.000000000000000000, -0.000000000000000000, -0.000000000000000000 ) ) ;
#3641 = CARTESIAN_POINT ( 'NONE',  ( 4.700000000000002842, 0.000000000000000000, 4.025000000000000355 ) ) ;
#3642 = FACE_OUTER_BOUND ( 'NONE', #6621, .T. ) ;
#3643 = CARTESIAN_POINT ( 'NONE',  ( -2.874999999999999112, 0.000000000000000000, -5.025000000000002132 ) ) ;
#3644 = LINE ( 'NONE', #8487, #10052 ) ;
#3645 = ORIENTED_EDGE ( 'NONE', *, *, #9453, .T. ) ;
#3646 = EDGE_CURVE ( 'NONE', #8002, #903, #6653, .T. ) ;
#3647 = DIRECTION ( 'NONE',  ( -0.000000000000000000, -0.7071067811865492381, -0.7071067811865457964 ) ) ;
#3648 = CARTESIAN_POINT ( 'NONE',  ( 8.180000000000001492, 12.80000000000000071, -4.325000000000003730 ) ) ;
#3649 = CARTESIAN_POINT ( 'NONE',  ( 0.1999999999999970690, 2.800000000000000266, 3.825000000000001066 ) ) ;
#3650 = EDGE_CURVE ( 'NONE', #9473, #505, #928, .T. ) ;
#3651 = ORIENTED_EDGE ( 'NONE', *, *, #6334, .F. ) ;
#3652 = CARTESIAN_POINT ( 'NONE',  ( -1.600000000000002531, -3.750000000000001332, 4.025000000000000355 ) ) ;
#3653 = CARTESIAN_POINT ( 'NONE',  ( 6.099999999999997868, -3.750000000000001332, 4.025000000000000355 ) ) ;
#3654 = DIRECTION ( 'NONE',  ( -0.000000000000000000, 0.3420201433256692125, 0.9396926207859083169 ) ) ;
#3655 = PLANE ( 'NONE',  #3777 ) ;
#3656 = DIRECTION ( 'NONE',  ( 0.000000000000000000, 1.000000000000000000, 0.000000000000000000 ) ) ;
#3657 = ORIENTED_EDGE ( 'NONE', *, *, #2610, .F. ) ;
#3658 = AXIS2_PLACEMENT_3D ( 'NONE', #3743, #3799, #1360 ) ;
#3659 = EDGE_CURVE ( 'NONE', #528, #4256, #1168, .T. ) ;
#3660 = ORIENTED_EDGE ( 'NONE', *, *, #3188, .T. ) ;
#3661 = EDGE_CURVE ( 'NONE', #85, #133, #4478, .T. ) ;
#3662 = CARTESIAN_POINT ( 'NONE',  ( -4.700000000000002842, 0.000000000000000000, 4.025000000000000355 ) ) ;
#3663 = CARTESIAN_POINT ( 'NONE',  ( 3.799999999999998046, 2.800000000000000266, 3.825000000000001066 ) ) ;
#3664 = ADVANCED_FACE ( 'NONE', ( #7794 ), #589, .F. ) ;
#3665 = EDGE_LOOP ( 'NONE', ( #1828, #1792, #5246, #6807 ) ) ;
#3666 = AXIS2_PLACEMENT_3D ( 'NONE', #9281, #10158, #6006 ) ;
#3667 = PLANE ( 'NONE',  #4726 ) ;
#3668 = LINE ( 'NONE', #10429, #8739 ) ;
#3669 = ORIENTED_EDGE ( 'NONE', *, *, #3311, .T. ) ;
#3670 = CARTESIAN_POINT ( 'NONE',  ( -1.600000000000002531, -3.350000000000000977, 0.2249999999999999500 ) ) ;
#3671 = DIRECTION ( 'NONE',  ( -0.000000000000000000, -0.000000000000000000, -1.000000000000000000 ) ) ;
#3672 = VERTEX_POINT ( 'NONE', #2787 ) ;
#3673 = EDGE_CURVE ( 'NONE', #6702, #9645, #8501, .T. ) ;
#3674 = DIRECTION ( 'NONE',  ( -0.000000000000000000, 1.000000000000000000, -0.000000000000000000 ) ) ;
#3675 = ADVANCED_FACE ( 'NONE', ( #4365 ), #4425, .F. ) ;
#3676 = AXIS2_PLACEMENT_3D ( 'NONE', #2393, #9851, #776 ) ;
#3677 = ORIENTED_EDGE ( 'NONE', *, *, #4127, .F. ) ;
#3678 = ORIENTED_EDGE ( 'NONE', *, *, #678, .T. ) ;
#3679 = LINE ( 'NONE', #8688, #5413 ) ;
#3680 = EDGE_LOOP ( 'NONE', ( #6846, #4943, #6638, #4659 ) ) ;
#3681 = CARTESIAN_POINT ( 'NONE',  ( -8.950000000000002842, -1.225000000000000755, 4.025000000000000355 ) ) ;
#3682 = PLANE ( 'NONE',  #6589 ) ;
#3683 = VECTOR ( 'NONE', #9980, 1000.000000000000000 ) ;
#3684 = DIRECTION ( 'NONE',  ( 1.000000000000000000, 3.252606517456513302E-17, 0.000000000000000000 ) ) ;
#3685 = DIRECTION ( 'NONE',  ( 0.000000000000000000, -0.000000000000000000, 1.000000000000000000 ) ) ;
#3686 = VERTEX_POINT ( 'NONE', #300 ) ;
#3687 = EDGE_LOOP ( 'NONE', ( #2050, #10669, #6585, #7917 ) ) ;
#3688 = CIRCLE ( 'NONE', #7858, 0.2999999999999999334 ) ;
#3689 = ADVANCED_FACE ( 'NONE', ( #6049 ), #1116, .F. ) ;
#3690 = DIRECTION ( 'NONE',  ( -1.000000000000000000, 0.000000000000000000, 0.000000000000000000 ) ) ;
#3691 = ORIENTED_EDGE ( 'NONE', *, *, #3985, .T. ) ;
#3692 = VECTOR ( 'NONE', #9751, 1000.000000000000000 ) ;
#3693 = DIRECTION ( 'NONE',  ( -0.000000000000000000, -0.000000000000000000, 1.000000000000000000 ) ) ;
#3694 = AXIS2_PLACEMENT_3D ( 'NONE', #9700, #8714, #6266 ) ;
#3695 = ORIENTED_EDGE ( 'NONE', *, *, #4208, .T. ) ;
#3696 = VERTEX_POINT ( 'NONE', #1919 ) ;
#3697 = PLANE ( 'NONE',  #1456 ) ;
#3698 = DIRECTION ( 'NONE',  ( -0.000000000000000000, 1.000000000000000000, -0.000000000000000000 ) ) ;
#3699 = AXIS2_PLACEMENT_3D ( 'NONE', #4817, #9559, #2260 ) ;
#3700 = CARTESIAN_POINT ( 'NONE',  ( 1.600000000000002531, 0.000000000000000000, 4.025000000000000355 ) ) ;
#3701 = CARTESIAN_POINT ( 'NONE',  ( -7.000000000000002665, 8.400000000000000355, -0.07500000000000084377 ) ) ;
#3702 = CARTESIAN_POINT ( 'NONE',  ( -8.999999999999998224, 12.80000000000000071, 3.825000000000001066 ) ) ;
#3703 = ORIENTED_EDGE ( 'NONE', *, *, #1295, .T. ) ;
#3704 = PLANE ( 'NONE',  #1938 ) ;
#3705 = VECTOR ( 'NONE', #9407, 1000.000000000000000 ) ;
#3706 = CARTESIAN_POINT ( 'NONE',  ( 4.299999999999998046, 0.000000000000000000, -0.07500000000000128786 ) ) ;
#3707 = PLANE ( 'NONE',  #10366 ) ;
#3708 = ADVANCED_FACE ( 'NONE', ( #2846 ), #7633, .T. ) ;
#3709 = FACE_OUTER_BOUND ( 'NONE', #10615, .T. ) ;
#3710 = DIRECTION ( 'NONE',  ( 0.000000000000000000, -1.000000000000000000, 0.000000000000000000 ) ) ;
#3711 = FACE_OUTER_BOUND ( 'NONE', #668, .T. ) ;
#3712 = CARTESIAN_POINT ( 'NONE',  ( -3.400000000000003020, 0.000000000000000000, -0.4750000000000010325 ) ) ;
#3713 = PLANE ( 'NONE',  #666 ) ;
#3714 = CARTESIAN_POINT ( 'NONE',  ( -10.19999999999999929, 4.799999999999998046, 7.574999999999996625 ) ) ;
#3715 = ORIENTED_EDGE ( 'NONE', *, *, #4323, .F. ) ;
#3716 = CARTESIAN_POINT ( 'NONE',  ( 8.950000000000002842, -4.999999999999999112, 5.025000000000000355 ) ) ;
#3717 = LINE ( 'NONE', #3663, #6317 ) ;
#3718 = VERTEX_POINT ( 'NONE', #5352 ) ;
#3719 = EDGE_CURVE ( 'NONE', #2436, #1796, #6103, .T. ) ;
#3720 = EDGE_CURVE ( 'NONE', #4988, #5283, #8614, .T. ) ;
#3721 = DIRECTION ( 'NONE',  ( -1.000000000000000000, 0.000000000000000000, 0.000000000000000000 ) ) ;
#3722 = LINE ( 'NONE', #1176, #4733 ) ;
#3723 = EDGE_LOOP ( 'NONE', ( #4095, #3343, #7710, #5505 ) ) ;
#3724 = DIRECTION ( 'NONE',  ( 0.000000000000000000, -1.000000000000000000, 0.000000000000000000 ) ) ;
#3725 = DIRECTION ( 'NONE',  ( 1.194531714007685180E-48, 1.000000000000000000, -4.845596301611191665E-17 ) ) ;
#3726 = ADVANCED_FACE ( 'NONE', ( #6929 ), #6835, .F. ) ;
#3727 = ORIENTED_EDGE ( 'NONE', *, *, #9138, .T. ) ;
#3728 = LINE ( 'NONE', #6949, #4318 ) ;
#3729 = ORIENTED_EDGE ( 'NONE', *, *, #8134, .F. ) ;
#3730 = ADVANCED_FACE ( 'NONE', ( #1980 ), #10090, .F. ) ;
#3731 = ORIENTED_EDGE ( 'NONE', *, *, #7912, .T. ) ;
#3732 = PLANE ( 'NONE',  #4885 ) ;
#3733 = EDGE_LOOP ( 'NONE', ( #6629, #1872, #1244, #3259, #6620, #2519, #10015, #3837, #5117, #5444, #9983, #3032, #8175, #3056, #8146, #9042, #3989, #4647, #6484, #1756, #1187, #99 ) ) ;
#3734 = PLANE ( 'NONE',  #3420 ) ;
#3735 = CARTESIAN_POINT ( 'NONE',  ( -5.641890816701404354, 3.291890816701414479, 3.302972460051457837 ) ) ;
#3736 = SHAPE_REPRESENTATION_RELATIONSHIP ( 'NONE' , 'NONE' ,  #7031, #6829 ) ;
#3737 = ADVANCED_FACE ( 'NONE', ( #130 ), #6765, .T. ) ;
#3738 = ORIENTED_EDGE ( 'NONE', *, *, #3612, .T. ) ;
#3739 = EDGE_CURVE ( 'NONE', #5814, #8039, #6821, .T. ) ;
#3740 = VERTEX_POINT ( 'NONE', #2248 ) ;
#3741 = FACE_OUTER_BOUND ( 'NONE', #1726, .T. ) ;
#3742 = ORIENTED_EDGE ( 'NONE', *, *, #200, .F. ) ;
#3743 = CARTESIAN_POINT ( 'NONE',  ( 7.000000000000002665, 8.400000000000000355, 1.724999999999998979 ) ) ;
#3744 = VERTEX_POINT ( 'NONE', #10421 ) ;
#3745 = ORIENTED_EDGE ( 'NONE', *, *, #3132, .F. ) ;
#3746 = DIRECTION ( 'NONE',  ( 1.000000000000000000, 1.247005693593552917E-16, -1.275531967630005245E-16 ) ) ;
#3747 = DIRECTION ( 'NONE',  ( 0.000000000000000000, 0.000000000000000000, 1.000000000000000000 ) ) ;
#3748 = FACE_BOUND ( 'NONE', #5547, .T. ) ;
#3749 = CARTESIAN_POINT ( 'NONE',  ( 5.599999999999996980, 8.400000000000002132, -0.07500000000000128786 ) ) ;
#3750 = LINE ( 'NONE', #10404, #10591 ) ;
#3751 = VECTOR ( 'NONE', #7694, 1000.000000000000000 ) ;
#3752 = EDGE_LOOP ( 'NONE', ( #10006, #5420, #7406, #8693 ) ) ;
#3754 = EDGE_CURVE ( 'NONE', #9175, #10612, #10472, .T. ) ;
#3753 = LINE ( 'NONE', #9420, #3331 ) ;
#3755 = CARTESIAN_POINT ( 'NONE',  ( -4.299999999999998046, 8.399999999999998579, 2.125000000000000000 ) ) ;
#3756 = AXIS2_PLACEMENT_3D ( 'NONE', #4692, #5410, #8013 ) ;
#3757 = DIRECTION ( 'NONE',  ( -0.000000000000000000, -1.000000000000000000, -0.000000000000000000 ) ) ;
#3758 = VERTEX_POINT ( 'NONE', #7040 ) ;
#3759 = CARTESIAN_POINT ( 'NONE',  ( -10.19999999999999929, 8.800000000000000711, 7.835182920028514353 ) ) ;
#3761 = DIRECTION ( 'NONE',  ( -1.000000000000000000, 0.000000000000000000, -0.000000000000000000 ) ) ;
#3760 = AXIS2_PLACEMENT_3D ( 'NONE', #2303, #5567, #8882 ) ;
#3762 = FACE_OUTER_BOUND ( 'NONE', #394, .T. ) ;
#3763 = CARTESIAN_POINT ( 'NONE',  ( -5.474999999999996980, 12.80000000000000071, -4.225000000000004086 ) ) ;
#3764 = CARTESIAN_POINT ( 'NONE',  ( -3.799999999999997602, -1.250000000000001332, 2.425000000000000266 ) ) ;
#3765 = FACE_OUTER_BOUND ( 'NONE', #7340, .T. ) ;
#3766 = VERTEX_POINT ( 'NONE', #3055 ) ;
#3767 = LINE ( 'NONE', #3662, #7168 ) ;
#3768 = EDGE_CURVE ( 'NONE', #3412, #7556, #6271, .T. ) ;
#3769 = DIRECTION ( 'NONE',  ( 0.000000000000000000, 0.000000000000000000, 1.000000000000000000 ) ) ;
#3770 = AXIS2_PLACEMENT_3D ( 'NONE', #8513, #1771, #4377 ) ;
#3771 = ORIENTED_EDGE ( 'NONE', *, *, #474, .T. ) ;
#3772 = CARTESIAN_POINT ( 'NONE',  ( -2.234999999999998987, 10.05000000000000071, -2.375000000000000000 ) ) ;
#3773 = CARTESIAN_POINT ( 'NONE',  ( -6.099999999999992539, 3.649999999999999467, -5.350000000000000533 ) ) ;
#3774 = ORIENTED_EDGE ( 'NONE', *, *, #8575, .T. ) ;
#3775 = DIRECTION ( 'NONE',  ( 0.000000000000000000, -1.000000000000000000, 0.000000000000000000 ) ) ;
#3776 = PLANE ( 'NONE',  #5785 ) ;
#3777 = AXIS2_PLACEMENT_3D ( 'NONE', #1918, #4424, #8667 ) ;
#3778 = ORIENTED_EDGE ( 'NONE', *, *, #8831, .T. ) ;
#3779 = EDGE_CURVE ( 'NONE', #2734, #4190, #5568, .T. ) ;
#3780 = PLANE ( 'NONE',  #10417 ) ;
#3781 = ORIENTED_EDGE ( 'NONE', *, *, #6779, .T. ) ;
#3782 = EDGE_CURVE ( 'NONE', #4077, #1096, #4750, .T. ) ;
#3783 = ORIENTED_EDGE ( 'NONE', *, *, #7059, .F. ) ;
#3784 = DIRECTION ( 'NONE',  ( -1.577021341797097314E-16, 0.000000000000000000, -1.000000000000000000 ) ) ;
#3785 = ORIENTED_EDGE ( 'NONE', *, *, #10142, .F. ) ;
#3786 = LINE ( 'NONE', #3681, #5858 ) ;
#3787 = DIRECTION ( 'NONE',  ( -1.000000000000000000, 0.000000000000000000, -0.000000000000000000 ) ) ;
#3788 = STYLED_ITEM ( 'NONE', ( #7063 ), #3066 ) ;
#3789 = SURFACE_STYLE_USAGE ( .BOTH. , #323 ) ;
#3790 = ORIENTED_EDGE ( 'NONE', *, *, #2021, .T. ) ;
#3791 = AXIS2_PLACEMENT_3D ( 'NONE', #10513, #393, #7081 ) ;
#3792 = ADVANCED_FACE ( 'NONE', ( #1436 ), #6216, .T. ) ;
#3793 = EDGE_CURVE ( 'NONE', #8549, #4264, #3008, .T. ) ;
#3794 = CARTESIAN_POINT ( 'NONE',  ( -8.999999999999998224, 2.800000000000000266, 4.025000000000000355 ) ) ;
#3795 = VECTOR ( 'NONE', #10105, 1000.000000000000000 ) ;
#3796 = VECTOR ( 'NONE', #7013, 1000.000000000000000 ) ;
#3797 = EDGE_LOOP ( 'NONE', ( #7803, #693, #1095, #6568 ) ) ;
#3798 = EDGE_CURVE ( 'NONE', #9202, #6908, #512, .T. ) ;
#3799 = DIRECTION ( 'NONE',  ( 1.000000000000000000, 0.000000000000000000, 0.000000000000000000 ) ) ;
#3800 = VECTOR ( 'NONE', #9352, 1000.000000000000000 ) ;
#3801 = VERTEX_POINT ( 'NONE', #627 ) ;
#3802 = ORIENTED_EDGE ( 'NONE', *, *, #7834, .T. ) ;
#3803 = DIRECTION ( 'NONE',  ( 1.000000000000000000, 0.000000000000000000, 0.000000000000000000 ) ) ;
#3804 = LINE ( 'NONE', #4514, #7677 ) ;
#3805 = DIRECTION ( 'NONE',  ( 0.000000000000000000, -1.000000000000000000, 0.000000000000000000 ) ) ;
#3806 = CARTESIAN_POINT ( 'NONE',  ( 8.950000000000002842, -1.250000000000001110, 2.924999999999999822 ) ) ;
#3807 = DIRECTION ( 'NONE',  ( 0.000000000000000000, 0.000000000000000000, -1.000000000000000000 ) ) ;
#3808 = ORIENTED_EDGE ( 'NONE', *, *, #5278, .F. ) ;
#3809 = ADVANCED_FACE ( 'NONE', ( #7094 ), #8570, .F. ) ;
#3810 = CARTESIAN_POINT ( 'NONE',  ( -1.999999999999997335, 3.469446951953614189E-15, 1.724999999999999423 ) ) ;
#3811 = DIRECTION ( 'NONE',  ( 0.000000000000000000, 0.000000000000000000, 1.000000000000000000 ) ) ;
#3812 = VECTOR ( 'NONE', #4303, 1000.000000000000000 ) ;
#3813 = CARTESIAN_POINT ( 'NONE',  ( -5.274999999999997691, 12.80000000000000071, -4.225000000000004086 ) ) ;
#3814 = ADVANCED_FACE ( 'NONE', ( #566 ), #1328, .F. ) ;
#3815 = VERTEX_POINT ( 'NONE', #2304 ) ;
#3816 = PLANE ( 'NONE',  #8740 ) ;
#3817 = DIRECTION ( 'NONE',  ( -1.000000000000000000, 0.000000000000000000, 0.000000000000000000 ) ) ;
#3818 = FACE_OUTER_BOUND ( 'NONE', #10050, .T. ) ;
#3819 = CARTESIAN_POINT ( 'NONE',  ( -8.180000000000001492, 2.800000000000000266, -3.824999999999998401 ) ) ;
#3820 = CARTESIAN_POINT ( 'NONE',  ( 9.000000000000001776, 12.80000000000000071, 4.325000000000002842 ) ) ;
#3821 = DIRECTION ( 'NONE',  ( 1.000000000000000000, 0.000000000000000000, 0.000000000000000000 ) ) ;
#3822 = VERTEX_POINT ( 'NONE', #3115 ) ;
#3823 = DIRECTION ( 'NONE',  ( 8.503546450866703280E-17, -0.000000000000000000, 1.000000000000000000 ) ) ;
#3824 = CARTESIAN_POINT ( 'NONE',  ( -3.799999999999998046, 2.800000000000000266, 3.825000000000001066 ) ) ;
#3825 = ORIENTED_EDGE ( 'NONE', *, *, #434, .F. ) ;
#3826 = CARTESIAN_POINT ( 'NONE',  ( -5.599999999999992539, 2.949999999999998845, -6.050000000000002487 ) ) ;
#3827 = CARTESIAN_POINT ( 'NONE',  ( -3.574999999999999734, 10.50000000000000000, -0.6545349465914735987 ) ) ;
#3828 = ORIENTED_EDGE ( 'NONE', *, *, #4541, .T. ) ;
#3829 = CARTESIAN_POINT ( 'NONE',  ( 3.400000000000002132, 8.399999999999998579, 1.724999999999998979 ) ) ;
#3830 = DIRECTION ( 'NONE',  ( -0.000000000000000000, -0.000000000000000000, 1.000000000000000000 ) ) ;
#3831 = VERTEX_POINT ( 'NONE', #3714 ) ;
#3832 = EDGE_CURVE ( 'NONE', #6722, #382, #6434, .T. ) ;
#3833 = VECTOR ( 'NONE', #3534, 1000.000000000000000 ) ;
#3834 = DIRECTION ( 'NONE',  ( 0.000000000000000000, 0.7071067811865457964, -0.7071067811865492381 ) ) ;
#3835 = ORIENTED_EDGE ( 'NONE', *, *, #422, .T. ) ;
#3836 = COLOUR_RGB ( '',0.7960784313725489669, 0.8235294117647058432, 0.9372549019607843146 ) ;
#3837 = ORIENTED_EDGE ( 'NONE', *, *, #9606, .T. ) ;
#3838 = DIRECTION ( 'NONE',  ( 0.000000000000000000, 1.000000000000000000, 1.376764663473656956E-16 ) ) ;
#3839 = ADVANCED_FACE ( 'NONE', ( #3765 ), #9761, .F. ) ;
#3840 = ORIENTED_EDGE ( 'NONE', *, *, #943, .F. ) ;
#3841 = PLANE ( 'NONE',  #10031 ) ;
#3842 = PRESENTATION_STYLE_ASSIGNMENT (( #8692 ) ) ;
#3843 = ORIENTED_EDGE ( 'NONE', *, *, #4328, .F. ) ;
#3844 = VECTOR ( 'NONE', #1635, 1000.000000000000000 ) ;
#3845 = DIRECTION ( 'NONE',  ( -0.000000000000000000, 1.000000000000000000, 0.000000000000000000 ) ) ;
#3846 = VECTOR ( 'NONE', #10245, 1000.000000000000000 ) ;
#3847 = ORIENTED_EDGE ( 'NONE', *, *, #1623, .T. ) ;
#3848 = ORIENTED_EDGE ( 'NONE', *, *, #1984, .T. ) ;
#3849 = DIRECTION ( 'NONE',  ( 0.000000000000000000, 0.000000000000000000, -1.000000000000000000 ) ) ;
#3850 = EDGE_CURVE ( 'NONE', #5204, #6353, #8945, .T. ) ;
#3851 = ORIENTED_EDGE ( 'NONE', *, *, #1160, .T. ) ;
#3852 = ORIENTED_EDGE ( 'NONE', *, *, #9448, .F. ) ;
#3853 = VECTOR ( 'NONE', #2829, 1000.000000000000000 ) ;
#3854 = EDGE_CURVE ( 'NONE', #5518, #1660, #6330, .T. ) ;
#3855 = CARTESIAN_POINT ( 'NONE',  ( 8.950000000000002842, -0.8499999999999999778, -3.375000000000000000 ) ) ;
#3856 = DIRECTION ( 'NONE',  ( 0.000000000000000000, -1.000000000000000000, 0.000000000000000000 ) ) ;
#3857 = DIRECTION ( 'NONE',  ( 0.000000000000000000, -1.000000000000000000, 0.000000000000000000 ) ) ;
#3858 = CARTESIAN_POINT ( 'NONE',  ( -5.599999999999992539, -1.887878387081804998, -5.650000000000002132 ) ) ;
#3859 = FACE_OUTER_BOUND ( 'NONE', #10422, .T. ) ;
#3860 = ORIENTED_EDGE ( 'NONE', *, *, #4145, .T. ) ;
#3861 = AXIS2_PLACEMENT_3D ( 'NONE', #5408, #1171, #357 ) ;
#3862 = EDGE_CURVE ( 'NONE', #9016, #10704, #5513, .T. ) ;
#3863 = VECTOR ( 'NONE', #2576, 1000.000000000000000 ) ;
#3864 = CARTESIAN_POINT ( 'NONE',  ( -0.1999999999999970690, 8.399999999999998579, 2.124999999999999112 ) ) ;
#3865 = CARTESIAN_POINT ( 'NONE',  ( -2.900000000000002576, -3.350000000000000977, 2.924999999999999822 ) ) ;
#3866 = VECTOR ( 'NONE', #7840, 999.9999999999998863 ) ;
#3867 = VECTOR ( 'NONE', #3891, 1000.000000000000000 ) ;
#3868 = ORIENTED_EDGE ( 'NONE', *, *, #6982, .T. ) ;
#3869 = ORIENTED_EDGE ( 'NONE', *, *, #6529, .T. ) ;
#3870 = EDGE_CURVE ( 'NONE', #1241, #5232, #1383, .T. ) ;
#3871 = CYLINDRICAL_SURFACE ( 'NONE', #4924, 0.1999999999999996503 ) ;
#3872 = FACE_OUTER_BOUND ( 'NONE', #7191, .T. ) ;
#3873 = CARTESIAN_POINT ( 'NONE',  ( 0.1999999999999970690, -3.750000000000001332, 0.2249999999999999500 ) ) ;
#3874 = VECTOR ( 'NONE', #8611, 1000.000000000000000 ) ;
#3875 = DIRECTION ( 'NONE',  ( 0.000000000000000000, 0.000000000000000000, -1.000000000000000000 ) ) ;
#3876 = DIRECTION ( 'NONE',  ( -0.000000000000000000, -1.000000000000000000, -0.000000000000000000 ) ) ;
#3877 = DIRECTION ( 'NONE',  ( 0.000000000000000000, 1.000000000000000000, 0.000000000000000000 ) ) ;
#3878 = VECTOR ( 'NONE', #9972, 1000.000000000000000 ) ;
#3879 = VERTEX_POINT ( 'NONE', #7205 ) ;
#3880 = ADVANCED_FACE ( 'NONE', ( #6380 ), #3170, .F. ) ;
#3882 = ADVANCED_FACE ( 'NONE', ( #837 ), #7310, .F. ) ;
#3881 = CARTESIAN_POINT ( 'NONE',  ( -5.599999999999990763, 3.649999999999999911, 3.599999999999999201 ) ) ;
#3883 = AXIS2_PLACEMENT_3D ( 'NONE', #7951, #8719, #1277 ) ;
#3884 = DIRECTION ( 'NONE',  ( 0.000000000000000000, 0.000000000000000000, -1.000000000000000000 ) ) ;
#3885 = VECTOR ( 'NONE', #8563, 1000.000000000000000 ) ;
#3886 = ORIENTED_EDGE ( 'NONE', *, *, #2610, .T. ) ;
#3887 = DIRECTION ( 'NONE',  ( 0.000000000000000000, 0.000000000000000000, -1.000000000000000000 ) ) ;
#3888 = CARTESIAN_POINT ( 'NONE',  ( -2.574999999999999734, 10.50000000000000000, -0.6545349465914744869 ) ) ;
#3889 = ORIENTED_EDGE ( 'NONE', *, *, #6111, .F. ) ;
#3890 = CARTESIAN_POINT ( 'NONE',  ( 8.950000000000002842, -0.8499999999999999778, -3.375000000000000000 ) ) ;
#3891 = DIRECTION ( 'NONE',  ( 0.000000000000000000, 0.000000000000000000, -1.000000000000000000 ) ) ;
#3892 = LINE ( 'NONE', #9934, #6987 ) ;
#3893 = ORIENTED_EDGE ( 'NONE', *, *, #4601, .T. ) ;
#3894 = DIRECTION ( 'NONE',  ( -0.000000000000000000, 1.000000000000000000, -0.000000000000000000 ) ) ;
#3895 = EDGE_LOOP ( 'NONE', ( #6938, #5730, #10117, #2387, #6031, #8616 ) ) ;
#3896 =( REPRESENTATION_RELATIONSHIP ('NONE','NONE', #8135, #4100 ) REPRESENTATION_RELATIONSHIP_WITH_TRANSFORMATION ( #3297 )SHAPE_REPRESENTATION_RELATIONSHIP( ) );
#3897 = CARTESIAN_POINT ( 'NONE',  ( -8.950000000000002842, -1.574999999999999512, 5.375000000000000000 ) ) ;
#3898 = EDGE_LOOP ( 'NONE', ( #10388, #314, #9055, #2847 ) ) ;
#3899 = CARTESIAN_POINT ( 'NONE',  ( 7.824999999999991296, 1.400000000000003020, 4.025000000000000355 ) ) ;
#3900 = LINE ( 'NONE', #2329, #10426 ) ;
#3901 = VECTOR ( 'NONE', #2494, 1000.000000000000000 ) ;
#3902 = DIRECTION ( 'NONE',  ( 0.000000000000000000, 0.000000000000000000, 1.000000000000000000 ) ) ;
#3903 = ORIENTED_EDGE ( 'NONE', *, *, #9317, .F. ) ;
#3904 = EDGE_CURVE ( 'NONE', #5771, #4264, #9977, .T. ) ;
#3905 = CARTESIAN_POINT ( 'NONE',  ( 9.000000000000001776, 2.800000000000000266, 3.824999999999998845 ) ) ;
#3906 = ORIENTED_EDGE ( 'NONE', *, *, #2448, .F. ) ;
#3907 = VERTEX_POINT ( 'NONE', #4963 ) ;
#3908 = DIRECTION ( 'NONE',  ( 1.000000000000000000, 0.000000000000000000, 0.000000000000000000 ) ) ;
#3909 = VERTEX_POINT ( 'NONE', #1646 ) ;
#3910 = VERTEX_POINT ( 'NONE', #2358 ) ;
#3911 = CARTESIAN_POINT ( 'NONE',  ( -9.574999999999993960, 1.000000000000000888, 4.025000000000000355 ) ) ;
#3912 = CARTESIAN_POINT ( 'NONE',  ( -7.824999999999991296, 2.400000000000001243, 4.825000000000009948 ) ) ;
#3913 = DIRECTION ( 'NONE',  ( 1.000000000000000000, -0.000000000000000000, 0.000000000000000000 ) ) ;
#3914 = CARTESIAN_POINT ( 'NONE',  ( -5.749999999999992895, -2.299999999999999822, -5.900000000000001243 ) ) ;
#3915 = CARTESIAN_POINT ( 'NONE',  ( 10.20000000000000462, 7.299999999999998934, 7.835182920028514353 ) ) ;
#3916 = ORIENTED_EDGE ( 'NONE', *, *, #4342, .T. ) ;
#3917 = EDGE_CURVE ( 'NONE', #1231, #125, #8174, .T. ) ;
#3918 = PLANE ( 'NONE',  #409 ) ;
#3919 = ADVANCED_FACE ( 'NONE', ( #4911 ), #10024, .T. ) ;
#3920 = DIRECTION ( 'NONE',  ( 0.000000000000000000, 1.000000000000000000, 0.000000000000000000 ) ) ;
#3921 = CARTESIAN_POINT ( 'NONE',  ( -2.900000000000002576, -3.750000000000001332, 4.025000000000000355 ) ) ;
#3922 = EDGE_CURVE ( 'NONE', #4021, #7560, #7465, .T. ) ;
#3923 = ORIENTED_EDGE ( 'NONE', *, *, #3768, .F. ) ;
#3924 = ORIENTED_EDGE ( 'NONE', *, *, #7734, .T. ) ;
#3925 = LINE ( 'NONE', #506, #7696 ) ;
#3926 = CARTESIAN_POINT ( 'NONE',  ( -2.574999999999999734, 10.50000000000000000, -0.6545349465914744869 ) ) ;
#3927 = CARTESIAN_POINT ( 'NONE',  ( -6.099999999999990763, 3.649999999999999911, 3.187878387081809262 ) ) ;
#3928 = LINE ( 'NONE', #7949, #2075 ) ;
#3929 = DIRECTION ( 'NONE',  ( -1.000000000000000000, 0.000000000000000000, 0.000000000000000000 ) ) ;
#3930 = DIRECTION ( 'NONE',  ( 0.000000000000000000, 0.000000000000000000, 1.000000000000000000 ) ) ;
#3931 = ORIENTED_EDGE ( 'NONE', *, *, #963, .F. ) ;
#3932 = FACE_OUTER_BOUND ( 'NONE', #1882, .T. ) ;
#3933 = ADVANCED_FACE ( 'NONE', ( #9152 ), #4860, .F. ) ;
#3934 = DIRECTION ( 'NONE',  ( -2.267612386897787377E-16, 0.000000000000000000, -1.000000000000000000 ) ) ;
#3935 = EDGE_CURVE ( 'NONE', #2221, #4133, #10635, .T. ) ;
#3936 = VECTOR ( 'NONE', #610, 1000.000000000000000 ) ;
#3937 = EDGE_LOOP ( 'NONE', ( #3499, #2402, #1737, #9750 ) ) ;
#3938 = EDGE_CURVE ( 'NONE', #5315, #7901, #5012, .T. ) ;
#3939 = CARTESIAN_POINT ( 'NONE',  ( 3.799999999999998046, -3.750000000000001332, 0.2249999999999982014 ) ) ;
#3940 = DIRECTION ( 'NONE',  ( -1.000000000000000000, 0.000000000000000000, 1.495451272393799542E-16 ) ) ;
#3941 = EDGE_LOOP ( 'NONE', ( #947, #1448, #1468, #3620 ) ) ;
#3942 = CARTESIAN_POINT ( 'NONE',  ( 10.20000000000000284, 12.80000000000000071, -4.724999999999998757 ) ) ;
#3943 = CARTESIAN_POINT ( 'NONE',  ( -5.326874101566453135, -4.012024335423518551, -6.423125898433541536 ) ) ;
#3944 = DIRECTION ( 'NONE',  ( 0.000000000000000000, -0.000000000000000000, 1.000000000000000000 ) ) ;
#3945 = ORIENTED_EDGE ( 'NONE', *, *, #7350, .T. ) ;
#3946 = VECTOR ( 'NONE', #8904, 1000.000000000000000 ) ;
#3947 = EDGE_CURVE ( 'NONE', #1306, #9821, #4041, .T. ) ;
#3948 = EDGE_LOOP ( 'NONE', ( #6224, #5779, #5908, #2401 ) ) ;
#3949 = ADVANCED_FACE ( 'NONE', ( #8230 ), #6491, .F. ) ;
#3950 = AXIS2_PLACEMENT_3D ( 'NONE', #951, #846, #9931 ) ;
#3951 = LINE ( 'NONE', #8083, #2107 ) ;
#3952 = ORIENTED_EDGE ( 'NONE', *, *, #8299, .T. ) ;
#3953 = CARTESIAN_POINT ( 'NONE',  ( -9.574999999999993960, 2.400000000000001243, 4.025000000000000355 ) ) ;
#3954 = DIRECTION ( 'NONE',  ( 0.000000000000000000, 0.000000000000000000, 1.000000000000000000 ) ) ;
#3955 = ORIENTED_EDGE ( 'NONE', *, *, #9775, .T. ) ;
#3956 = EDGE_LOOP ( 'NONE', ( #5910, #4320, #8217, #3324 ) ) ;
#3957 = VECTOR ( 'NONE', #4859, 1000.000000000000000 ) ;
#3958 = CARTESIAN_POINT ( 'NONE',  ( -7.383261563334483135, 12.44794064507880549, -2.471738436665519068 ) ) ;
#3959 = B_SPLINE_CURVE_WITH_KNOTS ( 'NONE', 3,
 ( #2575, #1500, #3492, #5176 ),
 .UNSPECIFIED., .F., .F.,
 ( 4, 4 ),
 ( 0.000000000000000000, 0.0006468231221056012755 ),
 .UNSPECIFIED. ) ;
#3960 = ORIENTED_EDGE ( 'NONE', *, *, #10273, .F. ) ;
#3961 = ORIENTED_EDGE ( 'NONE', *, *, #8125, .F. ) ;
#3962 = CARTESIAN_POINT ( 'NONE',  ( 2.900000000000001688, 0.000000000000000000, 1.724999999999998979 ) ) ;
#3963 = PRODUCT_DEFINITION_SHAPE ( 'NONE', 'NONE',  #7188 ) ;
#3964 = EDGE_LOOP ( 'NONE', ( #4010, #4088, #7147, #9935 ) ) ;
#3965 = EDGE_LOOP ( 'NONE', ( #8225, #9172, #1743, #2625, #2351, #7980, #5610, #9653, #4172, #5620, #5801, #5531, #9995, #9288, #596, #763, #8947, #7311, #9119, #8425 ) ) ;
#3966 = LINE ( 'NONE', #9799, #5020 ) ;
#3967 = CARTESIAN_POINT ( 'NONE',  ( 0.000000000000000000, 0.000000000000000000, -0.4750000000000014766 ) ) ;
#3968 = VECTOR ( 'NONE', #4300, 1000.000000000000000 ) ;
#3969 = FACE_OUTER_BOUND ( 'NONE', #469, .T. ) ;
#3970 = LINE ( 'NONE', #7080, #3936 ) ;
#3971 = DIRECTION ( 'NONE',  ( -0.000000000000000000, 1.000000000000000000, -0.000000000000000000 ) ) ;
#3972 = ORIENTED_EDGE ( 'NONE', *, *, #2534, .T. ) ;
#3973 = VECTOR ( 'NONE', #7714, 1000.000000000000000 ) ;
#3974 = DIRECTION ( 'NONE',  ( 0.000000000000000000, 0.000000000000000000, 1.000000000000000000 ) ) ;
#3975 = ADVANCED_FACE ( 'NONE', ( #9918 ), #5678, .T. ) ;
#3976 = LINE ( 'NONE', #6425, #7919 ) ;
#3977 = VECTOR ( 'NONE', #2767, 1000.000000000000000 ) ;
#3978 = PLANE ( 'NONE',  #2065 ) ;
#3979 = ORIENTED_EDGE ( 'NONE', *, *, #5655, .T. ) ;
#3980 = ORIENTED_EDGE ( 'NONE', *, *, #7894, .F. ) ;
#3981 = DIRECTION ( 'NONE',  ( -0.000000000000000000, -1.000000000000000000, -0.000000000000000000 ) ) ;
#3982 = PLANE ( 'NONE',  #2140 ) ;
#3983 = CARTESIAN_POINT ( 'NONE',  ( 5.599999999999996980, 8.400000000000002132, -0.4750000000000014766 ) ) ;
#3984 = VECTOR ( 'NONE', #4285, 1000.000000000000000 ) ;
#3985 = EDGE_CURVE ( 'NONE', #779, #5339, #4197, .T. ) ;
#3986 = FACE_OUTER_BOUND ( 'NONE', #5689, .T. ) ;
#3987 = CARTESIAN_POINT ( 'NONE',  ( 0.000000000000000000, -0.8500000000000011990, 4.025000000000000355 ) ) ;
#3988 = CARTESIAN_POINT ( 'NONE',  ( -2.874999999999999556, 11.90000000000000036, -0.6545349465914744869 ) ) ;
#3989 = ORIENTED_EDGE ( 'NONE', *, *, #7470, .T. ) ;
#3990 = DIRECTION ( 'NONE',  ( 0.000000000000000000, 0.000000000000000000, 1.000000000000000000 ) ) ;
#3991 = CARTESIAN_POINT ( 'NONE',  ( 1.100000000000002087, -0.8500000000000011990, 2.425000000000000711 ) ) ;
#3992 = EDGE_CURVE ( 'NONE', #2954, #9446, #6540, .T. ) ;
#3993 = ORIENTED_EDGE ( 'NONE', *, *, #1411, .T. ) ;
#3994 = FACE_OUTER_BOUND ( 'NONE', #3948, .T. ) ;
#3995 = CARTESIAN_POINT ( 'NONE',  ( -7.980000000000001315, 12.28038475772934035, -2.875000000000000888 ) ) ;
#3996 = EDGE_LOOP ( 'NONE', ( #4109, #7407, #3569, #9666 ) ) ;
#3997 = ADVANCED_FACE ( 'NONE', ( #9048 ), #1594, .F. ) ;
#3998 = CARTESIAN_POINT ( 'NONE',  ( -2.900000000000002576, 0.000000000000000000, -0.07500000000000084377 ) ) ;
#3999 = ADVANCED_FACE ( 'NONE', ( #3323 ), #1544, .F. ) ;
#4000 = CARTESIAN_POINT ( 'NONE',  ( -1.999999999999997335, 8.399999999999998579, 1.724999999999999423 ) ) ;
#4001 = LINE ( 'NONE', #2426, #5769 ) ;
#4002 = VERTEX_POINT ( 'NONE', #10135 ) ;
#4003 = EDGE_CURVE ( 'NONE', #3332, #9348, #10240, .T. ) ;
#4004 = EDGE_LOOP ( 'NONE', ( #5752, #3886, #10427, #6085 ) ) ;
#4005 = CARTESIAN_POINT ( 'NONE',  ( 9.000000000000000000, 12.80000000000000071, -4.325000000000003730 ) ) ;
#4006 = VERTEX_POINT ( 'NONE', #5116 ) ;
#4007 = PLANE ( 'NONE',  #8629 ) ;
#4008 = EDGE_CURVE ( 'NONE', #9565, #7869, #6037, .T. ) ;
#4009 = CONTEXT_DEPENDENT_SHAPE_REPRESENTATION ( #10228, #3363 ) ;
#4010 = ORIENTED_EDGE ( 'NONE', *, *, #3870, .T. ) ;
#4011 = VECTOR ( 'NONE', #4228, 1000.000000000000000 ) ;
#4012 = EDGE_CURVE ( 'NONE', #449, #10037, #6407, .T. ) ;
#4013 = AXIS2_PLACEMENT_3D ( 'NONE', #5377, #3902, #1570 ) ;
#4014 = FACE_OUTER_BOUND ( 'NONE', #2587, .T. ) ;
#4015 = EDGE_CURVE ( 'NONE', #4532, #8059, #9361, .T. ) ;
#4016 = ORIENTED_EDGE ( 'NONE', *, *, #7298, .T. ) ;
#4017 = ORIENTED_EDGE ( 'NONE', *, *, #3045, .T. ) ;
#4018 = CARTESIAN_POINT ( 'NONE',  ( -1.934999999999999165, 2.800000000000000266, -4.024999999999999467 ) ) ;
#4019 = AXIS2_PLACEMENT_3D ( 'NONE', #4552, #3570, #4441 ) ;
#4020 = EDGE_LOOP ( 'NONE', ( #4790, #4437, #767, #3843 ) ) ;
#4021 = VERTEX_POINT ( 'NONE', #1803 ) ;
#4022 = PLANE ( 'NONE',  #9723 ) ;
#4023 = CARTESIAN_POINT ( 'NONE',  ( 2.900000000000001688, -1.250000000000001332, 2.425000000000000711 ) ) ;
#4024 = DIRECTION ( 'NONE',  ( -0.000000000000000000, -1.000000000000000000, -0.000000000000000000 ) ) ;
#4025 = CARTESIAN_POINT ( 'NONE',  ( 1.999999999999996669, 8.400000000000000355, -0.4750000000000014766 ) ) ;
#4026 = PLANE ( 'NONE',  #1548 ) ;
#4027 = ORIENTED_EDGE ( 'NONE', *, *, #7906, .T. ) ;
#4028 = CARTESIAN_POINT ( 'NONE',  ( -10.19999999999999574, 1.000000000000000888, 4.825000000000009948 ) ) ;
#4029 = DIRECTION ( 'NONE',  ( -2.241244801003626445E-16, 0.000000000000000000, -1.000000000000000000 ) ) ;
#4030 = VECTOR ( 'NONE', #10077, 1000.000000000000000 ) ;
#4031 = FACE_OUTER_BOUND ( 'NONE', #1868, .T. ) ;
#4032 = AXIS2_PLACEMENT_3D ( 'NONE', #7535, #5898, #5082 ) ;
#4033 = ORIENTED_EDGE ( 'NONE', *, *, #3475, .F. ) ;
#4034 = VERTEX_POINT ( 'NONE', #1748 ) ;
#4035 = CARTESIAN_POINT ( 'NONE',  ( 10.20000000000000284, 8.800000000000002487, 5.375000000000000000 ) ) ;
#4036 = DIRECTION ( 'NONE',  ( -0.000000000000000000, -0.000000000000000000, 1.000000000000000000 ) ) ;
#4037 = CYLINDRICAL_SURFACE ( 'NONE', #8750, 1.000000000000005995 ) ;
#4038 = AXIS2_PLACEMENT_3D ( 'NONE', #1228, #2090, #304 ) ;
#4039 = LINE ( 'NONE', #9865, #700 ) ;
#4040 = LINE ( 'NONE', #1492, #5844 ) ;
#4041 = LINE ( 'NONE', #10736, #2238 ) ;
#4042 = VECTOR ( 'NONE', #2621, 1000.000000000000000 ) ;
#4043 = EDGE_LOOP ( 'NONE', ( #655, #7827, #10505, #4617 ) ) ;
#4044 = VECTOR ( 'NONE', #2314, 1000.000000000000000 ) ;
#4045 = FACE_OUTER_BOUND ( 'NONE', #7330, .T. ) ;
#4046 = VECTOR ( 'NONE', #4641, 1000.000000000000000 ) ;
#4047 = DIRECTION ( 'NONE',  ( -0.000000000000000000, -1.000000000000000000, -0.000000000000000000 ) ) ;
#4048 = EDGE_CURVE ( 'NONE', #10754, #2371, #2581, .T. ) ;
#4049 = VECTOR ( 'NONE', #4595, 1000.000000000000000 ) ;
#4050 = VERTEX_POINT ( 'NONE', #6970 ) ;
#4051 = CARTESIAN_POINT ( 'NONE',  ( -2.750000000000000000, 12.40000000000000391, -3.025000000000001243 ) ) ;
#4052 = PLANE ( 'NONE',  #3511 ) ;
#4053 = CIRCLE ( 'NONE', #6480, 1.000000000000000888 ) ;
#4054 = ORIENTED_EDGE ( 'NONE', *, *, #7779, .F. ) ;
#4055 = DIRECTION ( 'NONE',  ( 0.000000000000000000, 0.7071067811865462405, -0.7071067811865489050 ) ) ;
#4056 = CARTESIAN_POINT ( 'NONE',  ( 1.664999999999999813, 11.81273103968573501, -3.754999999999986571 ) ) ;
#4057 = LINE ( 'NONE', #4874, #905 ) ;
#4058 = VECTOR ( 'NONE', #9490, 1000.000000000000000 ) ;
#4059 = VERTEX_POINT ( 'NONE', #6865 ) ;
#4060 = CIRCLE ( 'NONE', #5454, 0.6999999999999992895 ) ;
#4061 = ADVANCED_FACE ( 'NONE', ( #6753 ), #1908, .F. ) ;
#4062 = PRODUCT_DEFINITION_SHAPE ( 'NONE', 'NONE',  #10771 ) ;
#4063 = ADVANCED_FACE ( 'NONE', ( #5224 ), #339, .F. ) ;
#4064 = ORIENTED_EDGE ( 'NONE', *, *, #6071, .T. ) ;
#4065 = CARTESIAN_POINT ( 'NONE',  ( 4.299999999999998046, 8.400000000000002132, -0.4750000000000014766 ) ) ;
#4066 = EDGE_CURVE ( 'NONE', #6458, #4999, #118, .T. ) ;
#4067 = CARTESIAN_POINT ( 'NONE',  ( -7.782325954503891197, 12.62276624786628076, -3.047631704256619667 ) ) ;
#4068 = FILL_AREA_STYLE ('',( #8195 ) ) ;
#4069 = VERTEX_POINT ( 'NONE', #1850 ) ;
#4070 = ORIENTED_EDGE ( 'NONE', *, *, #163, .T. ) ;
#4071 = CARTESIAN_POINT ( 'NONE',  ( -0.1999999999999970690, 2.800000000000002043, 2.124999999999999112 ) ) ;
#4072 = EDGE_CURVE ( 'NONE', #125, #233, #5289, .T. ) ;
#4073 = ORIENTED_EDGE ( 'NONE', *, *, #3212, .T. ) ;
#4074 = EDGE_LOOP ( 'NONE', ( #2284, #5841, #9296, #1185 ) ) ;
#4075 = CARTESIAN_POINT ( 'NONE',  ( 3.275000000000000799, 2.600000000000001421, -4.225000000000004974 ) ) ;
#4076 = ADVANCED_FACE ( 'NONE', ( #3431 ), #8542, .T. ) ;
#4077 = VERTEX_POINT ( 'NONE', #7730 ) ;
#4078 = CARTESIAN_POINT ( 'NONE',  ( 6.500000000000002665, -1.250000000000001332, 4.025000000000000355 ) ) ;
#4079 = EDGE_CURVE ( 'NONE', #6443, #800, #1153, .T. ) ;
#4080 = CARTESIAN_POINT ( 'NONE',  ( -8.999999999999998224, 2.800000000000000266, 1.724999999999999201 ) ) ;
#4081 = DIRECTION ( 'NONE',  ( -0.000000000000000000, 0.000000000000000000, 1.000000000000000000 ) ) ;
#4082 = DIRECTION ( 'NONE',  ( -1.000000000000000000, 0.000000000000000000, 0.000000000000000000 ) ) ;
#4083 = CARTESIAN_POINT ( 'NONE',  ( 0.000000000000000000, 0.000000000000000000, 2.124999999999999112 ) ) ;
#4084 = ORIENTED_EDGE ( 'NONE', *, *, #1549, .F. ) ;
#4085 = LINE ( 'NONE', #4848, #8911 ) ;
#4086 = DIRECTION ( 'NONE',  ( 0.000000000000000000, 0.000000000000000000, 1.000000000000000000 ) ) ;
#4088 = ORIENTED_EDGE ( 'NONE', *, *, #2611, .T. ) ;
#4087 = EDGE_CURVE ( 'NONE', #133, #125, #287, .T. ) ;
#4089 = EDGE_LOOP ( 'NONE', ( #2389, #6193, #3825, #3444 ) ) ;
#4090 = LINE ( 'NONE', #4035, #1279 ) ;
#4091 = PLANE ( 'NONE',  #595 ) ;
#4092 = LINE ( 'NONE', #8228, #6770 ) ;
#4093 = CARTESIAN_POINT ( 'NONE',  ( 0.6999999999999975131, -3.750000000000001332, 2.924999999999999822 ) ) ;
#4094 = DIRECTION ( 'NONE',  ( 0.000000000000000000, 0.000000000000000000, -1.000000000000000000 ) ) ;
#4095 = ORIENTED_EDGE ( 'NONE', *, *, #7209, .T. ) ;
#4096 = PLANE ( 'NONE',  #6292 ) ;
#4097 = CARTESIAN_POINT ( 'NONE',  ( -5.599999999999996980, 8.399999999999998579, 2.125000000000000000 ) ) ;
#4098 = FACE_OUTER_BOUND ( 'NONE', #10312, .T. ) ;
#4099 = EDGE_LOOP ( 'NONE', ( #2808, #9129, #5014, #3310, #10710, #5859, #3211, #6168, #1405, #5110 ) ) ;
#4100 = SHAPE_REPRESENTATION ( '10153118-xxxKALF 2_16', ( #10230 ), #9014 ) ;
#4101 = CARTESIAN_POINT ( 'NONE',  ( 9.000000000000000000, 2.800000000000000266, -3.825000000000000622 ) ) ;
#4102 = CARTESIAN_POINT ( 'NONE',  ( -10.19999999999999929, 4.799999999999998046, 13.20342712474620939 ) ) ;
#4103 = ORIENTED_EDGE ( 'NONE', *, *, #3617, .T. ) ;
#4104 = LINE ( 'NONE', #6764, #7267 ) ;
#4105 = LINE ( 'NONE', #847, #6299 ) ;
#4106 = ORIENTED_EDGE ( 'NONE', *, *, #4048, .T. ) ;
#4107 = PLANE ( 'NONE',  #2985 ) ;
#4108 = EDGE_CURVE ( 'NONE', #4288, #6964, #2717, .T. ) ;
#4109 = ORIENTED_EDGE ( 'NONE', *, *, #9597, .T. ) ;
#4110 = AXIS2_PLACEMENT_3D ( 'NONE', #4627, #8817, #3048 ) ;
#4111 = ORIENTED_EDGE ( 'NONE', *, *, #945, .T. ) ;
#4112 = DIRECTION ( 'NONE',  ( 1.000000000000000000, 0.000000000000000000, 0.000000000000000000 ) ) ;
#4113 = CARTESIAN_POINT ( 'NONE',  ( -7.883261563334482247, 12.44794064507880371, -2.971738436665518623 ) ) ;
#4114 =( NAMED_UNIT ( * ) PLANE_ANGLE_UNIT ( ) SI_UNIT ( $, .RADIAN. ) );
#4115 = VECTOR ( 'NONE', #3054, 1000.000000000000000 ) ;
#4116 = EDGE_CURVE ( 'NONE', #4334, #356, #2412, .T. ) ;
#4117 = DIRECTION ( 'NONE',  ( 1.000000000000000000, 0.000000000000000000, 0.000000000000000000 ) ) ;
#4118 = ORIENTED_EDGE ( 'NONE', *, *, #6071, .F. ) ;
#4119 = CARTESIAN_POINT ( 'NONE',  ( 0.1999999999999970690, 2.800000000000000266, -0.07500000000000128786 ) ) ;
#4120 = VECTOR ( 'NONE', #5318, 1000.000000000000000 ) ;
#4121 = VERTEX_POINT ( 'NONE', #3591 ) ;
#4122 = ORIENTED_EDGE ( 'NONE', *, *, #5320, .F. ) ;
#4123 = PLANE ( 'NONE',  #6617 ) ;
#4124 = EDGE_LOOP ( 'NONE', ( #248, #3447, #8578, #3516 ) ) ;
#4125 = DIRECTION ( 'NONE',  ( 1.000000000000000000, 0.000000000000000000, 0.000000000000000000 ) ) ;
#4126 = LINE ( 'NONE', #6522, #10115 ) ;
#4127 = EDGE_CURVE ( 'NONE', #1574, #779, #6915, .T. ) ;
#4128 = DIRECTION ( 'NONE',  ( 1.000000000000000000, -0.000000000000000000, 0.000000000000000000 ) ) ;
#4129 = CARTESIAN_POINT ( 'NONE',  ( 1.999999999999996669, -3.750000000000001332, 0.2249999999999999500 ) ) ;
#4130 = DIRECTION ( 'NONE',  ( -0.000000000000000000, -0.000000000000000000, -1.000000000000000000 ) ) ;
#4131 = EDGE_CURVE ( 'NONE', #725, #7179, #3644, .T. ) ;
#4132 = VECTOR ( 'NONE', #9500, 1000.000000000000000 ) ;
#4133 = VERTEX_POINT ( 'NONE', #1421 ) ;
#4134 = CARTESIAN_POINT ( 'NONE',  ( -8.999999999999998224, 2.800000000000000266, -0.4750000000000014766 ) ) ;
#4135 = ADVANCED_FACE ( 'NONE', ( #9479 ), #2937, .F. ) ;
#4136 = ORIENTED_EDGE ( 'NONE', *, *, #1281, .F. ) ;
#4137 = CARTESIAN_POINT ( 'NONE',  ( 5.599999999999996980, -4.999999999999999112, 2.924999999999999822 ) ) ;
#4138 = ORIENTED_EDGE ( 'NONE', *, *, #9792, .T. ) ;
#4139 = ORIENTED_EDGE ( 'NONE', *, *, #5917, .T. ) ;
#4140 = LINE ( 'NONE', #9812, #3878 ) ;
#4141 = DIRECTION ( 'NONE',  ( -0.000000000000000000, -0.000000000000000000, 1.000000000000000000 ) ) ;
#4142 = LINE ( 'NONE', #7308, #6245 ) ;
#4143 = CARTESIAN_POINT ( 'NONE',  ( 2.105908848565730718E-15, -2.700000000000002842, 3.600000000000000089 ) ) ;
#4144 = DIRECTION ( 'NONE',  ( -1.000000000000000000, 0.000000000000000000, -0.000000000000000000 ) ) ;
#4145 = EDGE_CURVE ( 'NONE', #8467, #3412, #5392, .T. ) ;
#4146 = VECTOR ( 'NONE', #3805, 1000.000000000000000 ) ;
#4147 = VERTEX_POINT ( 'NONE', #2074 ) ;
#4148 = CARTESIAN_POINT ( 'NONE',  ( -10.19999999999999574, 0.000000000000000000, 5.025000000000002132 ) ) ;
#4149 = VECTOR ( 'NONE', #8314, 1000.000000000000000 ) ;
#4150 = PLANE ( 'NONE',  #1842 ) ;
#4151 = ADVANCED_FACE ( 'NONE', ( #4730 ), #1316, .F. ) ;
#4152 = DIRECTION ( 'NONE',  ( 8.503546450866703280E-17, -0.000000000000000000, 1.000000000000000000 ) ) ;
#4153 = AXIS2_PLACEMENT_3D ( 'NONE', #7970, #5421, #2160 ) ;
#4154 = VECTOR ( 'NONE', #1890, 1000.000000000000000 ) ;
#4155 = ORIENTED_EDGE ( 'NONE', *, *, #6113, .F. ) ;
#4156 = LINE ( 'NONE', #8952, #3339 ) ;
#4157 = CARTESIAN_POINT ( 'NONE',  ( 3.400000000000002132, -0.8500000000000011990, 4.025000000000000355 ) ) ;
#4158 = DIRECTION ( 'NONE',  ( -1.000000000000000000, -0.000000000000000000, -0.000000000000000000 ) ) ;
#4159 = LINE ( 'NONE', #7378, #10666 ) ;
#4160 = ORIENTED_EDGE ( 'NONE', *, *, #2909, .F. ) ;
#4161 = LINE ( 'NONE', #5130, #389 ) ;
#4162 = EDGE_CURVE ( 'NONE', #1078, #887, #2179, .T. ) ;
#4163 = ORIENTED_EDGE ( 'NONE', *, *, #4989, .T. ) ;
#4164 = CIRCLE ( 'NONE', #10248, 0.1999999999999996503 ) ;
#4165 = AXIS2_PLACEMENT_3D ( 'NONE', #10189, #2722, #2623 ) ;
#4166 = ORIENTED_EDGE ( 'NONE', *, *, #1551, .T. ) ;
#4167 = CARTESIAN_POINT ( 'NONE',  ( -3.400000000000003020, -3.750000000000001332, 0.2249999999999995060 ) ) ;
#4168 = LINE ( 'NONE', #7701, #6724 ) ;
#4169 = DIRECTION ( 'NONE',  ( -0.000000000000000000, 0.000000000000000000, 1.000000000000000000 ) ) ;
#4170 = ORIENTED_EDGE ( 'NONE', *, *, #10577, .T. ) ;
#4171 = CARTESIAN_POINT ( 'NONE',  ( -7.238380151290437325, 12.80000000000000071, -2.674999999999998490 ) ) ;
#4172 = ORIENTED_EDGE ( 'NONE', *, *, #427, .T. ) ;
#4173 = EDGE_CURVE ( 'NONE', #3718, #9049, #7832, .T. ) ;
#4174 = EDGE_LOOP ( 'NONE', ( #7724, #881, #8743, #2659 ) ) ;
#4175 = CARTESIAN_POINT ( 'NONE',  ( 4.299999999999998046, -3.350000000000000977, 4.025000000000000355 ) ) ;
#4176 = ORIENTED_EDGE ( 'NONE', *, *, #7316, .F. ) ;
#4177 = CARTESIAN_POINT ( 'NONE',  ( 0.000000000000000000, -1.250000000000001332, 4.025000000000000355 ) ) ;
#4178 = CARTESIAN_POINT ( 'NONE',  ( -9.199999999999999289, 12.28038475772934035, -3.824999999999998401 ) ) ;
#4179 = AXIS2_PLACEMENT_3D ( 'NONE', #4075, #10671, #5654 ) ;
#4180 = CARTESIAN_POINT ( 'NONE',  ( -2.499999999999997780, 0.000000000000000000, 1.724999999999999423 ) ) ;
#4181 = LINE ( 'NONE', #9905, #3162 ) ;
#4182 = CARTESIAN_POINT ( 'NONE',  ( -8.999999999999998224, 12.28038475772934035, 4.025000000000000355 ) ) ;
#4183 = ORIENTED_EDGE ( 'NONE', *, *, #2348, .F. ) ;
#4184 = PLANE ( 'NONE',  #2312 ) ;
#4185 = AXIS2_PLACEMENT_3D ( 'NONE', #9289, #1885, #5968 ) ;
#4186 = VERTEX_POINT ( 'NONE', #8812 ) ;
#4187 = EDGE_CURVE ( 'NONE', #6691, #994, #4661, .T. ) ;
#4188 = EDGE_CURVE ( 'NONE', #9328, #7139, #8705, .T. ) ;
#4189 = FACE_OUTER_BOUND ( 'NONE', #3585, .T. ) ;
#4190 = VERTEX_POINT ( 'NONE', #6258 ) ;
#4191 = VERTEX_POINT ( 'NONE', #2885 ) ;
#4192 = DIRECTION ( 'NONE',  ( 0.000000000000000000, 0.000000000000000000, 1.000000000000000000 ) ) ;
#4193 = CARTESIAN_POINT ( 'NONE',  ( -9.199999999999997513, 4.799999999999998046, 7.574999999999996625 ) ) ;
#4194 = LINE ( 'NONE', #7512, #8161 ) ;
#4195 = ADVANCED_FACE ( 'NONE', ( #448 ), #1209, .F. ) ;
#4196 = CARTESIAN_POINT ( 'NONE',  ( -6.099999999999997868, -1.250000000000001332, 2.425000000000000266 ) ) ;
#4197 = LINE ( 'NONE', #10692, #852 ) ;
#4198 = VERTEX_POINT ( 'NONE', #10565 ) ;
#4199 = LINE ( 'NONE', #9310, #9776 ) ;
#4200 = CARTESIAN_POINT ( 'NONE',  ( 5.200000000000002842, -1.250000000000001332, 4.025000000000000355 ) ) ;
#4201 = CARTESIAN_POINT ( 'NONE',  ( 0.000000000000000000, 0.000000000000000000, -0.4750000000000010325 ) ) ;
#4202 = AXIS2_PLACEMENT_3D ( 'NONE', #2814, #6850, #9464 ) ;
#4203 = AXIS2_PLACEMENT_3D ( 'NONE', #2078, #2836, #1157 ) ;
#4204 = EDGE_CURVE ( 'NONE', #4077, #8859, #7131, .T. ) ;
#4205 = ORIENTED_EDGE ( 'NONE', *, *, #7052, .T. ) ;
#4206 = DIRECTION ( 'NONE',  ( -1.000000000000000000, 0.000000000000000000, 0.000000000000000000 ) ) ;
#4207 = LINE ( 'NONE', #6763, #9081 ) ;
#4208 = EDGE_CURVE ( 'NONE', #8383, #7425, #5498, .T. ) ;
#4209 = CARTESIAN_POINT ( 'NONE',  ( 7.000000000000002665, -0.8500000000000011990, 2.924999999999999822 ) ) ;
#4210 = DIRECTION ( 'NONE',  ( -0.000000000000000000, -0.000000000000000000, 1.000000000000000000 ) ) ;
#4211 = ADVANCED_FACE ( 'NONE', ( #3859 ), #1261, .F. ) ;
#4212 = VECTOR ( 'NONE', #1337, 1000.000000000000000 ) ;
#4213 = EDGE_LOOP ( 'NONE', ( #3230, #3790, #2546, #6341 ) ) ;
#4214 = FACE_OUTER_BOUND ( 'NONE', #747, .T. ) ;
#4215 = ORIENTED_EDGE ( 'NONE', *, *, #5403, .F. ) ;
#4216 = VECTOR ( 'NONE', #194, 1000.000000000000000 ) ;
#4217 = VECTOR ( 'NONE', #3261, 1000.000000000000000 ) ;
#4218 = VECTOR ( 'NONE', #4350, 1000.000000000000000 ) ;
#4219 = ORIENTED_EDGE ( 'NONE', *, *, #10545, .T. ) ;
#4220 = DIRECTION ( 'NONE',  ( -0.000000000000000000, -1.000000000000000000, -0.000000000000000000 ) ) ;
#4221 = VERTEX_POINT ( 'NONE', #5450 ) ;
#4222 = DIRECTION ( 'NONE',  ( 1.000000000000000000, 0.000000000000000000, 0.000000000000000000 ) ) ;
#4223 = ORIENTED_EDGE ( 'NONE', *, *, #7703, .T. ) ;
#4224 = VECTOR ( 'NONE', #10229, 1000.000000000000000 ) ;
#4225 = DIRECTION ( 'NONE',  ( 0.000000000000000000, 1.000000000000000000, 0.000000000000000000 ) ) ;
#4226 = ORIENTED_EDGE ( 'NONE', *, *, #2792, .F. ) ;
#4227 = ORIENTED_EDGE ( 'NONE', *, *, #6320, .T. ) ;
#4228 = DIRECTION ( 'NONE',  ( 1.000000000000000000, 0.000000000000000000, 0.000000000000000000 ) ) ;
#4229 = PRODUCT_DEFINITION_SHAPE ( 'NONE', 'NONE',  #10775 ) ;
#4230 = ORIENTED_EDGE ( 'NONE', *, *, #3854, .T. ) ;
#4231 = CARTESIAN_POINT ( 'NONE',  ( -2.750000000000000000, 0.9155523756961149173, -3.025000000000001243 ) ) ;
#4232 = CARTESIAN_POINT ( 'NONE',  ( -10.19999999999999574, 8.800000000000000711, 5.025000000000002132 ) ) ;
#4233 = CARTESIAN_POINT ( 'NONE',  ( 8.950000000000002842, -3.350000000000000977, 2.924999999999999822 ) ) ;
#4234 = LINE ( 'NONE', #6789, #7609 ) ;
#4235 = CARTESIAN_POINT ( 'NONE',  ( -1.600000000000002531, 0.000000000000000000, 4.025000000000000355 ) ) ;
#4236 = LINE ( 'NONE', #2554, #3284 ) ;
#4237 = ORIENTED_EDGE ( 'NONE', *, *, #6738, .F. ) ;
#4238 = EDGE_CURVE ( 'NONE', #829, #3432, #3750, .T. ) ;
#4239 = CARTESIAN_POINT ( 'NONE',  ( -6.649999999999997691, -2.300000000000001599, 0.000000000000000000 ) ) ;
#4240 = ORIENTED_EDGE ( 'NONE', *, *, #3121, .T. ) ;
#4241 = CARTESIAN_POINT ( 'NONE',  ( 0.000000000000000000, -3.350000000000000977, 4.025000000000000355 ) ) ;
#4242 =( REPRESENTATION_RELATIONSHIP ('NONE','NONE', #8135, #7031 ) REPRESENTATION_RELATIONSHIP_WITH_TRANSFORMATION ( #7645 )SHAPE_REPRESENTATION_RELATIONSHIP( ) );
#4243 = ORIENTED_EDGE ( 'NONE', *, *, #2727, .F. ) ;
#4244 = ORIENTED_EDGE ( 'NONE', *, *, #6111, .T. ) ;
#4245 = LINE ( 'NONE', #5880, #48 ) ;
#4246 = CARTESIAN_POINT ( 'NONE',  ( -8.950000000000002842, -3.999999999999999112, -3.375000000000000444 ) ) ;
#4247 = DIRECTION ( 'NONE',  ( -1.000000000000000000, 0.000000000000000000, 0.000000000000000000 ) ) ;
#4248 = CARTESIAN_POINT ( 'NONE',  ( 3.075000000000000622, 11.71428571428571352, -4.225000000000004974 ) ) ;
#4249 = DIRECTION ( 'NONE',  ( 1.000000000000000000, 0.000000000000000000, 0.000000000000000000 ) ) ;
#4250 = ORIENTED_EDGE ( 'NONE', *, *, #7315, .F. ) ;
#4251 = ADVANCED_FACE ( 'NONE', ( #2988 ), #3043, .T. ) ;
#4252 = EDGE_CURVE ( 'NONE', #6775, #5484, #2234, .T. ) ;
#4253 = DIRECTION ( 'NONE',  ( 0.000000000000000000, 0.000000000000000000, 1.000000000000000000 ) ) ;
#4254 = LINE ( 'NONE', #1046, #8855 ) ;
#4255 = DIRECTION ( 'NONE',  ( -1.000000000000000000, 0.000000000000000000, 0.000000000000000000 ) ) ;
#4256 = VERTEX_POINT ( 'NONE', #5556 ) ;
#4257 = DIRECTION ( 'NONE',  ( -0.9396926207859082059, 1.657291541575393549E-17, 0.3420201433256693790 ) ) ;
#4258 = DIRECTION ( 'NONE',  ( -0.000000000000000000, -0.000000000000000000, 1.000000000000000000 ) ) ;
#4259 = CYLINDRICAL_SURFACE ( 'NONE', #3950, 0.2999999999999999334 ) ;
#4260 = DIRECTION ( 'NONE',  ( 0.000000000000000000, 1.000000000000000000, 0.000000000000000000 ) ) ;
#4261 = ORIENTED_EDGE ( 'NONE', *, *, #9582, .T. ) ;
#4262 = DIRECTION ( 'NONE',  ( 0.000000000000000000, 0.000000000000000000, -1.000000000000000000 ) ) ;
#4263 = ADVANCED_FACE ( 'NONE', ( #7938 ), #4676, .F. ) ;
#4264 = VERTEX_POINT ( 'NONE', #1479 ) ;
#4265 = CARTESIAN_POINT ( 'NONE',  ( 7.980000000000004867, 12.28038475772934035, -2.875000000000002665 ) ) ;
#4266 = EDGE_CURVE ( 'NONE', #4875, #597, #10722, .T. ) ;
#4267 = ORIENTED_EDGE ( 'NONE', *, *, #2875, .T. ) ;
#4268 = DIRECTION ( 'NONE',  ( 0.000000000000000000, 0.000000000000000000, 1.000000000000000000 ) ) ;
#4269 = CARTESIAN_POINT ( 'NONE',  ( -6.500000000000002665, 2.800000000000000266, -0.07500000000000084377 ) ) ;
#4270 = VERTEX_POINT ( 'NONE', #7351 ) ;
#4271 = LINE ( 'NONE', #6776, #9862 ) ;
#4272 = VECTOR ( 'NONE', #7086, 1000.000000000000000 ) ;
#4273 = VERTEX_POINT ( 'NONE', #8265 ) ;
#4274 = EDGE_CURVE ( 'NONE', #5820, #2104, #9139, .T. ) ;
#4275 = VECTOR ( 'NONE', #2195, 1000.000000000000000 ) ;
#4276 = CLOSED_SHELL ( 'NONE', ( #8741, #696, #9002, #3299, #9455, #10516, #10450, #997, #1272, #6098, #3814, #138, #4654, #10393, #6059, #8508, #9010, #3378, #1199, #10584, #8725, #6453, #1947, #7302, #2398, #4735, #2286, #10610, #4434, #71, #875, #9734, #5397, #525, #4063, #3606, #8296, #424, #1812, #761, #6836, #9727, #6967, #2798, #2321, #3478, #7814, #8711, #7647, #1355, #3215, #7444, #404, #9711, #8850, #4340, #3664, #6730, #10338, #901, #8576, #266, #89, #5119, #3726, #10439, #1691, #6322, #3809, #717, #201, #7388, #7272, #4845, #2772, #4610, #3999, #3333, #3390, #3975, #9937, #10303, #1013, #5979, #8604, #8760, #8269, #9531, #812, #9921, #3949, #3675, #746, #8647, #1883, #4731, #3882, #7757, #9126, #6935, #8844, #27, #7923, #137, #8800, #10378, #204, #9515, #1793, #3289, #2783, #4381, #4404, #4933, #256, #8671, #3880, #5804, #5737, #5181, #8449, #9392, #2202, #6941, #4585, #1591, #5923, #1688, #9180, #5469, #6670, #2069, #10536, #6591, #10594, #1128, #2483, #274, #1066, #4151, #683, #9869, #3197, #7151, #9198, #4135, #4061, #3509, #10640, #3689, #9739, #9066, #4867, #7955, #8315, #2723, #9313, #8661, #8731, #8061, #54, #5384, #10592, #6205, #7073, #2330, #9168, #9986, #7592, #1672, #5479, #8189, #8120, #8139, #10340, #5611, #5902, #6547, #407, #4663, #1865, #4251, #8246, #5520, #10000, #10043, #8986, #9244, #4597, #9788, #1215, #6771, #10653, #6870, #161, #8528, #4382, #31, #754, #7480, #7137, #3737, #2553, #9669, #9808, #5907, #6714, #8054, #539, #2510, #495, #1871, #1347, #2585, #1353, #8593, #6845, #3708, #2738, #189, #6190, #5311, #694, #1423, #6920, #5041, #6231, #2653, #7666, #5477, #5665, #8185, #5799, #3014, #7255, #6599, #10599, #893, #8290, #6607, #2253, #2461, #10652, #4940, #3062, #4758, #3451, #10330, #1007, #10480, #1407, #10070, #999, #476, #4263, #9881, #1094, #10042, #6449, #7333, #3437, #8526, #327, #6396, #3201, #4211, #3997, #8675, #5033, #2162, #10184, #3839, #6126, #1335, #76, #8562, #6273, #9726, #9988, #6989, #5452, #4195, #6377, #4736, #6523, #9007, #5000, #636, #3730 ) ) ;
#4277 = CARTESIAN_POINT ( 'NONE',  ( -1.935000000000000275, 10.59999999999999964, -5.024999999999999467 ) ) ;
#4278 = EDGE_CURVE ( 'NONE', #1458, #3510, #9906, .T. ) ;
#4279 = ORIENTED_EDGE ( 'NONE', *, *, #9275, .F. ) ;
#4280 = VECTOR ( 'NONE', #2233, 1000.000000000000000 ) ;
#4281 = ORIENTED_EDGE ( 'NONE', *, *, #95, .F. ) ;
#4282 = DIRECTION ( 'NONE',  ( 0.000000000000000000, 1.000000000000000000, 0.000000000000000000 ) ) ;
#4283 = ORIENTED_EDGE ( 'NONE', *, *, #9993, .T. ) ;
#4284 = CARTESIAN_POINT ( 'NONE',  ( -10.20000000000000284, -3.375000000000000888, 5.025000000000001243 ) ) ;
#4285 = DIRECTION ( 'NONE',  ( -1.000000000000000000, 0.000000000000000000, 0.000000000000000000 ) ) ;
#4286 = DIRECTION ( 'NONE',  ( 1.000000000000000000, 0.000000000000000000, 0.000000000000000000 ) ) ;
#4287 = CARTESIAN_POINT ( 'NONE',  ( -0.1999999999999970690, -4.999999999999999112, 2.924999999999999822 ) ) ;
#4288 = VERTEX_POINT ( 'NONE', #715 ) ;
#4289 = AXIS2_PLACEMENT_3D ( 'NONE', #1067, #93, #4222 ) ;
#4290 = FACE_BOUND ( 'NONE', #9466, .T. ) ;
#4291 = ORIENTED_EDGE ( 'NONE', *, *, #2152, .T. ) ;
#4292 = LINE ( 'NONE', #7665, #10625 ) ;
#4293 = EDGE_LOOP ( 'NONE', ( #6729, #2014, #15, #8469 ) ) ;
#4294 = ORIENTED_EDGE ( 'NONE', *, *, #8261, .T. ) ;
#4295 = LINE ( 'NONE', #3537, #6659 ) ;
#4296 = VECTOR ( 'NONE', #10420, 1000.000000000000000 ) ;
#4297 = DIRECTION ( 'NONE',  ( -0.000000000000000000, -1.000000000000000000, -0.000000000000000000 ) ) ;
#4298 = FACE_OUTER_BOUND ( 'NONE', #9456, .T. ) ;
#4299 = DIRECTION ( 'NONE',  ( -0.000000000000000000, -1.000000000000000000, -0.000000000000000000 ) ) ;
#4300 = DIRECTION ( 'NONE',  ( 0.000000000000000000, 0.000000000000000000, -1.000000000000000000 ) ) ;
#4301 = ORIENTED_EDGE ( 'NONE', *, *, #5519, .F. ) ;
#4302 = LINE ( 'NONE', #9106, #1773 ) ;
#4303 = DIRECTION ( 'NONE',  ( 1.000000000000000000, 0.000000000000000000, 0.000000000000000000 ) ) ;
#4304 = DIRECTION ( 'NONE',  ( 1.938238520644476666E-16, 0.000000000000000000, 1.000000000000000000 ) ) ;
#4305 = VERTEX_POINT ( 'NONE', #4182 ) ;
#4306 = EDGE_CURVE ( 'NONE', #9492, #3044, #51, .T. ) ;
#4307 = CARTESIAN_POINT ( 'NONE',  ( -6.958109183298581968, 5.491890816701413769, 3.302972460051453840 ) ) ;
#4308 = DIRECTION ( 'NONE',  ( -1.000000000000000000, -0.000000000000000000, -0.000000000000000000 ) ) ;
#4309 = COLOUR_RGB ( '',0.2509803921568627416, 0.2509803921568627416, 0.2509803921568627416 ) ;
#4310 = LINE ( 'NONE', #2682, #1005 ) ;
#4311 = DIRECTION ( 'NONE',  ( 1.000000000000000000, 0.000000000000000000, 9.139744341289816024E-17 ) ) ;
#4312 = ORIENTED_EDGE ( 'NONE', *, *, #4815, .F. ) ;
#4313 = CARTESIAN_POINT ( 'NONE',  ( -5.599999999999996980, -4.999999999999999112, 2.924999999999999822 ) ) ;
#4314 = VECTOR ( 'NONE', #551, 1000.000000000000000 ) ;
#4315 = EDGE_LOOP ( 'NONE', ( #8150, #6331, #4546, #6187 ) ) ;
#4316 = CARTESIAN_POINT ( 'NONE',  ( -6.500000000000002665, -3.750000000000001332, 0.2249999999999995060 ) ) ;
#4317 = LINE ( 'NONE', #6056, #4451 ) ;
#4318 = VECTOR ( 'NONE', #6123, 1000.000000000000000 ) ;
#4319 = COLOUR_RGB ( '',0.7960784313725489669, 0.8235294117647058432, 0.9372549019607843146 ) ;
#4320 = ORIENTED_EDGE ( 'NONE', *, *, #6654, .F. ) ;
#4321 = AXIS2_PLACEMENT_3D ( 'NONE', #6426, #4851, #9754 ) ;
#4322 = EDGE_CURVE ( 'NONE', #8630, #10644, #3309, .T. ) ;
#4323 = EDGE_CURVE ( 'NONE', #8609, #1170, #8100, .T. ) ;
#4324 = CARTESIAN_POINT ( 'NONE',  ( -3.074999999999998845, 11.71428571428571530, -4.225000000000004086 ) ) ;
#4325 = DIRECTION ( 'NONE',  ( 0.000000000000000000, 0.000000000000000000, -1.000000000000000000 ) ) ;
#4326 = ORIENTED_EDGE ( 'NONE', *, *, #5003, .T. ) ;
#4327 = CARTESIAN_POINT ( 'NONE',  ( -5.599999999999996980, -1.250000000000001332, 2.425000000000000266 ) ) ;
#4328 = EDGE_CURVE ( 'NONE', #3476, #9232, #6421, .T. ) ;
#4329 = ORIENTED_EDGE ( 'NONE', *, *, #9054, .F. ) ;
#4330 = CARTESIAN_POINT ( 'NONE',  ( 8.950000000000002842, -0.8500000000000009770, 2.924999999999999822 ) ) ;
#4331 = AXIS2_PLACEMENT_3D ( 'NONE', #938, #8485, #7728 ) ;
#4332 = ORIENTED_EDGE ( 'NONE', *, *, #2131, .F. ) ;
#4333 = EDGE_CURVE ( 'NONE', #964, #802, #2394, .T. ) ;
#4334 = VERTEX_POINT ( 'NONE', #9749 ) ;
#4335 = DIRECTION ( 'NONE',  ( 0.000000000000000000, 0.000000000000000000, -1.000000000000000000 ) ) ;
#4336 = EDGE_LOOP ( 'NONE', ( #1374, #8580, #203, #1396 ) ) ;
#4337 = LINE ( 'NONE', #4231, #2725 ) ;
#4338 = CARTESIAN_POINT ( 'NONE',  ( -0.6999999999999975131, -0.8500000000000011990, 2.425000000000000711 ) ) ;
#4339 = LINE ( 'NONE', #5211, #10118 ) ;
#4340 = ADVANCED_FACE ( 'NONE', ( #1528 ), #4026, .T. ) ;
#4341 = ORIENTED_EDGE ( 'NONE', *, *, #9502, .F. ) ;
#4342 = EDGE_CURVE ( 'NONE', #522, #5518, #6051, .T. ) ;
#4343 = ORIENTED_EDGE ( 'NONE', *, *, #1808, .T. ) ;
#4344 = EDGE_CURVE ( 'NONE', #7382, #8244, #7450, .T. ) ;
#4345 = FACE_OUTER_BOUND ( 'NONE', #9516, .T. ) ;
#4346 = VERTEX_POINT ( 'NONE', #10681 ) ;
#4347 = LINE ( 'NONE', #9200, #158 ) ;
#4348 = VERTEX_POINT ( 'NONE', #1582 ) ;
#4349 = ORIENTED_EDGE ( 'NONE', *, *, #3239, .F. ) ;
#4350 = DIRECTION ( 'NONE',  ( -0.000000000000000000, 1.000000000000000000, -0.000000000000000000 ) ) ;
#4351 = DIRECTION ( 'NONE',  ( 1.000000000000000000, 0.000000000000000000, 0.000000000000000000 ) ) ;
#4352 = PLANE ( 'NONE',  #10433 ) ;
#4353 = LINE ( 'NONE', #6090, #9681 ) ;
#4354 = CARTESIAN_POINT ( 'NONE',  ( -1.100000000000002087, 2.800000000000000266, 3.825000000000001066 ) ) ;
#4355 = EDGE_LOOP ( 'NONE', ( #6050, #2339, #3835, #42 ) ) ;
#4356 = DIRECTION ( 'NONE',  ( 1.000000000000000000, -0.000000000000000000, 0.000000000000000000 ) ) ;
#4357 = AXIS2_PLACEMENT_3D ( 'NONE', #6518, #3908, #10558 ) ;
#4358 = CARTESIAN_POINT ( 'NONE',  ( -1.600000000000002531, -4.999999999999999112, 2.924999999999999822 ) ) ;
#4359 = LINE ( 'NONE', #9483, #6010 ) ;
#4360 = ORIENTED_EDGE ( 'NONE', *, *, #12, .F. ) ;
#4361 = LINE ( 'NONE', #7682, #7866 ) ;
#4362 = DIRECTION ( 'NONE',  ( 1.000000000000000000, 0.000000000000000000, 0.000000000000000000 ) ) ;
#4363 = CARTESIAN_POINT ( 'NONE',  ( 2.875000000000000000, 12.80000000000000071, -5.024999999999999467 ) ) ;
#4364 = CARTESIAN_POINT ( 'NONE',  ( -5.599999999999996980, 0.000000000000000000, 4.025000000000000355 ) ) ;
#4365 = FACE_OUTER_BOUND ( 'NONE', #6932, .T. ) ;
#4366 = ORIENTED_EDGE ( 'NONE', *, *, #7404, .T. ) ;
#4367 = ORIENTED_EDGE ( 'NONE', *, *, #6194, .F. ) ;
#4368 = VERTEX_POINT ( 'NONE', #8980 ) ;
#4369 = EDGE_CURVE ( 'NONE', #1429, #6081, #660, .T. ) ;
#4370 = CARTESIAN_POINT ( 'NONE',  ( -1.999999999999997335, -0.8500000000000011990, 4.025000000000000355 ) ) ;
#4371 = VERTEX_POINT ( 'NONE', #2345 ) ;
#4372 = VECTOR ( 'NONE', #1364, 1000.000000000000000 ) ;
#4373 = DIRECTION ( 'NONE',  ( 0.000000000000000000, 0.000000000000000000, 1.000000000000000000 ) ) ;
#4374 = CARTESIAN_POINT ( 'NONE',  ( -6.849999999999996980, -2.300000000000001599, 0.000000000000000000 ) ) ;
#4375 = VECTOR ( 'NONE', #6610, 1000.000000000000000 ) ;
#4376 = ORIENTED_EDGE ( 'NONE', *, *, #10001, .F. ) ;
#4377 = DIRECTION ( 'NONE',  ( 0.000000000000000000, 0.000000000000000000, 1.000000000000000000 ) ) ;
#4378 = AXIS2_PLACEMENT_3D ( 'NONE', #460, #10424, #2956 ) ;
#4379 = EDGE_LOOP ( 'NONE', ( #8323, #8989, #1133, #9844 ) ) ;
#4380 = VECTOR ( 'NONE', #5739, 1000.000000000000000 ) ;
#4381 = ADVANCED_FACE ( 'NONE', ( #873 ), #7498, .F. ) ;
#4382 = ADVANCED_FACE ( 'NONE', ( #9852 ), #5715, .T. ) ;
#4383 = AXIS2_PLACEMENT_3D ( 'NONE', #7698, #9497, #8456 ) ;
#4384 = DIRECTION ( 'NONE',  ( 0.000000000000000000, 1.000000000000000000, 0.000000000000000000 ) ) ;
#4385 = ORIENTED_EDGE ( 'NONE', *, *, #7639, .F. ) ;
#4386 = AXIS2_PLACEMENT_3D ( 'NONE', #1237, #922, #1731 ) ;
#4387 = EDGE_CURVE ( 'NONE', #2855, #7873, #778, .T. ) ;
#4388 = ORIENTED_EDGE ( 'NONE', *, *, #7771, .T. ) ;
#4389 = CARTESIAN_POINT ( 'NONE',  ( -5.749999999999989342, 3.649999999999999911, 3.599999999999999201 ) ) ;
#4390 = VECTOR ( 'NONE', #2700, 999.9999999999998863 ) ;
#4391 = ORIENTED_EDGE ( 'NONE', *, *, #8451, .T. ) ;
#4392 = LINE ( 'NONE', #3469, #8917 ) ;
#4393 = DIRECTION ( 'NONE',  ( 0.000000000000000000, 0.000000000000000000, 1.000000000000000000 ) ) ;
#4394 = VECTOR ( 'NONE', #4959, 1000.000000000000000 ) ;
#4395 = CARTESIAN_POINT ( 'NONE',  ( -2.900000000000002576, 8.400000000000000355, -0.4750000000000010325 ) ) ;
#4396 = DIRECTION ( 'NONE',  ( 1.000000000000000000, 0.000000000000000000, 0.000000000000000000 ) ) ;
#4397 = ORIENTED_EDGE ( 'NONE', *, *, #7488, .F. ) ;
#4398 = EDGE_LOOP ( 'NONE', ( #1588, #7587, #8689, #10552 ) ) ;
#4399 = AXIS2_PLACEMENT_3D ( 'NONE', #2732, #7688, #3605 ) ;
#4400 = EDGE_CURVE ( 'NONE', #7750, #5925, #4953, .T. ) ;
#4401 = LINE ( 'NONE', #7719, #8395 ) ;
#4402 = AXIS2_PLACEMENT_3D ( 'NONE', #6108, #9438, #1985 ) ;
#4403 = EDGE_LOOP ( 'NONE', ( #3480, #6171, #3372, #3961 ) ) ;
#4404 = ADVANCED_FACE ( 'NONE', ( #5869 ), #5050, .F. ) ;
#4405 = EDGE_CURVE ( 'NONE', #4368, #2641, #4236, .T. ) ;
#4406 = DIRECTION ( 'NONE',  ( 0.000000000000000000, 1.000000000000000000, -4.845596301611192898E-17 ) ) ;
#4407 = ORIENTED_EDGE ( 'NONE', *, *, #4639, .F. ) ;
#4408 = EDGE_LOOP ( 'NONE', ( #7973, #5843, #4957, #3196 ) ) ;
#4409 = CARTESIAN_POINT ( 'NONE',  ( 10.20000000000000284, -3.374999999999998224, 5.025000000000001243 ) ) ;
#4410 = DIRECTION ( 'NONE',  ( 1.084202172485504040E-15, 0.000000000000000000, 1.000000000000000000 ) ) ;
#4411 = FACE_OUTER_BOUND ( 'NONE', #874, .T. ) ;
#4412 = CARTESIAN_POINT ( 'NONE',  ( 3.075000000000000622, 11.71428571428571352, -4.224999999999996980 ) ) ;
#4413 = CARTESIAN_POINT ( 'NONE',  ( -9.199999999999997513, 2.800000000000000266, 3.825000000000001066 ) ) ;
#4414 = EDGE_LOOP ( 'NONE', ( #429, #2092, #9387, #4407 ) ) ;
#4415 = DIRECTION ( 'NONE',  ( -1.000000000000000000, 0.000000000000000000, 0.000000000000000000 ) ) ;
#4416 = DIRECTION ( 'NONE',  ( -1.000000000000000000, -2.478176394252579662E-16, 1.275531967630005245E-16 ) ) ;
#4417 = DIRECTION ( 'NONE',  ( -3.118604001756055158E-15, 1.000000000000000000, 0.000000000000000000 ) ) ;
#4418 = EDGE_CURVE ( 'NONE', #9024, #10214, #6690, .T. ) ;
#4419 = ORIENTED_EDGE ( 'NONE', *, *, #7132, .T. ) ;
#4420 = DIRECTION ( 'NONE',  ( 0.000000000000000000, 0.000000000000000000, 1.000000000000000000 ) ) ;
#4421 = CARTESIAN_POINT ( 'NONE',  ( -3.074999999999999289, 0.000000000000000000, -4.225000000000004086 ) ) ;
#4422 = AXIS2_PLACEMENT_3D ( 'NONE', #1517, #5809, #9026 ) ;
#4423 = PLANE ( 'NONE',  #4506 ) ;
#4424 = DIRECTION ( 'NONE',  ( -0.8660254037844374864, 0.5000000000000022204, 0.000000000000000000 ) ) ;
#4425 = PLANE ( 'NONE',  #4399 ) ;
#4426 = EDGE_LOOP ( 'NONE', ( #7766, #8237, #3081, #3960 ) ) ;
#4427 = ORIENTED_EDGE ( 'NONE', *, *, #6402, .F. ) ;
#4428 = CARTESIAN_POINT ( 'NONE',  ( 10.20000000000000284, 12.80000000000000071, -5.025000000000000355 ) ) ;
#4429 = DIRECTION ( 'NONE',  ( -0.000000000000000000, 1.000000000000000000, -0.000000000000000000 ) ) ;
#4430 = ORIENTED_EDGE ( 'NONE', *, *, #5539, .F. ) ;
#4431 = DIRECTION ( 'NONE',  ( -0.7327934916262994758, 0.6804510993672774344, 0.000000000000000000 ) ) ;
#4432 = LINE ( 'NONE', #7749, #9429 ) ;
#4433 = ORIENTED_EDGE ( 'NONE', *, *, #3938, .F. ) ;
#4434 = ADVANCED_FACE ( 'NONE', ( #9143 ), #3978, .F. ) ;
#4435 = DIRECTION ( 'NONE',  ( 0.000000000000000000, 1.000000000000000000, 0.000000000000000000 ) ) ;
#4436 = DIRECTION ( 'NONE',  ( 0.000000000000000000, -0.000000000000000000, 1.000000000000000000 ) ) ;
#4437 = ORIENTED_EDGE ( 'NONE', *, *, #2955, .T. ) ;
#4438 = DIRECTION ( 'NONE',  ( 1.000000000000000000, 0.000000000000000000, -0.000000000000000000 ) ) ;
#4439 = VERTEX_POINT ( 'NONE', #781 ) ;
#4440 = ORIENTED_EDGE ( 'NONE', *, *, #4108, .T. ) ;
#4441 = DIRECTION ( 'NONE',  ( -1.495451272393799542E-16, 0.000000000000000000, -1.000000000000000000 ) ) ;
#4442 = EDGE_CURVE ( 'NONE', #9730, #9169, #828, .T. ) ;
#4443 = ORIENTED_EDGE ( 'NONE', *, *, #9109, .T. ) ;
#4444 = DIRECTION ( 'NONE',  ( -0.000000000000000000, -0.000000000000000000, 1.000000000000000000 ) ) ;
#4445 = DIRECTION ( 'NONE',  ( -0.000000000000000000, 0.000000000000000000, 1.000000000000000000 ) ) ;
#4446 = DIRECTION ( 'NONE',  ( 0.000000000000000000, 0.000000000000000000, -1.000000000000000000 ) ) ;
#4447 = DIRECTION ( 'NONE',  ( 0.000000000000000000, 1.000000000000000000, 0.000000000000000000 ) ) ;
#4448 = ORIENTED_EDGE ( 'NONE', *, *, #5856, .T. ) ;
#4449 = VERTEX_POINT ( 'NONE', #7457 ) ;
#4450 =( REPRESENTATION_RELATIONSHIP ('NONE','NONE', #8135, #7031 ) REPRESENTATION_RELATIONSHIP_WITH_TRANSFORMATION ( #9784 )SHAPE_REPRESENTATION_RELATIONSHIP( ) );
#4451 = VECTOR ( 'NONE', #8452, 1000.000000000000000 ) ;
#4452 = DIRECTION ( 'NONE',  ( -0.9396926207859087610, 0.3420201433256679358, -0.000000000000000000 ) ) ;
#4453 = VECTOR ( 'NONE', #338, 1000.000000000000000 ) ;
#4454 = ORIENTED_EDGE ( 'NONE', *, *, #3581, .T. ) ;
#4455 = DIRECTION ( 'NONE',  ( -1.000000000000000000, 0.000000000000000000, -0.000000000000000000 ) ) ;
#4456 = EDGE_CURVE ( 'NONE', #8697, #7125, #5, .T. ) ;
#4457 = ORIENTED_EDGE ( 'NONE', *, *, #2007, .T. ) ;
#4458 = ORIENTED_EDGE ( 'NONE', *, *, #6113, .T. ) ;
#4459 = EDGE_CURVE ( 'NONE', #5977, #2180, #10626, .T. ) ;
#4460 = CARTESIAN_POINT ( 'NONE',  ( -6.649999999999997691, -2.300000000000001599, -8.300000000000004263 ) ) ;
#4461 = DIRECTION ( 'NONE',  ( 0.000000000000000000, -0.000000000000000000, 1.000000000000000000 ) ) ;
#4462 = CARTESIAN_POINT ( 'NONE',  ( 0.000000000000000000, 0.000000000000000000, 2.125000000000000000 ) ) ;
#4463 = LINE ( 'NONE', #7780, #4453 ) ;
#4464 = CARTESIAN_POINT ( 'NONE',  ( -3.274999999999999467, 12.80000000000000071, -4.225000000000004086 ) ) ;
#4465 = CIRCLE ( 'NONE', #8102, 0.2999999999999999334 ) ;
#4466 = VERTEX_POINT ( 'NONE', #4901 ) ;
#4467 = EDGE_CURVE ( 'NONE', #9202, #8153, #3315, .T. ) ;
#4468 = DIRECTION ( 'NONE',  ( -0.000000000000000000, -0.000000000000000000, -1.000000000000000000 ) ) ;
#4469 = LINE ( 'NONE', #6974, #5201 ) ;
#4470 = DIRECTION ( 'NONE',  ( -0.000000000000000000, 1.000000000000000000, -0.000000000000000000 ) ) ;
#4471 = VECTOR ( 'NONE', #9781, 1000.000000000000000 ) ;
#4472 = ORIENTED_EDGE ( 'NONE', *, *, #5231, .T. ) ;
#4473 = EDGE_CURVE ( 'NONE', #10318, #4852, #667, .T. ) ;
#4474 = LINE ( 'NONE', #1111, #10140 ) ;
#4475 = LINE ( 'NONE', #6875, #3353 ) ;
#4476 = DIRECTION ( 'NONE',  ( -1.000000000000000000, 0.000000000000000000, 0.000000000000000000 ) ) ;
#4477 = CARTESIAN_POINT ( 'NONE',  ( 10.20000000000000284, 12.80000000000000071, -5.025000000000000355 ) ) ;
#4478 = LINE ( 'NONE', #2630, #3529 ) ;
#4479 = ORIENTED_EDGE ( 'NONE', *, *, #10741, .T. ) ;
#4480 = EDGE_CURVE ( 'NONE', #325, #10071, #2350, .T. ) ;
#4481 = ORIENTED_EDGE ( 'NONE', *, *, #1665, .T. ) ;
#4482 = CARTESIAN_POINT ( 'NONE',  ( -3.400000000000003020, 2.800000000000000266, -0.07500000000000084377 ) ) ;
#4483 = AXIS2_PLACEMENT_3D ( 'NONE', #8441, #1656, #5127 ) ;
#4484 = LINE ( 'NONE', #1120, #9104 ) ;
#4485 = ORIENTED_EDGE ( 'NONE', *, *, #7195, .F. ) ;
#4486 = DIRECTION ( 'NONE',  ( 0.000000000000000000, 0.000000000000000000, -1.000000000000000000 ) ) ;
#4487 = ORIENTED_EDGE ( 'NONE', *, *, #9254, .T. ) ;
#4488 = FACE_OUTER_BOUND ( 'NONE', #6726, .T. ) ;
#4489 = CARTESIAN_POINT ( 'NONE',  ( 1.999999999999996669, -3.750000000000001332, 4.025000000000000355 ) ) ;
#4490 = ORIENTED_EDGE ( 'NONE', *, *, #1230, .F. ) ;
#4491 = AXIS2_PLACEMENT_3D ( 'NONE', #3539, #6968, #10293 ) ;
#4492 = VECTOR ( 'NONE', #8602, 1000.000000000000000 ) ;
#4493 = LINE ( 'NONE', #370, #9722 ) ;
#4494 = ORIENTED_EDGE ( 'NONE', *, *, #1939, .F. ) ;
#4495 = ORIENTED_EDGE ( 'NONE', *, *, #534, .F. ) ;
#4496 = CARTESIAN_POINT ( 'NONE',  ( 10.20000000000000284, 12.80000000000000071, 5.024999999999999467 ) ) ;
#4497 = CIRCLE ( 'NONE', #8143, 0.2999999999999999334 ) ;
#4498 = VECTOR ( 'NONE', #8522, 1000.000000000000000 ) ;
#4499 = ORIENTED_EDGE ( 'NONE', *, *, #8399, .T. ) ;
#4500 = CARTESIAN_POINT ( 'NONE',  ( 9.199999999999999289, 12.28038475772934035, -3.825000000000000622 ) ) ;
#4501 =( NAMED_UNIT ( * ) PLANE_ANGLE_UNIT ( ) SI_UNIT ( $, .RADIAN. ) );
#4502 =( NAMED_UNIT ( * ) SI_UNIT ( $, .STERADIAN. ) SOLID_ANGLE_UNIT ( ) );
#4503 = DIRECTION ( 'NONE',  ( -0.000000000000000000, 1.000000000000000000, -0.000000000000000000 ) ) ;
#4504 = EDGE_LOOP ( 'NONE', ( #3543, #2719, #7290, #8642 ) ) ;
#4505 = ORIENTED_EDGE ( 'NONE', *, *, #4188, .F. ) ;
#4506 = AXIS2_PLACEMENT_3D ( 'NONE', #9124, #8298, #4169 ) ;
#4507 = EDGE_CURVE ( 'NONE', #4190, #2269, #1201, .T. ) ;
#4508 = CARTESIAN_POINT ( 'NONE',  ( 8.950000000000002842, -3.350000000000000977, 2.924999999999999822 ) ) ;
#4509 = ORIENTED_EDGE ( 'NONE', *, *, #9472, .T. ) ;
#4510 = CARTESIAN_POINT ( 'NONE',  ( -1.934999999999999165, 10.05000000000000071, -2.674999999999999822 ) ) ;
#4511 = ORIENTED_EDGE ( 'NONE', *, *, #9712, .F. ) ;
#4512 = VERTEX_POINT ( 'NONE', #3921 ) ;
#4513 = FACE_OUTER_BOUND ( 'NONE', #10266, .T. ) ;
#4514 = CARTESIAN_POINT ( 'NONE',  ( -9.199999999999997513, 12.28038475772934035, 3.825000000000001066 ) ) ;
#4515 = LINE ( 'NONE', #1259, #1370 ) ;
#4516 = LINE ( 'NONE', #6149, #6015 ) ;
#4517 = DIRECTION ( 'NONE',  ( 0.000000000000000000, 1.000000000000000000, 0.000000000000000000 ) ) ;
#4518 = EDGE_LOOP ( 'NONE', ( #5039, #3893, #1249, #9514, #7227, #195, #10664, #4769, #8787, #4861 ) ) ;
#4519 = DIRECTION ( 'NONE',  ( -3.118604001756055158E-15, -1.000000000000000000, 0.000000000000000000 ) ) ;
#4520 = ADVANCED_FACE ( 'NONE', ( #5823 ), #618, .T. ) ;
#4521 = LINE ( 'NONE', #10517, #9261 ) ;
#4522 = EDGE_CURVE ( 'NONE', #4743, #2789, #4795, .T. ) ;
#4523 = DIRECTION ( 'NONE',  ( -1.000000000000000000, 9.391921407275224146E-33, 1.938238520644476666E-16 ) ) ;
#4524 = VERTEX_POINT ( 'NONE', #10571 ) ;
#4525 = EDGE_CURVE ( 'NONE', #9971, #6609, #3161, .T. ) ;
#4526 = DIRECTION ( 'NONE',  ( 0.000000000000000000, 0.000000000000000000, -1.000000000000000000 ) ) ;
#4527 = DIRECTION ( 'NONE',  ( -0.000000000000000000, -1.000000000000000000, -0.000000000000000000 ) ) ;
#4528 = CARTESIAN_POINT ( 'NONE',  ( -6.499999999999995559, 5.849999999999999645, 3.187878387081805709 ) ) ;
#4529 = LINE ( 'NONE', #4363, #5901 ) ;
#4530 = CARTESIAN_POINT ( 'NONE',  ( 2.900000000000001688, 8.399999999999998579, 1.724999999999998979 ) ) ;
#4531 = DIRECTION ( 'NONE',  ( 0.000000000000000000, 0.000000000000000000, 1.000000000000000000 ) ) ;
#4532 = VERTEX_POINT ( 'NONE', #3262 ) ;
#4533 = VECTOR ( 'NONE', #6569, 1000.000000000000000 ) ;
#4534 = CARTESIAN_POINT ( 'NONE',  ( 5.599999999999996980, 0.000000000000000000, 0.000000000000000000 ) ) ;
#4535 = DIRECTION ( 'NONE',  ( 0.000000000000000000, 0.000000000000000000, 1.000000000000000000 ) ) ;
#4536 = EDGE_CURVE ( 'NONE', #7674, #1506, #1586, .T. ) ;
#4537 = VERTEX_POINT ( 'NONE', #9809 ) ;
#4538 = VECTOR ( 'NONE', #5802, 1000.000000000000000 ) ;
#4539 = EDGE_CURVE ( 'NONE', #8891, #10557, #8058, .T. ) ;
#4540 = CARTESIAN_POINT ( 'NONE',  ( -8.999999999999998224, 2.800000000000000266, 2.124999999999999112 ) ) ;
#4541 = EDGE_CURVE ( 'NONE', #9510, #10603, #3104, .T. ) ;
#4542 = DIRECTION ( 'NONE',  ( 0.000000000000000000, 1.000000000000000000, 0.000000000000000000 ) ) ;
#4543 = ORIENTED_EDGE ( 'NONE', *, *, #4066, .T. ) ;
#4544 = CARTESIAN_POINT ( 'NONE',  ( 1.999999999999996669, -3.750000000000001332, 2.924999999999999822 ) ) ;
#4545 = LINE ( 'NONE', #4233, #2320 ) ;
#4546 = ORIENTED_EDGE ( 'NONE', *, *, #3311, .F. ) ;
#4547 = DIRECTION ( 'NONE',  ( -1.000000000000000000, 0.000000000000000000, 1.275531967630005245E-16 ) ) ;
#4548 = VECTOR ( 'NONE', #7670, 1000.000000000000000 ) ;
#4549 = VECTOR ( 'NONE', #7635, 1000.000000000000000 ) ;
#4550 = ORIENTED_EDGE ( 'NONE', *, *, #7972, .F. ) ;
#4551 = VERTEX_POINT ( 'NONE', #7359 ) ;
#4552 = CARTESIAN_POINT ( 'NONE',  ( 3.575000000000000622, 10.50000000000000000, -0.6545349465914753750 ) ) ;
#4553 = ORIENTED_EDGE ( 'NONE', *, *, #6402, .T. ) ;
#4554 = DIRECTION ( 'NONE',  ( -1.000000000000000000, 0.000000000000000000, 0.000000000000000000 ) ) ;
#4555 = CARTESIAN_POINT ( 'NONE',  ( -5.200000000000002842, -3.750000000000001332, 0.2249999999999995060 ) ) ;
#4556 = VECTOR ( 'NONE', #5682, 1000.000000000000114 ) ;
#4557 =( NAMED_UNIT ( * ) PLANE_ANGLE_UNIT ( ) SI_UNIT ( $, .RADIAN. ) );
#4558 = AXIS2_PLACEMENT_3D ( 'NONE', #1806, #179, #7784 ) ;
#4559 = ORIENTED_EDGE ( 'NONE', *, *, #4727, .F. ) ;
#4560 = VERTEX_POINT ( 'NONE', #8268 ) ;
#4561 = VECTOR ( 'NONE', #1600, 1000.000000000000000 ) ;
#4562 = DIRECTION ( 'NONE',  ( -0.000000000000000000, -0.000000000000000000, 1.000000000000000000 ) ) ;
#4563 = VECTOR ( 'NONE', #1501, 1000.000000000000000 ) ;
#4564 = EDGE_LOOP ( 'NONE', ( #7123, #6012, #4760, #7493 ) ) ;
#4565 = AXIS2_PLACEMENT_3D ( 'NONE', #3046, #8319, #5666 ) ;
#4566 = DIRECTION ( 'NONE',  ( 0.000000000000000000, 0.000000000000000000, 1.000000000000000000 ) ) ;
#4567 = VECTOR ( 'NONE', #784, 1000.000000000000000 ) ;
#4568 = ORIENTED_EDGE ( 'NONE', *, *, #2052, .T. ) ;
#4569 = EDGE_LOOP ( 'NONE', ( #796, #2377, #9617, #77 ) ) ;
#4570 = CARTESIAN_POINT ( 'NONE',  ( -8.950000000000002842, -0.8499999999999999778, -3.375000000000000000 ) ) ;
#4571 = LINE ( 'NONE', #3040, #8546 ) ;
#4572 = VECTOR ( 'NONE', #9061, 1000.000000000000000 ) ;
#4573 = EDGE_CURVE ( 'NONE', #4191, #4532, #2588, .T. ) ;
#4574 = LINE ( 'NONE', #2935, #3271 ) ;
#4575 = DIRECTION ( 'NONE',  ( -2.267612386897787377E-16, 0.000000000000000000, -1.000000000000000000 ) ) ;
#4576 = CARTESIAN_POINT ( 'NONE',  ( 3.400000000000002132, -0.8500000000000011990, 2.425000000000000711 ) ) ;
#4577 = EDGE_LOOP ( 'NONE', ( #2579, #4499, #1091, #9567 ) ) ;
#4578 = FACE_OUTER_BOUND ( 'NONE', #2336, .T. ) ;
#4579 = VECTOR ( 'NONE', #7307, 1000.000000000000000 ) ;
#4580 = FACE_OUTER_BOUND ( 'NONE', #3733, .T. ) ;
#4581 = CARTESIAN_POINT ( 'NONE',  ( 1.600000000000002531, -1.250000000000001110, 2.924999999999999822 ) ) ;
#4582 = CARTESIAN_POINT ( 'NONE',  ( -6.099999999999992539, 2.950000000000000622, -6.050000000000003375 ) ) ;
#4583 = FACE_BOUND ( 'NONE', #4403, .T. ) ;
#4584 = LINE ( 'NONE', #2243, #1791 ) ;
#4585 = ADVANCED_FACE ( 'NONE', ( #4031 ), #2295, .F. ) ;
#4586 =( NAMED_UNIT ( * ) SI_UNIT ( $, .STERADIAN. ) SOLID_ANGLE_UNIT ( ) );
#4587 = LINE ( 'NONE', #4364, #9873 ) ;
#4588 = DIRECTION ( 'NONE',  ( 5.181749972785939688E-17, -0.9396926207859083169, 0.3420201433256689905 ) ) ;
#4589 = ORIENTED_EDGE ( 'NONE', *, *, #9911, .T. ) ;
#4590 = PLANE ( 'NONE',  #9951 ) ;
#4591 = DIRECTION ( 'NONE',  ( -1.000000000000000000, -1.247005693593552917E-16, 1.275531967630005245E-16 ) ) ;
#4592 = PRODUCT_RELATED_PRODUCT_CATEGORY ( 'part', '', ( #9015 ) ) ;
#4593 = ORIENTED_EDGE ( 'NONE', *, *, #2428, .T. ) ;
#4594 = DIRECTION ( 'NONE',  ( 0.000000000000000000, 0.000000000000000000, 1.000000000000000000 ) ) ;
#4595 = DIRECTION ( 'NONE',  ( 0.000000000000000000, 1.000000000000000000, 0.000000000000000000 ) ) ;
#4596 = EDGE_LOOP ( 'NONE', ( #560, #2184, #3491, #927 ) ) ;
#4597 = ADVANCED_FACE ( 'NONE', ( #6856 ), #10232, .T. ) ;
#4598 = CARTESIAN_POINT ( 'NONE',  ( -6.499999999999997335, 5.150000000000000355, -7.850000000000003197 ) ) ;
#4599 = ADVANCED_FACE ( 'NONE', ( #1036 ), #5056, .F. ) ;
#4600 = CARTESIAN_POINT ( 'NONE',  ( 9.200000000000001066, 4.800000000000000711, 7.575000000000001954 ) ) ;
#4601 = EDGE_CURVE ( 'NONE', #9146, #8232, #4347, .T. ) ;
#4602 = ORIENTED_EDGE ( 'NONE', *, *, #8183, .F. ) ;
#4603 = EDGE_CURVE ( 'NONE', #10603, #2364, #2710, .T. ) ;
#4604 = FACE_OUTER_BOUND ( 'NONE', #6120, .T. ) ;
#4605 = VERTEX_POINT ( 'NONE', #1901 ) ;
#4606 = ORIENTED_EDGE ( 'NONE', *, *, #2359, .T. ) ;
#4607 = LINE ( 'NONE', #7009, #377 ) ;
#4608 = VERTEX_POINT ( 'NONE', #5217 ) ;
#4609 = CARTESIAN_POINT ( 'NONE',  ( 0.000000000000000000, -0.8500000000000011990, 4.025000000000000355 ) ) ;
#4610 = ADVANCED_FACE ( 'NONE', ( #1741 ), #1092, .F. ) ;
#4611 = ORIENTED_EDGE ( 'NONE', *, *, #6408, .T. ) ;
#4612 = EDGE_CURVE ( 'NONE', #2278, #5353, #1795, .T. ) ;
#4613 = DIRECTION ( 'NONE',  ( 1.000000000000000000, 0.000000000000000000, 0.000000000000000000 ) ) ;
#4614 = ORIENTED_EDGE ( 'NONE', *, *, #2862, .F. ) ;
#4615 = DIRECTION ( 'NONE',  ( 0.000000000000000000, -1.000000000000000000, 0.000000000000000000 ) ) ;
#4616 = EDGE_LOOP ( 'NONE', ( #4388, #3549, #1841, #6953 ) ) ;
#4617 = ORIENTED_EDGE ( 'NONE', *, *, #3779, .F. ) ;
#4618 = DIRECTION ( 'NONE',  ( 0.000000000000000000, -0.000000000000000000, -1.000000000000000000 ) ) ;
#4619 = LINE ( 'NONE', #8702, #211 ) ;
#4620 = CARTESIAN_POINT ( 'NONE',  ( 10.20000000000000284, 12.80000000000000071, 5.024999999999999467 ) ) ;
#4621 = DIRECTION ( 'NONE',  ( -1.000000000000000000, 0.000000000000000000, 0.000000000000000000 ) ) ;
#4622 = CARTESIAN_POINT ( 'NONE',  ( 0.1999999999999970690, 0.000000000000000000, 0.000000000000000000 ) ) ;
#4623 = VECTOR ( 'NONE', #2624, 1000.000000000000000 ) ;
#4624 = VERTEX_POINT ( 'NONE', #6745 ) ;
#4625 = CARTESIAN_POINT ( 'NONE',  ( -7.824999999999991296, 2.400000000000001243, 4.025000000000000355 ) ) ;
#4626 = DIRECTION ( 'NONE',  ( 0.000000000000000000, -0.000000000000000000, 1.000000000000000000 ) ) ;
#4627 = CARTESIAN_POINT ( 'NONE',  ( 2.875000000000000444, 11.90000000000000036, -0.6545349465914744869 ) ) ;
#4628 = ORIENTED_EDGE ( 'NONE', *, *, #2268, .T. ) ;
#4629 = CARTESIAN_POINT ( 'NONE',  ( -6.552363520876763658, 5.502363520876767389, 3.331745978293866539 ) ) ;
#4631 = DIRECTION ( 'NONE',  ( -1.495451272393799542E-16, -0.000000000000000000, -1.000000000000000000 ) ) ;
#4630 = AXIS2_PLACEMENT_3D ( 'NONE', #4143, #9976, #117 ) ;
#4632 = CARTESIAN_POINT ( 'NONE',  ( 3.799999999999998046, -3.750000000000001332, 2.924999999999999822 ) ) ;
#4633 = DIRECTION ( 'NONE',  ( 0.000000000000000000, 0.7071067811865462405, -0.7071067811865489050 ) ) ;
#4634 = DIRECTION ( 'NONE',  ( 0.000000000000000000, -1.000000000000000000, -0.000000000000000000 ) ) ;
#4635 = EDGE_LOOP ( 'NONE', ( #7545, #4814, #1920, #2848 ) ) ;
#4636 = LINE ( 'NONE', #1983, #8550 ) ;
#4637 = CARTESIAN_POINT ( 'NONE',  ( 5.474999999999998757, 12.80000000000000071, -5.025000000000005684 ) ) ;
#4638 = VECTOR ( 'NONE', #3775, 1000.000000000000000 ) ;
#4639 = EDGE_CURVE ( 'NONE', #6696, #10128, #10072, .T. ) ;
#4640 = ORIENTED_EDGE ( 'NONE', *, *, #6982, .F. ) ;
#4641 = DIRECTION ( 'NONE',  ( -1.000000000000000000, 0.000000000000000000, 0.000000000000000000 ) ) ;
#4642 = LINE ( 'NONE', #7318, #5954 ) ;
#4643 = ORIENTED_EDGE ( 'NONE', *, *, #2747, .F. ) ;
#4644 = CARTESIAN_POINT ( 'NONE',  ( -1.934999999999999165, 2.800000000000000266, -2.674999999999999822 ) ) ;
#4645 = DIRECTION ( 'NONE',  ( 0.000000000000000000, 0.000000000000000000, 1.000000000000000000 ) ) ;
#4646 = VECTOR ( 'NONE', #1449, 1000.000000000000000 ) ;
#4647 = ORIENTED_EDGE ( 'NONE', *, *, #3568, .T. ) ;
#4648 = EDGE_CURVE ( 'NONE', #8153, #3244, #60, .T. ) ;
#4649 = LINE ( 'NONE', #8789, #8488 ) ;
#4650 = EDGE_CURVE ( 'NONE', #3204, #8901, #6084, .T. ) ;
#4651 = ORIENTED_EDGE ( 'NONE', *, *, #3461, .F. ) ;
#4652 = ORIENTED_EDGE ( 'NONE', *, *, #6647, .F. ) ;
#4653 = CARTESIAN_POINT ( 'NONE',  ( -3.074999999999998401, 11.71428571428571708, -4.824999999999999289 ) ) ;
#4654 = ADVANCED_FACE ( 'NONE', ( #6907 ), #1843, .F. ) ;
#4655 = ORIENTED_EDGE ( 'NONE', *, *, #3947, .T. ) ;
#4656 = CARTESIAN_POINT ( 'NONE',  ( 6.099999999999997868, 0.000000000000000000, -0.07500000000000128786 ) ) ;
#4657 = AXIS2_PLACEMENT_3D ( 'NONE', #9477, #7237, #5448 ) ;
#4658 = CARTESIAN_POINT ( 'NONE',  ( 5.204170427930421283E-15, 5.375000000000000000, -4.800000000000000711 ) ) ;
#4659 = ORIENTED_EDGE ( 'NONE', *, *, #6450, .F. ) ;
#4660 = ORIENTED_EDGE ( 'NONE', *, *, #8863, .F. ) ;
#4661 = CIRCLE ( 'NONE', #9188, 0.5000000000000004441 ) ;
#4662 = LINE ( 'NONE', #2112, #613 ) ;
#4663 = ADVANCED_FACE ( 'NONE', ( #4189 ), #8373, .T. ) ;
#4664 = VECTOR ( 'NONE', #9668, 1000.000000000000000 ) ;
#4665 = EDGE_LOOP ( 'NONE', ( #2879, #5600, #371, #1238 ) ) ;
#4666 = CARTESIAN_POINT ( 'NONE',  ( -2.499999999999997780, 8.399999999999998579, 1.724999999999999423 ) ) ;
#4667 = VECTOR ( 'NONE', #3216, 1000.000000000000000 ) ;
#4669 = VERTEX_POINT ( 'NONE', #7559 ) ;
#4668 = EDGE_CURVE ( 'NONE', #9992, #7813, #2560, .T. ) ;
#4670 = VERTEX_POINT ( 'NONE', #111 ) ;
#4671 = DIRECTION ( 'NONE',  ( 0.000000000000000000, 0.000000000000000000, -1.000000000000000000 ) ) ;
#4672 = EDGE_CURVE ( 'NONE', #4560, #8101, #2612, .T. ) ;
#4673 = LINE ( 'NONE', #496, #1083 ) ;
#4674 = PLANE ( 'NONE',  #5537 ) ;
#4675 = LINE ( 'NONE', #2936, #647 ) ;
#4676 = PLANE ( 'NONE',  #5542 ) ;
#4677 = STYLED_ITEM ( 'NONE', ( #8943 ), #10095 ) ;
#4678 = ORIENTED_EDGE ( 'NONE', *, *, #3597, .F. ) ;
#4679 = FACE_BOUND ( 'NONE', #1142, .T. ) ;
#4680 = VECTOR ( 'NONE', #10141, 1000.000000000000000 ) ;
#4681 = LINE ( 'NONE', #7893, #1839 ) ;
#4682 = ORIENTED_EDGE ( 'NONE', *, *, #6531, .F. ) ;
#4683 = ORIENTED_EDGE ( 'NONE', *, *, #8420, .F. ) ;
#4684 = PLANE ( 'NONE',  #9966 ) ;
#4685 = CARTESIAN_POINT ( 'NONE',  ( 5.474999999999998757, 0.000000000000000000, -4.225000000000004974 ) ) ;
#4686 = CARTESIAN_POINT ( 'NONE',  ( 2.499999999999996891, 8.400000000000000355, -0.4750000000000014766 ) ) ;
#4687 = LINE ( 'NONE', #1434, #7462 ) ;
#4688 = DIRECTION ( 'NONE',  ( 1.000000000000000000, 0.000000000000000000, 0.000000000000000000 ) ) ;
#4689 = DIRECTION ( 'NONE',  ( 0.000000000000000000, 0.000000000000000000, -1.000000000000000000 ) ) ;
#4690 = ORIENTED_EDGE ( 'NONE', *, *, #6867, .T. ) ;
#4691 = CARTESIAN_POINT ( 'NONE',  ( 9.574999999999993960, 1.000000000000003331, 4.825000000000007283 ) ) ;
#4692 = CARTESIAN_POINT ( 'NONE',  ( 3.799999999999998046, 8.400000000000002132, -0.4750000000000014766 ) ) ;
#4693 = ORIENTED_EDGE ( 'NONE', *, *, #8464, .T. ) ;
#4694 = CARTESIAN_POINT ( 'NONE',  ( 2.499999999999996891, 2.800000000000000266, -0.07500000000000128786 ) ) ;
#4695 = LINE ( 'NONE', #3827, #3345 ) ;
#4696 = EDGE_LOOP ( 'NONE', ( #1852, #7931, #545, #4457 ) ) ;
#4697 = PLANE ( 'NONE',  #3258 ) ;
#4698 = DIRECTION ( 'NONE',  ( 0.000000000000000000, 0.000000000000000000, 1.000000000000000000 ) ) ;
#4699 = CARTESIAN_POINT ( 'NONE',  ( 2.750000000000000000, 10.50000000000000000, -3.025000000000001243 ) ) ;
#4700 = EDGE_CURVE ( 'NONE', #7901, #385, #4292, .T. ) ;
#4701 = VERTEX_POINT ( 'NONE', #3477 ) ;
#4702 = AXIS2_PLACEMENT_3D ( 'NONE', #5330, #7988, #542 ) ;
#4703 = DIRECTION ( 'NONE',  ( 1.000000000000000000, 0.000000000000000000, 0.000000000000000000 ) ) ;
#4704 = ORIENTED_EDGE ( 'NONE', *, *, #5617, .T. ) ;
#4705 = CARTESIAN_POINT ( 'NONE',  ( 5.599999999999996980, 2.800000000000000266, -0.4750000000000014766 ) ) ;
#4706 = EDGE_LOOP ( 'NONE', ( #7817, #421, #10074, #5412 ) ) ;
#4707 = CARTESIAN_POINT ( 'NONE',  ( -7.980000000000001315, 12.28038475772934035, -2.875000000000000888 ) ) ;
#4708 = PRESENTATION_STYLE_ASSIGNMENT (( #1569 ) ) ;
#4709 = EDGE_CURVE ( 'NONE', #9523, #3801, #10126, .T. ) ;
#4710 = FILL_AREA_STYLE_COLOUR ( '', #3836 ) ;
#4711 = ORIENTED_EDGE ( 'NONE', *, *, #4131, .T. ) ;
#4712 = EDGE_CURVE ( 'NONE', #7929, #2436, #8479, .T. ) ;
#4713 = ORIENTED_EDGE ( 'NONE', *, *, #10102, .T. ) ;
#4714 = AXIS2_PLACEMENT_3D ( 'NONE', #745, #3128, #6446 ) ;
#4715 = DIRECTION ( 'NONE',  ( 0.000000000000000000, 0.000000000000000000, 1.000000000000000000 ) ) ;
#4716 = EDGE_CURVE ( 'NONE', #6623, #9246, #9632, .T. ) ;
#4717 = AXIS2_PLACEMENT_3D ( 'NONE', #5340, #7084, #8605 ) ;
#4718 = EDGE_LOOP ( 'NONE', ( #10413, #648, #9756, #7482 ) ) ;
#4719 = ORIENTED_EDGE ( 'NONE', *, *, #5999, .T. ) ;
#4720 = DIRECTION ( 'NONE',  ( -1.000000000000000000, -0.000000000000000000, -0.000000000000000000 ) ) ;
#4721 = VERTEX_POINT ( 'NONE', #10448 ) ;
#4722 = VERTEX_POINT ( 'NONE', #2824 ) ;
#4723 = CIRCLE ( 'NONE', #9601, 0.5000000000000000000 ) ;
#4724 = LINE ( 'NONE', #8925, #6579 ) ;
#4725 = DIRECTION ( 'NONE',  ( 1.000000000000000000, 0.000000000000000000, -2.478176394252581338E-15 ) ) ;
#4726 = AXIS2_PLACEMENT_3D ( 'NONE', #3560, #6885, #1987 ) ;
#4727 = EDGE_CURVE ( 'NONE', #3514, #5359, #10506, .T. ) ;
#4728 = FACE_OUTER_BOUND ( 'NONE', #1019, .T. ) ;
#4729 = CARTESIAN_POINT ( 'NONE',  ( 9.774999999999984368, 2.599999999999994760, 5.024999999999999467 ) ) ;
#4730 = FACE_OUTER_BOUND ( 'NONE', #6073, .T. ) ;
#4731 = ADVANCED_FACE ( 'NONE', ( #6961 ), #7180, .F. ) ;
#4732 = ORIENTED_EDGE ( 'NONE', *, *, #10673, .T. ) ;
#4733 = VECTOR ( 'NONE', #2960, 1000.000000000000000 ) ;
#4734 = CARTESIAN_POINT ( 'NONE',  ( -6.099999999999992539, 3.649999999999999467, -5.349999999999996980 ) ) ;
#4735 = ADVANCED_FACE ( 'NONE', ( #2929 ), #3036, .T. ) ;
#4736 = ADVANCED_FACE ( 'NONE', ( #8755 ), #2012, .F. ) ;
#4737 = CARTESIAN_POINT ( 'NONE',  ( -1.999999999999997335, 8.399999999999998579, 2.124999999999999112 ) ) ;
#4738 = VECTOR ( 'NONE', #5943, 1000.000000000000000 ) ;
#4739 =( REPRESENTATION_RELATIONSHIP ('NONE','NONE', #8135, #7031 ) REPRESENTATION_RELATIONSHIP_WITH_TRANSFORMATION ( #5854 )SHAPE_REPRESENTATION_RELATIONSHIP( ) );
#4740 = CARTESIAN_POINT ( 'NONE',  ( 8.950000000000002842, -1.225000000000000755, 5.025000000000000355 ) ) ;
#4741 = VECTOR ( 'NONE', #8019, 1000.000000000000000 ) ;
#4742 = ORIENTED_EDGE ( 'NONE', *, *, #10412, .F. ) ;
#4743 = VERTEX_POINT ( 'NONE', #2171 ) ;
#4744 = PLANE ( 'NONE',  #6305 ) ;
#4745 = PLANE ( 'NONE',  #55 ) ;
#4746 = DIRECTION ( 'NONE',  ( 0.000000000000000000, 0.000000000000000000, -1.000000000000000000 ) ) ;
#4747 = AXIS2_PLACEMENT_3D ( 'NONE', #5624, #9813, #10631 ) ;
#4748 = LINE ( 'NONE', #8065, #8849 ) ;
#4749 = CARTESIAN_POINT ( 'NONE',  ( -1.999999999999997335, 0.000000000000000000, 0.000000000000000000 ) ) ;
#4750 = LINE ( 'NONE', #10579, #6311 ) ;
#4751 = EDGE_CURVE ( 'NONE', #5232, #1375, #7124, .T. ) ;
#4752 = VECTOR ( 'NONE', #8801, 1000.000000000000000 ) ;
#4753 = AXIS2_PLACEMENT_3D ( 'NONE', #8758, #2118, #3803 ) ;
#4754 = VERTEX_POINT ( 'NONE', #6249 ) ;
#4755 = CARTESIAN_POINT ( 'NONE',  ( 2.875000000000000000, 0.000000000000000000, -4.824999999999999289 ) ) ;
#4756 = VECTOR ( 'NONE', #8883, 1000.000000000000000 ) ;
#4757 = CARTESIAN_POINT ( 'NONE',  ( -8.950000000000002842, -3.999999999999999112, -3.375000000000000444 ) ) ;
#4758 = ADVANCED_FACE ( 'NONE', ( #7772 ), #7022, .F. ) ;
#4759 = AXIS2_PLACEMENT_3D ( 'NONE', #4686, #7201, #10525 ) ;
#4760 = ORIENTED_EDGE ( 'NONE', *, *, #8858, .T. ) ;
#4761 = CARTESIAN_POINT ( 'NONE',  ( -1.999999999999997335, 3.469446951953614189E-15, 2.124999999999999112 ) ) ;
#4762 = CARTESIAN_POINT ( 'NONE',  ( 5.200000000000002842, 8.400000000000000355, 1.724999999999998979 ) ) ;
#4763 = ORIENTED_EDGE ( 'NONE', *, *, #3542, .T. ) ;
#4764 = LINE ( 'NONE', #2368, #5526 ) ;
#4765 = CARTESIAN_POINT ( 'NONE',  ( -6.999999999999997335, 5.849999999999999645, -7.850000000000003197 ) ) ;
#4766 = FACE_OUTER_BOUND ( 'NONE', #484, .T. ) ;
#4767 = EDGE_LOOP ( 'NONE', ( #2940, #6558, #1884, #1280 ) ) ;
#4768 = CARTESIAN_POINT ( 'NONE',  ( 2.874999999999999556, 11.90000000000000036, -5.024999999999999467 ) ) ;
#4769 = ORIENTED_EDGE ( 'NONE', *, *, #2878, .F. ) ;
#4770 = PLANE ( 'NONE',  #1596 ) ;
#4771 = EDGE_LOOP ( 'NONE', ( #1359, #8109, #1020, #8025 ) ) ;
#4772 = PLANE ( 'NONE',  #7767 ) ;
#4773 = DIRECTION ( 'NONE',  ( -1.515042337097647644E-16, -0.000000000000000000, -1.000000000000000000 ) ) ;
#4774 = VECTOR ( 'NONE', #9949, 1000.000000000000000 ) ;
#4775 =( NAMED_UNIT ( * ) SI_UNIT ( $, .STERADIAN. ) SOLID_ANGLE_UNIT ( ) );
#4776 = EDGE_LOOP ( 'NONE', ( #9824, #1575, #1202, #8137 ) ) ;
#4777 = DIRECTION ( 'NONE',  ( 0.000000000000000000, 0.000000000000000000, -1.000000000000000000 ) ) ;
#4778 = ORIENTED_EDGE ( 'NONE', *, *, #84, .F. ) ;
#4779 = EDGE_CURVE ( 'NONE', #9290, #7904, #1200, .T. ) ;
#4780 = ORIENTED_EDGE ( 'NONE', *, *, #5121, .F. ) ;
#4781 = LINE ( 'NONE', #8862, #23 ) ;
#4782 = EDGE_LOOP ( 'NONE', ( #3107, #7940, #7602, #8819 ) ) ;
#4783 = ORIENTED_EDGE ( 'NONE', *, *, #10270, .T. ) ;
#4784 = LINE ( 'NONE', #9744, #7801 ) ;
#4785 = LINE ( 'NONE', #3152, #9437 ) ;
#4786 = DIRECTION ( 'NONE',  ( -0.000000000000000000, 0.000000000000000000, 1.000000000000000000 ) ) ;
#4787 = EDGE_CURVE ( 'NONE', #4371, #9971, #1956, .T. ) ;
#4788 = LINE ( 'NONE', #498, #3073 ) ;
#4789 = CARTESIAN_POINT ( 'NONE',  ( -8.999999999999998224, 2.800000000000000266, 2.124999999999999112 ) ) ;
#4790 = ORIENTED_EDGE ( 'NONE', *, *, #10121, .F. ) ;
#4791 = DIRECTION ( 'NONE',  ( 0.000000000000000000, 1.000000000000000000, 0.000000000000000000 ) ) ;
#4792 = CARTESIAN_POINT ( 'NONE',  ( -10.20000000000000284, -3.375000000000000888, 4.025000000000000355 ) ) ;
#4793 = EDGE_CURVE ( 'NONE', #5393, #4837, #5577, .T. ) ;
#4794 = EDGE_CURVE ( 'NONE', #5656, #4273, #2114, .T. ) ;
#4795 = LINE ( 'NONE', #10728, #6757 ) ;
#4796 = ORIENTED_EDGE ( 'NONE', *, *, #9376, .F. ) ;
#4797 = VERTEX_POINT ( 'NONE', #6143 ) ;
#4798 = CARTESIAN_POINT ( 'NONE',  ( -6.099999999999990763, 3.500000000000000888, 3.599999999999999201 ) ) ;
#4799 = DIRECTION ( 'NONE',  ( 0.000000000000000000, 0.000000000000000000, -1.000000000000000000 ) ) ;
#4800 = PLANE ( 'NONE',  #2499 ) ;
#4801 = VECTOR ( 'NONE', #8547, 1000.000000000000000 ) ;
#4802 = LINE ( 'NONE', #673, #5029 ) ;
#4803 = EDGE_CURVE ( 'NONE', #3686, #6163, #7824, .T. ) ;
#4804 = DIRECTION ( 'NONE',  ( 0.000000000000000000, 1.000000000000000000, -0.000000000000000000 ) ) ;
#4805 = DIRECTION ( 'NONE',  ( -1.000000000000000000, 0.000000000000000000, 0.000000000000000000 ) ) ;
#4806 = ORIENTED_EDGE ( 'NONE', *, *, #3673, .T. ) ;
#4807 = VECTOR ( 'NONE', #1498, 1000.000000000000000 ) ;
#4808 = DIRECTION ( 'NONE',  ( -0.6804510993672774344, 0.7327934916262994758, 1.017581462350554634E-16 ) ) ;
#4809 = LINE ( 'NONE', #5633, #977 ) ;
#4810 = EDGE_CURVE ( 'NONE', #8370, #5981, #8595, .T. ) ;
#4811 = EDGE_LOOP ( 'NONE', ( #3916, #4230, #7419, #9295 ) ) ;
#4812 = LINE ( 'NONE', #7374, #5436 ) ;
#4813 = LINE ( 'NONE', #8890, #1442 ) ;
#4814 = ORIENTED_EDGE ( 'NONE', *, *, #1754, .T. ) ;
#4815 = EDGE_CURVE ( 'NONE', #5686, #9006, #2877, .T. ) ;
#4816 = DIRECTION ( 'NONE',  ( 1.000000000000000000, 0.000000000000000000, 0.000000000000000000 ) ) ;
#4817 = CARTESIAN_POINT ( 'NONE',  ( 1.600000000000002531, 8.399999999999998579, 2.124999999999999112 ) ) ;
#4818 = CARTESIAN_POINT ( 'NONE',  ( -9.000000000000000000, 2.800000000000000266, -4.024999999999999467 ) ) ;
#4819 = ORIENTED_EDGE ( 'NONE', *, *, #2534, .F. ) ;
#4820 = VECTOR ( 'NONE', #7484, 1000.000000000000000 ) ;
#4821 = VERTEX_POINT ( 'NONE', #6195 ) ;
#4822 = VECTOR ( 'NONE', #129, 1000.000000000000000 ) ;
#4823 = DIRECTION ( 'NONE',  ( 0.000000000000000000, -1.000000000000000000, 0.000000000000000000 ) ) ;
#4824 = ORIENTED_EDGE ( 'NONE', *, *, #5504, .F. ) ;
#4825 = FACE_OUTER_BOUND ( 'NONE', #334, .T. ) ;
#4826 = CARTESIAN_POINT ( 'NONE',  ( -5.599999999999996980, 2.800000000000000266, 3.825000000000001066 ) ) ;
#4827 = APPLICATION_PROTOCOL_DEFINITION ( 'draft international standard', 'automotive_design', 1998, #1332 ) ;
#4828 = ADVANCED_FACE ( 'NONE', ( #9522 ), #5385, .T. ) ;
#4829 = DIRECTION ( 'NONE',  ( -1.000000000000000000, 0.000000000000000000, -0.000000000000000000 ) ) ;
#4830 = AXIS2_PLACEMENT_3D ( 'NONE', #5677, #2247, #8996 ) ;
#4831 = DIRECTION ( 'NONE',  ( -1.000000000000000000, 0.000000000000000000, 0.000000000000000000 ) ) ;
#4832 = ORIENTED_EDGE ( 'NONE', *, *, #7850, .F. ) ;
#4833 = ORIENTED_EDGE ( 'NONE', *, *, #2531, .F. ) ;
#4834 = DIRECTION ( 'NONE',  ( 1.084202172485504040E-15, 0.000000000000000000, -1.000000000000000000 ) ) ;
#4835 = AXIS2_PLACEMENT_3D ( 'NONE', #7187, #608, #3041 ) ;
#4836 = ORIENTED_EDGE ( 'NONE', *, *, #555, .F. ) ;
#4837 = VERTEX_POINT ( 'NONE', #441 ) ;
#4838 = CARTESIAN_POINT ( 'NONE',  ( -7.480000000000000426, 1.385786437626903345, -2.375000000000001776 ) ) ;
#4839 = DIRECTION ( 'NONE',  ( 1.000000000000000000, 0.000000000000000000, -0.000000000000000000 ) ) ;
#4840 = VECTOR ( 'NONE', #6576, 1000.000000000000000 ) ;
#4841 = CARTESIAN_POINT ( 'NONE',  ( -1.999999999999997335, -1.250000000000001332, 2.425000000000000266 ) ) ;
#4842 = DIRECTION ( 'NONE',  ( -0.000000000000000000, -1.000000000000000000, -0.000000000000000000 ) ) ;
#4843 = DIRECTION ( 'NONE',  ( 0.000000000000000000, 0.7071067811865489050, 0.7071067811865462405 ) ) ;
#4844 = ORIENTED_EDGE ( 'NONE', *, *, #6391, .T. ) ;
#4845 = ADVANCED_FACE ( 'NONE', ( #7930 ), #490, .F. ) ;
#4846 = VECTOR ( 'NONE', #1018, 1000.000000000000000 ) ;
#4847 = AXIS2_PLACEMENT_3D ( 'NONE', #2015, #10290, #9525 ) ;
#4848 = CARTESIAN_POINT ( 'NONE',  ( -3.400000000000003020, 0.000000000000000000, 4.025000000000000355 ) ) ;
#4849 = FACE_OUTER_BOUND ( 'NONE', #10501, .T. ) ;
#4850 = AXIS2_PLACEMENT_3D ( 'NONE', #6799, #10178, #4406 ) ;
#4851 = DIRECTION ( 'NONE',  ( 0.000000000000000000, 1.000000000000000000, 0.000000000000000000 ) ) ;
#4852 = VERTEX_POINT ( 'NONE', #9684 ) ;
#4853 = EDGE_LOOP ( 'NONE', ( #3691, #10258, #10600, #3657 ) ) ;
#4854 = CARTESIAN_POINT ( 'NONE',  ( -10.20000000000000284, -0.8499999999999999778, -3.375000000000000000 ) ) ;
#4855 = DIRECTION ( 'NONE',  ( 1.000000000000000000, 0.000000000000000000, -0.000000000000000000 ) ) ;
#4856 = CARTESIAN_POINT ( 'NONE',  ( 9.200000000000001066, 4.800000000000000711, 13.20342712474620939 ) ) ;
#4857 = VECTOR ( 'NONE', #3321, 1000.000000000000000 ) ;
#4858 = CARTESIAN_POINT ( 'NONE',  ( -0.1999999999999970690, -1.250000000000001332, 2.425000000000000711 ) ) ;
#4859 = DIRECTION ( 'NONE',  ( 0.000000000000000000, 1.000000000000000000, 0.000000000000000000 ) ) ;
#4860 = PLANE ( 'NONE',  #10582 ) ;
#4861 = ORIENTED_EDGE ( 'NONE', *, *, #9275, .T. ) ;
#4862 = ADVANCED_FACE ( 'NONE', ( #653 ), #5601, .T. ) ;
#4863 = EDGE_CURVE ( 'NONE', #7179, #3205, #8152, .T. ) ;
#4864 = CARTESIAN_POINT ( 'NONE',  ( -2.750000000000000000, 10.49999999999999645, -3.025000000000001243 ) ) ;
#4865 = DIRECTION ( 'NONE',  ( -1.000000000000000000, 0.000000000000000000, -9.139744341289816024E-17 ) ) ;
#4866 = AXIS2_PLACEMENT_3D ( 'NONE', #4858, #729, #5776 ) ;
#4867 = ADVANCED_FACE ( 'NONE', ( #6618 ), #770, .T. ) ;
#4868 = ORIENTED_EDGE ( 'NONE', *, *, #6867, .F. ) ;
#4869 = CARTESIAN_POINT ( 'NONE',  ( 2.235000000000000764, 10.05000000000000071, -2.675000000000000266 ) ) ;
#4870 = CARTESIAN_POINT ( 'NONE',  ( 9.574999999999993960, 2.400000000000003464, 4.825000000000007283 ) ) ;
#4871 = ORIENTED_EDGE ( 'NONE', *, *, #8709, .F. ) ;
#4872 = LINE ( 'NONE', #2423, #2395 ) ;
#4873 = DIRECTION ( 'NONE',  ( 0.000000000000000000, 0.000000000000000000, -1.000000000000000000 ) ) ;
#4874 = CARTESIAN_POINT ( 'NONE',  ( -4.700000000000002842, 8.400000000000000355, -0.4750000000000010325 ) ) ;
#4875 = VERTEX_POINT ( 'NONE', #5757 ) ;
#4876 = EDGE_CURVE ( 'NONE', #2059, #5199, #7288, .T. ) ;
#4877 = EDGE_CURVE ( 'NONE', #2739, #8303, #8040, .T. ) ;
#4878 = ORIENTED_EDGE ( 'NONE', *, *, #5978, .F. ) ;
#4879 = CARTESIAN_POINT ( 'NONE',  ( 1.100000000000002087, 2.800000000000002043, 1.724999999999998979 ) ) ;
#4880 = PLANE ( 'NONE',  #9507 ) ;
#4881 = CARTESIAN_POINT ( 'NONE',  ( 1.600000000000002531, -1.250000000000001332, 2.425000000000000711 ) ) ;
#4882 =( LENGTH_UNIT ( ) NAMED_UNIT ( * ) SI_UNIT ( .MILLI., .METRE. ) );
#4883 = EDGE_LOOP ( 'NONE', ( #2607, #6127, #9299, #892 ) ) ;
#4884 = DIRECTION ( 'NONE',  ( -0.000000000000000000, -0.000000000000000000, -1.000000000000000000 ) ) ;
#4885 = AXIS2_PLACEMENT_3D ( 'NONE', #1350, #8581, #3625 ) ;
#4886 = AXIS2_PLACEMENT_3D ( 'NONE', #3138, #8032, #3084 ) ;
#4887 = DIRECTION ( 'NONE',  ( 0.000000000000000000, 0.000000000000000000, 1.000000000000000000 ) ) ;
#4888 = ORIENTED_EDGE ( 'NONE', *, *, #7734, .F. ) ;
#4889 = ORIENTED_EDGE ( 'NONE', *, *, #164, .T. ) ;
#4890 = CARTESIAN_POINT ( 'NONE',  ( -8.999999999999998224, 2.800000000000000266, -0.4750000000000005884 ) ) ;
#4891 = VECTOR ( 'NONE', #2432, 1000.000000000000227 ) ;
#4892 = ORIENTED_EDGE ( 'NONE', *, *, #9846, .T. ) ;
#4893 = DIRECTION ( 'NONE',  ( -0.000000000000000000, -1.000000000000000000, -0.000000000000000000 ) ) ;
#4894 = DIRECTION ( 'NONE',  ( 0.000000000000000000, -0.000000000000000000, 1.000000000000000000 ) ) ;
#4895 = CARTESIAN_POINT ( 'NONE',  ( -6.099999999999990763, 3.649999999999999911, 3.187878387081809262 ) ) ;
#4896 = CARTESIAN_POINT ( 'NONE',  ( -1.600000000000002531, 2.800000000000000266, -0.07500000000000128786 ) ) ;
#4897 = DIRECTION ( 'NONE',  ( 0.000000000000000000, 0.000000000000000000, -1.000000000000000000 ) ) ;
#4898 = ORIENTED_EDGE ( 'NONE', *, *, #4984, .T. ) ;
#4899 = CARTESIAN_POINT ( 'NONE',  ( 4.299999999999998046, 0.000000000000000000, -0.4750000000000014766 ) ) ;
#4900 = CIRCLE ( 'NONE', #2473, 0.7999999999999969358 ) ;
#4901 = CARTESIAN_POINT ( 'NONE',  ( 1.100000000000002087, 3.469446951953614189E-15, 2.124999999999999112 ) ) ;
#4902 = AXIS2_PLACEMENT_3D ( 'NONE', #751, #3308, #1787 ) ;
#4903 = EDGE_CURVE ( 'NONE', #769, #8543, #1469, .T. ) ;
#4904 = ORIENTED_EDGE ( 'NONE', *, *, #3862, .T. ) ;
#4905 = ORIENTED_EDGE ( 'NONE', *, *, #5124, .F. ) ;
#4906 = DIRECTION ( 'NONE',  ( 0.000000000000000000, -1.000000000000000000, 0.000000000000000000 ) ) ;
#4907 = DIRECTION ( 'NONE',  ( 1.000000000000000000, 0.000000000000000000, 0.000000000000000000 ) ) ;
#4908 = AXIS2_PLACEMENT_3D ( 'NONE', #9707, #790, #5570 ) ;
#4909 = LINE ( 'NONE', #7411, #9037 ) ;
#4910 = LINE ( 'NONE', #9917, #2028 ) ;
#4911 = FACE_OUTER_BOUND ( 'NONE', #6060, .T. ) ;
#4912 = ORIENTED_EDGE ( 'NONE', *, *, #865, .F. ) ;
#4913 = AXIS2_PLACEMENT_3D ( 'NONE', #8180, #9661, #5522 ) ;
#4914 = AXIS2_PLACEMENT_3D ( 'NONE', #9891, #6457, #2435 ) ;
#4915 = FACE_OUTER_BOUND ( 'NONE', #3129, .T. ) ;
#4916 = VECTOR ( 'NONE', #9767, 1000.000000000000000 ) ;
#4917 = DIRECTION ( 'NONE',  ( 9.139744341289816024E-17, 0.000000000000000000, -1.000000000000000000 ) ) ;
#4918 = VECTOR ( 'NONE', #8342, 1000.000000000000000 ) ;
#4919 = AXIS2_PLACEMENT_3D ( 'NONE', #3166, #8113, #4855 ) ;
#4920 = EDGE_LOOP ( 'NONE', ( #249, #4871, #7261, #1826 ) ) ;
#4921 = EDGE_CURVE ( 'NONE', #6000, #5820, #4946, .T. ) ;
#4922 = CARTESIAN_POINT ( 'NONE',  ( -4.700000000000002842, 0.000000000000000000, 0.000000000000000000 ) ) ;
#4923 = CARTESIAN_POINT ( 'NONE',  ( 9.000000000000000000, 2.800000000000000266, -4.025000000000001243 ) ) ;
#4924 = AXIS2_PLACEMENT_3D ( 'NONE', #2186, #6325, #2137 ) ;
#4925 = VERTEX_POINT ( 'NONE', #9741 ) ;
#4926 = DIRECTION ( 'NONE',  ( -1.000000000000000000, 0.000000000000000000, 0.000000000000000000 ) ) ;
#4927 = LINE ( 'NONE', #2578, #1284 ) ;
#4928 = CARTESIAN_POINT ( 'NONE',  ( 0.000000000000000000, 0.000000000000000000, -0.07500000000000128786 ) ) ;
#4929 = AXIS2_PLACEMENT_3D ( 'NONE', #3443, #8442, #1000 ) ;
#4930 = ORIENTED_EDGE ( 'NONE', *, *, #84, .T. ) ;
#4931 = VECTOR ( 'NONE', #1221, 1000.000000000000000 ) ;
#4932 = ORIENTED_EDGE ( 'NONE', *, *, #4751, .F. ) ;
#4933 = ADVANCED_FACE ( 'NONE', ( #814 ), #4123, .F. ) ;
#4934 = EDGE_CURVE ( 'NONE', #8697, #170, #1521, .T. ) ;
#4935 = DIRECTION ( 'NONE',  ( 1.000000000000000000, -0.000000000000000000, 0.000000000000000000 ) ) ;
#4936 = EDGE_CURVE ( 'NONE', #2371, #9970, #4781, .T. ) ;
#4937 = CARTESIAN_POINT ( 'NONE',  ( -2.750000000000000000, 10.05000000000000071, -3.675000000000001155 ) ) ;
#4938 = DIRECTION ( 'NONE',  ( 0.000000000000000000, -1.000000000000000000, -0.000000000000000000 ) ) ;
#4939 = CARTESIAN_POINT ( 'NONE',  ( 0.000000000000000000, 0.000000000000000000, 0.000000000000000000 ) ) ;
#4940 = ADVANCED_FACE ( 'NONE', ( #7341 ), #1413, .F. ) ;
#4941 = VERTEX_POINT ( 'NONE', #708 ) ;
#4942 = CARTESIAN_POINT ( 'NONE',  ( 8.950000000000002842, 5.932552260868268550E-19, -4.225000000000003197 ) ) ;
#4943 = ORIENTED_EDGE ( 'NONE', *, *, #6719, .T. ) ;
#4944 = ADVANCED_FACE ( 'NONE', ( #3091 ), #6414, .T. ) ;
#4945 = VERTEX_POINT ( 'NONE', #2337 ) ;
#4946 = LINE ( 'NONE', #5707, #1585 ) ;
#4947 = EDGE_LOOP ( 'NONE', ( #4511, #10345, #259, #2068 ) ) ;
#4948 = DIRECTION ( 'NONE',  ( 1.084202172485504040E-15, 0.000000000000000000, 1.000000000000000000 ) ) ;
#4949 = DIRECTION ( 'NONE',  ( -1.000000000000000000, 0.000000000000000000, 0.000000000000000000 ) ) ;
#4950 = PLANE ( 'NONE',  #8305 ) ;
#4951 = LINE ( 'NONE', #4235, #9414 ) ;
#4952 = EDGE_CURVE ( 'NONE', #8646, #4941, #3203, .T. ) ;
#4953 = LINE ( 'NONE', #926, #9893 ) ;
#4954 = ORIENTED_EDGE ( 'NONE', *, *, #8579, .F. ) ;
#4955 = CARTESIAN_POINT ( 'NONE',  ( -9.574999999999993960, 2.400000000000001243, 4.825000000000009948 ) ) ;
#4956 = CARTESIAN_POINT ( 'NONE',  ( 0.000000000000000000, -3.350000000000000977, 4.025000000000000355 ) ) ;
#4957 = ORIENTED_EDGE ( 'NONE', *, *, #6054, .F. ) ;
#4958 = VERTEX_POINT ( 'NONE', #3147 ) ;
#4959 = DIRECTION ( 'NONE',  ( -1.000000000000000000, 9.391921407275225514E-33, 1.938238520644477159E-16 ) ) ;
#4960 = FACE_OUTER_BOUND ( 'NONE', #70, .T. ) ;
#4961 = LINE ( 'NONE', #6538, #8327 ) ;
#4962 = CARTESIAN_POINT ( 'NONE',  ( -2.750000000000000000, 12.40000000000000036, -3.675000000000001155 ) ) ;
#4963 = CARTESIAN_POINT ( 'NONE',  ( -6.500000000000002665, -3.750000000000001332, 2.924999999999999822 ) ) ;
#4964 = EDGE_LOOP ( 'NONE', ( #935, #4166, #4711, #9145 ) ) ;
#4965 = DIRECTION ( 'NONE',  ( -0.000000000000000000, -1.000000000000000000, -0.000000000000000000 ) ) ;
#4966 = LINE ( 'NONE', #1550, #3236 ) ;
#4967 = CARTESIAN_POINT ( 'NONE',  ( -5.749999999999992895, -2.299999999999999822, 0.000000000000000000 ) ) ;
#4968 = ORIENTED_EDGE ( 'NONE', *, *, #6631, .F. ) ;
#4969 = CARTESIAN_POINT ( 'NONE',  ( 2.875000000000000000, 0.000000000000000000, -5.025000000000004796 ) ) ;
#4970 = DIRECTION ( 'NONE',  ( 1.000000000000000000, -0.000000000000000000, 0.000000000000000000 ) ) ;
#4971 = CARTESIAN_POINT ( 'NONE',  ( 0.000000000000000000, -1.250000000000001332, 4.025000000000000355 ) ) ;
#4972 = DIRECTION ( 'NONE',  ( -1.000000000000000000, 0.000000000000000000, 0.000000000000000000 ) ) ;
#4973 = VERTEX_POINT ( 'NONE', #3962 ) ;
#4974 = CARTESIAN_POINT ( 'NONE',  ( 3.075000000000000622, 11.71428571428571352, -4.225000000000004974 ) ) ;
#4975 = ORIENTED_EDGE ( 'NONE', *, *, #10227, .F. ) ;
#4976 = VECTOR ( 'NONE', #1214, 1000.000000000000000 ) ;
#4977 = EDGE_CURVE ( 'NONE', #10071, #4512, #8971, .T. ) ;
#4978 = EDGE_LOOP ( 'NONE', ( #4103, #2115, #8814, #1294 ) ) ;
#4979 = CARTESIAN_POINT ( 'NONE',  ( 6.500000000000002665, 0.000000000000000000, 4.025000000000000355 ) ) ;
#4980 = DIRECTION ( 'NONE',  ( 0.000000000000000000, 0.8660254037844364872, 0.5000000000000036637 ) ) ;
#4981 = DIRECTION ( 'NONE',  ( -1.000000000000000000, 0.000000000000000000, 0.000000000000000000 ) ) ;
#4982 = CIRCLE ( 'NONE', #10550, 0.2000000000000031197 ) ;
#4983 = ORIENTED_EDGE ( 'NONE', *, *, #8236, .F. ) ;
#4984 = EDGE_CURVE ( 'NONE', #9049, #5386, #9030, .T. ) ;
#4985 = EDGE_CURVE ( 'NONE', #6500, #4945, #10058, .T. ) ;
#4986 = CARTESIAN_POINT ( 'NONE',  ( -8.950000000000002842, -3.375000000000000888, 5.025000000000000355 ) ) ;
#4987 = AXIS2_PLACEMENT_3D ( 'NONE', #7711, #727, #7364 ) ;
#4988 = VERTEX_POINT ( 'NONE', #43 ) ;
#4989 = EDGE_CURVE ( 'NONE', #6179, #9484, #6732, .T. ) ;
#4990 = ORIENTED_EDGE ( 'NONE', *, *, #6391, .F. ) ;
#4991 = FACE_OUTER_BOUND ( 'NONE', #976, .T. ) ;
#4992 = VERTEX_POINT ( 'NONE', #6622 ) ;
#4993 = DIRECTION ( 'NONE',  ( -1.000000000000000000, -1.156482317317871725E-15, 0.000000000000000000 ) ) ;
#4994 = DIRECTION ( 'NONE',  ( 0.000000000000000000, 1.000000000000000000, 0.000000000000000000 ) ) ;
#4995 = FACE_OUTER_BOUND ( 'NONE', #4718, .T. ) ;
#4996 = LINE ( 'NONE', #9960, #1427 ) ;
#4997 = DIRECTION ( 'NONE',  ( -1.000000000000000000, 3.469446951953612611E-15, 0.000000000000000000 ) ) ;
#4998 = AXIS2_PLACEMENT_3D ( 'NONE', #10700, #10487, #2317 ) ;
#4999 = VERTEX_POINT ( 'NONE', #8304 ) ;
#5000 = ADVANCED_FACE ( 'NONE', ( #10108 ), #2547, .F. ) ;
#5001 = CARTESIAN_POINT ( 'NONE',  ( 9.574999999999993960, 1.000000000000003331, 4.025000000000000355 ) ) ;
#5002 = ORIENTED_EDGE ( 'NONE', *, *, #3145, .F. ) ;
#5003 = EDGE_CURVE ( 'NONE', #6677, #7774, #8885, .T. ) ;
#5004 = EDGE_CURVE ( 'NONE', #1796, #2734, #6017, .T. ) ;
#5005 = DIRECTION ( 'NONE',  ( 0.000000000000000000, 0.000000000000000000, 1.000000000000000000 ) ) ;
#5006 = ORIENTED_EDGE ( 'NONE', *, *, #3, .T. ) ;
#5007 = ORIENTED_EDGE ( 'NONE', *, *, #10154, .T. ) ;
#5008 = DIRECTION ( 'NONE',  ( 0.000000000000000000, 0.000000000000000000, -1.000000000000000000 ) ) ;
#5009 = DIRECTION ( 'NONE',  ( 1.000000000000000000, 0.000000000000000000, 0.000000000000000000 ) ) ;
#5010 = DIRECTION ( 'NONE',  ( 0.000000000000000000, -4.845596301611191665E-17, -1.000000000000000000 ) ) ;
#5011 = DIRECTION ( 'NONE',  ( -1.495451272393799542E-16, -0.000000000000000000, -1.000000000000000000 ) ) ;
#5012 = LINE ( 'NONE', #8330, #2923 ) ;
#5013 = AXIS2_PLACEMENT_3D ( 'NONE', #8158, #3208, #9034 ) ;
#5014 = ORIENTED_EDGE ( 'NONE', *, *, #625, .F. ) ;
#5015 = LINE ( 'NONE', #8433, #2645 ) ;
#5016 = AXIS2_PLACEMENT_3D ( 'NONE', #2408, #6701, #5778 ) ;
#5017 = CARTESIAN_POINT ( 'NONE',  ( 0.000000000000000000, 0.000000000000000000, -0.07500000000000128786 ) ) ;
#5018 = PLANE ( 'NONE',  #857 ) ;
#5019 = VECTOR ( 'NONE', #2861, 1000.000000000000000 ) ;
#5020 = VECTOR ( 'NONE', #8974, 1000.000000000000114 ) ;
#5021 = VERTEX_POINT ( 'NONE', #206 ) ;
#5022 = DIRECTION ( 'NONE',  ( -1.000000000000000000, 0.000000000000000000, 0.000000000000000000 ) ) ;
#5023 = CARTESIAN_POINT ( 'NONE',  ( 2.900000000000001688, -4.999999999999999112, 2.924999999999999822 ) ) ;
#5024 = CARTESIAN_POINT ( 'NONE',  ( -8.249999999999996447, 7.299999999999997158, 7.835182920028514353 ) ) ;
#5025 = CARTESIAN_POINT ( 'NONE',  ( -6.999999999999997335, 5.150000000000000355, -8.150000000000002132 ) ) ;
#5026 = ORIENTED_EDGE ( 'NONE', *, *, #6604, .T. ) ;
#5027 = CARTESIAN_POINT ( 'NONE',  ( -6.099999999999992539, 2.949999999999998845, -5.350000000000002309 ) ) ;
#5028 = VERTEX_POINT ( 'NONE', #5812 ) ;
#5029 = VECTOR ( 'NONE', #9046, 1000.000000000000000 ) ;
#5030 = VERTEX_POINT ( 'NONE', #9132 ) ;
#5031 = CARTESIAN_POINT ( 'NONE',  ( 1.935000000000000941, 2.800000000000000266, -4.025000000000000355 ) ) ;
#5032 = ORIENTED_EDGE ( 'NONE', *, *, #2727, .T. ) ;
#5033 = ADVANCED_FACE ( 'NONE', ( #5150 ), #8358, .F. ) ;
#5034 = FACE_OUTER_BOUND ( 'NONE', #5558, .T. ) ;
#5035 = DIRECTION ( 'NONE',  ( 0.000000000000000000, -1.000000000000000000, -0.000000000000000000 ) ) ;
#5036 = ORIENTED_EDGE ( 'NONE', *, *, #3392, .T. ) ;
#5037 = DIRECTION ( 'NONE',  ( -0.000000000000000000, -0.000000000000000000, 1.000000000000000000 ) ) ;
#5038 = ORIENTED_EDGE ( 'NONE', *, *, #10320, .F. ) ;
#5039 = ORIENTED_EDGE ( 'NONE', *, *, #9193, .T. ) ;
#5040 = CARTESIAN_POINT ( 'NONE',  ( -6.749999999999997335, 5.150000000000000355, -7.850000000000003197 ) ) ;
#5041 = ADVANCED_FACE ( 'NONE', ( #4991 ), #8413, .T. ) ;
#5042 = VERTEX_POINT ( 'NONE', #4175 ) ;
#5043 = FACE_OUTER_BOUND ( 'NONE', #8110, .T. ) ;
#5044 = EDGE_CURVE ( 'NONE', #9348, #8609, #1021, .T. ) ;
#5045 = CARTESIAN_POINT ( 'NONE',  ( -8.999999999999998224, 12.28038475772934035, 3.825000000000001066 ) ) ;
#5046 = CARTESIAN_POINT ( 'NONE',  ( 7.307368295743378539, 12.62276624786627721, -2.572674045496125217 ) ) ;
#5047 = VECTOR ( 'NONE', #8805, 1000.000000000000000 ) ;
#5048 = CARTESIAN_POINT ( 'NONE',  ( 4.299999999999998046, -3.750000000000001332, 2.924999999999999822 ) ) ;
#5049 = DIRECTION ( 'NONE',  ( 0.000000000000000000, -0.7071067811865492381, -0.7071067811865457964 ) ) ;
#5050 = PLANE ( 'NONE',  #2930 ) ;
#5051 = VERTEX_POINT ( 'NONE', #7492 ) ;
#5052 = EDGE_CURVE ( 'NONE', #769, #4945, #7825, .T. ) ;
#5053 = LINE ( 'NONE', #2608, #585 ) ;
#5054 = CIRCLE ( 'NONE', #10280, 0.5000000000000026645 ) ;
#5055 = VERTEX_POINT ( 'NONE', #7601 ) ;
#5056 = PLANE ( 'NONE',  #4850 ) ;
#5057 = EDGE_CURVE ( 'NONE', #8383, #2523, #3142, .T. ) ;
#5058 = ORIENTED_EDGE ( 'NONE', *, *, #5052, .T. ) ;
#5059 = ORIENTED_EDGE ( 'NONE', *, *, #2668, .F. ) ;
#5060 = EDGE_CURVE ( 'NONE', #8782, #9390, #5861, .T. ) ;
#5061 = CARTESIAN_POINT ( 'NONE',  ( 8.929436897598101552, 6.278022880801768402, -3.025000000000001243 ) ) ;
#5062 = DIRECTION ( 'NONE',  ( -0.000000000000000000, 1.000000000000000000, -0.000000000000000000 ) ) ;
#5063 = ADVANCED_FACE ( 'NONE', ( #9341 ), #6844, .F. ) ;
#5064 = FACE_BOUND ( 'NONE', #4213, .T. ) ;
#5065 = DIRECTION ( 'NONE',  ( -0.000000000000000000, -0.000000000000000000, 1.000000000000000000 ) ) ;
#5066 = DIRECTION ( 'NONE',  ( 0.000000000000000000, 0.000000000000000000, 1.000000000000000000 ) ) ;
#5067 = ORIENTED_EDGE ( 'NONE', *, *, #1939, .T. ) ;
#5068 = EDGE_CURVE ( 'NONE', #307, #226, #5206, .T. ) ;
#5069 = CARTESIAN_POINT ( 'NONE',  ( -5.200000000000002842, -3.750000000000001332, 0.2249999999999995060 ) ) ;
#5070 = DIRECTION ( 'NONE',  ( 0.000000000000000000, 1.000000000000000000, 0.000000000000000000 ) ) ;
#5071 = LINE ( 'NONE', #4201, #1333 ) ;
#5072 = VECTOR ( 'NONE', #5950, 1000.000000000000000 ) ;
#5073 = ORIENTED_EDGE ( 'NONE', *, *, #10326, .F. ) ;
#5074 = EDGE_CURVE ( 'NONE', #4670, #481, #152, .T. ) ;
#5075 = CARTESIAN_POINT ( 'NONE',  ( 10.20000000000000284, 0.000000000000000000, -5.025000000000000355 ) ) ;
#5076 = FACE_OUTER_BOUND ( 'NONE', #1410, .T. ) ;
#5077 = VECTOR ( 'NONE', #4965, 1000.000000000000000 ) ;
#5078 = CARTESIAN_POINT ( 'NONE',  ( 0.6999999999999975131, 0.000000000000000000, -0.07500000000000128786 ) ) ;
#5079 = LINE ( 'NONE', #1761, #4572 ) ;
#5080 = AXIS2_PLACEMENT_3D ( 'NONE', #5125, #5893, #1860 ) ;
#5081 = ORIENTED_EDGE ( 'NONE', *, *, #5278, .T. ) ;
#5082 = DIRECTION ( 'NONE',  ( 1.000000000000000000, -9.391921407275225514E-33, -1.938238520644477159E-16 ) ) ;
#5083 = EDGE_CURVE ( 'NONE', #4439, #2478, #720, .T. ) ;
#5084 = ORIENTED_EDGE ( 'NONE', *, *, #9067, .T. ) ;
#5085 = LINE ( 'NONE', #3881, #7681 ) ;
#5086 = AXIS2_PLACEMENT_3D ( 'NONE', #4374, #6993, #4486 ) ;
#5087 = VECTOR ( 'NONE', #10463, 1000.000000000000000 ) ;
#5088 = AXIS2_PLACEMENT_3D ( 'NONE', #9147, #2455, #5725 ) ;
#5089 = ORIENTED_EDGE ( 'NONE', *, *, #6531, .T. ) ;
#5090 = CARTESIAN_POINT ( 'NONE',  ( -5.949999999999992184, 3.250000000000000000, 3.599999999999999201 ) ) ;
#5091 = ORIENTED_EDGE ( 'NONE', *, *, #7381, .T. ) ;
#5092 = CARTESIAN_POINT ( 'NONE',  ( 3.275000000000000799, 0.000000000000000000, -4.025000000000003908 ) ) ;
#5093 = EDGE_LOOP ( 'NONE', ( #6083, #3473, #10201, #9621 ) ) ;
#5094 = VECTOR ( 'NONE', #1273, 1000.000000000000000 ) ;
#5095 = VECTOR ( 'NONE', #486, 1000.000000000000000 ) ;
#5096 = FACE_OUTER_BOUND ( 'NONE', #9384, .T. ) ;
#5097 = VERTEX_POINT ( 'NONE', #7709 ) ;
#5098 = ORIENTED_EDGE ( 'NONE', *, *, #10257, .T. ) ;
#5099 = CARTESIAN_POINT ( 'NONE',  ( -7.000000000000002665, -3.350000000000000977, 0.2249999999999995060 ) ) ;
#5100 = ORIENTED_EDGE ( 'NONE', *, *, #7972, .T. ) ;
#5101 = LINE ( 'NONE', #6019, #1967 ) ;
#5102 = FACE_OUTER_BOUND ( 'NONE', #4174, .T. ) ;
#5103 = CARTESIAN_POINT ( 'NONE',  ( -3.274999999999999467, 12.80000000000000071, -4.025000000000003908 ) ) ;
#5104 = CARTESIAN_POINT ( 'NONE',  ( -6.849999999999995204, 5.600000000000000533, 3.600000000000000977 ) ) ;
#5105 = VERTEX_POINT ( 'NONE', #10332 ) ;
#5106 = EDGE_CURVE ( 'NONE', #5440, #8697, #2103, .T. ) ;
#5107 = FACE_BOUND ( 'NONE', #6174, .T. ) ;
#5108 = ORIENTED_EDGE ( 'NONE', *, *, #4541, .F. ) ;
#5109 = CARTESIAN_POINT ( 'NONE',  ( 4.299999999999998046, 2.800000000000000266, 3.825000000000001066 ) ) ;
#5110 = ORIENTED_EDGE ( 'NONE', *, *, #5068, .F. ) ;
#5111 = ORIENTED_EDGE ( 'NONE', *, *, #2386, .F. ) ;
#5112 = CARTESIAN_POINT ( 'NONE',  ( 3.275000000000000799, 0.000000000000000000, -4.225000000000004974 ) ) ;
#5113 = CARTESIAN_POINT ( 'NONE',  ( 9.200000000000001066, 4.800000000000000711, 5.025000000000001243 ) ) ;
#5114 = DIRECTION ( 'NONE',  ( -1.000000000000000000, 0.000000000000000000, -0.000000000000000000 ) ) ;
#5115 = LINE ( 'NONE', #9047, #119 ) ;
#5116 = CARTESIAN_POINT ( 'NONE',  ( -6.099999999999997868, 2.800000000000002043, 2.125000000000000000 ) ) ;
#5117 = ORIENTED_EDGE ( 'NONE', *, *, #6857, .T. ) ;
#5118 = CARTESIAN_POINT ( 'NONE',  ( 6.099999999999997868, 0.000000000000000000, -0.4750000000000014766 ) ) ;
#5119 = ADVANCED_FACE ( 'NONE', ( #431 ), #3732, .T. ) ;
#5120 = LINE ( 'NONE', #8434, #5560 ) ;
#5121 = EDGE_CURVE ( 'NONE', #1660, #10180, #2450, .T. ) ;
#5122 = DIRECTION ( 'NONE',  ( 0.000000000000000000, -1.000000000000000000, 0.000000000000000000 ) ) ;
#5123 = ORIENTED_EDGE ( 'NONE', *, *, #6647, .T. ) ;
#5124 = EDGE_CURVE ( 'NONE', #583, #10644, #3679, .T. ) ;
#5125 = CARTESIAN_POINT ( 'NONE',  ( 8.950000000000002842, -3.999999999999999112, -3.375000000000000444 ) ) ;
#5126 = FACE_OUTER_BOUND ( 'NONE', #8909, .T. ) ;
#5127 = DIRECTION ( 'NONE',  ( -1.000000000000000000, 0.000000000000000000, -0.000000000000000000 ) ) ;
#5128 = DIRECTION ( 'NONE',  ( 0.000000000000000000, 1.000000000000000000, 0.000000000000000000 ) ) ;
#5129 = ORIENTED_EDGE ( 'NONE', *, *, #1156, .T. ) ;
#5130 = CARTESIAN_POINT ( 'NONE',  ( 4.700000000000002842, 0.000000000000000000, 0.000000000000000000 ) ) ;
#5131 = ORIENTED_EDGE ( 'NONE', *, *, #4405, .T. ) ;
#5132 = CARTESIAN_POINT ( 'NONE',  ( 5.474999999999998757, 2.600000000000001421, -4.825000000000000178 ) ) ;
#5133 = CARTESIAN_POINT ( 'NONE',  ( -5.200000000000002842, 0.000000000000000000, -0.07500000000000084377 ) ) ;
#5134 = EDGE_CURVE ( 'NONE', #7055, #8002, #5483, .T. ) ;
#5135 = ORIENTED_EDGE ( 'NONE', *, *, #5996, .T. ) ;
#5136 = EDGE_CURVE ( 'NONE', #9612, #8549, #5426, .T. ) ;
#5137 = DIRECTION ( 'NONE',  ( 0.000000000000000000, 1.000000000000000000, 0.000000000000000000 ) ) ;
#5138 = EDGE_CURVE ( 'NONE', #2704, #4721, #7918, .T. ) ;
#5139 = DIRECTION ( 'NONE',  ( 0.000000000000000000, -0.000000000000000000, 1.000000000000000000 ) ) ;
#5140 = VERTEX_POINT ( 'NONE', #7057 ) ;
#5141 = DIRECTION ( 'NONE',  ( -1.000000000000000000, 0.000000000000000000, 0.000000000000000000 ) ) ;
#5142 = VECTOR ( 'NONE', #6921, 1000.000000000000000 ) ;
#5143 = EDGE_LOOP ( 'NONE', ( #7594, #5855, #6024, #10341 ) ) ;
#5144 = VECTOR ( 'NONE', #2362, 1000.000000000000000 ) ;
#5145 = VECTOR ( 'NONE', #4884, 1000.000000000000000 ) ;
#5146 = LINE ( 'NONE', #9286, #8317 ) ;
#5147 = VERTEX_POINT ( 'NONE', #1243 ) ;
#5148 = CIRCLE ( 'NONE', #9504, 0.2000000000000005107 ) ;
#5149 = ORIENTED_EDGE ( 'NONE', *, *, #3612, .F. ) ;
#5150 = FACE_OUTER_BOUND ( 'NONE', #2788, .T. ) ;
#5151 = ORIENTED_EDGE ( 'NONE', *, *, #9843, .F. ) ;
#5152 = CARTESIAN_POINT ( 'NONE',  ( 5.474999999999998757, 12.80000000000000071, -4.825000000000000178 ) ) ;
#5153 = LINE ( 'NONE', #10222, #9545 ) ;
#5154 = LINE ( 'NONE', #1892, #7790 ) ;
#5155 = DIRECTION ( 'NONE',  ( 0.000000000000000000, 0.000000000000000000, -1.000000000000000000 ) ) ;
#5156 = ORIENTED_EDGE ( 'NONE', *, *, #7925, .F. ) ;
#5157 = VERTEX_POINT ( 'NONE', #8792 ) ;
#5158 = VECTOR ( 'NONE', #10062, 1000.000000000000227 ) ;
#5159 = DIRECTION ( 'NONE',  ( 0.000000000000000000, 0.000000000000000000, 1.000000000000000000 ) ) ;
#5160 = ORIENTED_EDGE ( 'NONE', *, *, #7868, .T. ) ;
#5161 = DIRECTION ( 'NONE',  ( 0.000000000000000000, 0.000000000000000000, -1.000000000000000000 ) ) ;
#5162 = ORIENTED_EDGE ( 'NONE', *, *, #3768, .T. ) ;
#5163 = ORIENTED_EDGE ( 'NONE', *, *, #9331, .F. ) ;
#5164 = CARTESIAN_POINT ( 'NONE',  ( -3.400000000000003020, 8.400000000000000355, -0.4750000000000010325 ) ) ;
#5165 = VECTOR ( 'NONE', #1979, 1000.000000000000000 ) ;
#5166 = LINE ( 'NONE', #8484, #568 ) ;
#5167 = EDGE_CURVE ( 'NONE', #2748, #7425, #5054, .T. ) ;
#5168 = FACE_BOUND ( 'NONE', #4964, .T. ) ;
#5169 = FACE_OUTER_BOUND ( 'NONE', #2201, .T. ) ;
#5170 = DIRECTION ( 'NONE',  ( -1.000000000000000000, -1.247005693593552917E-16, 1.275531967630005245E-16 ) ) ;
#5171 = ORIENTED_EDGE ( 'NONE', *, *, #3006, .F. ) ;
#5172 = DIRECTION ( 'NONE',  ( 0.000000000000000000, 0.000000000000000000, 1.000000000000000000 ) ) ;
#5173 = CARTESIAN_POINT ( 'NONE',  ( 0.1999999999999970690, -3.750000000000001332, 2.924999999999999822 ) ) ;
#5174 = CARTESIAN_POINT ( 'NONE',  ( -8.999999999999998224, 2.800000000000000266, 1.724999999999999201 ) ) ;
#5175 = ORIENTED_EDGE ( 'NONE', *, *, #1950, .F. ) ;
#5176 = CARTESIAN_POINT ( 'NONE',  ( 7.680000000000001492, 12.80000000000000071, -3.116619848709575091 ) ) ;
#5177 = DIRECTION ( 'NONE',  ( 1.084202172485504040E-15, 0.000000000000000000, -1.000000000000000000 ) ) ;
#5178 = MECHANICAL_DESIGN_GEOMETRIC_PRESENTATION_REPRESENTATION (  '', ( #3788 ), #6926 ) ;
#5179 = EDGE_CURVE ( 'NONE', #10367, #7179, #1134, .T. ) ;
#5180 = DIRECTION ( 'NONE',  ( 0.000000000000000000, 0.000000000000000000, 1.000000000000000000 ) ) ;
#5181 = ADVANCED_FACE ( 'NONE', ( #2000 ), #9566, .F. ) ;
#5182 = DIRECTION ( 'NONE',  ( -1.000000000000000000, -4.448008912761034932E-16, 0.000000000000000000 ) ) ;
#5183 = ORIENTED_EDGE ( 'NONE', *, *, #9376, .T. ) ;
#5184 = AXIS2_PLACEMENT_3D ( 'NONE', #7368, #7567, #10081 ) ;
#5185 = ORIENTED_EDGE ( 'NONE', *, *, #5403, .T. ) ;
#5186 = ORIENTED_EDGE ( 'NONE', *, *, #832, .T. ) ;
#5187 = CARTESIAN_POINT ( 'NONE',  ( 8.180000000000001492, 12.28038475772934035, -3.825000000000000622 ) ) ;
#5188 = EDGE_CURVE ( 'NONE', #5443, #4512, #4607, .T. ) ;
#5189 = AXIS2_PLACEMENT_3D ( 'NONE', #10162, #40, #8410 ) ;
#5190 = VECTOR ( 'NONE', #1679, 1000.000000000000000 ) ;
#5191 = ORIENTED_EDGE ( 'NONE', *, *, #3854, .F. ) ;
#5192 = AXIS2_PLACEMENT_3D ( 'NONE', #878, #3373, #5005 ) ;
#5193 = DIRECTION ( 'NONE',  ( 1.000000000000000000, -0.000000000000000000, 0.000000000000000000 ) ) ;
#5194 = DIRECTION ( 'NONE',  ( 0.000000000000000000, 0.000000000000000000, 1.000000000000000000 ) ) ;
#5195 = VERTEX_POINT ( 'NONE', #9397 ) ;
#5196 = LINE ( 'NONE', #4327, #5694 ) ;
#5197 = EDGE_CURVE ( 'NONE', #6285, #5042, #7872, .T. ) ;
#5198 = VECTOR ( 'NONE', #3954, 1000.000000000000000 ) ;
#5199 = VERTEX_POINT ( 'NONE', #1941 ) ;
#5200 = EDGE_CURVE ( 'NONE', #155, #9175, #6291, .T. ) ;
#5201 = VECTOR ( 'NONE', #2677, 1000.000000000000000 ) ;
#5202 = EDGE_CURVE ( 'NONE', #10447, #10507, #2809, .T. ) ;
#5203 = LINE ( 'NONE', #6727, #3111 ) ;
#5204 = VERTEX_POINT ( 'NONE', #4653 ) ;
#5205 = ORIENTED_EDGE ( 'NONE', *, *, #2786, .F. ) ;
#5206 = LINE ( 'NONE', #916, #4011 ) ;
#5207 = ORIENTED_EDGE ( 'NONE', *, *, #9076, .T. ) ;
#5208 = DIRECTION ( 'NONE',  ( 0.000000000000000000, 1.000000000000000000, 0.000000000000000000 ) ) ;
#5209 = DIRECTION ( 'NONE',  ( 0.000000000000000000, -1.000000000000000000, 0.000000000000000000 ) ) ;
#5210 = CARTESIAN_POINT ( 'NONE',  ( -3.575000000000000178, 11.25000000000000178, -4.025000000000003908 ) ) ;
#5211 = CARTESIAN_POINT ( 'NONE',  ( 6.500000000000002665, -0.8500000000000011990, 2.424999999999998934 ) ) ;
#5212 = ORIENTED_EDGE ( 'NONE', *, *, #945, .F. ) ;
#5213 = VERTEX_POINT ( 'NONE', #6896 ) ;
#5214 = EDGE_CURVE ( 'NONE', #7018, #7750, #733, .T. ) ;
#5215 = DIRECTION ( 'NONE',  ( -0.000000000000000000, 0.000000000000000000, 1.000000000000000000 ) ) ;
#5216 = ORIENTED_EDGE ( 'NONE', *, *, #2482, .F. ) ;
#5217 = CARTESIAN_POINT ( 'NONE',  ( 1.600000000000002531, -0.8500000000000011990, 2.924999999999999822 ) ) ;
#5218 = ORIENTED_EDGE ( 'NONE', *, *, #6300, .F. ) ;
#5219 = VERTEX_POINT ( 'NONE', #7760 ) ;
#5220 = LINE ( 'NONE', #936, #8565 ) ;
#5221 = LINE ( 'NONE', #115, #6635 ) ;
#5222 = PLANE ( 'NONE',  #4331 ) ;
#5223 = DIRECTION ( 'NONE',  ( -0.000000000000000000, -1.000000000000000000, -0.000000000000000000 ) ) ;
#5224 = FACE_OUTER_BOUND ( 'NONE', #4414, .T. ) ;
#5225 = ORIENTED_EDGE ( 'NONE', *, *, #2131, .T. ) ;
#5226 = FACE_OUTER_BOUND ( 'NONE', #1602, .T. ) ;
#5227 = AXIS2_PLACEMENT_3D ( 'NONE', #2064, #10287, #4455 ) ;
#5228 = DIRECTION ( 'NONE',  ( 0.000000000000000000, -1.000000000000000000, 0.000000000000000000 ) ) ;
#5229 = LINE ( 'NONE', #9423, #4801 ) ;
#5230 = CARTESIAN_POINT ( 'NONE',  ( 8.950000000000002842, -0.8500000000000009770, 2.924999999999999822 ) ) ;
#5231 = EDGE_CURVE ( 'NONE', #5679, #4821, #319, .T. ) ;
#5232 = VERTEX_POINT ( 'NONE', #1188 ) ;
#5233 = CARTESIAN_POINT ( 'NONE',  ( 4.700000000000002842, -1.250000000000001332, 2.424999999999998934 ) ) ;
#5234 = CARTESIAN_POINT ( 'NONE',  ( -5.599999999999992539, 2.949999999999998845, -5.650000000000002132 ) ) ;
#5235 = PLANE ( 'NONE',  #6066 ) ;
#5236 = CARTESIAN_POINT ( 'NONE',  ( -5.949999999999992184, -2.299999999999999822, 0.000000000000000000 ) ) ;
#5237 = DIRECTION ( 'NONE',  ( -1.000000000000000000, 0.000000000000000000, -0.000000000000000000 ) ) ;
#5238 = VERTEX_POINT ( 'NONE', #4496 ) ;
#5239 = EDGE_LOOP ( 'NONE', ( #8482, #9235, #6290, #4796 ) ) ;
#5240 = CARTESIAN_POINT ( 'NONE',  ( 5.474999999999998757, 12.80000000000000071, -4.225000000000004974 ) ) ;
#5241 = B_SPLINE_CURVE_WITH_KNOTS ( 'NONE', 3,
 ( #4171, #3245, #3958, #10611 ),
 .UNSPECIFIED., .F., .F.,
 ( 4, 4 ),
 ( 0.000000000000000000, 0.0006468231221055870724 ),
 .UNSPECIFIED. ) ;
#5242 = AXIS2_PLACEMENT_3D ( 'NONE', #6022, #9346, #8636 ) ;
#5243 = CARTESIAN_POINT ( 'NONE',  ( -6.999999999999997335, -1.887878387081804998, -8.550000000000002487 ) ) ;
#5244 = AXIS2_PLACEMENT_3D ( 'NONE', #5887, #178, #5172 ) ;
#5245 = ADVANCED_FACE ( 'NONE', ( #6180 ), #6507, .T. ) ;
#5246 = ORIENTED_EDGE ( 'NONE', *, *, #221, .T. ) ;
#5247 = AXIS2_PLACEMENT_3D ( 'NONE', #4246, #5286, #6698 ) ;
#5248 = LINE ( 'NONE', #10207, #2818 ) ;
#5249 = DIRECTION ( 'NONE',  ( 0.000000000000000000, 0.000000000000000000, 1.000000000000000000 ) ) ;
#5250 = VECTOR ( 'NONE', #9385, 1000.000000000000000 ) ;
#5251 = ORIENTED_EDGE ( 'NONE', *, *, #7585, .T. ) ;
#5252 = PRODUCT_DEFINITION ( 'UNKNOWN', '', #8729, #489 ) ;
#5253 = CARTESIAN_POINT ( 'NONE',  ( 5.599999999999996980, -3.750000000000001332, 4.025000000000000355 ) ) ;
#5254 = LINE ( 'NONE', #8572, #413 ) ;
#5255 = ORIENTED_EDGE ( 'NONE', *, *, #8783, .F. ) ;
#5256 = VECTOR ( 'NONE', #4527, 1000.000000000000000 ) ;
#5257 = CIRCLE ( 'NONE', #6830, 0.1999999999999996503 ) ;
#5258 = EDGE_CURVE ( 'NONE', #1728, #220, #9018, .T. ) ;
#5259 = CARTESIAN_POINT ( 'NONE',  ( -6.500000000000002665, -3.350000000000000977, 2.924999999999999822 ) ) ;
#5260 = EDGE_CURVE ( 'NONE', #3044, #8204, #3951, .T. ) ;
#5261 = ORIENTED_EDGE ( 'NONE', *, *, #7649, .T. ) ;
#5262 = VECTOR ( 'NONE', #898, 1000.000000000000000 ) ;
#5263 = ORIENTED_EDGE ( 'NONE', *, *, #9591, .F. ) ;
#5264 = DIRECTION ( 'NONE',  ( 0.000000000000000000, 0.000000000000000000, 1.000000000000000000 ) ) ;
#5265 = CIRCLE ( 'NONE', #9618, 0.2000000000000009548 ) ;
#5266 = EDGE_CURVE ( 'NONE', #4999, #10609, #9069, .T. ) ;
#5267 = ORIENTED_EDGE ( 'NONE', *, *, #9860, .F. ) ;
#5268 = DIRECTION ( 'NONE',  ( -1.000000000000000000, 0.000000000000000000, 0.000000000000000000 ) ) ;
#5269 = DIRECTION ( 'NONE',  ( -0.3236155771181851160, 0.3236155771181854490, 0.8891264907159879272 ) ) ;
#5270 = VECTOR ( 'NONE', #1687, 1000.000000000000000 ) ;
#5271 = VECTOR ( 'NONE', #227, 1000.000000000000000 ) ;
#5272 = CARTESIAN_POINT ( 'NONE',  ( -5.599999999999996980, 2.800000000000002043, 2.125000000000000000 ) ) ;
#5273 = CARTESIAN_POINT ( 'NONE',  ( -9.899999999999995026, 0.000000000000000000, -4.724999999999997868 ) ) ;
#5274 = ORIENTED_EDGE ( 'NONE', *, *, #1680, .F. ) ;
#5275 = ORIENTED_EDGE ( 'NONE', *, *, #7165, .F. ) ;
#5276 = VECTOR ( 'NONE', #7146, 1000.000000000000000 ) ;
#5277 = CARTESIAN_POINT ( 'NONE',  ( -1.934999999999999165, 2.800000000000000266, -2.674999999999999822 ) ) ;
#5278 = EDGE_CURVE ( 'NONE', #2364, #578, #8140, .T. ) ;
#5279 = VECTOR ( 'NONE', #6641, 1000.000000000000000 ) ;
#5280 = ORIENTED_EDGE ( 'NONE', *, *, #5480, .F. ) ;
#5281 = DIRECTION ( 'NONE',  ( -0.000000000000000000, 1.000000000000000000, -0.000000000000000000 ) ) ;
#5283 = VERTEX_POINT ( 'NONE', #10706 ) ;
#5282 = EDGE_CURVE ( 'NONE', #181, #513, #3191, .T. ) ;
#5284 = ORIENTED_EDGE ( 'NONE', *, *, #1298, .F. ) ;
#5285 = DIRECTION ( 'NONE',  ( 2.168404344970992302E-15, 0.000000000000000000, 1.000000000000000000 ) ) ;
#5286 = DIRECTION ( 'NONE',  ( 0.000000000000000000, -1.376764663473656956E-16, 1.000000000000000000 ) ) ;
#5287 = CARTESIAN_POINT ( 'NONE',  ( -6.099999999999997868, 2.800000000000002043, 1.724999999999999645 ) ) ;
#5288 = LINE ( 'NONE', #1152, #7586 ) ;
#5289 = LINE ( 'NONE', #6091, #9017 ) ;
#5290 = ORIENTED_EDGE ( 'NONE', *, *, #572, .T. ) ;
#5291 = FACE_OUTER_BOUND ( 'NONE', #9164, .T. ) ;
#5292 = CARTESIAN_POINT ( 'NONE',  ( 0.000000000000000000, -0.8500000000000011990, 4.025000000000000355 ) ) ;
#5293 = DIRECTION ( 'NONE',  ( -0.000000000000000000, -1.000000000000000000, -0.000000000000000000 ) ) ;
#5294 = ORIENTED_EDGE ( 'NONE', *, *, #4727, .T. ) ;
#5295 = DIRECTION ( 'NONE',  ( -1.000000000000000000, 0.000000000000000000, 4.818676322157797621E-17 ) ) ;
#5296 = CARTESIAN_POINT ( 'NONE',  ( 1.999999999999996669, -4.999999999999999112, 2.924999999999999822 ) ) ;
#5297 = AXIS2_PLACEMENT_3D ( 'NONE', #7175, #8696, #439 ) ;
#5298 = LINE ( 'NONE', #9488, #7114 ) ;
#5299 = CARTESIAN_POINT ( 'NONE',  ( 2.499999999999996891, 0.000000000000000000, -0.07500000000000128786 ) ) ;
#5300 = CARTESIAN_POINT ( 'NONE',  ( -5.200000000000002842, 2.800000000000000266, 3.825000000000001066 ) ) ;
#5301 = ORIENTED_EDGE ( 'NONE', *, *, #6529, .F. ) ;
#5302 = ORIENTED_EDGE ( 'NONE', *, *, #200, .T. ) ;
#5303 = PLANE ( 'NONE',  #9605 ) ;
#5304 = CARTESIAN_POINT ( 'NONE',  ( -9.199999999999997513, 4.799999999999998046, 7.875000000000000000 ) ) ;
#5305 = ORIENTED_EDGE ( 'NONE', *, *, #9843, .T. ) ;
#5306 = LINE ( 'NONE', #9444, #9086 ) ;
#5307 = PLANE ( 'NONE',  #3176 ) ;
#5308 = ORIENTED_EDGE ( 'NONE', *, *, #9591, .T. ) ;
#5309 = CARTESIAN_POINT ( 'NONE',  ( 0.1999999999999970690, 0.000000000000000000, -0.07500000000000128786 ) ) ;
#5310 = LINE ( 'NONE', #47, #5437 ) ;
#5311 = ADVANCED_FACE ( 'NONE', ( #9728 ), #3238, .T. ) ;
#5312 = ORIENTED_EDGE ( 'NONE', *, *, #8261, .F. ) ;
#5313 = CARTESIAN_POINT ( 'NONE',  ( 10.20000000000000284, -4.999999999999999112, 2.924999999999999822 ) ) ;
#5314 = EDGE_LOOP ( 'NONE', ( #10352, #10288, #2367, #6839 ) ) ;
#5315 = VERTEX_POINT ( 'NONE', #4705 ) ;
#5316 = DIRECTION ( 'NONE',  ( 0.000000000000000000, 1.000000000000000000, 0.000000000000000000 ) ) ;
#5317 = VERTEX_POINT ( 'NONE', #4879 ) ;
#5318 = DIRECTION ( 'NONE',  ( 0.000000000000000000, 1.000000000000000000, 0.000000000000000000 ) ) ;
#5319 = CARTESIAN_POINT ( 'NONE',  ( -3.575000000000000178, 0.9155523756961149173, -3.025000000000001243 ) ) ;
#5320 = EDGE_CURVE ( 'NONE', #6855, #1894, #530, .T. ) ;
#5321 = SURFACE_SIDE_STYLE ('',( #9463 ) ) ;
#5322 = CARTESIAN_POINT ( 'NONE',  ( -10.20000000000000284, -3.999999999999999112, -3.375000000000000444 ) ) ;
#5323 = VERTEX_POINT ( 'NONE', #9673 ) ;
#5324 = EDGE_CURVE ( 'NONE', #5686, #4371, #8026, .T. ) ;
#5325 = ORIENTED_EDGE ( 'NONE', *, *, #807, .F. ) ;
#5326 = DIRECTION ( 'NONE',  ( 0.000000000000000000, -0.000000000000000000, 1.000000000000000000 ) ) ;
#5327 = EDGE_CURVE ( 'NONE', #2751, #1940, #3080, .T. ) ;
#5328 = VECTOR ( 'NONE', #2178, 1000.000000000000000 ) ;
#5329 = VERTEX_POINT ( 'NONE', #2267 ) ;
#5330 = CARTESIAN_POINT ( 'NONE',  ( 9.000000000000000000, 12.80000000000000071, -3.825000000000000622 ) ) ;
#5331 = ORIENTED_EDGE ( 'NONE', *, *, #6318, .T. ) ;
#5332 = EDGE_LOOP ( 'NONE', ( #4485, #7451, #320, #113 ) ) ;
#5333 = LINE ( 'NONE', #8701, #58 ) ;
#5334 = LINE ( 'NONE', #388, #742 ) ;
#5335 = PLANE ( 'NONE',  #329 ) ;
#5336 = DIRECTION ( 'NONE',  ( -0.000000000000000000, 1.000000000000000000, -0.000000000000000000 ) ) ;
#5337 = DIRECTION ( 'NONE',  ( 0.000000000000000000, -0.000000000000000000, 1.000000000000000000 ) ) ;
#5338 = AXIS2_PLACEMENT_3D ( 'NONE', #6351, #1352, #1136 ) ;
#5339 = VERTEX_POINT ( 'NONE', #10601 ) ;
#5340 = CARTESIAN_POINT ( 'NONE',  ( -8.999999999999998224, 2.800000000000000266, 3.825000000000001066 ) ) ;
#5341 = CARTESIAN_POINT ( 'NONE',  ( -6.499999999999997335, 5.150000000000000355, -8.150000000000002132 ) ) ;
#5342 = EDGE_CURVE ( 'NONE', #2523, #2748, #3133, .T. ) ;
#5343 = EDGE_CURVE ( 'NONE', #6516, #964, #7167, .T. ) ;
#5344 = DIRECTION ( 'NONE',  ( -1.495451272393799542E-16, -0.000000000000000000, -1.000000000000000000 ) ) ;
#5345 = VECTOR ( 'NONE', #3618, 1000.000000000000000 ) ;
#5346 = ORIENTED_EDGE ( 'NONE', *, *, #144, .T. ) ;
#5347 = DIRECTION ( 'NONE',  ( 1.000000000000000000, -0.000000000000000000, 0.000000000000000000 ) ) ;
#5348 = CARTESIAN_POINT ( 'NONE',  ( 3.400000000000002132, -1.250000000000001110, 2.924999999999999822 ) ) ;
#5349 = CARTESIAN_POINT ( 'NONE',  ( 9.500000000000005329, 12.80000000000000071, 3.824999999999997957 ) ) ;
#5350 = CARTESIAN_POINT ( 'NONE',  ( -2.900000000000002576, -3.350000000000000977, 4.025000000000000355 ) ) ;
#5351 = PLANE ( 'NONE',  #10392 ) ;
#5352 = CARTESIAN_POINT ( 'NONE',  ( -6.099999999999992539, 2.950000000000000622, -5.650000000000002132 ) ) ;
#5353 = VERTEX_POINT ( 'NONE', #5748 ) ;
#5354 = VERTEX_POINT ( 'NONE', #10496 ) ;
#5355 = CARTESIAN_POINT ( 'NONE',  ( 8.950000000000002842, 1.346849702467389735E-19, 2.925000000000000711 ) ) ;
#5356 = VECTOR ( 'NONE', #3929, 1000.000000000000000 ) ;
#5357 = LINE ( 'NONE', #7746, #6181 ) ;
#5358 = AXIS2_PLACEMENT_3D ( 'NONE', #5661, #6574, #4081 ) ;
#5359 = VERTEX_POINT ( 'NONE', #5587 ) ;
#5360 = DIRECTION ( 'NONE',  ( 0.000000000000000000, 1.000000000000000000, 0.000000000000000000 ) ) ;
#5361 = CARTESIAN_POINT ( 'NONE',  ( -6.099999999999992539, -1.887878387081804998, -6.050000000000002487 ) ) ;
#5362 = ORIENTED_EDGE ( 'NONE', *, *, #6797, .F. ) ;
#5363 = VECTOR ( 'NONE', #10296, 1000.000000000000000 ) ;
#5364 = CARTESIAN_POINT ( 'NONE',  ( 5.599999999999996980, 8.400000000000002132, -0.07500000000000128786 ) ) ;
#5365 = DIRECTION ( 'NONE',  ( 0.000000000000000000, 1.000000000000000000, 0.000000000000000000 ) ) ;
#5366 = EDGE_LOOP ( 'NONE', ( #8806, #8888, #2975, #4905 ) ) ;
#5367 = VECTOR ( 'NONE', #8428, 1000.000000000000000 ) ;
#5368 = VECTOR ( 'NONE', #1636, 1000.000000000000000 ) ;
#5369 = DIRECTION ( 'NONE',  ( 1.000000000000000000, 0.000000000000000000, 0.000000000000000000 ) ) ;
#5370 = EDGE_LOOP ( 'NONE', ( #3785, #6178, #5171, #10497 ) ) ;
#5371 = EDGE_CURVE ( 'NONE', #10037, #4147, #756, .T. ) ;
#5372 = ORIENTED_EDGE ( 'NONE', *, *, #3523, .T. ) ;
#5373 = CARTESIAN_POINT ( 'NONE',  ( 6.500000000000002665, 8.400000000000000355, 1.724999999999998979 ) ) ;
#5374 = ORIENTED_EDGE ( 'NONE', *, *, #8788, .T. ) ;
#5375 = FACE_OUTER_BOUND ( 'NONE', #8672, .T. ) ;
#5376 = CARTESIAN_POINT ( 'NONE',  ( -5.274999999999997691, 12.80000000000000071, -4.025000000000003908 ) ) ;
#5377 = CARTESIAN_POINT ( 'NONE',  ( 1.800000000000000044, 1.452830911130575942E-16, 1.175279339263039694E-33 ) ) ;
#5378 = ORIENTED_EDGE ( 'NONE', *, *, #2540, .F. ) ;
#5379 = VERTEX_POINT ( 'NONE', #2214 ) ;
#5380 = AXIS2_PLACEMENT_3D ( 'NONE', #3819, #9596, #3875 ) ;
#5381 = DIRECTION ( 'NONE',  ( 2.241244801003626445E-16, 0.000000000000000000, 1.000000000000000000 ) ) ;
#5382 = EDGE_LOOP ( 'NONE', ( #10504, #5669, #10249, #5482 ) ) ;
#5383 = EDGE_CURVE ( 'NONE', #360, #5055, #8848, .T. ) ;
#5384 = ADVANCED_FACE ( 'NONE', ( #1459 ), #4770, .T. ) ;
#5385 = PLANE ( 'NONE',  #9929 ) ;
#5386 = VERTEX_POINT ( 'NONE', #699 ) ;
#5387 = ORIENTED_EDGE ( 'NONE', *, *, #2742, .F. ) ;
#5388 = CARTESIAN_POINT ( 'NONE',  ( -6.499999999999995559, 5.849999999999999645, 3.187878387081805709 ) ) ;
#5389 = LINE ( 'NONE', #6147, #39 ) ;
#5390 = FACE_BOUND ( 'NONE', #5899, .T. ) ;
#5391 = FACE_OUTER_BOUND ( 'NONE', #10508, .T. ) ;
#5392 = LINE ( 'NONE', #1368, #1714 ) ;
#5393 = VERTEX_POINT ( 'NONE', #4005 ) ;
#5394 = CARTESIAN_POINT ( 'NONE',  ( 8.950000000000002842, -1.250000000000001110, 2.924999999999999822 ) ) ;
#5395 = DIRECTION ( 'NONE',  ( 0.000000000000000000, -1.000000000000000000, 0.000000000000000000 ) ) ;
#5396 = LINE ( 'NONE', #4792, #6367 ) ;
#5397 = ADVANCED_FACE ( 'NONE', ( #7329 ), #10656, .T. ) ;
#5398 = EDGE_CURVE ( 'NONE', #9072, #4701, #7642, .T. ) ;
#5399 = LINE ( 'NONE', #7895, #9094 ) ;
#5400 = FACE_BOUND ( 'NONE', #3607, .T. ) ;
#5401 = DIRECTION ( 'NONE',  ( -0.000000000000000000, -1.000000000000000000, -0.000000000000000000 ) ) ;
#5402 = SURFACE_STYLE_USAGE ( .BOTH. , #7898 ) ;
#5403 = EDGE_CURVE ( 'NONE', #10100, #8753, #904, .T. ) ;
#5404 = CARTESIAN_POINT ( 'NONE',  ( -3.274999999999999467, 11.52857142857143025, -4.025000000000003908 ) ) ;
#5405 = CARTESIAN_POINT ( 'NONE',  ( 0.000000000000000000, -1.250000000000001332, 4.025000000000000355 ) ) ;
#5406 = VERTEX_POINT ( 'NONE', #5848 ) ;
#5407 = VECTOR ( 'NONE', #8519, 1000.000000000000000 ) ;
#5408 = CARTESIAN_POINT ( 'NONE',  ( 9.000000000000000000, 12.28038475772934035, -4.025000000000001243 ) ) ;
#5409 = MECHANICAL_DESIGN_GEOMETRIC_PRESENTATION_REPRESENTATION (  '', ( #1065 ), #9247 ) ;
#5410 = DIRECTION ( 'NONE',  ( 0.000000000000000000, -0.000000000000000000, 1.000000000000000000 ) ) ;
#5411 = EDGE_CURVE ( 'NONE', #1506, #5484, #6673, .T. ) ;
#5412 = ORIENTED_EDGE ( 'NONE', *, *, #1216, .F. ) ;
#5413 = VECTOR ( 'NONE', #10219, 1000.000000000000000 ) ;
#5414 = FACE_OUTER_BOUND ( 'NONE', #9549, .T. ) ;
#5415 = LINE ( 'NONE', #3773, #8906 ) ;
#5416 = ORIENTED_EDGE ( 'NONE', *, *, #1077, .T. ) ;
#5417 = EDGE_CURVE ( 'NONE', #5806, #3815, #8405, .T. ) ;
#5418 = DIRECTION ( 'NONE',  ( 0.000000000000000000, 0.000000000000000000, 1.000000000000000000 ) ) ;
#5419 = DIRECTION ( 'NONE',  ( -0.000000000000000000, 0.000000000000000000, 1.000000000000000000 ) ) ;
#5420 = ORIENTED_EDGE ( 'NONE', *, *, #7119, .F. ) ;
#5421 = DIRECTION ( 'NONE',  ( 0.000000000000000000, 1.000000000000000000, -0.000000000000000000 ) ) ;
#5422 = VECTOR ( 'NONE', #4725, 1000.000000000000000 ) ;
#5423 = VECTOR ( 'NONE', #2658, 1000.000000000000000 ) ;
#5424 = ORIENTED_EDGE ( 'NONE', *, *, #1207, .T. ) ;
#5425 = ORIENTED_EDGE ( 'NONE', *, *, #1263, .F. ) ;
#5426 = LINE ( 'NONE', #8746, #1759 ) ;
#5427 = AXIS2_PLACEMENT_3D ( 'NONE', #4428, #3823, #9493 ) ;
#5428 = EDGE_LOOP ( 'NONE', ( #1921, #5740, #8412, #2262 ) ) ;
#5429 = CARTESIAN_POINT ( 'NONE',  ( -5.599999999999996980, -0.8500000000000011990, 2.425000000000000266 ) ) ;
#5430 = CARTESIAN_POINT ( 'NONE',  ( 1.600000000000002531, 8.399999999999998579, 1.724999999999998979 ) ) ;
#5431 = AXIS2_PLACEMENT_3D ( 'NONE', #6332, #3059, #3990 ) ;
#5432 = VECTOR ( 'NONE', #1290, 1000.000000000000000 ) ;
#5433 =( NAMED_UNIT ( * ) SI_UNIT ( $, .STERADIAN. ) SOLID_ANGLE_UNIT ( ) );
#5434 = ORIENTED_EDGE ( 'NONE', *, *, #6648, .F. ) ;
#5435 = EDGE_LOOP ( 'NONE', ( #3202, #386, #7183, #7610 ) ) ;
#5436 = VECTOR ( 'NONE', #8126, 1000.000000000000000 ) ;
#5437 = VECTOR ( 'NONE', #5365, 1000.000000000000000 ) ;
#5438 = CARTESIAN_POINT ( 'NONE',  ( -4.700000000000002842, 0.000000000000000000, -0.4750000000000010325 ) ) ;
#5439 = VECTOR ( 'NONE', #6786, 1000.000000000000000 ) ;
#5440 = VERTEX_POINT ( 'NONE', #4269 ) ;
#5441 = CARTESIAN_POINT ( 'NONE',  ( 8.950000000000002842, -3.374999999999998668, 4.025000000000000355 ) ) ;
#5442 = VECTOR ( 'NONE', #2680, 1000.000000000000000 ) ;
#5443 = VERTEX_POINT ( 'NONE', #10756 ) ;
#5444 = ORIENTED_EDGE ( 'NONE', *, *, #8356, .T. ) ;
#5445 = CARTESIAN_POINT ( 'NONE',  ( -3.799999999999996270, -1.250000000000001110, 2.924999999999999822 ) ) ;
#5446 = CARTESIAN_POINT ( 'NONE',  ( -2.574999999999999734, 11.90000000000000036, -0.6545349465914744869 ) ) ;
#5447 = AXIS2_PLACEMENT_3D ( 'NONE', #10254, #9321, #5182 ) ;
#5448 = DIRECTION ( 'NONE',  ( 0.000000000000000000, -0.000000000000000000, 1.000000000000000000 ) ) ;
#5449 = DIRECTION ( 'NONE',  ( -0.000000000000000000, -0.000000000000000000, 1.000000000000000000 ) ) ;
#5450 = CARTESIAN_POINT ( 'NONE',  ( 4.299999999999998046, -3.750000000000001332, 4.025000000000000355 ) ) ;
#5451 = ORIENTED_EDGE ( 'NONE', *, *, #641, .F. ) ;
#5452 = ADVANCED_FACE ( 'NONE', ( #140 ), #3504, .F. ) ;
#5453 = LINE ( 'NONE', #6206, #6632 ) ;
#5454 = AXIS2_PLACEMENT_3D ( 'NONE', #5304, #8618, #1172 ) ;
#5455 = CARTESIAN_POINT ( 'NONE',  ( 9.900000000000012790, 4.800000000000000711, 7.875000000000000000 ) ) ;
#5456 = CARTESIAN_POINT ( 'NONE',  ( -2.499999999999997780, -1.250000000000001332, 2.425000000000000266 ) ) ;
#5457 = EDGE_LOOP ( 'NONE', ( #6204, #8077, #6851, #2600 ) ) ;
#5458 = DIRECTION ( 'NONE',  ( 0.000000000000000000, 0.000000000000000000, -1.000000000000000000 ) ) ;
#5459 = DIRECTION ( 'NONE',  ( 0.000000000000000000, 0.000000000000000000, -1.000000000000000000 ) ) ;
#5460 = CARTESIAN_POINT ( 'NONE',  ( -4.700000000000002842, -3.750000000000001332, 0.2249999999999995060 ) ) ;
#5461 = CARTESIAN_POINT ( 'NONE',  ( 2.235000000000006537, 12.80000000000000071, -4.324999999999997513 ) ) ;
#5462 = DIRECTION ( 'NONE',  ( 0.000000000000000000, 0.000000000000000000, -1.000000000000000000 ) ) ;
#5463 = DIRECTION ( 'NONE',  ( 0.000000000000000000, 0.000000000000000000, 1.000000000000000000 ) ) ;
#5464 = ORIENTED_EDGE ( 'NONE', *, *, #3542, .F. ) ;
#5465 = EDGE_CURVE ( 'NONE', #2163, #9570, #7589, .T. ) ;
#5466 = EDGE_CURVE ( 'NONE', #7071, #1226, #91, .T. ) ;
#5467 = FACE_OUTER_BOUND ( 'NONE', #1084, .T. ) ;
#5468 = LINE ( 'NONE', #4757, #7924 ) ;
#5469 = ADVANCED_FACE ( 'NONE', ( #9224 ), #6721, .F. ) ;
#5470 = ORIENTED_EDGE ( 'NONE', *, *, #8497, .T. ) ;
#5471 = DIRECTION ( 'NONE',  ( 0.000000000000000000, 0.000000000000000000, 1.000000000000000000 ) ) ;
#5472 = LINE ( 'NONE', #7154, #4044 ) ;
#5473 = EDGE_LOOP ( 'NONE', ( #6549, #4070, #3347, #1678 ) ) ;
#5474 = LINE ( 'NONE', #8735, #661 ) ;
#5475 = LINE ( 'NONE', #1341, #3867 ) ;
#5476 = ORIENTED_EDGE ( 'NONE', *, *, #3739, .F. ) ;
#5477 = ADVANCED_FACE ( 'NONE', ( #9332 ), #9122, .T. ) ;
#5478 = CARTESIAN_POINT ( 'NONE',  ( -8.950000000000002842, -3.024999999999999467, 5.375000000000000000 ) ) ;
#5479 = ADVANCED_FACE ( 'NONE', ( #7431 ), #1768, .F. ) ;
#5480 = EDGE_CURVE ( 'NONE', #7197, #1226, #9996, .T. ) ;
#5481 = EDGE_LOOP ( 'NONE', ( #6744, #2165, #418, #4215, #5251, #6813, #1637, #5362, #1024, #112 ) ) ;
#5482 = ORIENTED_EDGE ( 'NONE', *, *, #10154, .F. ) ;
#5483 = LINE ( 'NONE', #7816, #199 ) ;
#5484 = VERTEX_POINT ( 'NONE', #2536 ) ;
#5485 = CARTESIAN_POINT ( 'NONE',  ( 7.625000000000000000, 12.80000000000000071, 5.024999999999999467 ) ) ;
#5486 = FILL_AREA_STYLE ('',( #2972 ) ) ;
#5487 = EDGE_LOOP ( 'NONE', ( #8841, #5073, #9786, #9225 ) ) ;
#5488 = EDGE_CURVE ( 'NONE', #4006, #5157, #8295, .T. ) ;
#5489 = DIRECTION ( 'NONE',  ( -0.000000000000000000, 1.000000000000000000, -0.000000000000000000 ) ) ;
#5490 = ORIENTED_EDGE ( 'NONE', *, *, #7792, .T. ) ;
#5491 = CARTESIAN_POINT ( 'NONE',  ( 2.235000000000000764, 2.800000000000000266, -2.675000000000000266 ) ) ;
#5492 = VERTEX_POINT ( 'NONE', #6613 ) ;
#5493 = ORIENTED_EDGE ( 'NONE', *, *, #2919, .F. ) ;
#5494 = LINE ( 'NONE', #9635, #7285 ) ;
#5495 = DIRECTION ( 'NONE',  ( -0.000000000000000000, -0.000000000000000000, 1.000000000000000000 ) ) ;
#5496 = LINE ( 'NONE', #3700, #6743 ) ;
#5497 = LINE ( 'NONE', #659, #4280 ) ;
#5498 = LINE ( 'NONE', #8653, #681 ) ;
#5499 = VECTOR ( 'NONE', #5293, 1000.000000000000000 ) ;
#5500 = VERTEX_POINT ( 'NONE', #3456 ) ;
#5501 = LINE ( 'NONE', #7134, #7159 ) ;
#5502 = DIRECTION ( 'NONE',  ( -0.000000000000000000, 0.000000000000000000, 1.000000000000000000 ) ) ;
#5503 = DIRECTION ( 'NONE',  ( 0.000000000000000000, 0.000000000000000000, 1.000000000000000000 ) ) ;
#5504 = EDGE_CURVE ( 'NONE', #4069, #3120, #2589, .T. ) ;
#5505 = ORIENTED_EDGE ( 'NONE', *, *, #4278, .T. ) ;
#5506 = EDGE_LOOP ( 'NONE', ( #3410, #5387, #4343, #2806 ) ) ;
#5507 = DIRECTION ( 'NONE',  ( 1.000000000000000000, -1.779203565104417523E-15, 0.000000000000000000 ) ) ;
#5509 = DIRECTION ( 'NONE',  ( -1.000000000000000000, 0.000000000000000000, 0.000000000000000000 ) ) ;
#5508 = VECTOR ( 'NONE', #13, 1000.000000000000000 ) ;
#5510 = PLANE ( 'NONE',  #416 ) ;
#5511 = FACE_OUTER_BOUND ( 'NONE', #8596, .T. ) ;
#5512 = PLANE ( 'NONE',  #9526 ) ;
#5513 = LINE ( 'NONE', #7845, #6139 ) ;
#5514 = ORIENTED_EDGE ( 'NONE', *, *, #7002, .T. ) ;
#5515 = CARTESIAN_POINT ( 'NONE',  ( -8.950000000000002842, -3.999999999999999112, 2.924999999999999822 ) ) ;
#5516 = CARTESIAN_POINT ( 'NONE',  ( -10.20000000000000284, -0.8499999999999999778, -3.375000000000000000 ) ) ;
#5517 = VECTOR ( 'NONE', #8250, 1000.000000000000000 ) ;
#5518 = VERTEX_POINT ( 'NONE', #8248 ) ;
#5519 = EDGE_CURVE ( 'NONE', #8720, #5042, #6774, .T. ) ;
#5520 = ADVANCED_FACE ( 'NONE', ( #3294 ), #853, .T. ) ;
#5521 = CARTESIAN_POINT ( 'NONE',  ( 10.20000000000000284, 12.80000000000000071, -5.025000000000000355 ) ) ;
#5522 = DIRECTION ( 'NONE',  ( -0.000000000000000000, 0.000000000000000000, 1.000000000000000000 ) ) ;
#5523 = ORIENTED_EDGE ( 'NONE', *, *, #3214, .T. ) ;
#5524 = CARTESIAN_POINT ( 'NONE',  ( 0.000000000000000000, -3.750000000000001332, 4.025000000000000355 ) ) ;
#5525 = FACE_OUTER_BOUND ( 'NONE', #5366, .T. ) ;
#5526 = VECTOR ( 'NONE', #637, 1000.000000000000000 ) ;
#5527 = CARTESIAN_POINT ( 'NONE',  ( 8.950000000000002842, -3.024999999999999467, 5.375000000000000000 ) ) ;
#5528 = EDGE_CURVE ( 'NONE', #6247, #5386, #10208, .T. ) ;
#5529 = ORIENTED_EDGE ( 'NONE', *, *, #1551, .F. ) ;
#5530 = DIRECTION ( 'NONE',  ( 0.000000000000000000, 0.000000000000000000, 1.000000000000000000 ) ) ;
#5531 = ORIENTED_EDGE ( 'NONE', *, *, #434, .T. ) ;
#5532 = EDGE_LOOP ( 'NONE', ( #851, #1725, #9706, #8271 ) ) ;
#5533 = DIRECTION ( 'NONE',  ( 0.000000000000000000, 0.000000000000000000, -1.000000000000000000 ) ) ;
#5534 = EDGE_LOOP ( 'NONE', ( #1692, #8278, #2360, #7459 ) ) ;
#5535 = FACE_OUTER_BOUND ( 'NONE', #6887, .T. ) ;
#5536 = DIRECTION ( 'NONE',  ( 0.000000000000000000, 0.000000000000000000, -1.000000000000000000 ) ) ;
#5537 = AXIS2_PLACEMENT_3D ( 'NONE', #10563, #7027, #1419 ) ;
#5538 =( LENGTH_UNIT ( ) NAMED_UNIT ( * ) SI_UNIT ( .MILLI., .METRE. ) );
#5539 = EDGE_CURVE ( 'NONE', #1599, #1008, #6281, .T. ) ;
#5540 = EDGE_CURVE ( 'NONE', #2325, #709, #6223, .T. ) ;
#5541 = ORIENTED_EDGE ( 'NONE', *, *, #617, .F. ) ;
#5542 = AXIS2_PLACEMENT_3D ( 'NONE', #7995, #7295, #8930 ) ;
#5543 = LINE ( 'NONE', #6191, #9441 ) ;
#5544 = VECTOR ( 'NONE', #8516, 1000.000000000000000 ) ;
#5545 = AXIS2_PLACEMENT_3D ( 'NONE', #2869, #2106, #2003 ) ;
#5546 = ORIENTED_EDGE ( 'NONE', *, *, #8069, .T. ) ;
#5547 = EDGE_LOOP ( 'NONE', ( #3808, #9778, #2733, #7056 ) ) ;
#5548 = DIRECTION ( 'NONE',  ( 0.000000000000000000, 0.000000000000000000, 1.000000000000000000 ) ) ;
#5549 = ORIENTED_EDGE ( 'NONE', *, *, #19, .F. ) ;
#5550 = EDGE_LOOP ( 'NONE', ( #7098, #4367, #3528, #2258 ) ) ;
#5551 = CARTESIAN_POINT ( 'NONE',  ( 2.575000000000000622, 10.50000000000000000, -0.6545349465914744869 ) ) ;
#5552 = LINE ( 'NONE', #2016, #5939 ) ;
#5553 = CARTESIAN_POINT ( 'NONE',  ( -8.999999999999998224, 2.800000000000000266, 1.724999999999999201 ) ) ;
#5554 = LINE ( 'NONE', #8051, #7928 ) ;
#5555 = EDGE_CURVE ( 'NONE', #3432, #4925, #7047, .T. ) ;
#5556 = CARTESIAN_POINT ( 'NONE',  ( -5.200000000000002842, 2.800000000000000266, -0.07500000000000084377 ) ) ;
#5557 = AXIS2_PLACEMENT_3D ( 'NONE', #1222, #6160, #2031 ) ;
#5558 = EDGE_LOOP ( 'NONE', ( #2817, #5416, #8092, #701 ) ) ;
#5559 = DIRECTION ( 'NONE',  ( 0.000000000000000000, -0.000000000000000000, -1.000000000000000000 ) ) ;
#5560 = VECTOR ( 'NONE', #3595, 1000.000000000000000 ) ;
#5561 = DIRECTION ( 'NONE',  ( 0.000000000000000000, 0.000000000000000000, 1.000000000000000000 ) ) ;
#5562 = ORIENTED_EDGE ( 'NONE', *, *, #1016, .T. ) ;
#5563 = ORIENTED_EDGE ( 'NONE', *, *, #6583, .F. ) ;
#5564 = CYLINDRICAL_SURFACE ( 'NONE', #3694, 1.000000000000005995 ) ;
#5565 = PLANE ( 'NONE',  #4747 ) ;
#5566 = CARTESIAN_POINT ( 'NONE',  ( -5.474999999999993427, 0.000000000000000000, -4.824999999999998401 ) ) ;
#5567 = DIRECTION ( 'NONE',  ( -0.000000000000000000, 1.000000000000000000, -0.000000000000000000 ) ) ;
#5568 = LINE ( 'NONE', #2897, #4756 ) ;
#5569 = ORIENTED_EDGE ( 'NONE', *, *, #3344, .T. ) ;
#5570 = DIRECTION ( 'NONE',  ( 0.000000000000000000, 0.7071067811865465735, -0.7071067811865483499 ) ) ;
#5571 = EDGE_CURVE ( 'NONE', #9612, #5771, #309, .T. ) ;
#5572 = PLANE ( 'NONE',  #10368 ) ;
#5573 = ORIENTED_EDGE ( 'NONE', *, *, #10406, .F. ) ;
#5574 = EDGE_CURVE ( 'NONE', #5329, #9246, #2041, .T. ) ;
#5575 = CARTESIAN_POINT ( 'NONE',  ( 2.750000000000000000, 10.50000000000000000, -3.675000000000001155 ) ) ;
#5576 = LINE ( 'NONE', #4762, #5612 ) ;
#5577 = CIRCLE ( 'NONE', #4702, 0.5000000000000022204 ) ;
#5578 = ORIENTED_EDGE ( 'NONE', *, *, #6438, .T. ) ;
#5579 = CARTESIAN_POINT ( 'NONE',  ( -10.19999999999999574, 4.799999999999998046, 5.025000000000001243 ) ) ;
#5580 = DIRECTION ( 'NONE',  ( -1.000000000000000000, 0.000000000000000000, 0.000000000000000000 ) ) ;
#5581 = CARTESIAN_POINT ( 'NONE',  ( 8.950000000000002842, -1.574999999999999512, 7.875000000000000000 ) ) ;
#5582 = ORIENTED_EDGE ( 'NONE', *, *, #97, .T. ) ;
#5583 = EDGE_CURVE ( 'NONE', #5359, #4069, #6062, .T. ) ;
#5584 = VECTOR ( 'NONE', #5958, 1000.000000000000000 ) ;
#5585 = LINE ( 'NONE', #946, #2415 ) ;
#5586 = ORIENTED_EDGE ( 'NONE', *, *, #8931, .F. ) ;
#5587 = CARTESIAN_POINT ( 'NONE',  ( -9.774999999999982592, 1.199999999999992628, 5.025000000000002132 ) ) ;
#5588 = VERTEX_POINT ( 'NONE', #10322 ) ;
#5589 = CARTESIAN_POINT ( 'NONE',  ( -6.849999999999996980, -2.300000000000001599, 0.000000000000000000 ) ) ;
#5590 = FACE_OUTER_BOUND ( 'NONE', #330, .T. ) ;
#5591 = DIRECTION ( 'NONE',  ( 0.000000000000000000, 0.000000000000000000, 1.000000000000000000 ) ) ;
#5592 = ORIENTED_EDGE ( 'NONE', *, *, #9792, .F. ) ;
#5593 = ORIENTED_EDGE ( 'NONE', *, *, #7735, .F. ) ;
#5594 = EDGE_CURVE ( 'NONE', #6859, #6908, #7857, .T. ) ;
#5595 = EDGE_CURVE ( 'NONE', #5051, #1796, #420, .T. ) ;
#5596 = VECTOR ( 'NONE', #3525, 1000.000000000000000 ) ;
#5597 = CARTESIAN_POINT ( 'NONE',  ( -2.750000000000000000, 10.05000000000000071, -3.025000000000001243 ) ) ;
#5598 = ORIENTED_EDGE ( 'NONE', *, *, #6481, .F. ) ;
#5599 = EDGE_CURVE ( 'NONE', #5195, #7821, #3722, .T. ) ;
#5600 = ORIENTED_EDGE ( 'NONE', *, *, #4672, .F. ) ;
#5601 = CYLINDRICAL_SURFACE ( 'NONE', #7657, 0.7000000000000009548 ) ;
#5602 = ORIENTED_EDGE ( 'NONE', *, *, #6725, .T. ) ;
#5603 = ORIENTED_EDGE ( 'NONE', *, *, #2921, .T. ) ;
#5604 = LINE ( 'NONE', #5815, #6754 ) ;
#5605 = DIRECTION ( 'NONE',  ( -9.019373039313971464E-17, 0.7071067811865470176, -0.7071067811865480168 ) ) ;
#5606 = AXIS2_PLACEMENT_3D ( 'NONE', #3123, #9609, #520 ) ;
#5607 = CARTESIAN_POINT ( 'NONE',  ( -0.6999999999999975131, 0.000000000000000000, 1.724999999999999423 ) ) ;
#5608 = CARTESIAN_POINT ( 'NONE',  ( 5.599999999999996980, 0.000000000000000000, -0.4750000000000014766 ) ) ;
#5609 = CARTESIAN_POINT ( 'NONE',  ( -8.950000000000002842, -0.8499999999999999778, -3.375000000000000000 ) ) ;
#5610 = ORIENTED_EDGE ( 'NONE', *, *, #6511, .T. ) ;
#5611 = ADVANCED_FACE ( 'NONE', ( #7908 ), #3561, .T. ) ;
#5612 = VECTOR ( 'NONE', #7213, 1000.000000000000000 ) ;
#5613 = PLANE ( 'NONE',  #7865 ) ;
#5614 = VECTOR ( 'NONE', #2449, 1000.000000000000000 ) ;
#5615 = LINE ( 'NONE', #8057, #6890 ) ;
#5616 = VECTOR ( 'NONE', #8662, 1000.000000000000000 ) ;
#5617 = EDGE_CURVE ( 'NONE', #9290, #9179, #9556, .T. ) ;
#5618 = CARTESIAN_POINT ( 'NONE',  ( 10.19999999999999574, 1.000000000000003553, 4.025000000000000355 ) ) ;
#5619 = VECTOR ( 'NONE', #4873, 1000.000000000000000 ) ;
#5620 = ORIENTED_EDGE ( 'NONE', *, *, #4803, .T. ) ;
#5621 = VERTEX_POINT ( 'NONE', #7805 ) ;
#5622 = PLANE ( 'NONE',  #5790 ) ;
#5623 = EDGE_CURVE ( 'NONE', #1008, #9024, #5415, .T. ) ;
#5624 = CARTESIAN_POINT ( 'NONE',  ( 4.700000000000002842, -1.250000000000001332, 2.424999999999998934 ) ) ;
#5625 = DIRECTION ( 'NONE',  ( 1.000000000000000000, 0.000000000000000000, 0.000000000000000000 ) ) ;
#5626 = CARTESIAN_POINT ( 'NONE',  ( 3.074999999999999734, 11.71428571428571530, -4.942157287525380305 ) ) ;
#5627 = DIRECTION ( 'NONE',  ( 0.000000000000000000, 0.000000000000000000, -1.000000000000000000 ) ) ;
#5628 = DIRECTION ( 'NONE',  ( 0.000000000000000000, 0.000000000000000000, -1.000000000000000000 ) ) ;
#5629 = VECTOR ( 'NONE', #3974, 1000.000000000000000 ) ;
#5630 = EDGE_LOOP ( 'NONE', ( #411, #3049, #3141, #2159 ) ) ;
#5631 = EDGE_CURVE ( 'NONE', #887, #3086, #3668, .T. ) ;
#5632 = CARTESIAN_POINT ( 'NONE',  ( 5.274999999999999467, 0.000000000000000000, -4.225000000000004974 ) ) ;
#5633 = CARTESIAN_POINT ( 'NONE',  ( -2.750000000000000000, 10.50000000000000000, -3.025000000000001243 ) ) ;
#5634 = EDGE_LOOP ( 'NONE', ( #5255, #5493, #8694, #3993 ) ) ;
#5635 = DIRECTION ( 'NONE',  ( -0.000000000000000000, 1.000000000000000000, 0.000000000000000000 ) ) ;
#5636 = LINE ( 'NONE', #9610, #10306 ) ;
#5637 = ORIENTED_EDGE ( 'NONE', *, *, #2128, .T. ) ;
#5638 = DIRECTION ( 'NONE',  ( 0.000000000000000000, -0.7071067811865489050, -0.7071067811865462405 ) ) ;
#5639 = DIRECTION ( 'NONE',  ( 0.000000000000000000, 1.000000000000000000, 0.000000000000000000 ) ) ;
#5640 = DIRECTION ( 'NONE',  ( -0.000000000000000000, 0.000000000000000000, 1.000000000000000000 ) ) ;
#5641 = ORIENTED_EDGE ( 'NONE', *, *, #3646, .T. ) ;
#5642 = ORIENTED_EDGE ( 'NONE', *, *, #7905, .T. ) ;
#5643 = CARTESIAN_POINT ( 'NONE',  ( -7.000000000000002665, -3.350000000000000977, 0.2249999999999995060 ) ) ;
#5644 = ADVANCED_FACE ( 'NONE', ( #8568 ), #1063, .F. ) ;
#5645 = ORIENTED_EDGE ( 'NONE', *, *, #5383, .F. ) ;
#5646 = CARTESIAN_POINT ( 'NONE',  ( 10.20000000000000284, -1.224999999999998312, 5.025000000000001243 ) ) ;
#5647 = LINE ( 'NONE', #2434, #9729 ) ;
#5648 = APPLICATION_PROTOCOL_DEFINITION ( 'draft international standard', 'automotive_design', 1998, #1125 ) ;
#5649 = ORIENTED_EDGE ( 'NONE', *, *, #8245, .F. ) ;
#5650 = VERTEX_POINT ( 'NONE', #7699 ) ;
#5651 = LINE ( 'NONE', #4942, #6936 ) ;
#5652 = ORIENTED_EDGE ( 'NONE', *, *, #361, .T. ) ;
#5653 = EDGE_LOOP ( 'NONE', ( #7661, #2699, #8196, #9231, #3135, #7725, #5744, #8458, #8376, #8466, #3745, #4819, #10137, #7281, #6943, #1595, #9197, #5294, #7961, #5723, #5129, #3613, #2684, #6976, #3424, #3559 ) ) ;
#5654 = DIRECTION ( 'NONE',  ( 0.000000000000000000, 0.000000000000000000, 1.000000000000000000 ) ) ;
#5655 = EDGE_CURVE ( 'NONE', #170, #4059, #4432, .T. ) ;
#5656 = VERTEX_POINT ( 'NONE', #6942 ) ;
#5657 = ORIENTED_EDGE ( 'NONE', *, *, #737, .F. ) ;
#5658 = EDGE_CURVE ( 'NONE', #4524, #2225, #10265, .T. ) ;
#5659 = CARTESIAN_POINT ( 'NONE',  ( 8.950000000000002842, -1.225000000000000755, 5.025000000000000355 ) ) ;
#5660 = PLANE ( 'NONE',  #3186 ) ;
#5661 = CARTESIAN_POINT ( 'NONE',  ( 7.824999999999991296, 2.400000000000003020, 4.025000000000000355 ) ) ;
#5662 = CARTESIAN_POINT ( 'NONE',  ( -6.099999999999997868, -0.8500000000000011990, 2.924999999999999822 ) ) ;
#5663 = DIRECTION ( 'NONE',  ( 0.8660254037844352659, 0.5000000000000059952, -1.963809932989743406E-16 ) ) ;
#5664 = ORIENTED_EDGE ( 'NONE', *, *, #3523, .F. ) ;
#5665 = ADVANCED_FACE ( 'NONE', ( #9445 ), #5307, .T. ) ;
#5666 = DIRECTION ( 'NONE',  ( 0.000000000000000000, 0.000000000000000000, -1.000000000000000000 ) ) ;
#5667 = CARTESIAN_POINT ( 'NONE',  ( -2.875000000000000444, 11.90000000000000036, -5.024999999999999467 ) ) ;
#5668 = CARTESIAN_POINT ( 'NONE',  ( -6.500000000000002665, 8.400000000000000355, -0.4750000000000010325 ) ) ;
#5669 = ORIENTED_EDGE ( 'NONE', *, *, #9373, .F. ) ;
#5670 = ORIENTED_EDGE ( 'NONE', *, *, #1565, .F. ) ;
#5671 = EDGE_CURVE ( 'NONE', #4973, #3486, #8835, .T. ) ;
#5672 = DIRECTION ( 'NONE',  ( 1.000000000000000000, 0.000000000000000000, 0.000000000000000000 ) ) ;
#5673 = DIRECTION ( 'NONE',  ( 1.000000000000000000, 0.000000000000000000, 0.000000000000000000 ) ) ;
#5674 = CARTESIAN_POINT ( 'NONE',  ( 8.950000000000002842, -3.350000000000000977, 2.924999999999999822 ) ) ;
#5675 = AXIS2_PLACEMENT_3D ( 'NONE', #3159, #4029, #719 ) ;
#5676 = DIRECTION ( 'NONE',  ( 1.000000000000000000, 0.000000000000000000, -0.000000000000000000 ) ) ;
#5677 = CARTESIAN_POINT ( 'NONE',  ( 9.200000000000001066, 4.800000000000000711, 7.575000000000001954 ) ) ;
#5678 = CYLINDRICAL_SURFACE ( 'NONE', #9353, 0.1999999999999996503 ) ;
#5679 = VERTEX_POINT ( 'NONE', #1338 ) ;
#5680 = EDGE_CURVE ( 'NONE', #4941, #9877, #5636, .T. ) ;
#5681 = CONICAL_SURFACE ( 'NONE', #9848, 0.6999999999999992895, 0.7853981633974461696 ) ;
#5683 = EDGE_CURVE ( 'NONE', #1486, #5354, #6499, .T. ) ;
#5682 = DIRECTION ( 'NONE',  ( -0.3236155771181850604, 0.8891264907159881492, -0.3236155771181850604 ) ) ;
#5684 = CARTESIAN_POINT ( 'NONE',  ( -7.679999999999999716, 2.800000000000000266, -2.375000000000001776 ) ) ;
#5685 = VECTOR ( 'NONE', #1420, 1000.000000000000227 ) ;
#5686 = VERTEX_POINT ( 'NONE', #9823 ) ;
#5687 = CARTESIAN_POINT ( 'NONE',  ( -6.649999999999997691, -2.300000000000001599, -8.400000000000000355 ) ) ;
#5688 = DIRECTION ( 'NONE',  ( 1.000000000000000000, 0.000000000000000000, -0.000000000000000000 ) ) ;
#5689 = EDGE_LOOP ( 'NONE', ( #3251, #4606, #1384, #7526 ) ) ;
#5690 = FACE_OUTER_BOUND ( 'NONE', #5481, .T. ) ;
#5691 = CARTESIAN_POINT ( 'NONE',  ( -5.949999999999992184, -2.299999999999999822, -5.800000000000003375 ) ) ;
#5692 = DIRECTION ( 'NONE',  ( 1.000000000000000000, 0.000000000000000000, 0.000000000000000000 ) ) ;
#5693 = ORIENTED_EDGE ( 'NONE', *, *, #1618, .F. ) ;
#5694 = VECTOR ( 'NONE', #7543, 1000.000000000000000 ) ;
#5695 = ORIENTED_EDGE ( 'NONE', *, *, #9121, .T. ) ;
#5696 = VECTOR ( 'NONE', #1053, 1000.000000000000000 ) ;
#5697 = CARTESIAN_POINT ( 'NONE',  ( 8.950000000000002842, -3.999999999999999112, -3.375000000000000444 ) ) ;
#5698 = DIRECTION ( 'NONE',  ( 0.000000000000000000, 0.000000000000000000, 1.000000000000000000 ) ) ;
#5699 = DIRECTION ( 'NONE',  ( 0.000000000000000000, 0.000000000000000000, 1.000000000000000000 ) ) ;
#5700 = CARTESIAN_POINT ( 'NONE',  ( 3.600000000000000089, 2.905661822261151883E-16, 2.350558678526079389E-33 ) ) ;
#5701 = ORIENTED_EDGE ( 'NONE', *, *, #5877, .F. ) ;
#5702 = ORIENTED_EDGE ( 'NONE', *, *, #2540, .T. ) ;
#5703 = EDGE_CURVE ( 'NONE', #1587, #5030, #4813, .T. ) ;
#5704 = CARTESIAN_POINT ( 'NONE',  ( -5.749999999999992895, -2.299999999999999822, -5.800000000000003375 ) ) ;
#5705 = ORIENTED_EDGE ( 'NONE', *, *, #24, .F. ) ;
#5706 = ORIENTED_EDGE ( 'NONE', *, *, #7316, .T. ) ;
#5707 = CARTESIAN_POINT ( 'NONE',  ( 2.574999999999999289, 0.9155523756961149173, -3.675000000000001155 ) ) ;
#5708 = VECTOR ( 'NONE', #10349, 1000.000000000000000 ) ;
#5709 = ORIENTED_EDGE ( 'NONE', *, *, #9459, .T. ) ;
#5710 = LINE ( 'NONE', #5659, #7454 ) ;
#5711 = DIRECTION ( 'NONE',  ( 0.000000000000000000, 1.000000000000000000, 0.000000000000000000 ) ) ;
#5712 = VECTOR ( 'NONE', #6314, 1000.000000000000000 ) ;
#5713 = CARTESIAN_POINT ( 'NONE',  ( -3.274999999999999467, 0.000000000000000000, -4.025000000000003908 ) ) ;
#5714 = CARTESIAN_POINT ( 'NONE',  ( 8.180000000000001492, 12.28038475772934035, -4.025000000000001243 ) ) ;
#5715 = PLANE ( 'NONE',  #1891 ) ;
#5716 = EDGE_LOOP ( 'NONE', ( #9933, #4301, #6747, #1772 ) ) ;
#5717 = CIRCLE ( 'NONE', #4153, 0.5000000000000008882 ) ;
#5718 = PRESENTATION_LAYER_ASSIGNMENT (  '', '', ( #8489 ) ) ;
#5719 = EDGE_CURVE ( 'NONE', #513, #1322, #6441, .T. ) ;
#5720 = DIRECTION ( 'NONE',  ( 0.000000000000000000, 0.000000000000000000, -1.000000000000000000 ) ) ;
#5721 = AXIS2_PLACEMENT_3D ( 'NONE', #7506, #6694, #10016 ) ;
#5722 = DIRECTION ( 'NONE',  ( 0.000000000000000000, 0.000000000000000000, 1.000000000000000000 ) ) ;
#5723 = ORIENTED_EDGE ( 'NONE', *, *, #5504, .T. ) ;
#5724 = VERTEX_POINT ( 'NONE', #3995 ) ;
#5725 = DIRECTION ( 'NONE',  ( 0.000000000000000000, 1.000000000000000000, 2.478176394252579760E-15 ) ) ;
#5726 = LINE ( 'NONE', #6488, #5963 ) ;
#5727 = DIRECTION ( 'NONE',  ( -1.194531714007685180E-48, -1.000000000000000000, 4.845596301611191665E-17 ) ) ;
#5728 = LINE ( 'NONE', #9207, #6894 ) ;
#5729 = DIRECTION ( 'NONE',  ( -0.000000000000000000, -1.000000000000000000, -0.000000000000000000 ) ) ;
#5730 = ORIENTED_EDGE ( 'NONE', *, *, #4787, .F. ) ;
#5731 = DIRECTION ( 'NONE',  ( 0.000000000000000000, 1.000000000000000000, 0.000000000000000000 ) ) ;
#5732 = EDGE_CURVE ( 'NONE', #4305, #8383, #8127, .T. ) ;
#5733 = CARTESIAN_POINT ( 'NONE',  ( 2.750000000000000000, 12.40000000000000036, -3.025000000000001243 ) ) ;
#5734 = EDGE_CURVE ( 'NONE', #9557, #6901, #5472, .T. ) ;
#5735 = VECTOR ( 'NONE', #2457, 1000.000000000000000 ) ;
#5736 = ORIENTED_EDGE ( 'NONE', *, *, #801, .F. ) ;
#5737 = ADVANCED_FACE ( 'NONE', ( #6387 ), #4052, .F. ) ;
#5738 = CARTESIAN_POINT ( 'NONE',  ( -1.934999999999999165, 12.28038475772934746, -3.675000000000001155 ) ) ;
#5739 = DIRECTION ( 'NONE',  ( -0.000000000000000000, 1.000000000000000000, -0.000000000000000000 ) ) ;
#5740 = ORIENTED_EDGE ( 'NONE', *, *, #8331, .T. ) ;
#5741 = DIRECTION ( 'NONE',  ( 0.000000000000000000, 1.000000000000000000, 0.000000000000000000 ) ) ;
#5742 = LINE ( 'NONE', #3393, #757 ) ;
#5743 = DIRECTION ( 'NONE',  ( -0.000000000000000000, -0.000000000000000000, 1.000000000000000000 ) ) ;
#5744 = ORIENTED_EDGE ( 'NONE', *, *, #7196, .F. ) ;
#5745 = EDGE_CURVE ( 'NONE', #3476, #4077, #1446, .T. ) ;
#5746 = VERTEX_POINT ( 'NONE', #2200 ) ;
#5747 = EDGE_CURVE ( 'NONE', #3304, #1599, #3180, .T. ) ;
#5748 = CARTESIAN_POINT ( 'NONE',  ( -7.980000000000001315, 12.28038475772934035, -3.824999999999998401 ) ) ;
#5749 = CARTESIAN_POINT ( 'NONE',  ( -7.679999999999999716, 12.80000000000000071, -3.116619848709562213 ) ) ;
#5750 = DIRECTION ( 'NONE',  ( 0.000000000000000000, 0.000000000000000000, 1.000000000000000000 ) ) ;
#5751 = DIRECTION ( 'NONE',  ( 1.000000000000000000, 0.000000000000000000, 0.000000000000000000 ) ) ;
#5752 = ORIENTED_EDGE ( 'NONE', *, *, #8249, .T. ) ;
#5753 = VECTOR ( 'NONE', #5161, 1000.000000000000000 ) ;
#5754 = CARTESIAN_POINT ( 'NONE',  ( 0.000000000000000000, -2.300000000000001599, -8.400000000000000355 ) ) ;
#5755 = ORIENTED_EDGE ( 'NONE', *, *, #7442, .F. ) ;
#5756 = ORIENTED_EDGE ( 'NONE', *, *, #5791, .F. ) ;
#5757 = CARTESIAN_POINT ( 'NONE',  ( -8.180000000000001492, 2.800000000000000266, -4.024999999999999467 ) ) ;
#5758 = ORIENTED_EDGE ( 'NONE', *, *, #3992, .F. ) ;
#5759 = DIRECTION ( 'NONE',  ( -0.000000000000000000, -0.000000000000000000, -1.000000000000000000 ) ) ;
#5760 = DIRECTION ( 'NONE',  ( 1.000000000000000000, 4.448008912761034932E-16, 0.000000000000000000 ) ) ;
#5761 = CARTESIAN_POINT ( 'NONE',  ( -10.19999999999999574, 12.80000000000000071, 5.025000000000002132 ) ) ;
#5762 = DIRECTION ( 'NONE',  ( 0.000000000000000000, 1.000000000000000000, 0.000000000000000000 ) ) ;
#5763 = DIRECTION ( 'NONE',  ( -2.267612386897787377E-16, 0.000000000000000000, -1.000000000000000000 ) ) ;
#5764 = ORIENTED_EDGE ( 'NONE', *, *, #7350, .F. ) ;
#5765 = VECTOR ( 'NONE', #3647, 1000.000000000000114 ) ;
#5766 = DIRECTION ( 'NONE',  ( -0.000000000000000000, 0.000000000000000000, 1.000000000000000000 ) ) ;
#5767 = CIRCLE ( 'NONE', #8721, 0.1999999999999996503 ) ;
#5768 = DIRECTION ( 'NONE',  ( 0.000000000000000000, -1.000000000000000000, 4.845596301611192898E-17 ) ) ;
#5769 = VECTOR ( 'NONE', #5743, 1000.000000000000000 ) ;
#5770 = ORIENTED_EDGE ( 'NONE', *, *, #5747, .F. ) ;
#5771 = VERTEX_POINT ( 'NONE', #8781 ) ;
#5772 = CARTESIAN_POINT ( 'NONE',  ( -7.679999999999999716, 12.80000000000000071, -2.875000000000000888 ) ) ;
#5773 = CARTESIAN_POINT ( 'NONE',  ( -2.234999999999996323, 12.80000000000000071, -4.324999999999996625 ) ) ;
#5774 = VECTOR ( 'NONE', #6274, 1000.000000000000000 ) ;
#5775 = EDGE_CURVE ( 'NONE', #5157, #4346, #4642, .T. ) ;
#5776 = DIRECTION ( 'NONE',  ( 0.000000000000000000, 0.000000000000000000, -1.000000000000000000 ) ) ;
#5777 = LINE ( 'NONE', #3322, #7418 ) ;
#5778 = DIRECTION ( 'NONE',  ( 0.000000000000000000, 0.000000000000000000, -1.000000000000000000 ) ) ;
#5779 = ORIENTED_EDGE ( 'NONE', *, *, #4525, .F. ) ;
#5780 = VECTOR ( 'NONE', #8394, 1000.000000000000000 ) ;
#5781 = PLANE ( 'NONE',  #8369 ) ;
#5782 = AXIS2_PLACEMENT_3D ( 'NONE', #10535, #3887, #10484 ) ;
#5783 = CARTESIAN_POINT ( 'NONE',  ( -1.600000000000002531, 8.400000000000000355, -0.4750000000000014766 ) ) ;
#5784 = FACE_OUTER_BOUND ( 'NONE', #7561, .T. ) ;
#5785 = AXIS2_PLACEMENT_3D ( 'NONE', #1504, #5419, #10595 ) ;
#5786 = VECTOR ( 'NONE', #3710, 1000.000000000000000 ) ;
#5787 = ORIENTED_EDGE ( 'NONE', *, *, #8171, .F. ) ;
#5788 = CARTESIAN_POINT ( 'NONE',  ( 9.200000000000001066, 4.800000000000000711, 7.875000000000000000 ) ) ;
#5789 = PLANE ( 'NONE',  #7001 ) ;
#5790 = AXIS2_PLACEMENT_3D ( 'NONE', #7305, #7460, #5672 ) ;
#5791 = EDGE_CURVE ( 'NONE', #9631, #8932, #10485, .T. ) ;
#5792 = DIRECTION ( 'NONE',  ( -0.000000000000000000, -0.000000000000000000, 1.000000000000000000 ) ) ;
#5793 = EDGE_CURVE ( 'NONE', #2776, #307, #4695, .T. ) ;
#5794 = CYLINDRICAL_SURFACE ( 'NONE', #7693, 0.2000000000000005107 ) ;
#5795 = VERTEX_POINT ( 'NONE', #4870 ) ;
#5796 = DIRECTION ( 'NONE',  ( 1.000000000000000000, -0.000000000000000000, 0.000000000000000000 ) ) ;
#5797 = VECTOR ( 'NONE', #3821, 1000.000000000000000 ) ;
#5798 = ORIENTED_EDGE ( 'NONE', *, *, #24, .T. ) ;
#5799 = ADVANCED_FACE ( 'NONE', ( #576 ), #6340, .F. ) ;
#5800 = VECTOR ( 'NONE', #5401, 1000.000000000000000 ) ;
#5801 = ORIENTED_EDGE ( 'NONE', *, *, #349, .T. ) ;
#5802 = DIRECTION ( 'NONE',  ( -0.000000000000000000, -0.000000000000000000, 1.000000000000000000 ) ) ;
#5803 = CARTESIAN_POINT ( 'NONE',  ( -8.999999999999998224, 12.80000000000000071, 4.325000000000001954 ) ) ;
#5804 = ADVANCED_FACE ( 'NONE', ( #8076 ), #8016, .F. ) ;
#5805 = FACE_OUTER_BOUND ( 'NONE', #7060, .T. ) ;
#5806 = VERTEX_POINT ( 'NONE', #7375 ) ;
#5807 = EDGE_CURVE ( 'NONE', #10724, #7556, #5576, .T. ) ;
#5808 = EDGE_CURVE ( 'NONE', #9242, #9484, #10537, .T. ) ;
#5809 = DIRECTION ( 'NONE',  ( 0.000000000000000000, 0.3420201433256692125, -0.9396926207859083169 ) ) ;
#5810 = ORIENTED_EDGE ( 'NONE', *, *, #9096, .F. ) ;
#5811 = ORIENTED_EDGE ( 'NONE', *, *, #2595, .T. ) ;
#5812 = CARTESIAN_POINT ( 'NONE',  ( -7.000000000000002665, 0.000000000000000000, -0.07500000000000084377 ) ) ;
#5813 = AXIS2_PLACEMENT_3D ( 'NONE', #7822, #7879, #2820 ) ;
#5814 = VERTEX_POINT ( 'NONE', #7575 ) ;
#5815 = CARTESIAN_POINT ( 'NONE',  ( 10.20000000000000284, 12.80000000000000071, 5.024999999999999467 ) ) ;
#5816 = LINE ( 'NONE', #1525, #7849 ) ;
#5817 = PLANE ( 'NONE',  #3100 ) ;
#5818 = DIRECTION ( 'NONE',  ( 0.000000000000000000, 0.000000000000000000, -1.000000000000000000 ) ) ;
#5819 = DIRECTION ( 'NONE',  ( -0.000000000000000000, -1.000000000000000000, -0.000000000000000000 ) ) ;
#5820 = VERTEX_POINT ( 'NONE', #3440 ) ;
#5821 = CARTESIAN_POINT ( 'NONE',  ( 10.20000000000000284, 0.000000000000000000, -5.025000000000000355 ) ) ;
#5822 = ORIENTED_EDGE ( 'NONE', *, *, #6408, .F. ) ;
#5823 = FACE_OUTER_BOUND ( 'NONE', #10175, .T. ) ;
#5824 = VERTEX_POINT ( 'NONE', #183 ) ;
#5825 = EDGE_LOOP ( 'NONE', ( #1866, #9793, #1227, #7909 ) ) ;
#5826 = FACE_OUTER_BOUND ( 'NONE', #2694, .T. ) ;
#5827 = CARTESIAN_POINT ( 'NONE',  ( -6.999999999999997335, 5.849999999999999645, -7.850000000000003197 ) ) ;
#5828 = LINE ( 'NONE', #6642, #4857 ) ;
#5829 = DIRECTION ( 'NONE',  ( -1.577021341797097314E-16, -0.000000000000000000, -1.000000000000000000 ) ) ;
#5830 = CARTESIAN_POINT ( 'NONE',  ( -2.750000000000000000, 0.9155523756961149173, -3.025000000000001243 ) ) ;
#5831 = EDGE_LOOP ( 'NONE', ( #3945, #9577, #4267, #9955 ) ) ;
#5832 = DIRECTION ( 'NONE',  ( 0.000000000000000000, 0.000000000000000000, 1.000000000000000000 ) ) ;
#5833 = CARTESIAN_POINT ( 'NONE',  ( 1.999999999999996669, 0.000000000000000000, -0.4750000000000014766 ) ) ;
#5834 = FACE_OUTER_BOUND ( 'NONE', #9250, .T. ) ;
#5835 = ADVANCED_FACE ( 'NONE', ( #5126 ), #3335, .T. ) ;
#5836 = ORIENTED_EDGE ( 'NONE', *, *, #5167, .T. ) ;
#5837 = DIRECTION ( 'NONE',  ( 0.000000000000000000, 0.000000000000000000, -1.000000000000000000 ) ) ;
#5838 = CARTESIAN_POINT ( 'NONE',  ( 0.6999999999999975131, 8.400000000000000355, -0.4750000000000014766 ) ) ;
#5839 = PLANE ( 'NONE',  #4483 ) ;
#5840 = DIRECTION ( 'NONE',  ( -0.000000000000000000, 1.000000000000000000, -0.000000000000000000 ) ) ;
#5841 = ORIENTED_EDGE ( 'NONE', *, *, #10723, .F. ) ;
#5842 = CARTESIAN_POINT ( 'NONE',  ( 9.000000000000000000, 12.28038475772934035, -4.025000000000001243 ) ) ;
#5843 = ORIENTED_EDGE ( 'NONE', *, *, #7854, .T. ) ;
#5844 = VECTOR ( 'NONE', #6539, 1000.000000000000000 ) ;
#5845 = EDGE_CURVE ( 'NONE', #5204, #2325, #3047, .T. ) ;
#5846 = EDGE_CURVE ( 'NONE', #6824, #8422, #6602, .T. ) ;
#5847 = ORIENTED_EDGE ( 'NONE', *, *, #6265, .F. ) ;
#5848 = CARTESIAN_POINT ( 'NONE',  ( 10.20000000000000284, 4.800000000000000711, 5.025000000000001243 ) ) ;
#5849 = ORIENTED_EDGE ( 'NONE', *, *, #3132, .T. ) ;
#5850 = EDGE_CURVE ( 'NONE', #8182, #3374, #6551, .T. ) ;
#5851 = CARTESIAN_POINT ( 'NONE',  ( 10.20000000000000284, -1.574999999999999512, 5.375000000000000000 ) ) ;
#5852 = CARTESIAN_POINT ( 'NONE',  ( -5.599999999999996980, -1.250000000000001332, 2.425000000000000266 ) ) ;
#5853 = VECTOR ( 'NONE', #8795, 1000.000000000000000 ) ;
#5854 = ITEM_DEFINED_TRANSFORMATION ( 'NONE', 'NONE', #196,  #10230 ) ;
#5855 = ORIENTED_EDGE ( 'NONE', *, *, #1995, .F. ) ;
#5856 = EDGE_CURVE ( 'NONE', #3907, #4624, #1811, .T. ) ;
#5857 = CARTESIAN_POINT ( 'NONE',  ( 10.20000000000000284, -3.999999999999999112, 2.924999999999999822 ) ) ;
#5858 = VECTOR ( 'NONE', #10386, 1000.000000000000000 ) ;
#5859 = ORIENTED_EDGE ( 'NONE', *, *, #7241, .T. ) ;
#5860 = VERTEX_POINT ( 'NONE', #4157 ) ;
#5861 = LINE ( 'NONE', #9182, #2622 ) ;
#5862 = EDGE_CURVE ( 'NONE', #3831, #6995, #9985, .T. ) ;
#5863 = ORIENTED_EDGE ( 'NONE', *, *, #2414, .F. ) ;
#5864 = LINE ( 'NONE', #208, #5158 ) ;
#5865 = DIRECTION ( 'NONE',  ( -1.000000000000000000, 0.000000000000000000, -0.000000000000000000 ) ) ;
#5866 = LINE ( 'NONE', #6118, #9789 ) ;
#5867 = DIRECTION ( 'NONE',  ( 1.000000000000000000, 0.000000000000000000, 0.000000000000000000 ) ) ;
#5868 = LINE ( 'NONE', #6575, #6812 ) ;
#5869 = FACE_OUTER_BOUND ( 'NONE', #2385, .T. ) ;
#5870 = AXIS2_PLACEMENT_3D ( 'NONE', #10253, #6270, #2785 ) ;
#5871 = ORIENTED_EDGE ( 'NONE', *, *, #1069, .T. ) ;
#5872 = DIRECTION ( 'NONE',  ( 1.000000000000000000, 0.000000000000000000, 0.000000000000000000 ) ) ;
#5873 = EDGE_CURVE ( 'NONE', #2641, #8932, #4207, .T. ) ;
#5874 = VERTEX_POINT ( 'NONE', #7529 ) ;
#5875 = DIRECTION ( 'NONE',  ( 1.000000000000000000, 0.000000000000000000, 0.000000000000000000 ) ) ;
#5876 = AXIS2_PLACEMENT_3D ( 'NONE', #788, #8117, #4805 ) ;
#5878 = EDGE_LOOP ( 'NONE', ( #2058, #6016, #4244, #662 ) ) ;
#5877 = EDGE_CURVE ( 'NONE', #6722, #8091, #2419, .T. ) ;
#5879 = ORIENTED_EDGE ( 'NONE', *, *, #7077, .F. ) ;
#5880 = CARTESIAN_POINT ( 'NONE',  ( -10.04166666666665897, 1.466666666666670560, 5.291666666666678509 ) ) ;
#5881 = CARTESIAN_POINT ( 'NONE',  ( 8.950000000000002842, -3.999999999999999112, -3.375000000000000444 ) ) ;
#5882 = CARTESIAN_POINT ( 'NONE',  ( -0.6999999999999975131, -1.250000000000001332, 4.025000000000000355 ) ) ;
#5883 = DIRECTION ( 'NONE',  ( -0.000000000000000000, -1.000000000000000000, -0.000000000000000000 ) ) ;
#5884 = DIRECTION ( 'NONE',  ( 0.000000000000000000, 1.000000000000000000, 0.000000000000000000 ) ) ;
#5885 = VECTOR ( 'NONE', #7671, 1000.000000000000000 ) ;
#5886 = ORIENTED_EDGE ( 'NONE', *, *, #9050, .T. ) ;
#5887 = CARTESIAN_POINT ( 'NONE',  ( -7.980000000000001315, 1.385786437626903345, -2.375000000000000000 ) ) ;
#5888 = VECTOR ( 'NONE', #8277, 1000.000000000000000 ) ;
#5889 = CARTESIAN_POINT ( 'NONE',  ( -10.20000000000000284, -4.999999999999999112, 4.025000000000000355 ) ) ;
#5890 = CARTESIAN_POINT ( 'NONE',  ( -10.20000000000000284, -3.024999999999999467, 5.375000000000000000 ) ) ;
#5891 = AXIS2_PLACEMENT_3D ( 'NONE', #1632, #7291, #1417 ) ;
#5892 = ORIENTED_EDGE ( 'NONE', *, *, #262, .F. ) ;
#5893 = DIRECTION ( 'NONE',  ( 0.000000000000000000, 1.376764663473656956E-16, -1.000000000000000000 ) ) ;
#5894 = PLANE ( 'NONE',  #8553 ) ;
#5895 = DIRECTION ( 'NONE',  ( 0.000000000000000000, -1.000000000000000000, 0.000000000000000000 ) ) ;
#5896 = DIRECTION ( 'NONE',  ( 0.000000000000000000, 0.000000000000000000, 1.000000000000000000 ) ) ;
#5897 = ORIENTED_EDGE ( 'NONE', *, *, #1071, .T. ) ;
#5898 = DIRECTION ( 'NONE',  ( 6.629166166301579127E-17, -0.9396926207859080948, 0.3420201433256696566 ) ) ;
#5899 = EDGE_LOOP ( 'NONE', ( #2980, #6385, #9028, #6272 ) ) ;
#5900 = DIRECTION ( 'NONE',  ( -0.000000000000000000, -0.000000000000000000, 1.000000000000000000 ) ) ;
#5901 = VECTOR ( 'NONE', #1978, 1000.000000000000000 ) ;
#5902 = ADVANCED_FACE ( 'NONE', ( #7475 ), #8239, .T. ) ;
#5903 = ORIENTED_EDGE ( 'NONE', *, *, #5747, .T. ) ;
#5904 = CARTESIAN_POINT ( 'NONE',  ( 10.20000000000000284, 2.599999999999992983, 5.024999999999999467 ) ) ;
#5905 = ORIENTED_EDGE ( 'NONE', *, *, #2740, .F. ) ;
#5906 = LINE ( 'NONE', #10049, #993 ) ;
#5907 = ADVANCED_FACE ( 'NONE', ( #795 ), #5789, .T. ) ;
#5908 = ORIENTED_EDGE ( 'NONE', *, *, #9540, .T. ) ;
#5909 = CARTESIAN_POINT ( 'NONE',  ( 8.950000000000002842, -1.224999999999998757, 4.025000000000000355 ) ) ;
#5910 = ORIENTED_EDGE ( 'NONE', *, *, #5488, .F. ) ;
#5911 = EDGE_LOOP ( 'NONE', ( #4472, #5871, #5701, #2613 ) ) ;
#5912 = CARTESIAN_POINT ( 'NONE',  ( 5.599999999999996980, -3.350000000000000977, 0.2249999999999982014 ) ) ;
#5913 = ORIENTED_EDGE ( 'NONE', *, *, #3006, .T. ) ;
#5914 = CARTESIAN_POINT ( 'NONE',  ( -6.999999999999997335, -1.887878387081804998, -8.150000000000002132 ) ) ;
#5915 = DIRECTION ( 'NONE',  ( -0.000000000000000000, 0.000000000000000000, 1.000000000000000000 ) ) ;
#5916 = AXIS2_PLACEMENT_3D ( 'NONE', #968, #4282, #3517 ) ;
#5917 = EDGE_CURVE ( 'NONE', #3374, #252, #10088, .T. ) ;
#5918 = DIRECTION ( 'NONE',  ( 0.000000000000000000, 0.000000000000000000, -1.000000000000000000 ) ) ;
#5919 = PLANE ( 'NONE',  #4902 ) ;
#5920 = EDGE_CURVE ( 'NONE', #2269, #605, #950, .T. ) ;
#5921 = ORIENTED_EDGE ( 'NONE', *, *, #8695, .T. ) ;
#5922 = FACE_BOUND ( 'NONE', #3797, .T. ) ;
#5923 = ADVANCED_FACE ( 'NONE', ( #5076 ), #5894, .F. ) ;
#5924 = VECTOR ( 'NONE', #7222, 1000.000000000000000 ) ;
#5925 = VERTEX_POINT ( 'NONE', #3389 ) ;
#5926 = CARTESIAN_POINT ( 'NONE',  ( -8.950000000000002842, -3.999999999999999112, -3.375000000000000444 ) ) ;
#5927 = ORIENTED_EDGE ( 'NONE', *, *, #8709, .T. ) ;
#5928 = ORIENTED_EDGE ( 'NONE', *, *, #7717, .F. ) ;
#5929 = CARTESIAN_POINT ( 'NONE',  ( -1.934999999999999165, 2.800000000000000266, -4.024999999999999467 ) ) ;
#5930 = LINE ( 'NONE', #9357, #2150 ) ;
#5931 = LINE ( 'NONE', #1100, #5885 ) ;
#5932 = DIRECTION ( 'NONE',  ( -1.577021341797097314E-16, -0.000000000000000000, -1.000000000000000000 ) ) ;
#5933 = DIRECTION ( 'NONE',  ( 0.000000000000000000, 0.000000000000000000, 1.000000000000000000 ) ) ;
#5934 = EDGE_CURVE ( 'NONE', #7674, #1234, #6709, .T. ) ;
#5935 = ORIENTED_EDGE ( 'NONE', *, *, #4650, .F. ) ;
#5936 = CARTESIAN_POINT ( 'NONE',  ( -8.999999999999998224, 2.800000000000000266, 1.724999999999999201 ) ) ;
#5937 = DIRECTION ( 'NONE',  ( 1.000000000000000000, 0.000000000000000000, 0.000000000000000000 ) ) ;
#5938 = EDGE_CURVE ( 'NONE', #233, #8424, #10034, .T. ) ;
#5939 = VECTOR ( 'NONE', #7777, 1000.000000000000000 ) ;
#5940 = CARTESIAN_POINT ( 'NONE',  ( 2.900000000000001688, 2.800000000000002043, 2.124999999999999112 ) ) ;
#5941 = VECTOR ( 'NONE', #2530, 1000.000000000000000 ) ;
#5942 = ORIENTED_EDGE ( 'NONE', *, *, #4187, .T. ) ;
#5943 = DIRECTION ( 'NONE',  ( 0.000000000000000000, 1.000000000000000000, 0.000000000000000000 ) ) ;
#5944 = DIRECTION ( 'NONE',  ( -1.000000000000000000, 0.000000000000000000, 0.000000000000000000 ) ) ;
#5945 = AXIS2_PLACEMENT_3D ( 'NONE', #8279, #1649, #4253 ) ;
#5946 = CARTESIAN_POINT ( 'NONE',  ( -0.6999999999999975131, -1.250000000000001332, 2.924999999999999822 ) ) ;
#5947 = CARTESIAN_POINT ( 'NONE',  ( -6.999999999999995559, 5.450000000000000178, 3.600000000000000977 ) ) ;
#5948 = VECTOR ( 'NONE', #242, 1000.000000000000000 ) ;
#5949 = ORIENTED_EDGE ( 'NONE', *, *, #344, .T. ) ;
#5950 = DIRECTION ( 'NONE',  ( 0.000000000000000000, 1.000000000000000000, 0.000000000000000000 ) ) ;
#5951 = EDGE_LOOP ( 'NONE', ( #6566, #355, #6423, #3448 ) ) ;
#5952 = DIRECTION ( 'NONE',  ( -0.000000000000000000, -1.000000000000000000, -0.000000000000000000 ) ) ;
#5953 = DIRECTION ( 'NONE',  ( -0.000000000000000000, 0.000000000000000000, 1.000000000000000000 ) ) ;
#5954 = VECTOR ( 'NONE', #5688, 1000.000000000000000 ) ;
#5955 = VECTOR ( 'NONE', #2507, 1000.000000000000000 ) ;
#5956 = ORIENTED_EDGE ( 'NONE', *, *, #6741, .F. ) ;
#5957 = CARTESIAN_POINT ( 'NONE',  ( 7.980000000000004867, 1.385786437626903345, -2.875000000000002665 ) ) ;
#5958 = DIRECTION ( 'NONE',  ( -0.000000000000000000, 1.000000000000000000, -0.000000000000000000 ) ) ;
#5959 = ORIENTED_EDGE ( 'NONE', *, *, #6239, .F. ) ;
#5960 = AXIS2_PLACEMENT_3D ( 'NONE', #3912, #5605, #8097 ) ;
#5961 = DIRECTION ( 'NONE',  ( -0.000000000000000000, -1.000000000000000000, -0.000000000000000000 ) ) ;
#5962 = EDGE_LOOP ( 'NONE', ( #8804, #7965, #6251, #2173, #2352, #3227, #10362, #2298, #136, #8162, #6685, #6080, #2239, #4155, #8053, #1836, #1075, #677, #1181, #4713, #7164, #6477, #6639 ) ) ;
#5963 = VECTOR ( 'NONE', #8942, 1000.000000000000000 ) ;
#5964 = CARTESIAN_POINT ( 'NONE',  ( 0.000000000000000000, 0.000000000000000000, 1.724999999999999423 ) ) ;
#5965 = ORIENTED_EDGE ( 'NONE', *, *, #1138, .T. ) ;
#5966 = EDGE_CURVE ( 'NONE', #3758, #4466, #9269, .T. ) ;
#5967 = ORIENTED_EDGE ( 'NONE', *, *, #5986, .T. ) ;
#5968 = DIRECTION ( 'NONE',  ( 1.000000000000000000, 0.000000000000000000, -0.000000000000000000 ) ) ;
#5969 = ORIENTED_EDGE ( 'NONE', *, *, #5465, .F. ) ;
#5970 = DIRECTION ( 'NONE',  ( -0.000000000000000000, -1.000000000000000000, -0.000000000000000000 ) ) ;
#5971 = CARTESIAN_POINT ( 'NONE',  ( 3.950000000000000178, 0.9155523756961149173, -3.025000000000001243 ) ) ;
#5972 =( NAMED_UNIT ( * ) PLANE_ANGLE_UNIT ( ) SI_UNIT ( $, .RADIAN. ) );
#5973 = FACE_OUTER_BOUND ( 'NONE', #5428, .T. ) ;
#5974 = ORIENTED_EDGE ( 'NONE', *, *, #4779, .F. ) ;
#5975 = ORIENTED_EDGE ( 'NONE', *, *, #826, .T. ) ;
#5976 = CARTESIAN_POINT ( 'NONE',  ( -5.200000000000002842, 8.400000000000000355, -0.4750000000000010325 ) ) ;
#5977 = VERTEX_POINT ( 'NONE', #5348 ) ;
#5978 = EDGE_CURVE ( 'NONE', #7425, #6691, #2729, .T. ) ;
#5979 = ADVANCED_FACE ( 'NONE', ( #5995 ), #351, .F. ) ;
#5980 = CARTESIAN_POINT ( 'NONE',  ( 4.274999999999999467, 2.600000000000001421, -4.025000000000004796 ) ) ;
#5981 = VERTEX_POINT ( 'NONE', #7036 ) ;
#5982 = ORIENTED_EDGE ( 'NONE', *, *, #1298, .T. ) ;
#5983 = DIRECTION ( 'NONE',  ( 1.000000000000000000, 0.000000000000000000, 0.000000000000000000 ) ) ;
#5984 = DIRECTION ( 'NONE',  ( 2.168404344971017151E-15, 0.000000000000000000, 1.000000000000000000 ) ) ;
#5985 = DIRECTION ( 'NONE',  ( 0.000000000000000000, 0.000000000000000000, -1.000000000000000000 ) ) ;
#5986 = EDGE_CURVE ( 'NONE', #9570, #7197, #1271, .T. ) ;
#5987 = LINE ( 'NONE', #4412, #2208 ) ;
#5988 = DIRECTION ( 'NONE',  ( 0.000000000000000000, -1.000000000000000000, 0.000000000000000000 ) ) ;
#5989 = EDGE_LOOP ( 'NONE', ( #3526, #8807, #3727, #753 ) ) ;
#5990 = LINE ( 'NONE', #5936, #10294 ) ;
#5991 = LINE ( 'NONE', #9312, #1784 ) ;
#5992 = CARTESIAN_POINT ( 'NONE',  ( 10.20000000000000284, 12.80000000000000071, 5.024999999999999467 ) ) ;
#5993 = ORIENTED_EDGE ( 'NONE', *, *, #9249, .F. ) ;
#5994 = DIRECTION ( 'NONE',  ( 1.000000000000000000, 0.000000000000000000, 0.000000000000000000 ) ) ;
#5995 = FACE_OUTER_BOUND ( 'NONE', #8918, .T. ) ;
#5996 = EDGE_CURVE ( 'NONE', #205, #4624, #10305, .T. ) ;
#5997 = DIRECTION ( 'NONE',  ( 1.000000000000000000, -0.000000000000000000, 0.000000000000000000 ) ) ;
#5998 = CARTESIAN_POINT ( 'NONE',  ( 2.900000000000001688, 2.800000000000002043, 1.724999999999998979 ) ) ;
#5999 = EDGE_CURVE ( 'NONE', #981, #10609, #3551, .T. ) ;
#6000 = VERTEX_POINT ( 'NONE', #6212 ) ;
#6001 = ORIENTED_EDGE ( 'NONE', *, *, #3214, .F. ) ;
#6002 = ORIENTED_EDGE ( 'NONE', *, *, #240, .T. ) ;
#6003 = DIRECTION ( 'NONE',  ( 0.000000000000000000, 0.000000000000000000, 1.000000000000000000 ) ) ;
#6004 = ORIENTED_EDGE ( 'NONE', *, *, #7215, .F. ) ;
#6005 = DIRECTION ( 'NONE',  ( 0.000000000000000000, 0.000000000000000000, 1.000000000000000000 ) ) ;
#6006 = DIRECTION ( 'NONE',  ( -0.000000000000000000, 0.000000000000000000, 1.000000000000000000 ) ) ;
#6007 = ORIENTED_EDGE ( 'NONE', *, *, #4984, .F. ) ;
#6008 = EDGE_CURVE ( 'NONE', #8901, #1117, #10147, .T. ) ;
#6009 = DIRECTION ( 'NONE',  ( -0.000000000000000000, 0.000000000000000000, 1.000000000000000000 ) ) ;
#6010 = VECTOR ( 'NONE', #7678, 1000.000000000000114 ) ;
#6011 = ITEM_DEFINED_TRANSFORMATION ( 'NONE', 'NONE', #4886,  #10230 ) ;
#6012 = ORIENTED_EDGE ( 'NONE', *, *, #8608, .F. ) ;
#6013 = PLANE ( 'NONE',  #9021 ) ;
#6014 = ORIENTED_EDGE ( 'NONE', *, *, #1914, .T. ) ;
#6015 = VECTOR ( 'NONE', #10295, 1000.000000000000000 ) ;
#6016 = ORIENTED_EDGE ( 'NONE', *, *, #10320, .T. ) ;
#6017 = LINE ( 'NONE', #8468, #1061 ) ;
#6018 = VERTEX_POINT ( 'NONE', #401 ) ;
#6019 = CARTESIAN_POINT ( 'NONE',  ( -1.100000000000002087, -3.350000000000000977, 0.2249999999999999500 ) ) ;
#6020 = LINE ( 'NONE', #6735, #695 ) ;
#6021 = CARTESIAN_POINT ( 'NONE',  ( -5.599999999999992539, -1.887878387081804998, -6.050000000000002487 ) ) ;
#6022 = CARTESIAN_POINT ( 'NONE',  ( -6.099999999999997868, 8.399999999999998579, 1.724999999999999645 ) ) ;
#6023 = ORIENTED_EDGE ( 'NONE', *, *, #7339, .F. ) ;
#6024 = ORIENTED_EDGE ( 'NONE', *, *, #3527, .F. ) ;
#6025 = EDGE_CURVE ( 'NONE', #10560, #9098, #243, .T. ) ;
#6026 = VECTOR ( 'NONE', #2549, 1000.000000000000000 ) ;
#6027 = CARTESIAN_POINT ( 'NONE',  ( -2.900000000000002576, 8.400000000000000355, -0.07500000000000084377 ) ) ;
#6028 = ORIENTED_EDGE ( 'NONE', *, *, #86, .F. ) ;
#6029 = CARTESIAN_POINT ( 'NONE',  ( 0.000000000000000000, 0.000000000000000000, -0.07500000000000084377 ) ) ;
#6030 = ORIENTED_EDGE ( 'NONE', *, *, #2154, .F. ) ;
#6031 = ORIENTED_EDGE ( 'NONE', *, *, #6363, .F. ) ;
#6032 = CARTESIAN_POINT ( 'NONE',  ( 0.6999999999999975131, -3.750000000000001332, 0.2249999999999999500 ) ) ;
#6033 = AXIS2_PLACEMENT_3D ( 'NONE', #3391, #2577, #5895 ) ;
#6034 = DIRECTION ( 'NONE',  ( 1.000000000000000000, 0.000000000000000000, 0.000000000000000000 ) ) ;
#6035 = DIRECTION ( 'NONE',  ( -1.000000000000000000, 0.000000000000000000, 0.000000000000000000 ) ) ;
#6036 = PLANE ( 'NONE',  #10025 ) ;
#6037 = LINE ( 'NONE', #232, #7275 ) ;
#6038 = ORIENTED_EDGE ( 'NONE', *, *, #1017, .T. ) ;
#6039 = EDGE_CURVE ( 'NONE', #505, #10483, #4475, .T. ) ;
#6040 = DIRECTION ( 'NONE',  ( -0.000000000000000000, 0.000000000000000000, 1.000000000000000000 ) ) ;
#6041 = FACE_OUTER_BOUND ( 'NONE', #1311, .T. ) ;
#6042 = CARTESIAN_POINT ( 'NONE',  ( -3.950000000000000178, 10.05000000000000071, -1.736124513398789038 ) ) ;
#6043 = ORIENTED_EDGE ( 'NONE', *, *, #4048, .F. ) ;
#6044 = CARTESIAN_POINT ( 'NONE',  ( 3.575000000000000178, 10.50000000000000000, -4.025000000000004796 ) ) ;
#6045 = DIRECTION ( 'NONE',  ( 0.000000000000000000, -1.000000000000000000, 0.000000000000000000 ) ) ;
#6046 = VECTOR ( 'NONE', #2072, 1000.000000000000000 ) ;
#6047 = FACE_OUTER_BOUND ( 'NONE', #198, .T. ) ;
#6048 = DIRECTION ( 'NONE',  ( -1.000000000000000000, -0.000000000000000000, 1.515042337097647644E-16 ) ) ;
#6049 = FACE_OUTER_BOUND ( 'NONE', #1537, .T. ) ;
#6050 = ORIENTED_EDGE ( 'NONE', *, *, #8514, .T. ) ;
#6051 = CIRCLE ( 'NONE', #8837, 0.5000000000000002220 ) ;
#6052 = EDGE_CURVE ( 'NONE', #8028, #6897, #9542, .T. ) ;
#6053 = VERTEX_POINT ( 'NONE', #9372 ) ;
#6054 = EDGE_CURVE ( 'NONE', #3099, #437, #9319, .T. ) ;
#6055 = LINE ( 'NONE', #5240, #9078 ) ;
#6056 = CARTESIAN_POINT ( 'NONE',  ( 0.000000000000000000, 0.000000000000000000, 1.724999999999999645 ) ) ;
#6057 = VECTOR ( 'NONE', #587, 1000.000000000000114 ) ;
#6058 = VECTOR ( 'NONE', #9084, 1000.000000000000000 ) ;
#6059 = ADVANCED_FACE ( 'NONE', ( #2782 ), #2681, .F. ) ;
#6060 = EDGE_LOOP ( 'NONE', ( #3050, #1781, #2335, #4219 ) ) ;
#6061 = LINE ( 'NONE', #1928, #5250 ) ;
#6062 = LINE ( 'NONE', #1233, #1954 ) ;
#6063 = ORIENTED_EDGE ( 'NONE', *, *, #5258, .F. ) ;
#6064 = DIRECTION ( 'NONE',  ( 0.000000000000000000, 0.000000000000000000, 1.000000000000000000 ) ) ;
#6065 = LINE ( 'NONE', #9135, #10489 ) ;
#6066 = AXIS2_PLACEMENT_3D ( 'NONE', #3602, #2539, #10196 ) ;
#6067 = VERTEX_POINT ( 'NONE', #8499 ) ;
#6068 = EDGE_CURVE ( 'NONE', #10217, #2561, #8552, .T. ) ;
#6069 = AXIS2_PLACEMENT_3D ( 'NONE', #7570, #9264, #6153 ) ;
#6070 = CARTESIAN_POINT ( 'NONE',  ( 7.980000000000001315, 12.28038475772934035, -3.825000000000000622 ) ) ;
#6071 = EDGE_CURVE ( 'NONE', #7629, #6677, #1112, .T. ) ;
#6072 = ORIENTED_EDGE ( 'NONE', *, *, #2944, .F. ) ;
#6073 = EDGE_LOOP ( 'NONE', ( #4487, #9209, #6350, #7287 ) ) ;
#6074 = CARTESIAN_POINT ( 'NONE',  ( 9.900000000000002132, 12.80000000000000071, -4.724999999999999645 ) ) ;
#6075 = ORIENTED_EDGE ( 'NONE', *, *, #8785, .T. ) ;
#6076 = CARTESIAN_POINT ( 'NONE',  ( 4.299999999999998046, -3.350000000000000977, 2.924999999999999822 ) ) ;
#6077 = LINE ( 'NONE', #5319, #858 ) ;
#6078 = LINE ( 'NONE', #6021, #8832 ) ;
#6079 = PLANE ( 'NONE',  #9243 ) ;
#6080 = ORIENTED_EDGE ( 'NONE', *, *, #6678, .T. ) ;
#6081 = VERTEX_POINT ( 'NONE', #3653 ) ;
#6082 = FACE_BOUND ( 'NONE', #5314, .T. ) ;
#6083 = ORIENTED_EDGE ( 'NONE', *, *, #3122, .T. ) ;
#6084 = LINE ( 'NONE', #5109, #10064 ) ;
#6085 = ORIENTED_EDGE ( 'NONE', *, *, #2856, .F. ) ;
#6086 = EDGE_LOOP ( 'NONE', ( #10056, #966, #5284, #7722 ) ) ;
#6087 = LINE ( 'NONE', #9252, #9433 ) ;
#6088 = CARTESIAN_POINT ( 'NONE',  ( 2.875000000000000000, 11.90000000000000036, -5.024999999999999467 ) ) ;
#6089 = DIRECTION ( 'NONE',  ( 1.000000000000000000, 0.000000000000000000, 0.000000000000000000 ) ) ;
#6090 = CARTESIAN_POINT ( 'NONE',  ( 0.000000000000000000, 0.000000000000000000, -0.4750000000000014766 ) ) ;
#6091 = CARTESIAN_POINT ( 'NONE',  ( -8.950000000000004619, 0.000000000000000000, 2.925000000000000711 ) ) ;
#6092 = ORIENTED_EDGE ( 'NONE', *, *, #5873, .F. ) ;
#6093 = DIRECTION ( 'NONE',  ( -1.000000000000000000, 0.000000000000000000, 0.000000000000000000 ) ) ;
#6094 = AXIS2_PLACEMENT_3D ( 'NONE', #9794, #2280, #8920 ) ;
#6095 = LINE ( 'NONE', #9421, #9785 ) ;
#6096 = DIRECTION ( 'NONE',  ( 0.000000000000000000, 0.000000000000000000, -1.000000000000000000 ) ) ;
#6097 = ORIENTED_EDGE ( 'NONE', *, *, #7854, .F. ) ;
#6098 = ADVANCED_FACE ( 'NONE', ( #2842, #4583, #5400, #297, #6978, #8663, #6157, #6925, #2029, #8715, #10251, #6100, #9428, #10524, #8770, #3002, #2187 ), #2949, .T. ) ;
#6099 = DIRECTION ( 'NONE',  ( 0.000000000000000000, 0.000000000000000000, 1.000000000000000000 ) ) ;
#6100 = FACE_BOUND ( 'NONE', #8529, .T. ) ;
#6101 = DIRECTION ( 'NONE',  ( 0.000000000000000000, 0.000000000000000000, -1.000000000000000000 ) ) ;
#6102 = DIRECTION ( 'NONE',  ( -1.000000000000000000, 0.000000000000000000, 2.478176394252581338E-15 ) ) ;
#6103 = LINE ( 'NONE', #5947, #8223 ) ;
#6104 = ORIENTED_EDGE ( 'NONE', *, *, #1160, .F. ) ;
#6105 = VERTEX_POINT ( 'NONE', #3052 ) ;
#6106 = DIRECTION ( 'NONE',  ( -0.000000000000000000, 0.000000000000000000, 1.000000000000000000 ) ) ;
#6107 = CIRCLE ( 'NONE', #1936, 0.2999999999999999334 ) ;
#6108 = CARTESIAN_POINT ( 'NONE',  ( -1.999999999999997335, -0.8500000000000011990, 2.425000000000000266 ) ) ;
#6109 = AXIS2_PLACEMENT_3D ( 'NONE', #5069, #4356, #8386 ) ;
#6110 = ORIENTED_EDGE ( 'NONE', *, *, #4087, .T. ) ;
#6111 = EDGE_CURVE ( 'NONE', #8467, #2098, #2300, .T. ) ;
#6112 = VECTOR ( 'NONE', #2984, 1000.000000000000000 ) ;
#6113 = EDGE_CURVE ( 'NONE', #6372, #9213, #562, .T. ) ;
#6114 = DIRECTION ( 'NONE',  ( 0.000000000000000000, 0.000000000000000000, -1.000000000000000000 ) ) ;
#6115 = DIRECTION ( 'NONE',  ( 0.000000000000000000, 1.000000000000000000, 0.000000000000000000 ) ) ;
#6116 = EDGE_LOOP ( 'NONE', ( #838, #3263, #1693, #1788 ) ) ;
#6117 = DIRECTION ( 'NONE',  ( -0.000000000000000000, 1.000000000000000000, 0.000000000000000000 ) ) ;
#6118 = CARTESIAN_POINT ( 'NONE',  ( -10.20000000000000107, 7.299999999999996270, 7.835182920028514353 ) ) ;
#6119 = ADVANCED_FACE ( 'NONE', ( #10415 ), #7306, .T. ) ;
#6120 = EDGE_LOOP ( 'NONE', ( #2145, #7976, #9181, #8128 ) ) ;
#6121 = AXIS2_PLACEMENT_3D ( 'NONE', #8457, #6833, #9171 ) ;
#6122 = VECTOR ( 'NONE', #171, 1000.000000000000000 ) ;
#6123 = DIRECTION ( 'NONE',  ( -0.000000000000000000, -1.000000000000000000, -0.000000000000000000 ) ) ;
#6124 = EDGE_LOOP ( 'NONE', ( #9853, #7289, #8972, #5135 ) ) ;
#6125 = AXIS2_PLACEMENT_3D ( 'NONE', #10150, #247, #9272 ) ;
#6126 = ADVANCED_FACE ( 'NONE', ( #1432 ), #5565, .F. ) ;
#6127 = ORIENTED_EDGE ( 'NONE', *, *, #9109, .F. ) ;
#6128 = DIRECTION ( 'NONE',  ( 0.3236155771181851160, -0.3236155771181849494, 0.8891264907159881492 ) ) ;
#6129 = VECTOR ( 'NONE', #10575, 1000.000000000000000 ) ;
#6130 = ORIENTED_EDGE ( 'NONE', *, *, #1186, .T. ) ;
#6131 = LINE ( 'NONE', #4500, #10566 ) ;
#6132 = AXIS2_PLACEMENT_3D ( 'NONE', #8641, #5381, #3033 ) ;
#6133 = AXIS2_PLACEMENT_3D ( 'NONE', #5388, #8648, #6198 ) ;
#6134 = CARTESIAN_POINT ( 'NONE',  ( -5.599999999999996980, 8.399999999999998579, 2.125000000000000000 ) ) ;
#6135 = EDGE_CURVE ( 'NONE', #7429, #1429, #671, .T. ) ;
#6136 = VERTEX_POINT ( 'NONE', #8941 ) ;
#6137 = EDGE_CURVE ( 'NONE', #5140, #8422, #5265, .T. ) ;
#6138 = ORIENTED_EDGE ( 'NONE', *, *, #7432, .T. ) ;
#6139 = VECTOR ( 'NONE', #408, 1000.000000000000000 ) ;
#6140 = DIRECTION ( 'NONE',  ( 0.000000000000000000, 1.000000000000000000, 0.000000000000000000 ) ) ;
#6141 = VECTOR ( 'NONE', #6327, 1000.000000000000000 ) ;
#6142 = ORIENTED_EDGE ( 'NONE', *, *, #3212, .F. ) ;
#6143 = CARTESIAN_POINT ( 'NONE',  ( 10.20000000000000284, -3.999999999999999112, 2.924999999999999822 ) ) ;
#6144 = ORIENTED_EDGE ( 'NONE', *, *, #2594, .T. ) ;
#6145 = ORIENTED_EDGE ( 'NONE', *, *, #6923, .T. ) ;
#6146 = LINE ( 'NONE', #1363, #3356 ) ;
#6147 = CARTESIAN_POINT ( 'NONE',  ( 3.799999999999998046, -3.750000000000001332, 0.2249999999999982014 ) ) ;
#6148 = FACE_OUTER_BOUND ( 'NONE', #6513, .T. ) ;
#6149 = CARTESIAN_POINT ( 'NONE',  ( 8.950000000000002842, -3.750000000000001332, 2.924999999999999822 ) ) ;
#6150 = DIRECTION ( 'NONE',  ( -0.000000000000000000, -1.000000000000000000, -0.000000000000000000 ) ) ;
#6151 = EDGE_LOOP ( 'NONE', ( #2802, #628, #7229, #6772, #10587, #45, #10699, #1663, #7996, #9693 ) ) ;
#6152 = CARTESIAN_POINT ( 'NONE',  ( -8.499999999999998224, 4.799999999999998046, 7.875000000000000000 ) ) ;
#6153 = DIRECTION ( 'NONE',  ( 1.000000000000000000, 0.000000000000000000, -1.057758217059031665E-15 ) ) ;
#6154 = CARTESIAN_POINT ( 'NONE',  ( 1.100000000000002087, 0.000000000000000000, 0.000000000000000000 ) ) ;
#6155 = EDGE_LOOP ( 'NONE', ( #10436, #6400, #8088, #2076 ) ) ;
#6156 = CARTESIAN_POINT ( 'NONE',  ( 0.000000000000000000, -2.300000000000001599, 0.000000000000000000 ) ) ;
#6157 = FACE_BOUND ( 'NONE', #2063, .T. ) ;
#6158 = CARTESIAN_POINT ( 'NONE',  ( -10.20000000000000284, 5.932552260868268550E-19, -4.225000000000003197 ) ) ;
#6159 = VECTOR ( 'NONE', #2437, 1000.000000000000000 ) ;
#6160 = DIRECTION ( 'NONE',  ( 1.000000000000000000, 0.000000000000000000, 0.000000000000000000 ) ) ;
#6161 = LINE ( 'NONE', #9547, #7259 ) ;
#6162 = CARTESIAN_POINT ( 'NONE',  ( 2.574999999999999734, 11.90000000000000036, -5.024999999999999467 ) ) ;
#6163 = VERTEX_POINT ( 'NONE', #507 ) ;
#6164 = ORIENTED_EDGE ( 'NONE', *, *, #5057, .T. ) ;
#6165 = DIRECTION ( 'NONE',  ( -0.000000000000000000, 0.000000000000000000, 1.000000000000000000 ) ) ;
#6166 = EDGE_CURVE ( 'NONE', #9678, #6901, #1324, .T. ) ;
#6167 = CARTESIAN_POINT ( 'NONE',  ( -6.500000000000002665, 8.400000000000000355, -0.4750000000000010325 ) ) ;
#6168 = ORIENTED_EDGE ( 'NONE', *, *, #8594, .F. ) ;
#6169 = PLANE ( 'NONE',  #4383 ) ;
#6170 = DIRECTION ( 'NONE',  ( 0.000000000000000000, 1.000000000000000000, -4.845596301611192898E-17 ) ) ;
#6171 = ORIENTED_EDGE ( 'NONE', *, *, #4079, .F. ) ;
#6172 = CARTESIAN_POINT ( 'NONE',  ( -2.875000000000000444, 11.90000000000000036, -5.024999999999999467 ) ) ;
#6173 = CARTESIAN_POINT ( 'NONE',  ( 5.674999999999998934, 12.80000000000000071, -5.025000000000000355 ) ) ;
#6174 = EDGE_LOOP ( 'NONE', ( #4553, #6971, #8535, #4481 ) ) ;
#6175 = EDGE_CURVE ( 'NONE', #8901, #62, #1377, .T. ) ;
#6176 = EDGE_CURVE ( 'NONE', #3099, #3718, #6326, .T. ) ;
#6177 = CARTESIAN_POINT ( 'NONE',  ( 4.700000000000002842, 8.400000000000000355, 1.724999999999998979 ) ) ;
#6178 = ORIENTED_EDGE ( 'NONE', *, *, #10053, .F. ) ;
#6179 = VERTEX_POINT ( 'NONE', #6267 ) ;
#6180 = FACE_OUTER_BOUND ( 'NONE', #7414, .T. ) ;
#6181 = VECTOR ( 'NONE', #7043, 1000.000000000000000 ) ;
#6182 = VERTEX_POINT ( 'NONE', #2138 ) ;
#6183 = CARTESIAN_POINT ( 'NONE',  ( 0.000000000000000000, 0.000000000000000000, -0.07500000000000084377 ) ) ;
#6184 = LINE ( 'NONE', #3735, #8318 ) ;
#6185 = FILL_AREA_STYLE ('',( #6849 ) ) ;
#6186 = CARTESIAN_POINT ( 'NONE',  ( 0.000000000000000000, -0.8500000000000011990, 4.025000000000000355 ) ) ;
#6187 = ORIENTED_EDGE ( 'NONE', *, *, #6320, .F. ) ;
#6188 = VECTOR ( 'NONE', #3934, 1000.000000000000000 ) ;
#6189 = ORIENTED_EDGE ( 'NONE', *, *, #9054, .T. ) ;
#6190 = ADVANCED_FACE ( 'NONE', ( #454 ), #4745, .T. ) ;
#6191 = CARTESIAN_POINT ( 'NONE',  ( 6.099999999999997868, -3.750000000000001332, 0.2249999999999982014 ) ) ;
#6192 = AXIS2_PLACEMENT_3D ( 'NONE', #8229, #5883, #8329 ) ;
#6193 = ORIENTED_EDGE ( 'NONE', *, *, #2176, .F. ) ;
#6194 = EDGE_CURVE ( 'NONE', #5219, #1877, #8822, .T. ) ;
#6195 = CARTESIAN_POINT ( 'NONE',  ( 3.075000000000000622, 10.50000000000000000, -4.225000000000004974 ) ) ;
#6196 = VERTEX_POINT ( 'NONE', #4685 ) ;
#6197 = ORIENTED_EDGE ( 'NONE', *, *, #3793, .T. ) ;
#6198 = DIRECTION ( 'NONE',  ( 0.000000000000000000, 1.000000000000000000, 0.000000000000000000 ) ) ;
#6199 = LINE ( 'NONE', #6310, #6112 ) ;
#6200 = LINE ( 'NONE', #4620, #1712 ) ;
#6201 = LINE ( 'NONE', #7729, #8282 ) ;
#6202 = DIRECTION ( 'NONE',  ( 1.779203565104417523E-15, -1.000000000000000000, 0.000000000000000000 ) ) ;
#6203 = AXIS2_PLACEMENT_3D ( 'NONE', #9997, #3563, #6009 ) ;
#6204 = ORIENTED_EDGE ( 'NONE', *, *, #9121, .F. ) ;
#6205 = ADVANCED_FACE ( 'NONE', ( #3872 ), #3982, .T. ) ;
#6206 = CARTESIAN_POINT ( 'NONE',  ( -8.999999999999998224, 2.800000000000000266, 2.124999999999999112 ) ) ;
#6207 = FACE_BOUND ( 'NONE', #1924, .T. ) ;
#6208 = CARTESIAN_POINT ( 'NONE',  ( 2.900000000000001688, 8.399999999999998579, 1.724999999999998979 ) ) ;
#6209 = EDGE_CURVE ( 'NONE', #5238, #1412, #7142, .T. ) ;
#6210 = CIRCLE ( 'NONE', #5870, 0.1999999999999996503 ) ;
#6211 = CARTESIAN_POINT ( 'NONE',  ( -3.799999999999998046, -4.999999999999999112, 2.924999999999999822 ) ) ;
#6212 = CARTESIAN_POINT ( 'NONE',  ( 2.575000000000000178, 10.50000000000000000, -3.675000000000001155 ) ) ;
#6213 = LINE ( 'NONE', #455, #9795 ) ;
#6214 = CARTESIAN_POINT ( 'NONE',  ( 5.274999999999999467, 12.80000000000000071, -4.225000000000004974 ) ) ;
#6215 = LINE ( 'NONE', #5236, #4296 ) ;
#6216 = PLANE ( 'NONE',  #1625 ) ;
#6217 = ORIENTED_EDGE ( 'NONE', *, *, #463, .T. ) ;
#6218 = DIRECTION ( 'NONE',  ( -0.000000000000000000, -0.000000000000000000, 1.000000000000000000 ) ) ;
#6219 = FACE_OUTER_BOUND ( 'NONE', #1056, .T. ) ;
#6220 = AXIS2_PLACEMENT_3D ( 'NONE', #5761, #4128, #7448 ) ;
#6221 = ORIENTED_EDGE ( 'NONE', *, *, #2997, .T. ) ;
#6222 = PLANE ( 'NONE',  #8900 ) ;
#6223 = LINE ( 'NONE', #8732, #5432 ) ;
#6224 = ORIENTED_EDGE ( 'NONE', *, *, #2025, .F. ) ;
#6225 = VECTOR ( 'NONE', #4130, 1000.000000000000000 ) ;
#6226 = LINE ( 'NONE', #9558, #2736 ) ;
#6227 = CYLINDRICAL_SURFACE ( 'NONE', #7007, 0.1999999999999996503 ) ;
#6228 = EDGE_LOOP ( 'NONE', ( #688, #6197, #10202, #1361 ) ) ;
#6229 = VECTOR ( 'NONE', #148, 1000.000000000000000 ) ;
#6230 = CIRCLE ( 'NONE', #341, 0.1999999999999996503 ) ;
#6231 = ADVANCED_FACE ( 'NONE', ( #3109 ), #6430, .T. ) ;
#6232 = VECTOR ( 'NONE', #3423, 1000.000000000000000 ) ;
#6233 = DIRECTION ( 'NONE',  ( -0.000000000000000000, -1.000000000000000000, -0.000000000000000000 ) ) ;
#6234 = EDGE_CURVE ( 'NONE', #8615, #4288, #8415, .T. ) ;
#6235 = ORIENTED_EDGE ( 'NONE', *, *, #8594, .T. ) ;
#6236 = VERTEX_POINT ( 'NONE', #10168 ) ;
#6237 = DIRECTION ( 'NONE',  ( 0.000000000000000000, 0.000000000000000000, 1.000000000000000000 ) ) ;
#6238 = VECTOR ( 'NONE', #5750, 1000.000000000000000 ) ;
#6239 = EDGE_CURVE ( 'NONE', #5981, #7904, #4392, .T. ) ;
#6240 = ORIENTED_EDGE ( 'NONE', *, *, #5282, .T. ) ;
#6241 = PLANE ( 'NONE',  #8112 ) ;
#6242 = SURFACE_SIDE_STYLE ('',( #10279 ) ) ;
#6243 = ORIENTED_EDGE ( 'NONE', *, *, #9655, .F. ) ;
#6244 = ORIENTED_EDGE ( 'NONE', *, *, #3275, .F. ) ;
#6245 = VECTOR ( 'NONE', #3379, 1000.000000000000000 ) ;
#6246 = LINE ( 'NONE', #4508, #6335 ) ;
#6247 = VERTEX_POINT ( 'NONE', #3365 ) ;
#6248 = PRODUCT_DEFINITION_CONTEXT ( 'detailed design', #3342, 'design' ) ;
#6249 = CARTESIAN_POINT ( 'NONE',  ( 10.20000000000000284, -0.8499999999999999778, -3.375000000000000000 ) ) ;
#6250 = EDGE_CURVE ( 'NONE', #7795, #2663, #268, .T. ) ;
#6251 = ORIENTED_EDGE ( 'NONE', *, *, #3782, .F. ) ;
#6252 = EDGE_LOOP ( 'NONE', ( #10622, #5758, #6586, #7847 ) ) ;
#6253 = EDGE_CURVE ( 'NONE', #5097, #6516, #102, .T. ) ;
#6254 = LINE ( 'NONE', #7025, #9195 ) ;
#6255 = LINE ( 'NONE', #5446, #1438 ) ;
#6256 = CARTESIAN_POINT ( 'NONE',  ( -5.200000000000002842, -3.350000000000000977, 4.025000000000000355 ) ) ;
#6257 = LINE ( 'NONE', #3806, #3411 ) ;
#6258 = CARTESIAN_POINT ( 'NONE',  ( -6.499999999999997335, 5.849999999999999645, -7.850000000000003197 ) ) ;
#6259 = VERTEX_POINT ( 'NONE', #7551 ) ;
#6260 = EDGE_CURVE ( 'NONE', #9328, #7813, #5101, .T. ) ;
#6261 = PLANE ( 'NONE',  #4203 ) ;
#6262 = CARTESIAN_POINT ( 'NONE',  ( 9.574999999999993960, 2.400000000000003464, 4.825000000000007283 ) ) ;
#6263 = DIRECTION ( 'NONE',  ( 0.000000000000000000, -1.000000000000000000, 0.000000000000000000 ) ) ;
#6264 = VERTEX_POINT ( 'NONE', #3520 ) ;
#6265 = EDGE_CURVE ( 'NONE', #3374, #10560, #2655, .T. ) ;
#6266 = DIRECTION ( 'NONE',  ( -1.000000000000000000, 0.000000000000000000, 0.000000000000000000 ) ) ;
#6267 = CARTESIAN_POINT ( 'NONE',  ( -5.749999999999989342, 3.399999999999999023, 3.599999999999999201 ) ) ;
#6268 = CARTESIAN_POINT ( 'NONE',  ( 0.000000000000000000, 0.000000000000000000, 1.724999999999998979 ) ) ;
#6269 = DIRECTION ( 'NONE',  ( -0.7327934916262994758, 0.6804510993672774344, 0.000000000000000000 ) ) ;
#6270 = DIRECTION ( 'NONE',  ( -0.000000000000000000, 1.000000000000000000, -0.000000000000000000 ) ) ;
#6271 = LINE ( 'NONE', #9705, #1973 ) ;
#6272 = ORIENTED_EDGE ( 'NONE', *, *, #3198, .F. ) ;
#6273 = ADVANCED_FACE ( 'NONE', ( #5043 ), #6686, .F. ) ;
#6275 = EDGE_CURVE ( 'NONE', #4186, #5874, #3518, .T. ) ;
#6274 = DIRECTION ( 'NONE',  ( 1.000000000000000000, 0.000000000000000000, 0.000000000000000000 ) ) ;
#6276 = PLANE ( 'NONE',  #3756 ) ;
#6277 = EDGE_CURVE ( 'NONE', #9024, #9798, #8037, .T. ) ;
#6278 = EDGE_LOOP ( 'NONE', ( #2279, #6357, #2961, #3703 ) ) ;
#6279 = VECTOR ( 'NONE', #9886, 1000.000000000000000 ) ;
#6280 = LINE ( 'NONE', #2256, #8374 ) ;
#6281 = LINE ( 'NONE', #1988, #10123 ) ;
#6282 = ORIENTED_EDGE ( 'NONE', *, *, #6175, .T. ) ;
#6283 = PLANE ( 'NONE',  #10216 ) ;
#6284 = LINE ( 'NONE', #524, #4741 ) ;
#6285 = VERTEX_POINT ( 'NONE', #6076 ) ;
#6286 = DIRECTION ( 'NONE',  ( 0.000000000000000000, 0.000000000000000000, -1.000000000000000000 ) ) ;
#6287 = VECTOR ( 'NONE', #1257, 1000.000000000000000 ) ;
#6288 = VECTOR ( 'NONE', #5818, 1000.000000000000000 ) ;
#6289 = ORIENTED_EDGE ( 'NONE', *, *, #5734, .T. ) ;
#6290 = ORIENTED_EDGE ( 'NONE', *, *, #4522, .F. ) ;
#6291 = LINE ( 'NONE', #9624, #10104 ) ;
#6292 = AXIS2_PLACEMENT_3D ( 'NONE', #569, #3225, #8233 ) ;
#6293 = ORIENTED_EDGE ( 'NONE', *, *, #1048, .T. ) ;
#6294 = PLANE ( 'NONE',  #5338 ) ;
#6295 = LINE ( 'NONE', #10442, #3796 ) ;
#6296 = VECTOR ( 'NONE', #3124, 1000.000000000000000 ) ;
#6297 = ORIENTED_EDGE ( 'NONE', *, *, #8927, .T. ) ;
#6298 = AXIS2_PLACEMENT_3D ( 'NONE', #9822, #1705, #5022 ) ;
#6299 = VECTOR ( 'NONE', #4260, 1000.000000000000000 ) ;
#6300 = EDGE_CURVE ( 'NONE', #1306, #10636, #3415, .T. ) ;
#6301 = CARTESIAN_POINT ( 'NONE',  ( 5.200000000000002842, -0.8500000000000011990, 2.424999999999998934 ) ) ;
#6302 = VECTOR ( 'NONE', #1489, 1000.000000000000000 ) ;
#6303 = EDGE_LOOP ( 'NONE', ( #10044, #3778, #52, #9592 ) ) ;
#6304 = CARTESIAN_POINT ( 'NONE',  ( -3.799999999999997602, 8.399999999999998579, 1.724999999999999645 ) ) ;
#6305 = AXIS2_PLACEMENT_3D ( 'NONE', #6156, #1270, #7946 ) ;
#6306 = PRODUCT_DEFINITION_SHAPE ( 'NONE', 'NONE',  #10774 ) ;
#6307 = ORIENTED_EDGE ( 'NONE', *, *, #487, .F. ) ;
#6308 = ORIENTED_EDGE ( 'NONE', *, *, #3461, .T. ) ;
#6309 = LINE ( 'NONE', #3039, #3627 ) ;
#6310 = CARTESIAN_POINT ( 'NONE',  ( -2.900000000000002576, 0.000000000000000000, 0.000000000000000000 ) ) ;
#6311 = VECTOR ( 'NONE', #9599, 1000.000000000000000 ) ;
#6312 = FACE_OUTER_BOUND ( 'NONE', #6303, .T. ) ;
#6313 = CARTESIAN_POINT ( 'NONE',  ( 2.750000000000000000, 11.89999999999999680, -3.025000000000001243 ) ) ;
#6314 = DIRECTION ( 'NONE',  ( 0.000000000000000000, 0.000000000000000000, -1.000000000000000000 ) ) ;
#6315 = ORIENTED_EDGE ( 'NONE', *, *, #3198, .T. ) ;
#6316 = CARTESIAN_POINT ( 'NONE',  ( -2.750000000000000000, 10.05000000000000071, -3.675000000000001155 ) ) ;
#6317 = VECTOR ( 'NONE', #6003, 1000.000000000000000 ) ;
#6318 = EDGE_CURVE ( 'NONE', #6985, #280, #4337, .T. ) ;
#6319 = FACE_OUTER_BOUND ( 'NONE', #9859, .T. ) ;
#6320 = EDGE_CURVE ( 'NONE', #30, #6951, #10732, .T. ) ;
#6321 = FACE_OUTER_BOUND ( 'NONE', #2469, .T. ) ;
#6322 = ADVANCED_FACE ( 'NONE', ( #7655 ), #1079, .T. ) ;
#6323 = EDGE_LOOP ( 'NONE', ( #3224, #2872, #2968, #10674 ) ) ;
#6324 = ORIENTED_EDGE ( 'NONE', *, *, #7054, .T. ) ;
#6325 = DIRECTION ( 'NONE',  ( -0.000000000000000000, 1.000000000000000000, 0.000000000000000000 ) ) ;
#6326 = LINE ( 'NONE', #9594, #9092 ) ;
#6327 = DIRECTION ( 'NONE',  ( -0.000000000000000000, -0.000000000000000000, 1.000000000000000000 ) ) ;
#6328 = CARTESIAN_POINT ( 'NONE',  ( 8.264041095890409139, 6.895890410958910088, -4.025000000000004796 ) ) ;
#6329 = DIRECTION ( 'NONE',  ( 0.000000000000000000, 1.000000000000000000, 0.000000000000000000 ) ) ;
#6330 = LINE ( 'NONE', #1493, #2660 ) ;
#6331 = ORIENTED_EDGE ( 'NONE', *, *, #9260, .F. ) ;
#6332 = CARTESIAN_POINT ( 'NONE',  ( -8.180000000000001492, 12.28038475772934035, -3.824999999999998401 ) ) ;
#6333 = FACE_OUTER_BOUND ( 'NONE', #782, .T. ) ;
#6334 = EDGE_CURVE ( 'NONE', #1999, #4958, #1782, .T. ) ;
#6335 = VECTOR ( 'NONE', #3690, 1000.000000000000000 ) ;
#6336 = ORIENTED_EDGE ( 'NONE', *, *, #2851, .T. ) ;
#6337 = EDGE_CURVE ( 'NONE', #5795, #7839, #5864, .T. ) ;
#6338 = FACE_OUTER_BOUND ( 'NONE', #9743, .T. ) ;
#6339 = EDGE_CURVE ( 'NONE', #2541, #10729, #9185, .T. ) ;
#6340 = PLANE ( 'NONE',  #4913 ) ;
#6341 = ORIENTED_EDGE ( 'NONE', *, *, #2077, .T. ) ;
#6342 = DIRECTION ( 'NONE',  ( 0.000000000000000000, -0.8660254037844359321, 0.5000000000000047740 ) ) ;
#6343 = CARTESIAN_POINT ( 'NONE',  ( -7.000000000000002665, 2.800000000000000266, -0.07500000000000084377 ) ) ;
#6344 = VERTEX_POINT ( 'NONE', #4284 ) ;
#6345 = DIRECTION ( 'NONE',  ( 0.000000000000000000, -1.000000000000000000, 0.000000000000000000 ) ) ;
#6346 = ORIENTED_EDGE ( 'NONE', *, *, #7595, .T. ) ;
#6347 = EDGE_CURVE ( 'NONE', #6458, #8316, #7603, .T. ) ;
#6348 = VERTEX_POINT ( 'NONE', #5152 ) ;
#6349 = CARTESIAN_POINT ( 'NONE',  ( 3.150000000000000799, 12.80000000000000071, -3.025000000000001243 ) ) ;
#6350 = ORIENTED_EDGE ( 'NONE', *, *, #8985, .F. ) ;
#6351 = CARTESIAN_POINT ( 'NONE',  ( 3.400000000000002132, -1.250000000000001332, 2.425000000000000711 ) ) ;
#6352 = CARTESIAN_POINT ( 'NONE',  ( 0.000000000000000000, 0.000000000000000000, 0.000000000000000000 ) ) ;
#6353 = VERTEX_POINT ( 'NONE', #10278 ) ;
#6354 = ORIENTED_EDGE ( 'NONE', *, *, #8950, .T. ) ;
#6355 = CARTESIAN_POINT ( 'NONE',  ( 5.599999999999996980, -3.750000000000001332, 0.2249999999999982014 ) ) ;
#6356 = ORIENTED_EDGE ( 'NONE', *, *, #8391, .T. ) ;
#6357 = ORIENTED_EDGE ( 'NONE', *, *, #10257, .F. ) ;
#6358 = CARTESIAN_POINT ( 'NONE',  ( -2.574999999999999734, 11.90000000000000036, -0.6545349465914744869 ) ) ;
#6359 = ORIENTED_EDGE ( 'NONE', *, *, #10765, .F. ) ;
#6360 = EDGE_LOOP ( 'NONE', ( #7690, #685, #8343, #1193, #2013, #544, #6891, #4889 ) ) ;
#6361 = LINE ( 'NONE', #10347, #1720 ) ;
#6362 = DIRECTION ( 'NONE',  ( 0.5773502691896265082, 0.5773502691896242878, 0.5773502691896265082 ) ) ;
#6363 = EDGE_CURVE ( 'NONE', #7, #9006, #8634, .T. ) ;
#6364 = CARTESIAN_POINT ( 'NONE',  ( -3.799999999999997602, -0.8500000000000011990, 2.425000000000000266 ) ) ;
#6365 = DIRECTION ( 'NONE',  ( -0.000000000000000000, -1.000000000000000000, -0.000000000000000000 ) ) ;
#6366 = DIRECTION ( 'NONE',  ( 0.000000000000000000, 1.000000000000000000, 0.000000000000000000 ) ) ;
#6367 = VECTOR ( 'NONE', #7138, 1000.000000000000000 ) ;
#6368 = ORIENTED_EDGE ( 'NONE', *, *, #346, .T. ) ;
#6369 = FACE_BOUND ( 'NONE', #8084, .T. ) ;
#6370 = DIRECTION ( 'NONE',  ( 0.000000000000000000, 0.000000000000000000, 1.000000000000000000 ) ) ;
#6371 = ORIENTED_EDGE ( 'NONE', *, *, #7118, .F. ) ;
#6372 = VERTEX_POINT ( 'NONE', #433 ) ;
#6373 = CARTESIAN_POINT ( 'NONE',  ( -6.099999999999997868, 8.399999999999998579, 1.724999999999999645 ) ) ;
#6375 = CARTESIAN_POINT ( 'NONE',  ( -8.999999999999998224, 2.800000000000000266, 2.124999999999999112 ) ) ;
#6374 = CIRCLE ( 'NONE', #2718, 0.1999999999999996503 ) ;
#6376 = CARTESIAN_POINT ( 'NONE',  ( -6.999999999999997335, 5.150000000000000355, -8.150000000000002132 ) ) ;
#6377 = ADVANCED_FACE ( 'NONE', ( #6954 ), #6241, .F. ) ;
#6378 = PLANE ( 'NONE',  #2252 ) ;
#6379 = CARTESIAN_POINT ( 'NONE',  ( 3.275000000000000799, 12.80000000000000071, -4.225000000000004974 ) ) ;
#6380 = FACE_OUTER_BOUND ( 'NONE', #7254, .T. ) ;
#6381 = ORIENTED_EDGE ( 'NONE', *, *, #1994, .F. ) ;
#6382 = DIRECTION ( 'NONE',  ( -0.000000000000000000, 1.000000000000000000, 0.000000000000000000 ) ) ;
#6383 = CARTESIAN_POINT ( 'NONE',  ( -2.874999999999999112, 12.80000000000000071, -5.024999999999999467 ) ) ;
#6384 = VECTOR ( 'NONE', #3240, 1000.000000000000000 ) ;
#6385 = ORIENTED_EDGE ( 'NONE', *, *, #8203, .F. ) ;
#6386 = PLANE ( 'NONE',  #1093 ) ;
#6387 = FACE_OUTER_BOUND ( 'NONE', #1675, .T. ) ;
#6388 = ORIENTED_EDGE ( 'NONE', *, *, #1071, .F. ) ;
#6389 = EDGE_CURVE ( 'NONE', #4701, #481, #8748, .T. ) ;
#6390 = LINE ( 'NONE', #9770, #8294 ) ;
#6391 = EDGE_CURVE ( 'NONE', #941, #10193, #2811, .T. ) ;
#6392 = CARTESIAN_POINT ( 'NONE',  ( -6.999999999999997335, -1.887878387081804998, -8.550000000000002487 ) ) ;
#6393 = AXIS2_PLACEMENT_3D ( 'NONE', #8955, #690, #3231 ) ;
#6394 = LINE ( 'NONE', #692, #744 ) ;
#6395 = ORIENTED_EDGE ( 'NONE', *, *, #5807, .F. ) ;
#6396 = ADVANCED_FACE ( 'NONE', ( #5375 ), #6294, .F. ) ;
#6397 = LINE ( 'NONE', #4768, #10192 ) ;
#6398 = ORIENTED_EDGE ( 'NONE', *, *, #10377, .F. ) ;
#6399 = CARTESIAN_POINT ( 'NONE',  ( -1.100000000000002087, 8.400000000000000355, -0.4750000000000014766 ) ) ;
#6400 = ORIENTED_EDGE ( 'NONE', *, *, #7452, .T. ) ;
#6401 = CARTESIAN_POINT ( 'NONE',  ( -3.799999999999997602, 8.399999999999998579, 1.724999999999999645 ) ) ;
#6402 = EDGE_CURVE ( 'NONE', #7429, #9202, #2166, .T. ) ;
#6403 = VECTOR ( 'NONE', #6736, 1000.000000000000000 ) ;
#6404 = CARTESIAN_POINT ( 'NONE',  ( 10.80000000000000071, 8.716985466783456635E-16, 7.051676035578239877E-33 ) ) ;
#6405 = ORIENTED_EDGE ( 'NONE', *, *, #1297, .F. ) ;
#6406 = ORIENTED_EDGE ( 'NONE', *, *, #5044, .F. ) ;
#6407 = CIRCLE ( 'NONE', #1879, 0.2999999999999999334 ) ;
#6408 = EDGE_CURVE ( 'NONE', #5147, #155, #3629, .T. ) ;
#6409 = CARTESIAN_POINT ( 'NONE',  ( -9.000000000000000000, 2.800000000000000266, -4.024999999999999467 ) ) ;
#6410 = VECTOR ( 'NONE', #1827, 1000.000000000000000 ) ;
#6411 = VECTOR ( 'NONE', #5759, 1000.000000000000000 ) ;
#6412 = EDGE_LOOP ( 'NONE', ( #5308, #5645, #317, #910 ) ) ;
#6413 = VERTEX_POINT ( 'NONE', #4656 ) ;
#6414 = PLANE ( 'NONE',  #6094 ) ;
#6415 = ORIENTED_EDGE ( 'NONE', *, *, #9311, .T. ) ;
#6416 = ORIENTED_EDGE ( 'NONE', *, *, #7713, .T. ) ;
#6417 = LINE ( 'NONE', #10717, #510 ) ;
#6418 = CARTESIAN_POINT ( 'NONE',  ( -8.264041095890407362, 6.895890410958910088, -4.025000000000003908 ) ) ;
#6419 = DIRECTION ( 'NONE',  ( -1.000000000000000000, -0.000000000000000000, 1.515042337097647644E-16 ) ) ;
#6420 = LINE ( 'NONE', #9583, #6717 ) ;
#6421 = LINE ( 'NONE', #820, #6225 ) ;
#6422 = AXIS2_PLACEMENT_3D ( 'NONE', #6876, #6980, #4981 ) ;
#6423 = ORIENTED_EDGE ( 'NONE', *, *, #8125, .T. ) ;
#6424 = LINE ( 'NONE', #7243, #5087 ) ;
#6425 = CARTESIAN_POINT ( 'NONE',  ( -6.999999999999997335, 5.150000000000000355, -8.150000000000002132 ) ) ;
#6426 = CARTESIAN_POINT ( 'NONE',  ( -9.899999999999995026, 12.80000000000000071, -4.724999999999997868 ) ) ;
#6427 = ORIENTED_EDGE ( 'NONE', *, *, #3870, .F. ) ;
#6428 = ORIENTED_EDGE ( 'NONE', *, *, #1059, .T. ) ;
#6429 = LINE ( 'NONE', #8111, #3009 ) ;
#6430 = PLANE ( 'NONE',  #1454 ) ;
#6431 = CARTESIAN_POINT ( 'NONE',  ( -6.999999999999995559, 5.849999999999999645, 3.187878387081805709 ) ) ;
#6432 = FILL_AREA_STYLE ('',( #2246 ) ) ;
#6433 = CYLINDRICAL_SURFACE ( 'NONE', #3760, 0.5000000000000006661 ) ;
#6434 = LINE ( 'NONE', #458, #5797 ) ;
#6435 = ORIENTED_EDGE ( 'NONE', *, *, #222, .T. ) ;
#6436 = CARTESIAN_POINT ( 'NONE',  ( 3.275000000000000799, 2.600000000000001421, -4.025000000000004796 ) ) ;
#6437 = LINE ( 'NONE', #1331, #3407 ) ;
#6438 = EDGE_CURVE ( 'NONE', #2523, #5140, #6131, .T. ) ;
#6439 = EDGE_LOOP ( 'NONE', ( #9322, #9323, #5470, #3567 ) ) ;
#6440 = DIRECTION ( 'NONE',  ( -0.000000000000000000, 0.000000000000000000, 1.000000000000000000 ) ) ;
#6441 = LINE ( 'NONE', #9768, #1613 ) ;
#6442 = VECTOR ( 'NONE', #6784, 1000.000000000000000 ) ;
#6443 = VERTEX_POINT ( 'NONE', #7874 ) ;
#6444 = CARTESIAN_POINT ( 'NONE',  ( -7.824999999999991296, 2.400000000000001243, 4.825000000000009948 ) ) ;
#6445 = FACE_OUTER_BOUND ( 'NONE', #10256, .T. ) ;
#6446 = DIRECTION ( 'NONE',  ( -1.000000000000000000, 0.000000000000000000, 0.000000000000000000 ) ) ;
#6447 = ORIENTED_EDGE ( 'NONE', *, *, #3131, .T. ) ;
#6448 = VECTOR ( 'NONE', #7383, 1000.000000000000000 ) ;
#6449 = ADVANCED_FACE ( 'NONE', ( #8583 ), #3734, .F. ) ;
#6450 = EDGE_CURVE ( 'NONE', #1709, #8414, #1245, .T. ) ;
#6451 = EDGE_LOOP ( 'NONE', ( #3089, #4495, #8293, #10172 ) ) ;
#6452 = CARTESIAN_POINT ( 'NONE',  ( -6.499999999999997335, 5.150000000000000355, -8.550000000000002487 ) ) ;
#6453 = ADVANCED_FACE ( 'NONE', ( #7818 ), #3841, .F. ) ;
#6454 = ORIENTED_EDGE ( 'NONE', *, *, #4342, .F. ) ;
#6455 = DIRECTION ( 'NONE',  ( 0.000000000000000000, 0.000000000000000000, -1.000000000000000000 ) ) ;
#6456 = DIRECTION ( 'NONE',  ( 0.7071067811865444641, 0.000000000000000000, -0.7071067811865505703 ) ) ;
#6457 = DIRECTION ( 'NONE',  ( 0.000000000000000000, 0.000000000000000000, 1.000000000000000000 ) ) ;
#6458 = VERTEX_POINT ( 'NONE', #1303 ) ;
#6459 = VECTOR ( 'NONE', #9800, 1000.000000000000000 ) ;
#6460 = VECTOR ( 'NONE', #6713, 1000.000000000000000 ) ;
#6461 = DIRECTION ( 'NONE',  ( 0.000000000000000000, 1.000000000000000000, -0.000000000000000000 ) ) ;
#6462 = EDGE_CURVE ( 'NONE', #8307, #4069, #2971, .T. ) ;
#6463 = VERTEX_POINT ( 'NONE', #7977 ) ;
#6464 = VERTEX_POINT ( 'NONE', #7170 ) ;
#6465 = CARTESIAN_POINT ( 'NONE',  ( -5.849999999999992539, 2.949999999999998845, -5.350000000000002309 ) ) ;
#6466 = VECTOR ( 'NONE', #10027, 1000.000000000000000 ) ;
#6468 = ORIENTED_EDGE ( 'NONE', *, *, #4794, .T. ) ;
#6467 = EDGE_CURVE ( 'NONE', #7041, #5028, #7011, .T. ) ;
#6469 = ORIENTED_EDGE ( 'NONE', *, *, #10406, .T. ) ;
#6470 = CARTESIAN_POINT ( 'NONE',  ( -5.949999999999992184, -2.299999999999999822, -5.900000000000001243 ) ) ;
#6471 = EDGE_CURVE ( 'NONE', #6163, #6464, #3786, .T. ) ;
#6472 = CARTESIAN_POINT ( 'NONE',  ( -1.935000000000000941, 7.100000000000000533, -4.024999999999999467 ) ) ;
#6473 = AXIS2_PLACEMENT_3D ( 'NONE', #1873, #362, #4373 ) ;
#6474 = PLANE ( 'NONE',  #5013 ) ;
#6475 = LINE ( 'NONE', #7936, #10376 ) ;
#6476 = DIRECTION ( 'NONE',  ( -1.000000000000000000, 0.000000000000000000, 0.000000000000000000 ) ) ;
#6477 = ORIENTED_EDGE ( 'NONE', *, *, #6738, .T. ) ;
#6478 = DIRECTION ( 'NONE',  ( 1.000000000000000000, 0.000000000000000000, 0.000000000000000000 ) ) ;
#6479 = FACE_OUTER_BOUND ( 'NONE', #6439, .T. ) ;
#6480 = AXIS2_PLACEMENT_3D ( 'NONE', #1915, #6099, #5994 ) ;
#6481 = EDGE_CURVE ( 'NONE', #1073, #706, #2901, .T. ) ;
#6482 = DIRECTION ( 'NONE',  ( 1.000000000000000000, 0.000000000000000000, 0.000000000000000000 ) ) ;
#6483 = VECTOR ( 'NONE', #3830, 1000.000000000000000 ) ;
#6484 = ORIENTED_EDGE ( 'NONE', *, *, #4876, .T. ) ;
#6485 = ORIENTED_EDGE ( 'NONE', *, *, #7720, .F. ) ;
#6486 = CARTESIAN_POINT ( 'NONE',  ( -4.299999999999998046, -1.250000000000001332, 4.025000000000000355 ) ) ;
#6487 = DIRECTION ( 'NONE',  ( -1.000000000000000000, 9.391921407275225514E-33, 1.938238520644477159E-16 ) ) ;
#6488 = CARTESIAN_POINT ( 'NONE',  ( -2.499999999999997780, 8.399999999999998579, 2.124999999999999112 ) ) ;
#6489 = PLANE ( 'NONE',  #4866 ) ;
#6490 = FACE_OUTER_BOUND ( 'NONE', #5143, .T. ) ;
#6491 = PLANE ( 'NONE',  #5876 ) ;
#6492 = CIRCLE ( 'NONE', #244, 0.2000000000000009548 ) ;
#6493 = ORIENTED_EDGE ( 'NONE', *, *, #3403, .F. ) ;
#6494 = PRODUCT_DEFINITION_SHAPE ( 'NONE', 'NONE',  #8108 ) ;
#6495 = DIRECTION ( 'NONE',  ( 0.7071067811865475727, 0.000000000000000000, -0.7071067811865475727 ) ) ;
#6496 = DIRECTION ( 'NONE',  ( 0.000000000000000000, -1.000000000000000000, 0.000000000000000000 ) ) ;
#6497 = ORIENTED_EDGE ( 'NONE', *, *, #9911, .F. ) ;
#6498 = DIRECTION ( 'NONE',  ( 1.000000000000000000, 0.000000000000000000, 0.000000000000000000 ) ) ;
#6499 = LINE ( 'NONE', #9714, #8208 ) ;
#6500 = VERTEX_POINT ( 'NONE', #2105 ) ;
#6501 = CARTESIAN_POINT ( 'NONE',  ( -2.874999999999999112, 12.80000000000000071, -4.824999999999999289 ) ) ;
#6502 = LINE ( 'NONE', #3286, #8218 ) ;
#6503 = PLANE ( 'NONE',  #4714 ) ;
#6504 = EDGE_CURVE ( 'NONE', #4722, #1211, #9626, .T. ) ;
#6505 = ORIENTED_EDGE ( 'NONE', *, *, #10164, .F. ) ;
#6506 = ORIENTED_EDGE ( 'NONE', *, *, #8105, .T. ) ;
#6507 = PLANE ( 'NONE',  #6795 ) ;
#6508 = ORIENTED_EDGE ( 'NONE', *, *, #8867, .T. ) ;
#6509 = FACE_OUTER_BOUND ( 'NONE', #10234, .T. ) ;
#6510 = LINE ( 'NONE', #4826, #6238 ) ;
#6511 = EDGE_CURVE ( 'NONE', #3744, #9612, #9070, .T. ) ;
#6512 = DIRECTION ( 'NONE',  ( 1.000000000000000000, 0.000000000000000000, 0.000000000000000000 ) ) ;
#6513 = EDGE_LOOP ( 'NONE', ( #9031, #6435, #8151, #6346, #8045, #5058, #2826, #2810, #10013, #6110, #10380, #3465, #492, #6506, #3438, #9364, #368, #9686, #7362, #2977, #4064, #4326, #318, #6002, #5709, #9907 ) ) ;
#6514 = ORIENTED_EDGE ( 'NONE', *, *, #9067, .F. ) ;
#6515 = DIRECTION ( 'NONE',  ( 1.000000000000000000, 0.000000000000000000, 0.000000000000000000 ) ) ;
#6516 = VERTEX_POINT ( 'NONE', #7384 ) ;
#6517 = EDGE_LOOP ( 'NONE', ( #10313, #9999, #8951, #7083 ) ) ;
#6518 = CARTESIAN_POINT ( 'NONE',  ( -1.999999999999997335, 8.399999999999998579, 1.724999999999999423 ) ) ;
#6519 = ORIENTED_EDGE ( 'NONE', *, *, #1933, .F. ) ;
#6520 = EDGE_LOOP ( 'NONE', ( #588, #5811, #7269, #8687 ) ) ;
#6521 = CARTESIAN_POINT ( 'NONE',  ( -5.599999999999990763, 3.250000000000000000, 3.599999999999999201 ) ) ;
#6522 = CARTESIAN_POINT ( 'NONE',  ( -8.999999999999998224, 2.800000000000000266, 1.724999999999999867 ) ) ;
#6523 = ADVANCED_FACE ( 'NONE', ( #7224 ), #4880, .F. ) ;
#6524 = FACE_OUTER_BOUND ( 'NONE', #8757, .T. ) ;
#6525 = CARTESIAN_POINT ( 'NONE',  ( 8.950000000000002842, -3.024999999999999467, 5.375000000000000000 ) ) ;
#6526 = CARTESIAN_POINT ( 'NONE',  ( 8.950000000000002842, -1.250000000000001110, 2.924999999999999822 ) ) ;
#6527 = EDGE_CURVE ( 'NONE', #6105, #3304, #8029, .T. ) ;
#6528 = ORIENTED_EDGE ( 'NONE', *, *, #6604, .F. ) ;
#6529 = EDGE_CURVE ( 'NONE', #5588, #783, #7433, .T. ) ;
#6530 = CARTESIAN_POINT ( 'NONE',  ( -7.624999999999998224, 12.80000000000000071, 5.025000000000002132 ) ) ;
#6531 = EDGE_CURVE ( 'NONE', #5386, #10297, #1617, .T. ) ;
#6532 = DIRECTION ( 'NONE',  ( -1.000000000000000000, -0.000000000000000000, -0.000000000000000000 ) ) ;
#6533 = ORIENTED_EDGE ( 'NONE', *, *, #2196, .T. ) ;
#6534 = EDGE_LOOP ( 'NONE', ( #7700, #2631, #762, #3645 ) ) ;
#6535 = CARTESIAN_POINT ( 'NONE',  ( 3.575000000000000178, 10.50000000000000000, -3.025000000000001243 ) ) ;
#6536 = LINE ( 'NONE', #883, #771 ) ;
#6537 = VECTOR ( 'NONE', #9538, 1000.000000000000227 ) ;
#6538 = CARTESIAN_POINT ( 'NONE',  ( 7.824999999999991296, 2.400000000000003020, 4.025000000000000355 ) ) ;
#6539 = DIRECTION ( 'NONE',  ( -1.000000000000000000, 0.000000000000000000, 0.000000000000000000 ) ) ;
#6540 = LINE ( 'NONE', #6644, #1194 ) ;
#6541 = EDGE_CURVE ( 'NONE', #3740, #5724, #6608, .T. ) ;
#6542 = ORIENTED_EDGE ( 'NONE', *, *, #4442, .F. ) ;
#6543 = AXIS2_PLACEMENT_3D ( 'NONE', #10639, #5070, #9820 ) ;
#6544 = CARTESIAN_POINT ( 'NONE',  ( -4.299999999999998046, 0.000000000000000000, 0.000000000000000000 ) ) ;
#6545 = DIRECTION ( 'NONE',  ( -0.000000000000000000, 1.000000000000000000, -0.000000000000000000 ) ) ;
#6546 = EDGE_CURVE ( 'NONE', #4346, #348, #10757, .T. ) ;
#6547 = ADVANCED_FACE ( 'NONE', ( #6509 ), #3136, .T. ) ;
#6548 = VECTOR ( 'NONE', #1208, 1000.000000000000000 ) ;
#6549 = ORIENTED_EDGE ( 'NONE', *, *, #9425, .F. ) ;
#6550 = CARTESIAN_POINT ( 'NONE',  ( -6.099999999999997868, -4.999999999999999112, 2.924999999999999822 ) ) ;
#6551 = LINE ( 'NONE', #5023, #5780 ) ;
#6552 = ORIENTED_EDGE ( 'NONE', *, *, #8203, .T. ) ;
#6553 = CARTESIAN_POINT ( 'NONE',  ( -6.499999999999997335, -1.887878387081804998, -8.550000000000002487 ) ) ;
#6554 = FACE_OUTER_BOUND ( 'NONE', #10452, .T. ) ;
#6555 = LINE ( 'NONE', #4928, #1769 ) ;
#6556 = ORIENTED_EDGE ( 'NONE', *, *, #10703, .F. ) ;
#6557 = VECTOR ( 'NONE', #2693, 1000.000000000000000 ) ;
#6558 = ORIENTED_EDGE ( 'NONE', *, *, #8772, .T. ) ;
#6559 = AXIS2_PLACEMENT_3D ( 'NONE', #8341, #4158, #9320 ) ;
#6560 = DIRECTION ( 'NONE',  ( -0.000000000000000000, 0.000000000000000000, 1.000000000000000000 ) ) ;
#6561 = CARTESIAN_POINT ( 'NONE',  ( -5.599999999999996980, 0.000000000000000000, 0.000000000000000000 ) ) ;
#6562 = DIRECTION ( 'NONE',  ( 3.016910393003151931E-15, 0.000000000000000000, 1.000000000000000000 ) ) ;
#6563 = SHAPE_DEFINITION_REPRESENTATION ( #6494, #8135 ) ;
#6564 = ORIENTED_EDGE ( 'NONE', *, *, #1838, .T. ) ;
#6565 = LINE ( 'NONE', #9895, #6159 ) ;
#6566 = ORIENTED_EDGE ( 'NONE', *, *, #4751, .T. ) ;
#6567 = EDGE_CURVE ( 'NONE', #10704, #307, #702, .T. ) ;
#6568 = ORIENTED_EDGE ( 'NONE', *, *, #8946, .T. ) ;
#6569 = DIRECTION ( 'NONE',  ( -1.000000000000000000, -0.000000000000000000, 2.241244801003626938E-16 ) ) ;
#6570 = ORIENTED_EDGE ( 'NONE', *, *, #8069, .F. ) ;
#6571 = DIRECTION ( 'NONE',  ( 1.000000000000000000, -0.000000000000000000, 0.000000000000000000 ) ) ;
#6572 = FACE_OUTER_BOUND ( 'NONE', #4426, .T. ) ;
#6573 = VECTOR ( 'NONE', #9584, 1000.000000000000000 ) ;
#6574 = DIRECTION ( 'NONE',  ( -1.000000000000000000, 0.000000000000000000, -0.000000000000000000 ) ) ;
#6575 = CARTESIAN_POINT ( 'NONE',  ( 5.200000000000002842, -0.8500000000000011990, 2.424999999999998934 ) ) ;
#6576 = DIRECTION ( 'NONE',  ( 0.000000000000000000, -1.000000000000000000, 0.000000000000000000 ) ) ;
#6577 = EDGE_LOOP ( 'NONE', ( #9303, #724, #918, #1121 ) ) ;
#6578 = CIRCLE ( 'NONE', #3449, 0.1999999999999996503 ) ;
#6579 = VECTOR ( 'NONE', #2390, 1000.000000000000000 ) ;
#6580 = LINE ( 'NONE', #718, #5270 ) ;
#6581 = VECTOR ( 'NONE', #2509, 1000.000000000000000 ) ;
#6582 = EDGE_CURVE ( 'NONE', #4368, #9328, #804, .T. ) ;
#6583 = EDGE_CURVE ( 'NONE', #5746, #4273, #6614, .T. ) ;
#6584 = CARTESIAN_POINT ( 'NONE',  ( 3.400000000000002132, -1.250000000000001332, 2.425000000000000711 ) ) ;
#6585 = ORIENTED_EDGE ( 'NONE', *, *, #10502, .T. ) ;
#6586 = ORIENTED_EDGE ( 'NONE', *, *, #8514, .F. ) ;
#6587 = DIRECTION ( 'NONE',  ( -9.019373039313967766E-17, 0.7071067811865474617, -0.7071067811865476838 ) ) ;
#6588 = LINE ( 'NONE', #10733, #9978 ) ;
#6589 = AXIS2_PLACEMENT_3D ( 'NONE', #1944, #6456, #1619 ) ;
#6590 = FACE_OUTER_BOUND ( 'NONE', #5370, .T. ) ;
#6591 = ADVANCED_FACE ( 'NONE', ( #5535 ), #593, .F. ) ;
#6592 = CARTESIAN_POINT ( 'NONE',  ( 5.200000000000002842, 3.469446951953614189E-15, 1.724999999999998979 ) ) ;
#6593 = DIRECTION ( 'NONE',  ( -0.000000000000000000, 1.000000000000000000, -0.000000000000000000 ) ) ;
#6594 = ORIENTED_EDGE ( 'NONE', *, *, #3798, .T. ) ;
#6595 = VECTOR ( 'NONE', #1911, 1000.000000000000000 ) ;
#6596 = DIRECTION ( 'NONE',  ( -1.000000000000000000, 0.000000000000000000, 0.000000000000000000 ) ) ;
#6597 = CARTESIAN_POINT ( 'NONE',  ( -7.824999999999991296, 1.400000000000001021, 4.825000000000009948 ) ) ;
#6598 = CARTESIAN_POINT ( 'NONE',  ( -2.750000000000000000, 0.9155523756961149173, -3.675000000000001155 ) ) ;
#6599 = ADVANCED_FACE ( 'NONE', ( #4825 ), #4007, .F. ) ;
#6600 = ORIENTED_EDGE ( 'NONE', *, *, #6025, .T. ) ;
#6601 = DIRECTION ( 'NONE',  ( -1.000000000000000000, 0.000000000000000000, 0.000000000000000000 ) ) ;
#6602 = LINE ( 'NONE', #4923, #219 ) ;
#6603 = EDGE_LOOP ( 'NONE', ( #3695, #3190, #10346, #7169 ) ) ;
#6604 = EDGE_CURVE ( 'NONE', #4348, #8118, #9019, .T. ) ;
#6605 = CARTESIAN_POINT ( 'NONE',  ( 0.6999999999999975131, -3.750000000000001332, 0.2249999999999999500 ) ) ;
#6606 = DIRECTION ( 'NONE',  ( 0.000000000000000000, -0.000000000000000000, 1.000000000000000000 ) ) ;
#6607 = ADVANCED_FACE ( 'NONE', ( #7331 ), #4772, .F. ) ;
#6608 = B_SPLINE_CURVE_WITH_KNOTS ( 'NONE', 3,
 ( #5749, #4067, #4113, #4707 ),
 .UNSPECIFIED., .F., .F.,
 ( 4, 4 ),
 ( 0.000000000000000000, 0.0006468231221055916261 ),
 .UNSPECIFIED. ) ;
#6609 = VERTEX_POINT ( 'NONE', #5646 ) ;
#6610 = DIRECTION ( 'NONE',  ( -0.000000000000000000, -0.000000000000000000, 1.000000000000000000 ) ) ;
#6611 = ORIENTED_EDGE ( 'NONE', *, *, #4525, .T. ) ;
#6612 = EDGE_LOOP ( 'NONE', ( #3848, #9184, #10106, #3979 ) ) ;
#6613 = CARTESIAN_POINT ( 'NONE',  ( 10.19999999999999574, 1.000000000000003553, 4.825000000000007283 ) ) ;
#6614 = LINE ( 'NONE', #4937, #1858 ) ;
#6615 = DIRECTION ( 'NONE',  ( -0.000000000000000000, -0.000000000000000000, -1.000000000000000000 ) ) ;
#6616 = ORIENTED_EDGE ( 'NONE', *, *, #6068, .T. ) ;
#6617 = AXIS2_PLACEMENT_3D ( 'NONE', #6358, #603, #7232 ) ;
#6618 = FACE_OUTER_BOUND ( 'NONE', #4767, .T. ) ;
#6619 = DIRECTION ( 'NONE',  ( -0.000000000000000000, -0.000000000000000000, 1.000000000000000000 ) ) ;
#6620 = ORIENTED_EDGE ( 'NONE', *, *, #302, .T. ) ;
#6621 = EDGE_LOOP ( 'NONE', ( #63, #4376, #3172, #5205 ) ) ;
#6622 = CARTESIAN_POINT ( 'NONE',  ( -8.199999999999997513, 4.799999999999998046, 5.025000000000001243 ) ) ;
#6623 = VERTEX_POINT ( 'NONE', #8962 ) ;
#6624 = LINE ( 'NONE', #8047, #3112 ) ;
#6625 = DIRECTION ( 'NONE',  ( 0.000000000000000000, -1.000000000000000000, 0.000000000000000000 ) ) ;
#6626 = FACE_OUTER_BOUND ( 'NONE', #3025, .T. ) ;
#6627 = LINE ( 'NONE', #10011, #3505 ) ;
#6628 = CARTESIAN_POINT ( 'NONE',  ( -1.435000000000000275, 10.59999999999999964, -4.024999999999999467 ) ) ;
#6629 = ORIENTED_EDGE ( 'NONE', *, *, #1732, .T. ) ;
#6630 = VECTOR ( 'NONE', #872, 1000.000000000000227 ) ;
#6631 = EDGE_CURVE ( 'NONE', #3801, #10556, #1512, .T. ) ;
#6632 = VECTOR ( 'NONE', #3544, 1000.000000000000000 ) ;
#6633 = LINE ( 'NONE', #4955, #3178 ) ;
#6634 = ORIENTED_EDGE ( 'NONE', *, *, #150, .F. ) ;
#6635 = VECTOR ( 'NONE', #3428, 1000.000000000000000 ) ;
#6636 = DIRECTION ( 'NONE',  ( 1.000000000000000000, 0.000000000000000000, 0.000000000000000000 ) ) ;
#6637 = AXIS2_PLACEMENT_3D ( 'NONE', #1122, #3614, #6114 ) ;
#6638 = ORIENTED_EDGE ( 'NONE', *, *, #7273, .T. ) ;
#6639 = ORIENTED_EDGE ( 'NONE', *, *, #10532, .F. ) ;
#6640 = CARTESIAN_POINT ( 'NONE',  ( -3.799999999999997602, -0.8500000000000011990, 2.924999999999999822 ) ) ;
#6641 = DIRECTION ( 'NONE',  ( 1.000000000000000000, 0.000000000000000000, 0.000000000000000000 ) ) ;
#6642 = CARTESIAN_POINT ( 'NONE',  ( -3.400000000000003020, 8.400000000000000355, -0.07500000000000084377 ) ) ;
#6643 = DIRECTION ( 'NONE',  ( -0.000000000000000000, -0.000000000000000000, 1.000000000000000000 ) ) ;
#6644 = CARTESIAN_POINT ( 'NONE',  ( 8.950000000000002842, -0.8500000000000009770, 2.924999999999999822 ) ) ;
#6645 = ORIENTED_EDGE ( 'NONE', *, *, #2348, .T. ) ;
#6646 = VECTOR ( 'NONE', #687, 1000.000000000000000 ) ;
#6647 = EDGE_CURVE ( 'NONE', #3879, #2225, #8193, .T. ) ;
#6648 = EDGE_CURVE ( 'NONE', #6067, #8028, #8297, .T. ) ;
#6649 = CARTESIAN_POINT ( 'NONE',  ( 5.274999999999999467, 0.000000000000000000, -4.025000000000004796 ) ) ;
#6650 = VECTOR ( 'NONE', #3376, 1000.000000000000000 ) ;
#6651 = LINE ( 'NONE', #3226, #6948 ) ;
#6652 = DIRECTION ( 'NONE',  ( 1.000000000000000000, 0.000000000000000000, 0.000000000000000000 ) ) ;
#6653 = CIRCLE ( 'NONE', #6125, 0.5000000000000026645 ) ;
#6654 = EDGE_CURVE ( 'NONE', #10766, #4006, #4168, .T. ) ;
#6655 = VECTOR ( 'NONE', #8169, 1000.000000000000000 ) ;
#6656 = ORIENTED_EDGE ( 'NONE', *, *, #216, .F. ) ;
#6657 = CARTESIAN_POINT ( 'NONE',  ( 9.200000000000001066, 4.800000000000000711, 7.875000000000000000 ) ) ;
#6658 = VECTOR ( 'NONE', #10285, 1000.000000000000000 ) ;
#6659 = VECTOR ( 'NONE', #6861, 1000.000000000000000 ) ;
#6660 = DIRECTION ( 'NONE',  ( 1.000000000000000000, 0.000000000000000000, 0.000000000000000000 ) ) ;
#6661 = DIRECTION ( 'NONE',  ( 0.000000000000000000, 0.000000000000000000, 1.000000000000000000 ) ) ;
#6662 = EDGE_LOOP ( 'NONE', ( #1060, #5108, #6712, #7547 ) ) ;
#6663 = LINE ( 'NONE', #29, #7852 ) ;
#6664 = VECTOR ( 'NONE', #3930, 1000.000000000000000 ) ;
#6665 = EDGE_CURVE ( 'NONE', #2269, #6964, #2643, .T. ) ;
#6666 = ORIENTED_EDGE ( 'NONE', *, *, #8432, .T. ) ;
#6667 = EDGE_CURVE ( 'NONE', #1523, #7873, #1825, .T. ) ;
#6668 = VECTOR ( 'NONE', #785, 1000.000000000000000 ) ;
#6669 = PRODUCT_DEFINITION_SHAPE ( 'NONE', 'NONE',  #10767 ) ;
#6670 = ADVANCED_FACE ( 'NONE', ( #5034 ), #6723, .F. ) ;
#6671 = EDGE_CURVE ( 'NONE', #3565, #3205, #2591, .T. ) ;
#6672 = ORIENTED_EDGE ( 'NONE', *, *, #7178, .F. ) ;
#6673 = LINE ( 'NONE', #2485, #1247 ) ;
#6674 = CARTESIAN_POINT ( 'NONE',  ( -0.1999999999999970690, 8.399999999999998579, 2.124999999999999112 ) ) ;
#6675 = FACE_OUTER_BOUND ( 'NONE', #1055, .T. ) ;
#6676 = CONTEXT_DEPENDENT_SHAPE_REPRESENTATION ( #4242, #7953 ) ;
#6677 = VERTEX_POINT ( 'NONE', #2538 ) ;
#6678 = EDGE_CURVE ( 'NONE', #10375, #2752, #3507, .T. ) ;
#6679 = DIRECTION ( 'NONE',  ( 0.000000000000000000, 0.000000000000000000, 1.000000000000000000 ) ) ;
#6680 = EDGE_CURVE ( 'NONE', #6696, #3301, #10101, .T. ) ;
#6681 = VERTEX_POINT ( 'NONE', #197 ) ;
#6682 = ORIENTED_EDGE ( 'NONE', *, *, #10053, .T. ) ;
#6683 = DIRECTION ( 'NONE',  ( 0.000000000000000000, 0.000000000000000000, 1.000000000000000000 ) ) ;
#6684 = VECTOR ( 'NONE', #3199, 1000.000000000000000 ) ;
#6685 = ORIENTED_EDGE ( 'NONE', *, *, #2025, .T. ) ;
#6686 = PLANE ( 'NONE',  #10491 ) ;
#6687 = CARTESIAN_POINT ( 'NONE',  ( -5.780765553445655236, 0.08820201412019883225, -7.430765553445661808 ) ) ;
#6688 = CARTESIAN_POINT ( 'NONE',  ( -9.199999999999997513, 4.799999999999998046, 13.20342712474620939 ) ) ;
#6689 = CARTESIAN_POINT ( 'NONE',  ( -10.19999999999999574, 0.000000000000000000, -4.724999999999997868 ) ) ;
#6690 = LINE ( 'NONE', #10012, #9025 ) ;
#6691 = VERTEX_POINT ( 'NONE', #5803 ) ;
#6692 = CARTESIAN_POINT ( 'NONE',  ( 2.499999999999996891, -3.750000000000001332, 4.025000000000000355 ) ) ;
#6693 = VERTEX_POINT ( 'NONE', #1717 ) ;
#6694 = DIRECTION ( 'NONE',  ( 1.000000000000000000, 0.000000000000000000, 0.000000000000000000 ) ) ;
#6695 = ORIENTED_EDGE ( 'NONE', *, *, #2943, .T. ) ;
#6696 = VERTEX_POINT ( 'NONE', #142 ) ;
#6697 = CARTESIAN_POINT ( 'NONE',  ( -5.599999999999990763, 3.649999999999999911, 3.187878387081809706 ) ) ;
#6698 = DIRECTION ( 'NONE',  ( 0.000000000000000000, -1.000000000000000000, -1.376764663473656956E-16 ) ) ;
#6699 = LINE ( 'NONE', #7463, #1567 ) ;
#6700 = DIRECTION ( 'NONE',  ( -0.000000000000000000, -1.000000000000000000, -0.000000000000000000 ) ) ;
#6701 = DIRECTION ( 'NONE',  ( 1.000000000000000000, -0.000000000000000000, 0.000000000000000000 ) ) ;
#6702 = VERTEX_POINT ( 'NONE', #9123 ) ;
#6703 = CARTESIAN_POINT ( 'NONE',  ( 2.900000000000001688, 8.399999999999998579, 2.124999999999999112 ) ) ;
#6704 = DIRECTION ( 'NONE',  ( -1.000000000000000000, 0.000000000000000000, -0.000000000000000000 ) ) ;
#6705 = CARTESIAN_POINT ( 'NONE',  ( -5.200000000000002842, 8.400000000000000355, -0.07500000000000084377 ) ) ;
#6706 = VERTEX_POINT ( 'NONE', #8350 ) ;
#6707 = EDGE_CURVE ( 'NONE', #8630, #9287, #9227, .T. ) ;
#6708 = LINE ( 'NONE', #6977, #5948 ) ;
#6709 = LINE ( 'NONE', #8440, #3863 ) ;
#6710 = CARTESIAN_POINT ( 'NONE',  ( -2.900000000000002576, 2.800000000000000266, 3.825000000000001066 ) ) ;
#6711 = CYLINDRICAL_SURFACE ( 'NONE', #2998, 0.2000000000000009548 ) ;
#6712 = ORIENTED_EDGE ( 'NONE', *, *, #7401, .T. ) ;
#6713 = DIRECTION ( 'NONE',  ( -0.000000000000000000, -1.000000000000000000, -0.000000000000000000 ) ) ;
#6714 = ADVANCED_FACE ( 'NONE', ( #9334 ), #1876, .T. ) ;
#6715 = ORIENTED_EDGE ( 'NONE', *, *, #6175, .F. ) ;
#6716 = CARTESIAN_POINT ( 'NONE',  ( 8.950000000000002842, -3.999999999999999112, 2.924999999999999822 ) ) ;
#6717 = VECTOR ( 'NONE', #7130, 1000.000000000000000 ) ;
#6718 = ORIENTED_EDGE ( 'NONE', *, *, #8796, .F. ) ;
#6719 = EDGE_CURVE ( 'NONE', #6950, #9218, #5196, .T. ) ;
#6720 = EDGE_CURVE ( 'NONE', #8573, #1999, #5906, .T. ) ;
#6721 = PLANE ( 'NONE',  #403 ) ;
#6722 = VERTEX_POINT ( 'NONE', #5092 ) ;
#6723 = PLANE ( 'NONE',  #6203 ) ;
#6724 = VECTOR ( 'NONE', #6837, 1000.000000000000000 ) ;
#6725 = EDGE_CURVE ( 'NONE', #4305, #6691, #9283, .T. ) ;
#6726 = EDGE_LOOP ( 'NONE', ( #2034, #1937, #9276, #4505 ) ) ;
#6727 = CARTESIAN_POINT ( 'NONE',  ( -3.400000000000003020, -3.750000000000001332, 0.2249999999999995060 ) ) ;
#6728 = CIRCLE ( 'NONE', #7776, 0.2999999999999999334 ) ;
#6729 = ORIENTED_EDGE ( 'NONE', *, *, #8872, .F. ) ;
#6730 = ADVANCED_FACE ( 'NONE', ( #7644 ), #8460, .F. ) ;
#6731 = ORIENTED_EDGE ( 'NONE', *, *, #2077, .F. ) ;
#6732 = LINE ( 'NONE', #4389, #6442 ) ;
#6733 = ORIENTED_EDGE ( 'NONE', *, *, #6720, .T. ) ;
#6734 = DIRECTION ( 'NONE',  ( 0.000000000000000000, 1.000000000000000000, 0.000000000000000000 ) ) ;
#6735 = CARTESIAN_POINT ( 'NONE',  ( -1.100000000000002087, 0.000000000000000000, 4.025000000000000355 ) ) ;
#6736 = DIRECTION ( 'NONE',  ( 0.000000000000000000, -1.000000000000000000, 0.000000000000000000 ) ) ;
#6737 = DIRECTION ( 'NONE',  ( 0.000000000000000000, 0.000000000000000000, 1.000000000000000000 ) ) ;
#6738 = EDGE_CURVE ( 'NONE', #4945, #7018, #3458, .T. ) ;
#6739 = VECTOR ( 'NONE', #3114, 1000.000000000000000 ) ;
#6740 = ORIENTED_EDGE ( 'NONE', *, *, #10677, .F. ) ;
#6741 = EDGE_CURVE ( 'NONE', #10580, #9506, #4271, .T. ) ;
#6742 = FACE_BOUND ( 'NONE', #1003, .T. ) ;
#6743 = VECTOR ( 'NONE', #446, 1000.000000000000000 ) ;
#6744 = ORIENTED_EDGE ( 'NONE', *, *, #8462, .F. ) ;
#6745 = CARTESIAN_POINT ( 'NONE',  ( -6.500000000000002665, -3.750000000000001332, 4.025000000000000355 ) ) ;
#6746 = VECTOR ( 'NONE', #10621, 1000.000000000000000 ) ;
#6747 = ORIENTED_EDGE ( 'NONE', *, *, #8588, .F. ) ;
#6748 = ORIENTED_EDGE ( 'NONE', *, *, #7983, .T. ) ;
#6749 = LINE ( 'NONE', #6032, #2315 ) ;
#6750 = LINE ( 'NONE', #1040, #4030 ) ;
#6751 = DIRECTION ( 'NONE',  ( 0.000000000000000000, 0.000000000000000000, 1.000000000000000000 ) ) ;
#6752 = LINE ( 'NONE', #1802, #5508 ) ;
#6753 = FACE_OUTER_BOUND ( 'NONE', #4020, .T. ) ;
#6754 = VECTOR ( 'NONE', #3305, 1000.000000000000000 ) ;
#6755 = ORIENTED_EDGE ( 'NONE', *, *, #768, .F. ) ;
#6756 = CARTESIAN_POINT ( 'NONE',  ( -8.180000000000001492, 2.800000000000000266, -3.824999999999998401 ) ) ;
#6757 = VECTOR ( 'NONE', #8165, 1000.000000000000000 ) ;
#6758 = CARTESIAN_POINT ( 'NONE',  ( -4.299999999999998046, 2.800000000000000266, 3.825000000000001066 ) ) ;
#6759 = PLANE ( 'NONE',  #7800 ) ;
#6760 = VECTOR ( 'NONE', #1246, 1000.000000000000000 ) ;
#6761 = EDGE_LOOP ( 'NONE', ( #7223, #6289, #9480, #1145 ) ) ;
#6762 = CARTESIAN_POINT ( 'NONE',  ( -3.950000000000000178, 12.28038475772934746, -2.375000000000001332 ) ) ;
#6763 = CARTESIAN_POINT ( 'NONE',  ( 0.000000000000000000, -3.750000000000001332, 4.025000000000000355 ) ) ;
#6764 = CARTESIAN_POINT ( 'NONE',  ( -3.950000000000000178, 10.05000000000000071, -3.025000000000001243 ) ) ;
#6765 = PLANE ( 'NONE',  #4929 ) ;
#6766 = ORIENTED_EDGE ( 'NONE', *, *, #3922, .T. ) ;
#6767 = LINE ( 'NONE', #9117, #9772 ) ;
#6768 = EDGE_LOOP ( 'NONE', ( #1564, #9059, #7491, #2970, #4509 ) ) ;
#6769 = CARTESIAN_POINT ( 'NONE',  ( 8.950000000000002842, -3.024999999999999467, 5.375000000000000000 ) ) ;
#6770 = VECTOR ( 'NONE', #884, 1000.000000000000000 ) ;
#6771 = ADVANCED_FACE ( 'NONE', ( #8459 ), #1012, .T. ) ;
#6772 = ORIENTED_EDGE ( 'NONE', *, *, #4274, .T. ) ;
#6773 = CARTESIAN_POINT ( 'NONE',  ( -5.200000000000002842, -3.350000000000000977, 0.2249999999999995060 ) ) ;
#6774 = LINE ( 'NONE', #803, #2481 ) ;
#6775 = VERTEX_POINT ( 'NONE', #5309 ) ;
#6776 = CARTESIAN_POINT ( 'NONE',  ( 8.950000000000002842, -1.250000000000001110, 2.924999999999999822 ) ) ;
#6777 = EDGE_LOOP ( 'NONE', ( #8355, #4888, #10047, #7373 ) ) ;
#6778 = ADVANCED_FACE ( 'NONE', ( #7910 ), #311, .T. ) ;
#6779 = EDGE_CURVE ( 'NONE', #4670, #9072, #7963, .T. ) ;
#6780 = CARTESIAN_POINT ( 'NONE',  ( 1.434999999999998943, 11.09999999999999964, -4.025000000000000355 ) ) ;
#6781 = ORIENTED_EDGE ( 'NONE', *, *, #8454, .T. ) ;
#6782 = EDGE_CURVE ( 'NONE', #9390, #4348, #10373, .T. ) ;
#6783 = ORIENTED_EDGE ( 'NONE', *, *, #10657, .F. ) ;
#6784 = DIRECTION ( 'NONE',  ( 0.000000000000000000, 1.000000000000000000, -4.845596301611192898E-17 ) ) ;
#6785 = ORIENTED_EDGE ( 'NONE', *, *, #2196, .F. ) ;
#6786 = DIRECTION ( 'NONE',  ( 0.7071067811865505703, 0.7071067811865444641, 0.000000000000000000 ) ) ;
#6787 = DIRECTION ( 'NONE',  ( 0.000000000000000000, -1.000000000000000000, 0.000000000000000000 ) ) ;
#6788 = VECTOR ( 'NONE', #1309, 1000.000000000000000 ) ;
#6789 = CARTESIAN_POINT ( 'NONE',  ( 0.000000000000000000, 0.000000000000000000, 2.124999999999999112 ) ) ;
#6790 = FACE_OUTER_BOUND ( 'NONE', #7320, .T. ) ;
#6791 = EDGE_LOOP ( 'NONE', ( #8404, #6072, #9898, #8569 ) ) ;
#6792 = AXIS2_PLACEMENT_3D ( 'NONE', #3243, #5591, #5751 ) ;
#6793 = EDGE_CURVE ( 'NONE', #903, #5393, #5474, .T. ) ;
#6794 = DIRECTION ( 'NONE',  ( -1.000000000000000000, 0.000000000000000000, -0.000000000000000000 ) ) ;
#6795 = AXIS2_PLACEMENT_3D ( 'NONE', #6452, #7974, #5533 ) ;
#6796 = ORIENTED_EDGE ( 'NONE', *, *, #2707, .F. ) ;
#6797 = EDGE_CURVE ( 'NONE', #2059, #5323, #7103, .T. ) ;
#6798 = EDGE_CURVE ( 'NONE', #5051, #605, #6728, .T. ) ;
#6799 = CARTESIAN_POINT ( 'NONE',  ( 1.342230175546300266E-15, -2.400000000000002576, 3.599999999999998312 ) ) ;
#6800 = VERTEX_POINT ( 'NONE', #6944 ) ;
#6801 = ORIENTED_EDGE ( 'NONE', *, *, #4709, .F. ) ;
#6802 = DIRECTION ( 'NONE',  ( 0.000000000000000000, 0.000000000000000000, 1.000000000000000000 ) ) ;
#6803 = LINE ( 'NONE', #10237, #9241 ) ;
#6804 = CARTESIAN_POINT ( 'NONE',  ( -0.1999999999999970690, -1.250000000000001110, 2.924999999999999822 ) ) ;
#6805 = FACE_OUTER_BOUND ( 'NONE', #2226, .T. ) ;
#6806 = CARTESIAN_POINT ( 'NONE',  ( 8.180000000000001492, 2.800000000000000266, -3.825000000000000622 ) ) ;
#6807 = ORIENTED_EDGE ( 'NONE', *, *, #5623, .F. ) ;
#6808 = CARTESIAN_POINT ( 'NONE',  ( 7.980000000000001315, 2.800000000000000266, -3.825000000000000622 ) ) ;
#6809 = PLANE ( 'NONE',  #6069 ) ;
#6810 = VECTOR ( 'NONE', #3856, 1000.000000000000000 ) ;
#6811 = DIRECTION ( 'NONE',  ( 0.000000000000000000, 1.000000000000000000, 0.000000000000000000 ) ) ;
#6812 = VECTOR ( 'NONE', #9190, 1000.000000000000000 ) ;
#6813 = ORIENTED_EDGE ( 'NONE', *, *, #2909, .T. ) ;
#6814 = VECTOR ( 'NONE', #10476, 1000.000000000000000 ) ;
#6815 = DIRECTION ( 'NONE',  ( 0.000000000000000000, -1.000000000000000000, 4.845596301611192898E-17 ) ) ;
#6816 = DIRECTION ( 'NONE',  ( 1.000000000000000000, 0.000000000000000000, 0.000000000000000000 ) ) ;
#6817 = AXIS2_PLACEMENT_3D ( 'NONE', #4691, #6495, #8012 ) ;
#6818 = VECTOR ( 'NONE', #364, 1000.000000000000000 ) ;
#6819 = LINE ( 'NONE', #998, #841 ) ;
#6820 = PRESENTATION_LAYER_ASSIGNMENT (  '', '', ( #1065 ) ) ;
#6821 = LINE ( 'NONE', #2953, #6664 ) ;
#6822 = VECTOR ( 'NONE', #9056, 999.9999999999998863 ) ;
#6823 = VERTEX_POINT ( 'NONE', #6888 ) ;
#6824 = VERTEX_POINT ( 'NONE', #10267 ) ;
#6825 = ORIENTED_EDGE ( 'NONE', *, *, #7916, .F. ) ;
#6826 = AXIS2_PLACEMENT_3D ( 'NONE', #4765, #10432, #8079 ) ;
#6827 = CARTESIAN_POINT ( 'NONE',  ( -1.100000000000002087, 0.000000000000000000, 0.000000000000000000 ) ) ;
#6828 = VECTOR ( 'NONE', #3817, 1000.000000000000000 ) ;
#6829 = ADVANCED_BREP_SHAPE_REPRESENTATION ( '', ( #10095, #9864, #10230 ), #10125 ) ;
#6830 = AXIS2_PLACEMENT_3D ( 'NONE', #9861, #726, #7363 ) ;
#6831 = ORIENTED_EDGE ( 'NONE', *, *, #4333, .F. ) ;
#6832 = DIRECTION ( 'NONE',  ( 0.000000000000000000, -1.000000000000000000, 0.000000000000000000 ) ) ;
#6833 = DIRECTION ( 'NONE',  ( -1.000000000000000000, 0.000000000000000000, -0.000000000000000000 ) ) ;
#6834 = ORIENTED_EDGE ( 'NONE', *, *, #7894, .T. ) ;
#6835 = CONICAL_SURFACE ( 'NONE', #2493, 0.2000000000000009548, 0.5235987755983041447 ) ;
#6836 = ADVANCED_FACE ( 'NONE', ( #1340 ), #2157, .F. ) ;
#6837 = DIRECTION ( 'NONE',  ( -1.000000000000000000, 0.000000000000000000, 0.000000000000000000 ) ) ;
#6838 = CONTEXT_DEPENDENT_SHAPE_REPRESENTATION ( #10585, #7370 ) ;
#6839 = ORIENTED_EDGE ( 'NONE', *, *, #6582, .T. ) ;
#6840 = VECTOR ( 'NONE', #2188, 1000.000000000000000 ) ;
#6841 = DIRECTION ( 'NONE',  ( 1.000000000000000000, 3.469446951953616161E-16, 0.000000000000000000 ) ) ;
#6842 = ORIENTED_EDGE ( 'NONE', *, *, #7069, .T. ) ;
#6843 = ORIENTED_EDGE ( 'NONE', *, *, #6467, .F. ) ;
#6844 = CYLINDRICAL_SURFACE ( 'NONE', #10097, 0.2999999999999999334 ) ;
#6845 = ADVANCED_FACE ( 'NONE', ( #9614 ), #6283, .T. ) ;
#6846 = ORIENTED_EDGE ( 'NONE', *, *, #8396, .T. ) ;
#6847 = DIRECTION ( 'NONE',  ( 1.000000000000000000, 0.000000000000000000, -0.000000000000000000 ) ) ;
#6848 = FACE_OUTER_BOUND ( 'NONE', #3941, .T. ) ;
#6849 = FILL_AREA_STYLE_COLOUR ( '', #4309 ) ;
#6850 = DIRECTION ( 'NONE',  ( 0.000000000000000000, 0.000000000000000000, 1.000000000000000000 ) ) ;
#6851 = ORIENTED_EDGE ( 'NONE', *, *, #7196, .T. ) ;
#6852 = EDGE_LOOP ( 'NONE', ( #1648, #2249, #3457, #6063 ) ) ;
#6853 = PRODUCT_RELATED_PRODUCT_CATEGORY ( 'part', '', ( #8306 ) ) ;
#6854 = FACE_BOUND ( 'NONE', #2880, .T. ) ;
#6855 = VERTEX_POINT ( 'NONE', #9449 ) ;
#6856 = FACE_OUTER_BOUND ( 'NONE', #6278, .T. ) ;
#6857 = EDGE_CURVE ( 'NONE', #3599, #1804, #2564, .T. ) ;
#6858 = ORIENTED_EDGE ( 'NONE', *, *, #6680, .F. ) ;
#6859 = VERTEX_POINT ( 'NONE', #5253 ) ;
#6860 = EDGE_CURVE ( 'NONE', #5199, #3200, #7751, .T. ) ;
#6861 = DIRECTION ( 'NONE',  ( 0.3236155771181840057, -0.8891264907159889264, 0.3236155771181840057 ) ) ;
#6862 = DIRECTION ( 'NONE',  ( 0.000000000000000000, 0.000000000000000000, 1.000000000000000000 ) ) ;
#6863 = LINE ( 'NONE', #1906, #10586 ) ;
#6864 = DIRECTION ( 'NONE',  ( 1.000000000000000000, 0.000000000000000000, 0.000000000000000000 ) ) ;
#6865 = CARTESIAN_POINT ( 'NONE',  ( -7.000000000000002665, 0.000000000000000000, -0.4750000000000010325 ) ) ;
#6866 = ORIENTED_EDGE ( 'NONE', *, *, #3121, .F. ) ;
#6867 = EDGE_CURVE ( 'NONE', #9506, #9570, #6997, .T. ) ;
#6868 = CARTESIAN_POINT ( 'NONE',  ( -1.435000000000000053, 11.09999999999999964, -4.024999999999999467 ) ) ;
#6869 = PLANE ( 'NONE',  #4165 ) ;
#6870 = ADVANCED_FACE ( 'NONE', ( #4488 ), #7808, .T. ) ;
#6871 = CARTESIAN_POINT ( 'NONE',  ( 1.600000000000002531, 0.000000000000000000, 0.000000000000000000 ) ) ;
#6872 = ORIENTED_EDGE ( 'NONE', *, *, #1739, .T. ) ;
#6873 = EDGE_CURVE ( 'NONE', #2325, #9557, #2857, .T. ) ;
#6874 = DIRECTION ( 'NONE',  ( -0.000000000000000000, -0.000000000000000000, 1.000000000000000000 ) ) ;
#6875 = CARTESIAN_POINT ( 'NONE',  ( -8.499999999999998224, 4.799999999999998046, 7.875000000000000000 ) ) ;
#6876 = CARTESIAN_POINT ( 'NONE',  ( 5.200000000000002842, 8.400000000000000355, 1.724999999999998979 ) ) ;
#6877 = LINE ( 'NONE', #7741, #485 ) ;
#6878 = DIRECTION ( 'NONE',  ( -0.000000000000000000, -0.000000000000000000, 1.000000000000000000 ) ) ;
#6879 = EDGE_LOOP ( 'NONE', ( #5302, #3150, #7000, #8044 ) ) ;
#6880 = EDGE_CURVE ( 'NONE', #5021, #9837, #2043, .T. ) ;
#6881 = EDGE_LOOP ( 'NONE', ( #380, #1218, #5798, #2689 ) ) ;
#6882 = DIRECTION ( 'NONE',  ( 1.000000000000000000, 0.000000000000000000, 0.000000000000000000 ) ) ;
#6883 = CARTESIAN_POINT ( 'NONE',  ( 8.950000000000002842, -1.574999999999999512, 5.375000000000000000 ) ) ;
#6884 = EDGE_LOOP ( 'NONE', ( #9279, #1797, #8884, #2947 ) ) ;
#6885 = DIRECTION ( 'NONE',  ( 1.000000000000000000, 0.000000000000000000, 0.000000000000000000 ) ) ;
#6886 = DIRECTION ( 'NONE',  ( 1.000000000000000000, 0.000000000000000000, 0.000000000000000000 ) ) ;
#6887 = EDGE_LOOP ( 'NONE', ( #2696, #7010, #1816, #9309 ) ) ;
#6888 = CARTESIAN_POINT ( 'NONE',  ( -2.900000000000002576, 2.800000000000000266, -0.07500000000000084377 ) ) ;
#6889 = DIRECTION ( 'NONE',  ( -1.000000000000000000, 0.000000000000000000, -0.000000000000000000 ) ) ;
#6890 = VECTOR ( 'NONE', #6263, 1000.000000000000000 ) ;
#6891 = ORIENTED_EDGE ( 'NONE', *, *, #10164, .T. ) ;
#6892 = LINE ( 'NONE', #5857, #6410 ) ;
#6893 = ORIENTED_EDGE ( 'NONE', *, *, #1386, .T. ) ;
#6894 = VECTOR ( 'NONE', #5065, 1000.000000000000000 ) ;
#6895 = ORIENTED_EDGE ( 'NONE', *, *, #4400, .T. ) ;
#6896 = CARTESIAN_POINT ( 'NONE',  ( -3.074999999999998845, 10.50000000000000000, -4.225000000000004086 ) ) ;
#6897 = VERTEX_POINT ( 'NONE', #4544 ) ;
#6898 = DIRECTION ( 'NONE',  ( 0.000000000000000000, -0.000000000000000000, 1.000000000000000000 ) ) ;
#6899 = PLANE ( 'NONE',  #1380 ) ;
#6900 = FACE_OUTER_BOUND ( 'NONE', #8968, .T. ) ;
#6901 = VERTEX_POINT ( 'NONE', #7860 ) ;
#6902 = ORIENTED_EDGE ( 'NONE', *, *, #7663, .F. ) ;
#6903 = VECTOR ( 'NONE', #4444, 1000.000000000000000 ) ;
#6904 = EDGE_CURVE ( 'NONE', #7326, #9623, #6226, .T. ) ;
#6905 = CARTESIAN_POINT ( 'NONE',  ( -8.950000000000002842, 5.932552260868268550E-19, -4.225000000000003197 ) ) ;
#6906 = ORIENTED_EDGE ( 'NONE', *, *, #3260, .F. ) ;
#6907 = FACE_OUTER_BOUND ( 'NONE', #5911, .T. ) ;
#6908 = VERTEX_POINT ( 'NONE', #741 ) ;
#6909 = ORIENTED_EDGE ( 'NONE', *, *, #5938, .F. ) ;
#6910 = CARTESIAN_POINT ( 'NONE',  ( 5.599999999999996980, -3.350000000000000977, 2.924999999999999822 ) ) ;
#6911 = VECTOR ( 'NONE', #2952, 1000.000000000000000 ) ;
#6912 = CARTESIAN_POINT ( 'NONE',  ( 0.000000000000000000, -0.8500000000000011990, 4.025000000000000355 ) ) ;
#6913 = CARTESIAN_POINT ( 'NONE',  ( -6.099999999999992539, 2.949999999999998845, -5.650000000000002132 ) ) ;
#6914 = PLANE ( 'NONE',  #1851 ) ;
#6915 = LINE ( 'NONE', #1043, #8480 ) ;
#6916 = ORIENTED_EDGE ( 'NONE', *, *, #4266, .T. ) ;
#6917 = CARTESIAN_POINT ( 'NONE',  ( 3.575000000000000622, 10.50000000000000000, -0.6545349465914753750 ) ) ;
#6918 = EDGE_CURVE ( 'NONE', #6897, #7274, #6390, .T. ) ;
#6919 = CARTESIAN_POINT ( 'NONE',  ( -8.999999999999998224, 2.800000000000000266, 1.724999999999999201 ) ) ;
#6920 = ADVANCED_FACE ( 'NONE', ( #2203 ), #1604, .T. ) ;
#6921 = DIRECTION ( 'NONE',  ( -0.000000000000000000, -1.000000000000000000, -0.000000000000000000 ) ) ;
#6922 = ORIENTED_EDGE ( 'NONE', *, *, #8399, .F. ) ;
#6923 = EDGE_CURVE ( 'NONE', #6081, #6859, #579, .T. ) ;
#6924 = DIRECTION ( 'NONE',  ( -0.3236155771181851160, -0.3236155771181849494, -0.8891264907159881492 ) ) ;
#6925 = FACE_BOUND ( 'NONE', #7436, .T. ) ;
#6926 =( GEOMETRIC_REPRESENTATION_CONTEXT ( 3 ) GLOBAL_UNCERTAINTY_ASSIGNED_CONTEXT ( ( #383 ) ) GLOBAL_UNIT_ASSIGNED_CONTEXT ( ( #8854, #4557, #535 ) ) REPRESENTATION_CONTEXT ( 'NONE', 'WORKASPACE' ) );
#6927 = DIRECTION ( 'NONE',  ( -0.3236155771181850604, -0.8891264907159881492, 0.3236155771181850604 ) ) ;
#6928 = FACE_OUTER_BOUND ( 'NONE', #8699, .T. ) ;
#6929 = FACE_OUTER_BOUND ( 'NONE', #4782, .T. ) ;
#6930 = ORIENTED_EDGE ( 'NONE', *, *, #2685, .T. ) ;
#6931 = VECTOR ( 'NONE', #9208, 1000.000000000000000 ) ;
#6932 = EDGE_LOOP ( 'NONE', ( #9110, #5582, #8864, #5562 ) ) ;
#6933 = PLANE ( 'NONE',  #4378 ) ;
#6934 = DIRECTION ( 'NONE',  ( 1.000000000000000000, 0.000000000000000000, 0.000000000000000000 ) ) ;
#6935 = ADVANCED_FACE ( 'NONE', ( #9008 ), #8018, .T. ) ;
#6936 = VECTOR ( 'NONE', #8253, 1000.000000000000000 ) ;
#6937 = VECTOR ( 'NONE', #1137, 1000.000000000000000 ) ;
#6938 = ORIENTED_EDGE ( 'NONE', *, *, #9540, .F. ) ;
#6939 = EDGE_CURVE ( 'NONE', #6236, #5650, #8129, .T. ) ;
#6940 = CARTESIAN_POINT ( 'NONE',  ( -3.074999999999999289, 11.71428571428571530, -4.107842712474623070 ) ) ;
#6941 = ADVANCED_FACE ( 'NONE', ( #3021 ), #8241, .F. ) ;
#6942 = CARTESIAN_POINT ( 'NONE',  ( -1.934999999999999165, 10.05000000000000071, -2.674999999999999822 ) ) ;
#6943 = ORIENTED_EDGE ( 'NONE', *, *, #8122, .F. ) ;
#6944 = CARTESIAN_POINT ( 'NONE',  ( 3.799999999999998046, 0.000000000000000000, -0.07500000000000128786 ) ) ;
#6945 = FACE_OUTER_BOUND ( 'NONE', #4336, .T. ) ;
#6946 = CIRCLE ( 'NONE', #5380, 0.2000000000000005107 ) ;
#6947 = ORIENTED_EDGE ( 'NONE', *, *, #7122, .T. ) ;
#6948 = VECTOR ( 'NONE', #6545, 1000.000000000000000 ) ;
#6949 = CARTESIAN_POINT ( 'NONE',  ( 6.099999999999997868, 8.400000000000002132, -0.4750000000000014766 ) ) ;
#6950 = VERTEX_POINT ( 'NONE', #7377 ) ;
#6951 = VERTEX_POINT ( 'NONE', #1503 ) ;
#6952 = DIRECTION ( 'NONE',  ( -1.000000000000000000, 0.000000000000000000, 0.000000000000000000 ) ) ;
#6953 = ORIENTED_EDGE ( 'NONE', *, *, #4323, .T. ) ;
#6954 = FACE_OUTER_BOUND ( 'NONE', #4771, .T. ) ;
#6955 = PLANE ( 'NONE',  #5545 ) ;
#6956 = CARTESIAN_POINT ( 'NONE',  ( 9.200000000000001066, 4.800000000000000711, 7.875000000000000000 ) ) ;
#6957 = VERTEX_POINT ( 'NONE', #3998 ) ;
#6958 = ORIENTED_EDGE ( 'NONE', *, *, #625, .T. ) ;
#6959 = CARTESIAN_POINT ( 'NONE',  ( -3.400000000000003020, 8.400000000000000355, -0.4750000000000010325 ) ) ;
#6960 = ORIENTED_EDGE ( 'NONE', *, *, #9472, .F. ) ;
#6961 = FACE_OUTER_BOUND ( 'NONE', #145, .T. ) ;
#6962 = VECTOR ( 'NONE', #2388, 1000.000000000000000 ) ;
#6963 = ORIENTED_EDGE ( 'NONE', *, *, #2812, .F. ) ;
#6964 = VERTEX_POINT ( 'NONE', #6553 ) ;
#6965 = PLANE ( 'NONE',  #4847 ) ;
#6966 = FACE_OUTER_BOUND ( 'NONE', #7707, .T. ) ;
#6967 = ADVANCED_FACE ( 'NONE', ( #5690 ), #4697, .F. ) ;
#6968 = DIRECTION ( 'NONE',  ( 0.000000000000000000, 1.000000000000000000, 0.000000000000000000 ) ) ;
#6969 = LINE ( 'NONE', #8652, #6548 ) ;
#6970 = CARTESIAN_POINT ( 'NONE',  ( -2.234999999999996323, 12.80000000000000071, -3.675000000000001155 ) ) ;
#6971 = ORIENTED_EDGE ( 'NONE', *, *, #4467, .T. ) ;
#6972 = DIRECTION ( 'NONE',  ( 0.000000000000000000, 0.000000000000000000, 1.000000000000000000 ) ) ;
#6973 = AXIS2_PLACEMENT_3D ( 'NONE', #6074, #5316, #6237 ) ;
#6974 = CARTESIAN_POINT ( 'NONE',  ( -6.500000000000002665, -4.999999999999999112, 2.924999999999999822 ) ) ;
#6975 = DIRECTION ( 'NONE',  ( 0.000000000000000000, -0.7071067811865465735, 0.7071067811865483499 ) ) ;
#6976 = ORIENTED_EDGE ( 'NONE', *, *, #1230, .T. ) ;
#6977 = CARTESIAN_POINT ( 'NONE',  ( -0.1999999999999970690, -0.8500000000000011990, 2.425000000000000711 ) ) ;
#6978 = FACE_BOUND ( 'NONE', #3752, .T. ) ;
#6979 = EDGE_CURVE ( 'NONE', #1443, #4958, #3183, .T. ) ;
#6980 = DIRECTION ( 'NONE',  ( 0.000000000000000000, 0.000000000000000000, -1.000000000000000000 ) ) ;
#6981 = LINE ( 'NONE', #7899, #1357 ) ;
#6982 = EDGE_CURVE ( 'NONE', #1073, #597, #7216, .T. ) ;
#6983 = DIRECTION ( 'NONE',  ( -0.000000000000000000, 0.000000000000000000, 1.000000000000000000 ) ) ;
#6984 = ORIENTED_EDGE ( 'NONE', *, *, #6671, .T. ) ;
#6985 = VERTEX_POINT ( 'NONE', #8078 ) ;
#6986 = FACE_OUTER_BOUND ( 'NONE', #2327, .T. ) ;
#6987 = VECTOR ( 'NONE', #2477, 1000.000000000000000 ) ;
#6988 = DIRECTION ( 'NONE',  ( 1.000000000000000000, 0.000000000000000000, -0.000000000000000000 ) ) ;
#6989 = ADVANCED_FACE ( 'NONE', ( #9663 ), #10539, .F. ) ;
#6990 = VECTOR ( 'NONE', #2676, 1000.000000000000000 ) ;
#6991 = EDGE_LOOP ( 'NONE', ( #4844, #464, #8505, #2543 ) ) ;
#6992 = CARTESIAN_POINT ( 'NONE',  ( -3.274999999999999467, 11.52857142857143025, -4.025000000000003908 ) ) ;
#6993 = DIRECTION ( 'NONE',  ( 0.9396926207859087610, 0.3420201433256679358, 0.000000000000000000 ) ) ;
#6994 = CONICAL_SURFACE ( 'NONE', #2308, 0.7000000000000113909, 0.7853981633974439491 ) ;
#6995 = VERTEX_POINT ( 'NONE', #5579 ) ;
#6996 = EDGE_CURVE ( 'NONE', #8091, #8856, #8892, .T. ) ;
#6997 = LINE ( 'NONE', #8623, #9696 ) ;
#6998 = CARTESIAN_POINT ( 'NONE',  ( 2.575000000000000622, 11.90000000000000036, -0.6545349465914744869 ) ) ;
#6999 = EDGE_CURVE ( 'NONE', #7806, #7376, #4872, .T. ) ;
#7000 = ORIENTED_EDGE ( 'NONE', *, *, #5846, .F. ) ;
#7001 = AXIS2_PLACEMENT_3D ( 'NONE', #5838, #7421, #1601 ) ;
#7002 = EDGE_CURVE ( 'NONE', #709, #9970, #1184, .T. ) ;
#7003 = VECTOR ( 'NONE', #7503, 1000.000000000000000 ) ;
#7004 = VECTOR ( 'NONE', #7788, 999.9999999999997726 ) ;
#7005 = CARTESIAN_POINT ( 'NONE',  ( -5.200000000000002842, -3.350000000000000977, 2.924999999999999822 ) ) ;
#7006 = EDGE_LOOP ( 'NONE', ( #3290, #3774, #4223, #4106 ) ) ;
#7007 = AXIS2_PLACEMENT_3D ( 'NONE', #3127, #638, #4645 ) ;
#7008 = ORIENTED_EDGE ( 'NONE', *, *, #2803, .T. ) ;
#7009 = CARTESIAN_POINT ( 'NONE',  ( -2.900000000000002576, -3.750000000000001332, 0.2249999999999995060 ) ) ;
#7010 = ORIENTED_EDGE ( 'NONE', *, *, #4127, .T. ) ;
#7011 = LINE ( 'NONE', #6183, #8292 ) ;
#7012 = EDGE_CURVE ( 'NONE', #1317, #4305, #4764, .T. ) ;
#7013 = DIRECTION ( 'NONE',  ( 0.000000000000000000, -1.000000000000000000, 0.000000000000000000 ) ) ;
#7014 = VECTOR ( 'NONE', #5159, 1000.000000000000000 ) ;
#7015 = CARTESIAN_POINT ( 'NONE',  ( 0.000000000000000000, 0.000000000000000000, 0.000000000000000000 ) ) ;
#7016 = DIRECTION ( 'NONE',  ( 1.000000000000000000, 0.000000000000000000, 0.000000000000000000 ) ) ;
#7017 = ORIENTED_EDGE ( 'NONE', *, *, #10177, .T. ) ;
#7018 = VERTEX_POINT ( 'NONE', #3942 ) ;
#7019 = EDGE_CURVE ( 'NONE', #597, #432, #7265, .T. ) ;
#7020 = PLANE ( 'NONE',  #7721 ) ;
#7021 = ORIENTED_EDGE ( 'NONE', *, *, #8320, .T. ) ;
#7022 = PLANE ( 'NONE',  #3313 ) ;
#7023 = EDGE_LOOP ( 'NONE', ( #7075, #9029, #3608, #10538, #4073, #7613, #342, #8124, #8924, #10103, #6682, #4494 ) ) ;
#7024 = VERTEX_POINT ( 'NONE', #6444 ) ;
#7025 = CARTESIAN_POINT ( 'NONE',  ( 1.999999999999996669, 2.800000000000000266, 3.825000000000001066 ) ) ;
#7026 = DIRECTION ( 'NONE',  ( 2.267612386897787377E-16, 0.000000000000000000, 1.000000000000000000 ) ) ;
#7027 = DIRECTION ( 'NONE',  ( -1.000000000000000000, 0.000000000000000000, 0.000000000000000000 ) ) ;
#7028 = FACE_OUTER_BOUND ( 'NONE', #644, .T. ) ;
#7029 = CARTESIAN_POINT ( 'NONE',  ( -6.099999999999992539, 2.950000000000000622, -5.650000000000002132 ) ) ;
#7030 = EDGE_LOOP ( 'NONE', ( #8981, #7160, #4568, #7369 ) ) ;
#7031 = SHAPE_REPRESENTATION ( 'pin^10153118-xxxKALF Ass 2', ( #10230 ), #10125 ) ;
#7032 = PLANE ( 'NONE',  #2468 ) ;
#7033 = FACE_OUTER_BOUND ( 'NONE', #5534, .T. ) ;
#7034 = LINE ( 'NONE', #6154, #10712 ) ;
#7035 = LINE ( 'NONE', #7141, #8034 ) ;
#7036 = CARTESIAN_POINT ( 'NONE',  ( 1.100000000000002087, -0.8500000000000011990, 4.025000000000000355 ) ) ;
#7037 = LINE ( 'NONE', #7143, #7876 ) ;
#7038 = LINE ( 'NONE', #2085, #3634 ) ;
#7039 = CARTESIAN_POINT ( 'NONE',  ( -10.20000000000000284, -3.999999999999999112, 2.924999999999999822 ) ) ;
#7040 = CARTESIAN_POINT ( 'NONE',  ( 1.100000000000002087, 2.800000000000002043, 2.124999999999999112 ) ) ;
#7041 = VERTEX_POINT ( 'NONE', #8286 ) ;
#7042 = DIRECTION ( 'NONE',  ( 0.000000000000000000, -0.000000000000000000, -1.000000000000000000 ) ) ;
#7043 = DIRECTION ( 'NONE',  ( 0.000000000000000000, 0.000000000000000000, 1.000000000000000000 ) ) ;
#7044 = ADVANCED_FACE ( 'NONE', ( #1707 ), #4259, .F. ) ;
#7045 = ORIENTED_EDGE ( 'NONE', *, *, #7136, .T. ) ;
#7046 = PLANE ( 'NONE',  #1952 ) ;
#7047 = LINE ( 'NONE', #1874, #2992 ) ;
#7048 = EDGE_LOOP ( 'NONE', ( #1351, #7691, #4543, #8686 ) ) ;
#7049 = DIRECTION ( 'NONE',  ( -0.000000000000000000, 1.000000000000000000, -0.000000000000000000 ) ) ;
#7050 = CARTESIAN_POINT ( 'NONE',  ( 8.950000000000002842, 5.932552260868268550E-19, -4.225000000000003197 ) ) ;
#7051 = VERTEX_POINT ( 'NONE', #5946 ) ;
#7052 = EDGE_CURVE ( 'NONE', #7125, #7041, #6819, .T. ) ;
#7053 = CARTESIAN_POINT ( 'NONE',  ( -3.799999999999997602, 2.800000000000002043, 2.125000000000000000 ) ) ;
#7054 = EDGE_CURVE ( 'NONE', #7873, #10641, #9987, .T. ) ;
#7055 = VERTEX_POINT ( 'NONE', #1760 ) ;
#7056 = ORIENTED_EDGE ( 'NONE', *, *, #2938, .F. ) ;
#7057 = CARTESIAN_POINT ( 'NONE',  ( 9.199999999999999289, 12.28038475772934035, -3.825000000000000622 ) ) ;
#7058 = AXIS2_PLACEMENT_3D ( 'NONE', #2678, #4523, #4304 ) ;
#7059 = EDGE_CURVE ( 'NONE', #8654, #6985, #4104, .T. ) ;
#7060 = EDGE_LOOP ( 'NONE', ( #8527, #9474, #1251, #1401 ) ) ;
#7061 = DIRECTION ( 'NONE',  ( 0.000000000000000000, 0.000000000000000000, -1.000000000000000000 ) ) ;
#7062 = CARTESIAN_POINT ( 'NONE',  ( 5.599999999999996980, 0.000000000000000000, -0.07500000000000128786 ) ) ;
#7063 = PRESENTATION_STYLE_ASSIGNMENT (( #3789 ) ) ;
#7064 = EDGE_LOOP ( 'NONE', ( #9267, #5346, #3955, #10026 ) ) ;
#7065 = AXIS2_PLACEMENT_3D ( 'NONE', #8388, #2413, #6496 ) ;
#7066 = VECTOR ( 'NONE', #5952, 1000.000000000000000 ) ;
#7067 = ORIENTED_EDGE ( 'NONE', *, *, #3328, .T. ) ;
#7068 = CARTESIAN_POINT ( 'NONE',  ( -0.1999999999999970690, -1.250000000000001332, 2.425000000000000711 ) ) ;
#7069 = EDGE_CURVE ( 'NONE', #2734, #7599, #9517, .T. ) ;
#7070 = VECTOR ( 'NONE', #6365, 1000.000000000000000 ) ;
#7071 = VERTEX_POINT ( 'NONE', #4209 ) ;
#7072 = DIRECTION ( 'NONE',  ( -0.000000000000000000, 0.000000000000000000, 1.000000000000000000 ) ) ;
#7074 = EDGE_LOOP ( 'NONE', ( #82, #3026, #7773, #2852 ) ) ;
#7073 = ADVANCED_FACE ( 'NONE', ( #1813 ), #5839, .T. ) ;
#7075 = ORIENTED_EDGE ( 'NONE', *, *, #3673, .F. ) ;
#7076 = DIRECTION ( 'NONE',  ( -0.000000000000000000, -1.000000000000000000, -0.000000000000000000 ) ) ;
#7077 = EDGE_CURVE ( 'NONE', #7761, #10447, #797, .T. ) ;
#7078 = CARTESIAN_POINT ( 'NONE',  ( 8.950000000000002842, -3.350000000000000977, 2.924999999999999822 ) ) ;
#7079 = PLANE ( 'NONE',  #9183 ) ;
#7080 = CARTESIAN_POINT ( 'NONE',  ( -6.849999999999995204, 5.450000000000000178, 3.600000000000000977 ) ) ;
#7081 = DIRECTION ( 'NONE',  ( 0.000000000000000000, -1.000000000000000000, 0.000000000000000000 ) ) ;
#7082 = VECTOR ( 'NONE', #4980, 1000.000000000000114 ) ;
#7083 = ORIENTED_EDGE ( 'NONE', *, *, #984, .T. ) ;
#7084 = DIRECTION ( 'NONE',  ( -0.000000000000000000, 1.000000000000000000, -0.000000000000000000 ) ) ;
#7085 = FACE_BOUND ( 'NONE', #9228, .T. ) ;
#7086 = DIRECTION ( 'NONE',  ( 0.000000000000000000, -1.000000000000000000, 0.000000000000000000 ) ) ;
#7087 = AXIS2_PLACEMENT_3D ( 'NONE', #10308, #6048, #1276 ) ;
#7088 = ORIENTED_EDGE ( 'NONE', *, *, #9519, .F. ) ;
#7089 = CARTESIAN_POINT ( 'NONE',  ( -3.575000000000000178, 11.25000000000000178, -3.025000000000001243 ) ) ;
#7090 = CARTESIAN_POINT ( 'NONE',  ( -6.099999999999990763, 3.649999999999999911, 3.187878387081809262 ) ) ;
#7091 = CARTESIAN_POINT ( 'NONE',  ( 2.499999999999996891, 0.000000000000000000, 0.000000000000000000 ) ) ;
#7092 = DIRECTION ( 'NONE',  ( 0.000000000000000000, 0.000000000000000000, 1.000000000000000000 ) ) ;
#7093 = LINE ( 'NONE', #7039, #135 ) ;
#7094 = FACE_OUTER_BOUND ( 'NONE', #4315, .T. ) ;
#7095 = ORIENTED_EDGE ( 'NONE', *, *, #7327, .F. ) ;
#7096 = CARTESIAN_POINT ( 'NONE',  ( 7.000000000000002665, -1.250000000000001332, 2.424999999999998934 ) ) ;
#7097 = CARTESIAN_POINT ( 'NONE',  ( 3.950000000000000178, 12.28038475772932969, -2.375000000000003997 ) ) ;
#7098 = ORIENTED_EDGE ( 'NONE', *, *, #10412, .T. ) ;
#7099 = LINE ( 'NONE', #5521, #10654 ) ;
#7100 = DIRECTION ( 'NONE',  ( 1.000000000000000000, -9.391921407275225514E-33, -1.938238520644477159E-16 ) ) ;
#7101 = ORIENTED_EDGE ( 'NONE', *, *, #8802, .F. ) ;
#7102 = AXIS2_PLACEMENT_3D ( 'NONE', #10186, #1102, #7619 ) ;
#7103 = LINE ( 'NONE', #1126, #3610 ) ;
#7104 = DIRECTION ( 'NONE',  ( 1.000000000000000000, 0.000000000000000000, 0.000000000000000000 ) ) ;
#7105 = EDGE_CURVE ( 'NONE', #6823, #2541, #7632, .T. ) ;
#7106 = VERTEX_POINT ( 'NONE', #9162 ) ;
#7107 = AXIS2_PLACEMENT_3D ( 'NONE', #5478, #3834, #2911 ) ;
#7108 = CONICAL_SURFACE ( 'NONE', #10598, 0.1999999999999996503, 0.5235987755983037006 ) ;
#7109 = AXIS2_PLACEMENT_3D ( 'NONE', #8222, #6532, #7301 ) ;
#7110 = DIRECTION ( 'NONE',  ( -0.000000000000000000, 0.000000000000000000, -1.000000000000000000 ) ) ;
#7111 = EDGE_LOOP ( 'NONE', ( #2220, #4237, #374, #6755 ) ) ;
#7112 = ORIENTED_EDGE ( 'NONE', *, *, #1059, .F. ) ;
#7113 = DIRECTION ( 'NONE',  ( -0.000000000000000000, -0.000000000000000000, 1.000000000000000000 ) ) ;
#7114 = VECTOR ( 'NONE', #1052, 1000.000000000000000 ) ;
#7115 = ORIENTED_EDGE ( 'NONE', *, *, #5732, .F. ) ;
#7116 = CARTESIAN_POINT ( 'NONE',  ( -8.180000000000001492, 12.80000000000000071, -3.824999999999998401 ) ) ;
#7117 = CARTESIAN_POINT ( 'NONE',  ( 2.875000000000000000, 11.90000000000000036, -3.025000000000001243 ) ) ;
#7118 = EDGE_CURVE ( 'NONE', #7155, #6775, #4310, .T. ) ;
#7119 = EDGE_CURVE ( 'NONE', #10302, #3822, #3336, .T. ) ;
#7120 = ORIENTED_EDGE ( 'NONE', *, *, #4116, .F. ) ;
#7121 = CARTESIAN_POINT ( 'NONE',  ( 1.999999999999996669, 8.400000000000000355, -0.07500000000000128786 ) ) ;
#7122 = EDGE_CURVE ( 'NONE', #8515, #8756, #7577, .T. ) ;
#7123 = ORIENTED_EDGE ( 'NONE', *, *, #6671, .F. ) ;
#7124 = LINE ( 'NONE', #3637, #5047 ) ;
#7125 = VERTEX_POINT ( 'NONE', #3495 ) ;
#7126 = ORIENTED_EDGE ( 'NONE', *, *, #7122, .F. ) ;
#7127 = FACE_OUTER_BOUND ( 'NONE', #5473, .T. ) ;
#7128 = CARTESIAN_POINT ( 'NONE',  ( 1.934999999999998943, 7.099999999999999645, -5.024999999999999467 ) ) ;
#7129 = FACE_BOUND ( 'NONE', #7392, .T. ) ;
#7130 = DIRECTION ( 'NONE',  ( 0.000000000000000000, 1.000000000000000000, 0.000000000000000000 ) ) ;
#7131 = LINE ( 'NONE', #3915, #4314 ) ;
#7132 = EDGE_CURVE ( 'NONE', #7600, #10067, #10035, .T. ) ;
#7133 = EDGE_LOOP ( 'NONE', ( #7247, #6947, #3972, #6381 ) ) ;
#7134 = CARTESIAN_POINT ( 'NONE',  ( -10.20000000000000284, -3.024999999999999467, 5.375000000000000000 ) ) ;
#7135 = FACE_BOUND ( 'NONE', #8504, .T. ) ;
#7136 = EDGE_CURVE ( 'NONE', #8209, #4221, #80, .T. ) ;
#7137 = ADVANCED_FACE ( 'NONE', ( #10748 ), #7423, .T. ) ;
#7138 = DIRECTION ( 'NONE',  ( -0.000000000000000000, -0.000000000000000000, 1.000000000000000000 ) ) ;
#7139 = VERTEX_POINT ( 'NONE', #2527 ) ;
#7140 = ORIENTED_EDGE ( 'NONE', *, *, #7807, .T. ) ;
#7141 = CARTESIAN_POINT ( 'NONE',  ( -6.132619763988280681, -4.270985999605225736, -9.017380236011719674 ) ) ;
#7142 = LINE ( 'NONE', #7200, #6129 ) ;
#7143 = CARTESIAN_POINT ( 'NONE',  ( 9.900000000000012790, 4.800000000000000711, 7.875000000000000000 ) ) ;
#7144 = CARTESIAN_POINT ( 'NONE',  ( -10.20000000000000107, 7.299999999999996270, 5.025000000000001243 ) ) ;
#7145 = LINE ( 'NONE', #8066, #3435 ) ;
#7146 = DIRECTION ( 'NONE',  ( -1.084202172485504237E-15, -1.145622492601677082E-15, 1.000000000000000000 ) ) ;
#7147 = ORIENTED_EDGE ( 'NONE', *, *, #2996, .T. ) ;
#7148 = VECTOR ( 'NONE', #2051, 1000.000000000000000 ) ;
#7149 = DIRECTION ( 'NONE',  ( 0.000000000000000000, 0.000000000000000000, -1.000000000000000000 ) ) ;
#7150 = CARTESIAN_POINT ( 'NONE',  ( 10.20000000000000817, 4.800000000000000711, 7.575000000000001954 ) ) ;
#7151 = ADVANCED_FACE ( 'NONE', ( #897 ), #7532, .F. ) ;
#7152 = VERTEX_POINT ( 'NONE', #9216 ) ;
#7153 = LINE ( 'NONE', #419, #1440 ) ;
#7154 = CARTESIAN_POINT ( 'NONE',  ( -2.575000000000000622, 11.90000000000000036, -5.024999999999999467 ) ) ;
#7155 = VERTEX_POINT ( 'NONE', #5078 ) ;
#7156 = DIRECTION ( 'NONE',  ( -0.000000000000000000, -1.000000000000000000, -0.000000000000000000 ) ) ;
#7157 = CARTESIAN_POINT ( 'NONE',  ( -2.874999999999999112, 10.50000000000000000, -5.024999999999999467 ) ) ;
#7158 = CIRCLE ( 'NONE', #7500, 0.7000000000000113909 ) ;
#7159 = VECTOR ( 'NONE', #2181, 1000.000000000000114 ) ;
#7160 = ORIENTED_EDGE ( 'NONE', *, *, #5411, .F. ) ;
#7161 = CARTESIAN_POINT ( 'NONE',  ( 10.20000000000000284, -3.999999999999999112, -3.375000000000000444 ) ) ;
#7162 = AXIS2_PLACEMENT_3D ( 'NONE', #9527, #10510, #4461 ) ;
#7163 = VECTOR ( 'NONE', #8243, 1000.000000000000000 ) ;
#7164 = ORIENTED_EDGE ( 'NONE', *, *, #4985, .T. ) ;
#7165 = EDGE_CURVE ( 'NONE', #5492, #162, #3442, .T. ) ;
#7166 = VERTEX_POINT ( 'NONE', #5299 ) ;
#7167 = LINE ( 'NONE', #6349, #2628 ) ;
#7168 = VECTOR ( 'NONE', #7745, 1000.000000000000000 ) ;
#7169 = ORIENTED_EDGE ( 'NONE', *, *, #5057, .F. ) ;
#7170 = CARTESIAN_POINT ( 'NONE',  ( -8.950000000000002842, -1.225000000000000755, 5.025000000000000355 ) ) ;
#7171 = VECTOR ( 'NONE', #9161, 1000.000000000000000 ) ;
#7172 = ORIENTED_EDGE ( 'NONE', *, *, #10319, .T. ) ;
#7173 = AXIS2_PLACEMENT_3D ( 'NONE', #10745, #6498, #5837 ) ;
#7174 = VECTOR ( 'NONE', #3306, 999.9999999999998863 ) ;
#7175 = CARTESIAN_POINT ( 'NONE',  ( -3.274999999999999467, 10.50000000000000000, -4.225000000000004086 ) ) ;
#7176 = AXIS2_PLACEMENT_3D ( 'NONE', #2893, #1976, #3493 ) ;
#7177 = ORIENTED_EDGE ( 'NONE', *, *, #1223, .F. ) ;
#7178 = EDGE_CURVE ( 'NONE', #8424, #8101, #7093, .T. ) ;
#7179 = VERTEX_POINT ( 'NONE', #2845 ) ;
#7180 = PLANE ( 'NONE',  #5227 ) ;
#7181 = AXIS2_PLACEMENT_3D ( 'NONE', #3266, #6587, #1846 ) ;
#7182 = ORIENTED_EDGE ( 'NONE', *, *, #8103, .F. ) ;
#7183 = ORIENTED_EDGE ( 'NONE', *, *, #9394, .T. ) ;
#7184 = CARTESIAN_POINT ( 'NONE',  ( 3.075000000000000178, 2.600000000000001421, -4.824999999999999289 ) ) ;
#7185 = DIRECTION ( 'NONE',  ( 1.000000000000000000, 0.000000000000000000, 0.000000000000000000 ) ) ;
#7186 = AXIS2_PLACEMENT_3D ( 'NONE', #2143, #7253, #5463 ) ;
#7187 = CARTESIAN_POINT ( 'NONE',  ( 0.000000000000000000, -2.300000000000001599, -8.300000000000004263 ) ) ;
#7188 = PRODUCT_DEFINITION ( 'UNKNOWN', '', #8530, #6248 ) ;
#7189 = LINE ( 'NONE', #8929, #5685 ) ;
#7190 = CARTESIAN_POINT ( 'NONE',  ( 8.950000000000002842, -3.350000000000000977, 2.924999999999999822 ) ) ;
#7191 = EDGE_LOOP ( 'NONE', ( #4732, #1577, #5006, #10529 ) ) ;
#7192 = VECTOR ( 'NONE', #8227, 1000.000000000000000 ) ;
#7193 = FACE_BOUND ( 'NONE', #8517, .T. ) ;
#7194 = LINE ( 'NONE', #4737, #3404 ) ;
#7195 = EDGE_CURVE ( 'NONE', #9451, #1765, #6210, .T. ) ;
#7196 = EDGE_CURVE ( 'NONE', #1412, #8998, #6161, .T. ) ;
#7197 = VERTEX_POINT ( 'NONE', #9598 ) ;
#7198 = ORIENTED_EDGE ( 'NONE', *, *, #5595, .T. ) ;
#7199 = CARTESIAN_POINT ( 'NONE',  ( -2.750000000000000000, 11.90000000000000036, -3.675000000000001155 ) ) ;
#7200 = CARTESIAN_POINT ( 'NONE',  ( 10.20000000000000284, 12.80000000000000071, 5.024999999999999467 ) ) ;
#7201 = DIRECTION ( 'NONE',  ( -1.000000000000000000, 0.000000000000000000, -0.000000000000000000 ) ) ;
#7202 = LINE ( 'NONE', #7144, #2939 ) ;
#7203 = EDGE_CURVE ( 'NONE', #989, #8582, #8555, .T. ) ;
#7204 = CARTESIAN_POINT ( 'NONE',  ( 8.950000000000002842, -0.8499999999999999778, -3.375000000000000000 ) ) ;
#7205 = CARTESIAN_POINT ( 'NONE',  ( -6.499999999999995559, 5.849999999999999645, 3.187878387081805709 ) ) ;
#7206 = ORIENTED_EDGE ( 'NONE', *, *, #7627, .F. ) ;
#7207 = CARTESIAN_POINT ( 'NONE',  ( -4.299999999999998046, 2.800000000000002043, 1.724999999999999645 ) ) ;
#7208 = DIRECTION ( 'NONE',  ( 0.000000000000000000, 0.000000000000000000, -1.000000000000000000 ) ) ;
#7209 = EDGE_CURVE ( 'NONE', #3510, #9565, #6215, .T. ) ;
#7210 = VECTOR ( 'NONE', #5489, 1000.000000000000000 ) ;
#7211 = ORIENTED_EDGE ( 'NONE', *, *, #6582, .F. ) ;
#7212 = DIRECTION ( 'NONE',  ( -1.000000000000000000, 0.000000000000000000, -0.000000000000000000 ) ) ;
#7213 = DIRECTION ( 'NONE',  ( -0.000000000000000000, -1.000000000000000000, -0.000000000000000000 ) ) ;
#7214 = VERTEX_POINT ( 'NONE', #5404 ) ;
#7215 = EDGE_CURVE ( 'NONE', #10067, #8970, #6981, .T. ) ;
#7216 = LINE ( 'NONE', #8838, #3427 ) ;
#7217 = LINE ( 'NONE', #3943, #3515 ) ;
#7218 = PLANE ( 'NONE',  #557 ) ;
#7219 = ORIENTED_EDGE ( 'NONE', *, *, #10467, .F. ) ;
#7220 = PLANE ( 'NONE',  #8842 ) ;
#7221 = ORIENTED_EDGE ( 'NONE', *, *, #4322, .F. ) ;
#7222 = DIRECTION ( 'NONE',  ( 0.000000000000000000, 0.000000000000000000, -1.000000000000000000 ) ) ;
#7223 = ORIENTED_EDGE ( 'NONE', *, *, #3058, .T. ) ;
#7224 = FACE_OUTER_BOUND ( 'NONE', #4564, .T. ) ;
#7225 = APPLICATION_PROTOCOL_DEFINITION ( 'draft international standard', 'automotive_design', 1998, #10017 ) ;
#7226 = ORIENTED_EDGE ( 'NONE', *, *, #8198, .F. ) ;
#7227 = ORIENTED_EDGE ( 'NONE', *, *, #9748, .T. ) ;
#7228 = LINE ( 'NONE', #9518, #4752 ) ;
#7229 = ORIENTED_EDGE ( 'NONE', *, *, #4921, .T. ) ;
#7230 = UNCERTAINTY_MEASURE_WITH_UNIT (LENGTH_MEASURE( 1.000000000000000082E-05 ), #924, 'distance_accuracy_value', 'NONE');
#7231 = ORIENTED_EDGE ( 'NONE', *, *, #7132, .F. ) ;
#7232 = DIRECTION ( 'NONE',  ( -1.495451272393799542E-16, 0.000000000000000000, -1.000000000000000000 ) ) ;
#7233 = ORIENTED_EDGE ( 'NONE', *, *, #8831, .F. ) ;
#7234 = ORIENTED_EDGE ( 'NONE', *, *, #6275, .F. ) ;
#7235 = CARTESIAN_POINT ( 'NONE',  ( 4.700000000000002842, 2.800000000000002043, 1.724999999999998979 ) ) ;
#7236 = LINE ( 'NONE', #3095, #5422 ) ;
#7237 = DIRECTION ( 'NONE',  ( 0.000000000000000000, 1.000000000000000000, 0.000000000000000000 ) ) ;
#7238 = DIRECTION ( 'NONE',  ( -1.000000000000000000, 0.000000000000000000, 0.000000000000000000 ) ) ;
#7239 = DIRECTION ( 'NONE',  ( 0.000000000000000000, 0.8660254037844351549, 0.5000000000000058842 ) ) ;
#7240 = ORIENTED_EDGE ( 'NONE', *, *, #7576, .T. ) ;
#7241 = EDGE_CURVE ( 'NONE', #6901, #3425, #6877, .T. ) ;
#7242 = VECTOR ( 'NONE', #5223, 1000.000000000000000 ) ;
#7243 = CARTESIAN_POINT ( 'NONE',  ( 2.750000000000000000, 12.40000000000000391, -3.675000000000001155 ) ) ;
#7244 = LINE ( 'NONE', #2237, #810 ) ;
#7245 = DIRECTION ( 'NONE',  ( 0.000000000000000000, 0.000000000000000000, -1.000000000000000000 ) ) ;
#7246 = ORIENTED_EDGE ( 'NONE', *, *, #590, .F. ) ;
#7247 = ORIENTED_EDGE ( 'NONE', *, *, #9654, .F. ) ;
#7248 = LINE ( 'NONE', #6211, #236 ) ;
#7250 = CARTESIAN_POINT ( 'NONE',  ( -7.000000000000002665, 8.400000000000000355, -0.4750000000000010325 ) ) ;
#7249 = VECTOR ( 'NONE', #7762, 1000.000000000000114 ) ;
#7251 = FACE_OUTER_BOUND ( 'NONE', #9410, .T. ) ;
#7252 = DIRECTION ( 'NONE',  ( -1.000000000000000000, 0.000000000000000000, 0.000000000000000000 ) ) ;
#7253 = DIRECTION ( 'NONE',  ( 0.000000000000000000, 1.000000000000000000, 0.000000000000000000 ) ) ;
#7254 = EDGE_LOOP ( 'NONE', ( #6004, #7231, #8133, #10018, #3535, #3533 ) ) ;
#7255 = ADVANCED_FACE ( 'NONE', ( #2086 ), #5351, .F. ) ;
#7256 = EDGE_CURVE ( 'NONE', #7297, #5157, #2032, .T. ) ;
#7257 = LINE ( 'NONE', #6436, #2125 ) ;
#7258 = DIRECTION ( 'NONE',  ( 2.146163712481653336E-15, 0.5000000000000019984, 0.8660254037844375974 ) ) ;
#7259 = VECTOR ( 'NONE', #457, 1000.000000000000000 ) ;
#7260 = ADVANCED_FACE ( 'NONE', ( #299 ), #8718, .T. ) ;
#7261 = ORIENTED_EDGE ( 'NONE', *, *, #10244, .T. ) ;
#7262 = CARTESIAN_POINT ( 'NONE',  ( -4.700000000000002842, -3.350000000000000977, 0.2249999999999995060 ) ) ;
#7263 = CARTESIAN_POINT ( 'NONE',  ( -1.600000000000002531, -3.750000000000001332, 0.2249999999999999500 ) ) ;
#7264 = ORIENTED_EDGE ( 'NONE', *, *, #2277, .F. ) ;
#7265 = LINE ( 'NONE', #10593, #10742 ) ;
#7266 = CYLINDRICAL_SURFACE ( 'NONE', #10315, 0.1999999999999996503 ) ;
#7267 = VECTOR ( 'NONE', #9271, 1000.000000000000000 ) ;
#7268 = DIRECTION ( 'NONE',  ( -2.241244801003626938E-16, -1.000000000000000000, 3.534490883374507402E-32 ) ) ;
#7269 = ORIENTED_EDGE ( 'NONE', *, *, #5862, .T. ) ;
#7270 = EDGE_CURVE ( 'NONE', #6951, #1989, #9375, .T. ) ;
#7271 = PRODUCT_DEFINITION_SHAPE ( 'NONE', 'NONE',  #5252 ) ;
#7272 = ADVANCED_FACE ( 'NONE', ( #6928 ), #3655, .T. ) ;
#7273 = EDGE_CURVE ( 'NONE', #9218, #8414, #4587, .T. ) ;
#7274 = VERTEX_POINT ( 'NONE', #246 ) ;
#7275 = VECTOR ( 'NONE', #9308, 1000.000000000000000 ) ;
#7276 = CARTESIAN_POINT ( 'NONE',  ( 2.750000000000000000, 10.05000000000000071, -3.025000000000001243 ) ) ;
#7277 = VERTEX_POINT ( 'NONE', #9431 ) ;
#7278 = DIRECTION ( 'NONE',  ( 0.000000000000000000, -0.000000000000000000, -1.000000000000000000 ) ) ;
#7279 = CARTESIAN_POINT ( 'NONE',  ( 8.950000000000002842, -1.224999999999998757, 5.025000000000001243 ) ) ;
#7280 = VECTOR ( 'NONE', #285, 1000.000000000000000 ) ;
#7281 = ORIENTED_EDGE ( 'NONE', *, *, #9111, .T. ) ;
#7282 = ORIENTED_EDGE ( 'NONE', *, *, #3793, .F. ) ;
#7283 = AXIS2_PLACEMENT_3D ( 'NONE', #9857, #6636, #7245 ) ;
#7284 = CARTESIAN_POINT ( 'NONE',  ( 9.000000000000000000, 2.800000000000000266, -3.825000000000000622 ) ) ;
#7285 = VECTOR ( 'NONE', #1256, 1000.000000000000000 ) ;
#7286 = ORIENTED_EDGE ( 'NONE', *, *, #5617, .F. ) ;
#7287 = ORIENTED_EDGE ( 'NONE', *, *, #1661, .F. ) ;
#7288 = LINE ( 'NONE', #4018, #4533 ) ;
#7289 = ORIENTED_EDGE ( 'NONE', *, *, #6389, .T. ) ;
#7290 = ORIENTED_EDGE ( 'NONE', *, *, #3326, .F. ) ;
#7291 = DIRECTION ( 'NONE',  ( -0.000000000000000000, 0.000000000000000000, -1.000000000000000000 ) ) ;
#7292 = LINE ( 'NONE', #2502, #3502 ) ;
#7293 = PLANE ( 'NONE',  #1545 ) ;
#7294 = CARTESIAN_POINT ( 'NONE',  ( 3.275000000000000799, 11.52857142857142847, -4.025000000000004796 ) ) ;
#7295 = DIRECTION ( 'NONE',  ( 0.000000000000000000, 0.000000000000000000, -1.000000000000000000 ) ) ;
#7296 = AXIS2_PLACEMENT_3D ( 'NONE', #1718, #3654, #245 ) ;
#7297 = VERTEX_POINT ( 'NONE', #8613 ) ;
#7298 = EDGE_CURVE ( 'NONE', #3623, #4973, #3553, .T. ) ;
#7299 = DIRECTION ( 'NONE',  ( -0.5000000000000047740, -0.8660254037844359321, 0.000000000000000000 ) ) ;
#7300 = LINE ( 'NONE', #503, #7753 ) ;
#7301 = DIRECTION ( 'NONE',  ( 0.000000000000000000, 1.000000000000000000, 0.000000000000000000 ) ) ;
#7302 = ADVANCED_FACE ( 'NONE', ( #1167, #7844 ), #3713, .F. ) ;
#7303 = ORIENTED_EDGE ( 'NONE', *, *, #3452, .F. ) ;
#7304 = ORIENTED_EDGE ( 'NONE', *, *, #7069, .F. ) ;
#7305 = CARTESIAN_POINT ( 'NONE',  ( -7.000000000000002665, 8.400000000000000355, -0.4750000000000010325 ) ) ;
#7306 = PLANE ( 'NONE',  #9439 ) ;
#7307 = DIRECTION ( 'NONE',  ( 0.000000000000000000, 1.000000000000000000, -4.845596301611192898E-17 ) ) ;
#7308 = CARTESIAN_POINT ( 'NONE',  ( 0.6999999999999975131, 2.800000000000000266, 3.825000000000001066 ) ) ;
#7309 = LINE ( 'NONE', #8008, #4115 ) ;
#7310 = PLANE ( 'NONE',  #3276 ) ;
#7311 = ORIENTED_EDGE ( 'NONE', *, *, #2282, .T. ) ;
#7312 = DIRECTION ( 'NONE',  ( -0.000000000000000000, 1.000000000000000000, -0.000000000000000000 ) ) ;
#7313 = CARTESIAN_POINT ( 'NONE',  ( 9.900000000000002132, 0.000000000000000000, -5.025000000000000355 ) ) ;
#7314 = ORIENTED_EDGE ( 'NONE', *, *, #1995, .T. ) ;
#7315 = EDGE_CURVE ( 'NONE', #10729, #10086, #10360, .T. ) ;
#7316 = EDGE_CURVE ( 'NONE', #2447, #7704, #10634, .T. ) ;
#7317 = LINE ( 'NONE', #9004, #9948 ) ;
#7318 = CARTESIAN_POINT ( 'NONE',  ( 0.000000000000000000, 0.000000000000000000, 2.125000000000000000 ) ) ;
#7319 = VECTOR ( 'NONE', #9899, 1000.000000000000000 ) ;
#7320 = EDGE_LOOP ( 'NONE', ( #98, #4550, #2532, #3506 ) ) ;
#7321 = CARTESIAN_POINT ( 'NONE',  ( 4.274999999999999467, 10.50000000000000000, -4.025000000000004796 ) ) ;
#7322 = PLANE ( 'NONE',  #6826 ) ;
#7323 = DIRECTION ( 'NONE',  ( -0.000000000000000000, -0.000000000000000000, 1.000000000000000000 ) ) ;
#7324 = ORIENTED_EDGE ( 'NONE', *, *, #9926, .F. ) ;
#7325 = VECTOR ( 'NONE', #1616, 1000.000000000000000 ) ;
#7326 = VERTEX_POINT ( 'NONE', #9651 ) ;
#7327 = EDGE_CURVE ( 'NONE', #1940, #10129, #1327, .T. ) ;
#7328 = EDGE_CURVE ( 'NONE', #9970, #5204, #7145, .T. ) ;
#7329 = FACE_OUTER_BOUND ( 'NONE', #7111, .T. ) ;
#7330 = EDGE_LOOP ( 'NONE', ( #7101, #9336, #6906, #2633 ) ) ;
#7331 = FACE_OUTER_BOUND ( 'NONE', #8734, .T. ) ;
#7332 = ITEM_DEFINED_TRANSFORMATION ( 'NONE', 'NONE', #722,  #10230 ) ;
#7333 = ADVANCED_FACE ( 'NONE', ( #2191 ), #5512, .F. ) ;
#7334 = ORIENTED_EDGE ( 'NONE', *, *, #9536, .T. ) ;
#7335 = VECTOR ( 'NONE', #9305, 1000.000000000000000 ) ;
#7336 = VECTOR ( 'NONE', #132, 1000.000000000000000 ) ;
#7337 = LINE ( 'NONE', #3088, #260 ) ;
#7338 = ORIENTED_EDGE ( 'NONE', *, *, #7381, .F. ) ;
#7339 = EDGE_CURVE ( 'NONE', #385, #6413, #2357, .T. ) ;
#7340 = EDGE_LOOP ( 'NONE', ( #5490, #7815, #1467, #7206 ) ) ;
#7341 = FACE_OUTER_BOUND ( 'NONE', #4920, .T. ) ;
#7342 = CIRCLE ( 'NONE', #10651, 0.2000000000000009548 ) ;
#7343 = ORIENTED_EDGE ( 'NONE', *, *, #5004, .F. ) ;
#7344 = EDGE_LOOP ( 'NONE', ( #7660, #5965, #5186, #7219 ) ) ;
#7345 = LINE ( 'NONE', #4838, #8676 ) ;
#7346 = CARTESIAN_POINT ( 'NONE',  ( 7.980000000000004867, 12.28038475772934035, -2.875000000000002220 ) ) ;
#7347 = AXIS2_PLACEMENT_3D ( 'NONE', #1757, #9268, #5295 ) ;
#7348 = DIRECTION ( 'NONE',  ( 1.000000000000000000, 0.000000000000000000, 0.000000000000000000 ) ) ;
#7349 = DIRECTION ( 'NONE',  ( -1.000000000000000000, 0.000000000000000000, 0.000000000000000000 ) ) ;
#7350 = EDGE_CURVE ( 'NONE', #7581, #642, #2048, .T. ) ;
#7351 = CARTESIAN_POINT ( 'NONE',  ( -0.6999999999999975131, -0.8500000000000011990, 2.924999999999999822 ) ) ;
#7352 = ORIENTED_EDGE ( 'NONE', *, *, #9787, .T. ) ;
#7353 = AXIS2_PLACEMENT_3D ( 'NONE', #4600, #8893, #7104 ) ;
#7354 = VECTOR ( 'NONE', #895, 1000.000000000000114 ) ;
#7355 = CARTESIAN_POINT ( 'NONE',  ( 1.100000000000002087, -1.250000000000001332, 2.425000000000000711 ) ) ;
#7356 = AXIS2_PLACEMENT_3D ( 'NONE', #3864, #4626, #2182 ) ;
#7357 = CARTESIAN_POINT ( 'NONE',  ( -2.575000000000000178, 11.90000000000000036, -3.675000000000001155 ) ) ;
#7358 = VECTOR ( 'NONE', #6924, 999.9999999999998863 ) ;
#7359 = CARTESIAN_POINT ( 'NONE',  ( 1.934999999999999165, 10.59999999999999964, -5.024999999999999467 ) ) ;
#7360 = VECTOR ( 'NONE', #9389, 1000.000000000000000 ) ;
#7361 = ORIENTED_EDGE ( 'NONE', *, *, #10210, .T. ) ;
#7362 = ORIENTED_EDGE ( 'NONE', *, *, #6300, .T. ) ;
#7363 = DIRECTION ( 'NONE',  ( 0.000000000000000000, 0.000000000000000000, 1.000000000000000000 ) ) ;
#7364 = DIRECTION ( 'NONE',  ( 1.000000000000000000, -0.000000000000000000, 9.139744341289816024E-17 ) ) ;
#7365 = CARTESIAN_POINT ( 'NONE',  ( 3.799999999999998046, -3.750000000000001332, 0.2249999999999982014 ) ) ;
#7366 = DIRECTION ( 'NONE',  ( 0.000000000000000000, 0.000000000000000000, -1.000000000000000000 ) ) ;
#7367 = LINE ( 'NONE', #10578, #1164 ) ;
#7368 = CARTESIAN_POINT ( 'NONE',  ( -3.074999999999998845, 2.600000000000001421, -4.225000000000004086 ) ) ;
#7369 = ORIENTED_EDGE ( 'NONE', *, *, #1662, .T. ) ;
#7370 = PRODUCT_DEFINITION_SHAPE ( 'NONE', 'NONE',  #10770 ) ;
#7371 = CARTESIAN_POINT ( 'NONE',  ( 2.750000000000000000, 10.05000000000000071, -3.675000000000001155 ) ) ;
#7372 = LINE ( 'NONE', #3327, #8333 ) ;
#7373 = ORIENTED_EDGE ( 'NONE', *, *, #4387, .F. ) ;
#7374 = CARTESIAN_POINT ( 'NONE',  ( -3.150000000000000799, 12.80000000000000071, -3.675000000000001155 ) ) ;
#7375 = CARTESIAN_POINT ( 'NONE',  ( -5.949999999999992184, 3.500000000000000888, 3.599999999999999201 ) ) ;
#7376 = VERTEX_POINT ( 'NONE', #9760 ) ;
#7377 = CARTESIAN_POINT ( 'NONE',  ( -5.599999999999996980, -1.250000000000001110, 2.924999999999999822 ) ) ;
#7378 = CARTESIAN_POINT ( 'NONE',  ( 0.000000000000000000, -3.350000000000000977, 4.025000000000000355 ) ) ;
#7379 = CARTESIAN_POINT ( 'NONE',  ( 3.799999999999998046, 2.800000000000000266, -0.07500000000000128786 ) ) ;
#7380 = ORIENTED_EDGE ( 'NONE', *, *, #1282, .F. ) ;
#7381 = EDGE_CURVE ( 'NONE', #5860, #10560, #10471, .T. ) ;
#7382 = VERTEX_POINT ( 'NONE', #10527 ) ;
#7383 = DIRECTION ( 'NONE',  ( 0.000000000000000000, -1.000000000000000000, 0.000000000000000000 ) ) ;
#7384 = CARTESIAN_POINT ( 'NONE',  ( 3.150000000000000799, 12.80000000000000071, -3.675000000000001155 ) ) ;
#7385 = CARTESIAN_POINT ( 'NONE',  ( -2.499999999999997780, 0.000000000000000000, 0.000000000000000000 ) ) ;
#7386 = ORIENTED_EDGE ( 'NONE', *, *, #3739, .T. ) ;
#7387 = EDGE_CURVE ( 'NONE', #2478, #4186, #1543, .T. ) ;
#7388 = ADVANCED_FACE ( 'NONE', ( #6490 ), #730, .T. ) ;
#7389 = LINE ( 'NONE', #4986, #88 ) ;
#7390 = ORIENTED_EDGE ( 'NONE', *, *, #5996, .F. ) ;
#7391 = EDGE_CURVE ( 'NONE', #4624, #4701, #4040, .T. ) ;
#7392 = EDGE_LOOP ( 'NONE', ( #101, #9897, #10187, #3010 ) ) ;
#7393 = CARTESIAN_POINT ( 'NONE',  ( 6.500000000000002665, 0.000000000000000000, 0.000000000000000000 ) ) ;
#7394 = ORIENTED_EDGE ( 'NONE', *, *, #1198, .F. ) ;
#7395 = CARTESIAN_POINT ( 'NONE',  ( -4.700000000000002842, 2.800000000000000266, -0.07500000000000084377 ) ) ;
#7396 = DIRECTION ( 'NONE',  ( 0.000000000000000000, 0.000000000000000000, 1.000000000000000000 ) ) ;
#7397 = DIRECTION ( 'NONE',  ( 5.181749972785939688E-17, 0.9396926207859083169, 0.3420201433256689905 ) ) ;
#7398 = DIRECTION ( 'NONE',  ( 0.000000000000000000, -0.7071067811865457964, 0.7071067811865492381 ) ) ;
#7399 = CARTESIAN_POINT ( 'NONE',  ( -2.750000000000000000, 11.90000000000000036, -3.675000000000001155 ) ) ;
#7400 = ORIENTED_EDGE ( 'NONE', *, *, #144, .F. ) ;
#7401 = EDGE_CURVE ( 'NONE', #9510, #9810, #7367, .T. ) ;
#7402 = CARTESIAN_POINT ( 'NONE',  ( 9.574999999999993960, 2.400000000000003464, 4.025000000000000355 ) ) ;
#7403 = EDGE_CURVE ( 'NONE', #5925, #6348, #6374, .T. ) ;
#7404 = EDGE_CURVE ( 'NONE', #1322, #10220, #10691, .T. ) ;
#7405 = CARTESIAN_POINT ( 'NONE',  ( 7.000000000000002665, 2.800000000000000266, 3.825000000000001066 ) ) ;
#7406 = ORIENTED_EDGE ( 'NONE', *, *, #663, .F. ) ;
#7407 = ORIENTED_EDGE ( 'NONE', *, *, #7850, .T. ) ;
#7408 = DIRECTION ( 'NONE',  ( 0.000000000000000000, -0.000000000000000000, -1.000000000000000000 ) ) ;
#7409 = CARTESIAN_POINT ( 'NONE',  ( 3.075000000000000178, 12.80000000000000071, -4.824999999999999289 ) ) ;
#7410 = VECTOR ( 'NONE', #5344, 1000.000000000000000 ) ;
#7411 = CARTESIAN_POINT ( 'NONE',  ( 8.499999999999989342, 4.800000000000000711, 7.875000000000000000 ) ) ;
#7412 = LINE ( 'NONE', #175, #3592 ) ;
#7413 = DIRECTION ( 'NONE',  ( 0.000000000000000000, -0.000000000000000000, 1.000000000000000000 ) ) ;
#7414 = EDGE_LOOP ( 'NONE', ( #1519, #4440, #2410, #1974 ) ) ;
#7415 = DIRECTION ( 'NONE',  ( 1.000000000000000000, 0.000000000000000000, 0.000000000000000000 ) ) ;
#7416 = DIRECTION ( 'NONE',  ( 0.000000000000000000, -0.000000000000000000, 1.000000000000000000 ) ) ;
#7417 = CARTESIAN_POINT ( 'NONE',  ( 0.000000000000000000, -2.300000000000001599, -8.400000000000000355 ) ) ;
#7418 = VECTOR ( 'NONE', #6643, 1000.000000000000000 ) ;
#7419 = ORIENTED_EDGE ( 'NONE', *, *, #5121, .T. ) ;
#7420 = PLANE ( 'NONE',  #7173 ) ;
#7421 = DIRECTION ( 'NONE',  ( -1.000000000000000000, 0.000000000000000000, -0.000000000000000000 ) ) ;
#7422 = ORIENTED_EDGE ( 'NONE', *, *, #9606, .F. ) ;
#7423 = PLANE ( 'NONE',  #2223 ) ;
#7424 = LINE ( 'NONE', #9989, #5262 ) ;
#7425 = VERTEX_POINT ( 'NONE', #3820 ) ;
#7426 = CARTESIAN_POINT ( 'NONE',  ( -1.935000000000000053, 7.100000000000000533, 1.540689534999236443 ) ) ;
#7427 = ORIENTED_EDGE ( 'NONE', *, *, #9373, .T. ) ;
#7428 = VECTOR ( 'NONE', #2378, 1000.000000000000000 ) ;
#7429 = VERTEX_POINT ( 'NONE', #9866 ) ;
#7430 = VECTOR ( 'NONE', #7049, 1000.000000000000000 ) ;
#7431 = FACE_OUTER_BOUND ( 'NONE', #3680, .T. ) ;
#7432 = EDGE_CURVE ( 'NONE', #4958, #4973, #7309, .T. ) ;
#7433 = LINE ( 'NONE', #1402, #2557 ) ;
#7434 = SURFACE_STYLE_FILL_AREA ( #4068 ) ;
#7435 = PRODUCT_CONTEXT ( 'NONE', #1125, 'mechanical' ) ;
#7436 = EDGE_LOOP ( 'NONE', ( #478, #9818, #1831, #1711 ) ) ;
#7437 = LINE ( 'NONE', #5597, #2518 ) ;
#7438 = ORIENTED_EDGE ( 'NONE', *, *, #929, .F. ) ;
#7439 = ORIENTED_EDGE ( 'NONE', *, *, #2812, .T. ) ;
#7440 = CARTESIAN_POINT ( 'NONE',  ( 10.20000000000000284, 0.000000000000000000, -5.025000000000000355 ) ) ;
#7441 = AXIS2_PLACEMENT_3D ( 'NONE', #9801, #775, #4786 ) ;
#7442 = EDGE_CURVE ( 'NONE', #8303, #5500, #5148, .T. ) ;
#7443 = ORIENTED_EDGE ( 'NONE', *, *, #3782, .T. ) ;
#7444 = ADVANCED_FACE ( 'NONE', ( #9704 ), #6433, .F. ) ;
#7445 = CARTESIAN_POINT ( 'NONE',  ( 10.20000000000000284, 8.800000000000002487, 7.835182920028514353 ) ) ;
#7446 = LINE ( 'NONE', #4080, #2486 ) ;
#7447 = VECTOR ( 'NONE', #2019, 1000.000000000000000 ) ;
#7448 = DIRECTION ( 'NONE',  ( 0.000000000000000000, 0.000000000000000000, -1.000000000000000000 ) ) ;
#7449 = DIRECTION ( 'NONE',  ( -0.000000000000000000, 1.000000000000000000, 0.000000000000000000 ) ) ;
#7450 = LINE ( 'NONE', #4789, #4149 ) ;
#7451 = ORIENTED_EDGE ( 'NONE', *, *, #8320, .F. ) ;
#7452 = EDGE_CURVE ( 'NONE', #8586, #583, #1435, .T. ) ;
#7453 = VECTOR ( 'NONE', #8463, 1000.000000000000000 ) ;
#7454 = VECTOR ( 'NONE', #9847, 1000.000000000000114 ) ;
#7455 = DIRECTION ( 'NONE',  ( -1.000000000000000000, 0.000000000000000000, 0.000000000000000000 ) ) ;
#7456 = ORIENTED_EDGE ( 'NONE', *, *, #7165, .T. ) ;
#7457 = CARTESIAN_POINT ( 'NONE',  ( -3.950000000000000178, 12.80000000000000071, -3.025000000000001243 ) ) ;
#7458 = ORIENTED_EDGE ( 'NONE', *, *, #3075, .F. ) ;
#7459 = ORIENTED_EDGE ( 'NONE', *, *, #2359, .F. ) ;
#7460 = DIRECTION ( 'NONE',  ( 0.000000000000000000, -0.000000000000000000, 1.000000000000000000 ) ) ;
#7461 = DIRECTION ( 'NONE',  ( -0.000000000000000000, -0.000000000000000000, -1.000000000000000000 ) ) ;
#7462 = VECTOR ( 'NONE', #8717, 1000.000000000000000 ) ;
#7463 = CARTESIAN_POINT ( 'NONE',  ( 0.000000000000000000, 0.000000000000000000, 2.124999999999999112 ) ) ;
#7464 = CARTESIAN_POINT ( 'NONE',  ( 2.235000000000000764, 2.800000000000000266, -2.675000000000000266 ) ) ;
#7465 = LINE ( 'NONE', #2568, #6931 ) ;
#7466 = EDGE_LOOP ( 'NONE', ( #654, #6324, #10658, #10522 ) ) ;
#7467 = EDGE_CURVE ( 'NONE', #2211, #10071, #8116, .T. ) ;
#7468 = AXIS2_PLACEMENT_3D ( 'NONE', #5684, #4917, #4865 ) ;
#7470 = EDGE_CURVE ( 'NONE', #518, #5379, #4465, .T. ) ;
#7469 = DIRECTION ( 'NONE',  ( 1.000000000000000000, -2.241244801003626938E-16, -2.241244801003626445E-16 ) ) ;
#7471 = CARTESIAN_POINT ( 'NONE',  ( 7.000000000000002665, 3.469446951953614189E-15, 1.724999999999998979 ) ) ;
#7472 = CARTESIAN_POINT ( 'NONE',  ( 3.950000000000000178, 11.90000000000000036, -3.025000000000001243 ) ) ;
#7473 = ORIENTED_EDGE ( 'NONE', *, *, #3650, .T. ) ;
#7474 = CARTESIAN_POINT ( 'NONE',  ( 8.950000000000002842, -1.225000000000000755, 5.025000000000000355 ) ) ;
#7475 = FACE_OUTER_BOUND ( 'NONE', #2454, .T. ) ;
#7476 = DIRECTION ( 'NONE',  ( 0.000000000000000000, 0.000000000000000000, -1.000000000000000000 ) ) ;
#7477 = DIRECTION ( 'NONE',  ( -1.000000000000000000, 0.000000000000000000, 0.000000000000000000 ) ) ;
#7478 = EDGE_LOOP ( 'NONE', ( #8302, #1049, #2793, #294 ) ) ;
#7479 = DIRECTION ( 'NONE',  ( 0.000000000000000000, 0.000000000000000000, 1.000000000000000000 ) ) ;
#7480 = ADVANCED_FACE ( 'NONE', ( #8276 ), #3380, .T. ) ;
#7481 = EDGE_LOOP ( 'NONE', ( #1902, #6388, #6293, #1001 ) ) ;
#7482 = ORIENTED_EDGE ( 'NONE', *, *, #6779, .F. ) ;
#7483 = DIRECTION ( 'NONE',  ( -0.000000000000000000, 1.000000000000000000, 0.000000000000000000 ) ) ;
#7484 = DIRECTION ( 'NONE',  ( -0.000000000000000000, -1.000000000000000000, -0.000000000000000000 ) ) ;
#7485 = LINE ( 'NONE', #8612, #9896 ) ;
#7486 = EDGE_LOOP ( 'NONE', ( #7458, #6542, #1653, #4176 ) ) ;
#7487 = AXIS2_PLACEMENT_3D ( 'NONE', #9080, #2440, #3249 ) ;
#7488 = EDGE_CURVE ( 'NONE', #3200, #783, #5115, .T. ) ;
#7489 = LINE ( 'NONE', #7597, #9544 ) ;
#7490 = VERTEX_POINT ( 'NONE', #4093 ) ;
#7491 = ORIENTED_EDGE ( 'NONE', *, *, #598, .T. ) ;
#7492 = CARTESIAN_POINT ( 'NONE',  ( -6.499999999999997335, 5.450000000000000178, -7.850000000000003197 ) ) ;
#7493 = ORIENTED_EDGE ( 'NONE', *, *, #1144, .F. ) ;
#7494 = CARTESIAN_POINT ( 'NONE',  ( -5.599999999999992539, 3.249999999999999556, -5.350000000000000533 ) ) ;
#7495 = PLANE ( 'NONE',  #8914 ) ;
#7496 = DIRECTION ( 'NONE',  ( 0.000000000000000000, 0.000000000000000000, -1.000000000000000000 ) ) ;
#7497 = DIRECTION ( 'NONE',  ( 0.000000000000000000, -1.000000000000000000, 0.000000000000000000 ) ) ;
#7498 = PLANE ( 'NONE',  #7624 ) ;
#7499 = EDGE_LOOP ( 'NONE', ( #9930, #6371, #5586, #3130 ) ) ;
#7500 = AXIS2_PLACEMENT_3D ( 'NONE', #6956, #10337, #3631 ) ;
#7501 = VECTOR ( 'NONE', #9365, 1000.000000000000000 ) ;
#7502 = EDGE_CURVE ( 'NONE', #2198, #5724, #6752, .T. ) ;
#7503 = DIRECTION ( 'NONE',  ( 0.000000000000000000, -1.000000000000000000, 0.000000000000000000 ) ) ;
#7504 = ORIENTED_EDGE ( 'NONE', *, *, #1652, .T. ) ;
#7505 = AXIS2_PLACEMENT_3D ( 'NONE', #8212, #4894, #4839 ) ;
#7506 = CARTESIAN_POINT ( 'NONE',  ( -5.200000000000002842, 8.400000000000000355, -0.4750000000000010325 ) ) ;
#7507 = VECTOR ( 'NONE', #5137, 1000.000000000000000 ) ;
#7508 = ORIENTED_EDGE ( 'NONE', *, *, #8194, .F. ) ;
#7509 = EDGE_LOOP ( 'NONE', ( #3264, #7088, #8619, #8745, #8496, #1845, #167, #529, #106, #1561 ) ) ;
#7510 = CARTESIAN_POINT ( 'NONE',  ( 9.000000000000001776, 2.800000000000000266, 4.025000000000000355 ) ) ;
#7511 = DIRECTION ( 'NONE',  ( -1.000000000000000000, 0.000000000000000000, 1.084202172485504040E-15 ) ) ;
#7512 = CARTESIAN_POINT ( 'NONE',  ( -1.999999999999997335, 8.399999999999998579, 1.724999999999999423 ) ) ;
#7513 = DIRECTION ( 'NONE',  ( -0.000000000000000000, 0.000000000000000000, 1.000000000000000000 ) ) ;
#7514 = DIRECTION ( 'NONE',  ( 0.9396926207859083169, 0.3420201433256692125, 0.000000000000000000 ) ) ;
#7515 = ORIENTED_EDGE ( 'NONE', *, *, #9130, .T. ) ;
#7516 = AXIS2_PLACEMENT_3D ( 'NONE', #3888, #739, #634 ) ;
#7517 = AXIS2_PLACEMENT_3D ( 'NONE', #6262, #9588, #8766 ) ;
#7518 = LINE ( 'NONE', #10739, #8726 ) ;
#7519 = VECTOR ( 'NONE', #9214, 1000.000000000000000 ) ;
#7520 = EDGE_CURVE ( 'NONE', #3422, #8615, #4910, .T. ) ;
#7521 = CARTESIAN_POINT ( 'NONE',  ( -1.935000000000001164, 7.100000000000000533, -5.024999999999999467 ) ) ;
#7522 = EDGE_CURVE ( 'NONE', #1078, #162, #5777, .T. ) ;
#7523 = DIRECTION ( 'NONE',  ( 1.000000000000000000, 0.000000000000000000, 0.000000000000000000 ) ) ;
#7524 = CIRCLE ( 'NONE', #1452, 0.1999999999999996503 ) ;
#7525 = VECTOR ( 'NONE', #8992, 1000.000000000000000 ) ;
#7526 = ORIENTED_EDGE ( 'NONE', *, *, #8311, .F. ) ;
#7527 = ADVANCED_FACE ( 'NONE', ( #6805 ), #3269, .F. ) ;
#7528 = DIRECTION ( 'NONE',  ( -1.000000000000000000, 0.000000000000000000, 0.000000000000000000 ) ) ;
#7529 = CARTESIAN_POINT ( 'NONE',  ( -5.674999999999998046, 12.80000000000000071, -5.024999999999998579 ) ) ;
#7530 = VECTOR ( 'NONE', #8476, 1000.000000000000000 ) ;
#7531 = VECTOR ( 'NONE', #7828, 1000.000000000000000 ) ;
#7532 = PLANE ( 'NONE',  #6033 ) ;
#7533 = CARTESIAN_POINT ( 'NONE',  ( 9.000000000000001776, 2.800000000000000266, 4.025000000000000355 ) ) ;
#7534 = ORIENTED_EDGE ( 'NONE', *, *, #4467, .F. ) ;
#7535 = CARTESIAN_POINT ( 'NONE',  ( -5.599999999999990763, 3.250000000000000000, 3.187878387081809262 ) ) ;
#7536 = VERTEX_POINT ( 'NONE', #2516 ) ;
#7537 = ORIENTED_EDGE ( 'NONE', *, *, #7270, .F. ) ;
#7538 = PRODUCT_DEFINITION_SHAPE ( 'NONE', 'NONE',  #10773 ) ;
#7539 = ORIENTED_EDGE ( 'NONE', *, *, #8509, .T. ) ;
#7540 = EDGE_CURVE ( 'NONE', #989, #10473, #3430, .T. ) ;
#7541 = CARTESIAN_POINT ( 'NONE',  ( 7.000000000000002665, -0.8500000000000011990, 2.424999999999998934 ) ) ;
#7542 = ORIENTED_EDGE ( 'NONE', *, *, #9613, .T. ) ;
#7543 = DIRECTION ( 'NONE',  ( -0.000000000000000000, -0.000000000000000000, 1.000000000000000000 ) ) ;
#7544 = CONTEXT_DEPENDENT_SHAPE_REPRESENTATION ( #2582, #6306 ) ;
#7545 = ORIENTED_EDGE ( 'NONE', *, *, #10136, .T. ) ;
#7546 = DIRECTION ( 'NONE',  ( -1.000000000000000000, -0.000000000000000000, 2.741923302386944684E-16 ) ) ;
#7547 = ORIENTED_EDGE ( 'NONE', *, *, #8236, .T. ) ;
#7548 = ORIENTED_EDGE ( 'NONE', *, *, #10055, .T. ) ;
#7549 = CARTESIAN_POINT ( 'NONE',  ( -5.674999999999997158, 0.000000000000000000, -4.824999999999998401 ) ) ;
#7550 = VERTEX_POINT ( 'NONE', #4248 ) ;
#7551 = CARTESIAN_POINT ( 'NONE',  ( -2.750000000000000000, 12.40000000000000036, -3.025000000000001243 ) ) ;
#7552 = FACE_OUTER_BOUND ( 'NONE', #7030, .T. ) ;
#7553 = CARTESIAN_POINT ( 'NONE',  ( 7.824999999999991296, 2.400000000000003020, 4.025000000000000355 ) ) ;
#7554 = LINE ( 'NONE', #5714, #6630 ) ;
#7555 = DIRECTION ( 'NONE',  ( -1.000000000000000000, 0.000000000000000000, 8.503546450866702047E-17 ) ) ;
#7556 = VERTEX_POINT ( 'NONE', #6592 ) ;
#7557 = FACE_BOUND ( 'NONE', #1764, .T. ) ;
#7558 = ORIENTED_EDGE ( 'NONE', *, *, #221, .F. ) ;
#7559 = CARTESIAN_POINT ( 'NONE',  ( -2.750000000000000000, 10.50000000000000000, -3.675000000000001155 ) ) ;
#7560 = VERTEX_POINT ( 'NONE', #4962 ) ;
#7561 = EDGE_LOOP ( 'NONE', ( #10764, #2620, #7614, #6556 ) ) ;
#7562 = LINE ( 'NONE', #2669, #6650 ) ;
#7563 = CARTESIAN_POINT ( 'NONE',  ( -7.980000000000001315, 12.80000000000000071, -2.375000000000000000 ) ) ;
#7564 = EDGE_CURVE ( 'NONE', #9829, #2780, #9151, .T. ) ;
#7565 = CARTESIAN_POINT ( 'NONE',  ( 7.980000000000004867, 2.800000000000000266, -2.875000000000002665 ) ) ;
#7566 = CARTESIAN_POINT ( 'NONE',  ( -10.19999999999999574, 12.80000000000000071, 5.025000000000002132 ) ) ;
#7567 = DIRECTION ( 'NONE',  ( 1.000000000000000000, 0.000000000000000000, 1.084202172485504040E-15 ) ) ;
#7568 = ORIENTED_EDGE ( 'NONE', *, *, #7328, .T. ) ;
#7569 = DIRECTION ( 'NONE',  ( 0.000000000000000000, -1.000000000000000000, 0.000000000000000000 ) ) ;
#7570 = CARTESIAN_POINT ( 'NONE',  ( -9.000000000000000000, 12.28038475772934035, -4.024999999999999467 ) ) ;
#7571 = LINE ( 'NONE', #6705, #9194 ) ;
#7572 = CIRCLE ( 'NONE', #2706, 0.1999999999999996503 ) ;
#7573 = ORIENTED_EDGE ( 'NONE', *, *, #9176, .T. ) ;
#7574 = LINE ( 'NONE', #5075, #8913 ) ;
#7575 = CARTESIAN_POINT ( 'NONE',  ( -1.600000000000002531, 2.800000000000000266, -0.4750000000000014766 ) ) ;
#7576 = EDGE_CURVE ( 'NONE', #1818, #10061, #473, .T. ) ;
#7577 = LINE ( 'NONE', #5024, #4822 ) ;
#7578 = EDGE_CURVE ( 'NONE', #6995, #3514, #2618, .T. ) ;
#7579 = DIRECTION ( 'NONE',  ( 1.000000000000000000, 0.000000000000000000, -0.000000000000000000 ) ) ;
#7580 = AXIS2_PLACEMENT_3D ( 'NONE', #8072, #2900, #4591 ) ;
#7581 = VERTEX_POINT ( 'NONE', #10080 ) ;
#7582 = CARTESIAN_POINT ( 'NONE',  ( -4.299999999999998046, -1.250000000000001332, 2.425000000000000266 ) ) ;
#7583 = ORIENTED_EDGE ( 'NONE', *, *, #5068, .T. ) ;
#7584 = CARTESIAN_POINT ( 'NONE',  ( 10.20000000000000284, -1.224999999999998312, 4.025000000000000355 ) ) ;
#7585 = EDGE_CURVE ( 'NONE', #10100, #4551, #7412, .T. ) ;
#7586 = VECTOR ( 'NONE', #3540, 1000.000000000000000 ) ;
#7587 = ORIENTED_EDGE ( 'NONE', *, *, #2008, .F. ) ;
#7588 = LINE ( 'NONE', #6773, #752 ) ;
#7589 = LINE ( 'NONE', #4979, #9259 ) ;
#7590 = ORIENTED_EDGE ( 'NONE', *, *, #7209, .F. ) ;
#7591 = DIRECTION ( 'NONE',  ( 0.000000000000000000, -1.000000000000000000, 0.000000000000000000 ) ) ;
#7592 = ADVANCED_FACE ( 'NONE', ( #2458 ), #9256, .F. ) ;
#7593 = VECTOR ( 'NONE', #5961, 1000.000000000000000 ) ;
#7594 = ORIENTED_EDGE ( 'NONE', *, *, #3260, .T. ) ;
#7595 = EDGE_CURVE ( 'NONE', #9884, #8543, #4982, .T. ) ;
#7596 = EDGE_CURVE ( 'NONE', #4449, #5283, #1747, .T. ) ;
#7597 = CARTESIAN_POINT ( 'NONE',  ( 0.1999999999999970690, 8.400000000000000355, -0.07500000000000128786 ) ) ;
#7598 = AXIS2_PLACEMENT_3D ( 'NONE', #3890, #5638, #4055 ) ;
#7599 = VERTEX_POINT ( 'NONE', #2407 ) ;
#7600 = VERTEX_POINT ( 'NONE', #9102 ) ;
#7601 = CARTESIAN_POINT ( 'NONE',  ( -10.20000000000000284, -1.574999999999999512, 5.375000000000000000 ) ) ;
#7602 = ORIENTED_EDGE ( 'NONE', *, *, #5134, .F. ) ;
#7603 = LINE ( 'NONE', #156, #9167 ) ;
#7604 = DIRECTION ( 'NONE',  ( -1.156482317317871725E-15, 1.000000000000000000, -0.000000000000000000 ) ) ;
#7605 = PLANE ( 'NONE',  #8665 ) ;
#7606 = LINE ( 'NONE', #9294, #2120 ) ;
#7607 = ORIENTED_EDGE ( 'NONE', *, *, #9564, .T. ) ;
#7608 = CARTESIAN_POINT ( 'NONE',  ( 8.950000000000002842, -4.999999999999999112, 2.924999999999999822 ) ) ;
#7609 = VECTOR ( 'NONE', #1834, 1000.000000000000000 ) ;
#7610 = ORIENTED_EDGE ( 'NONE', *, *, #4877, .T. ) ;
#7611 = DIRECTION ( 'NONE',  ( -1.000000000000000000, 0.000000000000000000, -0.000000000000000000 ) ) ;
#7612 = VECTOR ( 'NONE', #3270, 1000.000000000000000 ) ;
#7613 = ORIENTED_EDGE ( 'NONE', *, *, #7241, .F. ) ;
#7614 = ORIENTED_EDGE ( 'NONE', *, *, #10060, .F. ) ;
#7615 = CARTESIAN_POINT ( 'NONE',  ( -3.799999999999997602, 3.469446951953614189E-15, 1.724999999999999645 ) ) ;
#7616 = LINE ( 'NONE', #8537, #4548 ) ;
#7617 = DIRECTION ( 'NONE',  ( -0.000000000000000000, -0.000000000000000000, 1.000000000000000000 ) ) ;
#7618 = DIRECTION ( 'NONE',  ( -1.000000000000000000, 0.000000000000000000, -0.000000000000000000 ) ) ;
#7619 = DIRECTION ( 'NONE',  ( 0.000000000000000000, 1.000000000000000000, -4.845596301611192898E-17 ) ) ;
#7620 = VECTOR ( 'NONE', #315, 1000.000000000000000 ) ;
#7621 = AXIS2_PLACEMENT_3D ( 'NONE', #10111, #4993, #2656 ) ;
#7622 = ORIENTED_EDGE ( 'NONE', *, *, #1411, .F. ) ;
#7623 = LINE ( 'NONE', #6703, #6466 ) ;
#7624 = AXIS2_PLACEMENT_3D ( 'NONE', #5609, #4843, #8160 ) ;
#7625 = CARTESIAN_POINT ( 'NONE',  ( 9.574999999999993960, 2.400000000000003464, 4.825000000000007283 ) ) ;
#7626 = CARTESIAN_POINT ( 'NONE',  ( 10.20000000000000284, -1.225000000000000755, 5.025000000000000355 ) ) ;
#7627 = EDGE_CURVE ( 'NONE', #2240, #800, #5728, .T. ) ;
#7628 = PRESENTATION_LAYER_ASSIGNMENT (  '', '', ( #1562 ) ) ;
#7629 = VERTEX_POINT ( 'NONE', #1849 ) ;
#7630 = FACE_OUTER_BOUND ( 'NONE', #5532, .T. ) ;
#7631 = DIRECTION ( 'NONE',  ( -0.000000000000000000, 1.000000000000000000, -0.000000000000000000 ) ) ;
#7632 = LINE ( 'NONE', #6710, #10570 ) ;
#7633 = PLANE ( 'NONE',  #765 ) ;
#7634 = EDGE_LOOP ( 'NONE', ( #7568, #1942, #7515, #7664 ) ) ;
#7635 = DIRECTION ( 'NONE',  ( 0.000000000000000000, -1.000000000000000000, 0.000000000000000000 ) ) ;
#7636 = EDGE_LOOP ( 'NONE', ( #3146, #3731, #10003, #9967 ) ) ;
#7637 = DIRECTION ( 'NONE',  ( -1.000000000000000000, 0.000000000000000000, -0.000000000000000000 ) ) ;
#7638 = DIRECTION ( 'NONE',  ( -0.000000000000000000, 1.000000000000000000, -0.000000000000000000 ) ) ;
#7639 = EDGE_CURVE ( 'NONE', #2476, #4925, #10185, .T. ) ;
#7640 = EDGE_LOOP ( 'NONE', ( #10682, #9411, #6282, #2867 ) ) ;
#7641 = CARTESIAN_POINT ( 'NONE',  ( 5.200000000000002842, 2.800000000000002043, 2.124999999999999112 ) ) ;
#7642 = LINE ( 'NONE', #10099, #4538 ) ;
#7643 = ORIENTED_EDGE ( 'NONE', *, *, #6979, .T. ) ;
#7644 = FACE_OUTER_BOUND ( 'NONE', #4504, .T. ) ;
#7645 = ITEM_DEFINED_TRANSFORMATION ( 'NONE', 'NONE', #4914,  #10230 ) ;
#7646 = ORIENTED_EDGE ( 'NONE', *, *, #4522, .T. ) ;
#7647 = ADVANCED_FACE ( 'NONE', ( #5391 ), #2774, .F. ) ;
#7648 = LINE ( 'NONE', #2542, #3795 ) ;
#7649 = EDGE_CURVE ( 'NONE', #2274, #5443, #4516, .T. ) ;
#7650 = ORIENTED_EDGE ( 'NONE', *, *, #5986, .F. ) ;
#7651 = ORIENTED_EDGE ( 'NONE', *, *, #10001, .T. ) ;
#7652 = CARTESIAN_POINT ( 'NONE',  ( 0.000000000000000000, -3.350000000000000977, 4.025000000000000355 ) ) ;
#7653 = EDGE_CURVE ( 'NONE', #3354, #5028, #2716, .T. ) ;
#7654 = ORIENTED_EDGE ( 'NONE', *, *, #9039, .T. ) ;
#7655 = FACE_OUTER_BOUND ( 'NONE', #1346, .T. ) ;
#7656 = DIRECTION ( 'NONE',  ( -1.000000000000000000, 0.000000000000000000, 0.000000000000000000 ) ) ;
#7657 = AXIS2_PLACEMENT_3D ( 'NONE', #6465, #4720, #5548 ) ;
#7658 = CARTESIAN_POINT ( 'NONE',  ( -2.499999999999997780, 2.800000000000000266, 3.825000000000001066 ) ) ;
#7659 = CARTESIAN_POINT ( 'NONE',  ( 8.950000000000002842, -3.750000000000001332, 2.924999999999999822 ) ) ;
#7660 = ORIENTED_EDGE ( 'NONE', *, *, #95, .T. ) ;
#7661 = ORIENTED_EDGE ( 'NONE', *, *, #2011, .F. ) ;
#7662 = CARTESIAN_POINT ( 'NONE',  ( -3.074999999999999289, 10.50000000000000000, -4.824999999999999289 ) ) ;
#7663 = EDGE_CURVE ( 'NONE', #1804, #2523, #8541, .T. ) ;
#7664 = ORIENTED_EDGE ( 'NONE', *, *, #4936, .T. ) ;
#7665 = CARTESIAN_POINT ( 'NONE',  ( 0.000000000000000000, 0.000000000000000000, -0.4750000000000014766 ) ) ;
#7667 = EDGE_LOOP ( 'NONE', ( #1147, #4250, #1895, #5098 ) ) ;
#7666 = ADVANCED_FACE ( 'NONE', ( #7028 ), #6036, .T. ) ;
#7668 = VERTEX_POINT ( 'NONE', #1260 ) ;
#7669 = LINE ( 'NONE', #5929, #410 ) ;
#7670 = DIRECTION ( 'NONE',  ( 0.000000000000000000, -1.000000000000000000, 4.845596301611192898E-17 ) ) ;
#7671 = DIRECTION ( 'NONE',  ( 1.000000000000000000, 0.000000000000000000, 0.000000000000000000 ) ) ;
#7672 = CARTESIAN_POINT ( 'NONE',  ( -2.499999999999997780, -0.8500000000000011990, 4.025000000000000355 ) ) ;
#7673 = DIRECTION ( 'NONE',  ( -1.000000000000000000, 0.000000000000000000, 2.267612386897787377E-16 ) ) ;
#7674 = VERTEX_POINT ( 'NONE', #392 ) ;
#7675 = CARTESIAN_POINT ( 'NONE',  ( -0.6999999999999975131, 8.399999999999998579, 1.724999999999999423 ) ) ;
#7676 = LINE ( 'NONE', #3434, #4680 ) ;
#7677 = VECTOR ( 'NONE', #7026, 1000.000000000000000 ) ;
#7678 = DIRECTION ( 'NONE',  ( 0.000000000000000000, -0.7071067811865465735, 0.7071067811865483499 ) ) ;
#7679 = VECTOR ( 'NONE', #7323, 1000.000000000000000 ) ;
#7680 = VERTEX_POINT ( 'NONE', #1964 ) ;
#7681 = VECTOR ( 'NONE', #8829, 1000.000000000000000 ) ;
#7682 = CARTESIAN_POINT ( 'NONE',  ( -2.750000000000000000, 11.90000000000000036, -3.675000000000001155 ) ) ;
#7683 = CARTESIAN_POINT ( 'NONE',  ( 0.000000000000000000, 0.000000000000000000, -0.4750000000000014766 ) ) ;
#7684 = VECTOR ( 'NONE', #9113, 1000.000000000000000 ) ;
#7685 = CARTESIAN_POINT ( 'NONE',  ( 8.180000000000001492, 12.28038475772934035, -4.025000000000001243 ) ) ;
#7686 = DIRECTION ( 'NONE',  ( 0.000000000000000000, 1.000000000000000000, 0.000000000000000000 ) ) ;
#7687 = AXIS2_PLACEMENT_3D ( 'NONE', #7015, #2870, #2057 ) ;
#7688 = DIRECTION ( 'NONE',  ( 1.000000000000000000, 0.000000000000000000, 0.000000000000000000 ) ) ;
#7689 = VECTOR ( 'NONE', #2741, 1000.000000000000000 ) ;
#7690 = ORIENTED_EDGE ( 'NONE', *, *, #1549, .T. ) ;
#7691 = ORIENTED_EDGE ( 'NONE', *, *, #6347, .F. ) ;
#7692 = DIRECTION ( 'NONE',  ( 0.000000000000000000, 0.000000000000000000, 1.000000000000000000 ) ) ;
#7693 = AXIS2_PLACEMENT_3D ( 'NONE', #2528, #5840, #9163 ) ;
#7694 = DIRECTION ( 'NONE',  ( -0.000000000000000000, -0.000000000000000000, 1.000000000000000000 ) ) ;
#7695 = VECTOR ( 'NONE', #4631, 1000.000000000000000 ) ;
#7696 = VECTOR ( 'NONE', #453, 1000.000000000000000 ) ;
#7697 = ORIENTED_EDGE ( 'NONE', *, *, #6707, .T. ) ;
#7698 = CARTESIAN_POINT ( 'NONE',  ( 1.100000000000002087, 8.399999999999998579, 1.724999999999998979 ) ) ;
#7699 = CARTESIAN_POINT ( 'NONE',  ( -7.824999999999991296, 1.400000000000001021, 4.025000000000000355 ) ) ;
#7700 = ORIENTED_EDGE ( 'NONE', *, *, #1794, .F. ) ;
#7701 = CARTESIAN_POINT ( 'NONE',  ( -8.999999999999998224, 2.800000000000000266, 2.125000000000000000 ) ) ;
#7702 = CARTESIAN_POINT ( 'NONE',  ( 6.099999999999997868, -3.750000000000001332, 2.924999999999999822 ) ) ;
#7703 = EDGE_CURVE ( 'NONE', #7214, #10754, #5288, .T. ) ;
#7704 = VERTEX_POINT ( 'NONE', #7672 ) ;
#7705 = VECTOR ( 'NONE', #3220, 1000.000000000000000 ) ;
#7706 = LINE ( 'NONE', #3358, #3279 ) ;
#7707 = EDGE_LOOP ( 'NONE', ( #6356, #3638, #4611, #8095 ) ) ;
#7708 = EDGE_LOOP ( 'NONE', ( #8366, #6519, #3280, #6842 ) ) ;
#7709 = CARTESIAN_POINT ( 'NONE',  ( 2.750000000000000000, 12.40000000000000036, -3.675000000000001155 ) ) ;
#7710 = ORIENTED_EDGE ( 'NONE', *, *, #3134, .T. ) ;
#7711 = CARTESIAN_POINT ( 'NONE',  ( -7.679999999999999716, 12.28038475772934746, -2.375000000000001776 ) ) ;
#7712 = CYLINDRICAL_SURFACE ( 'NONE', #8843, 0.2999999999999999334 ) ;
#7713 = EDGE_CURVE ( 'NONE', #5140, #4837, #9360, .T. ) ;
#7714 = DIRECTION ( 'NONE',  ( 0.000000000000000000, -1.000000000000000000, 0.000000000000000000 ) ) ;
#7715 = CARTESIAN_POINT ( 'NONE',  ( 3.275000000000000799, 10.50000000000000000, -4.025000000000003908 ) ) ;
#7716 = ORIENTED_EDGE ( 'NONE', *, *, #4015, .T. ) ;
#7717 = EDGE_CURVE ( 'NONE', #7550, #1461, #5987, .T. ) ;
#7718 = EDGE_LOOP ( 'NONE', ( #4329, #526, #4660, #8010 ) ) ;
#7719 = CARTESIAN_POINT ( 'NONE',  ( -5.142583157829483831, -0.6311359419400965898, -5.192583157829494311 ) ) ;
#7720 = EDGE_CURVE ( 'NONE', #5315, #5021, #1101, .T. ) ;
#7721 = AXIS2_PLACEMENT_3D ( 'NONE', #7068, #10342, #10394 ) ;
#7722 = ORIENTED_EDGE ( 'NONE', *, *, #4648, .F. ) ;
#7723 = CARTESIAN_POINT ( 'NONE',  ( -9.199999999999997513, 2.800000000000000266, 3.825000000000001066 ) ) ;
#7724 = ORIENTED_EDGE ( 'NONE', *, *, #6797, .T. ) ;
#7725 = ORIENTED_EDGE ( 'NONE', *, *, #10048, .F. ) ;
#7726 = DIRECTION ( 'NONE',  ( -0.000000000000000000, 1.000000000000000000, -0.000000000000000000 ) ) ;
#7727 = DIRECTION ( 'NONE',  ( -1.000000000000000000, 0.000000000000000000, 0.000000000000000000 ) ) ;
#7728 = DIRECTION ( 'NONE',  ( 2.267612386897787377E-16, -0.000000000000000000, 1.000000000000000000 ) ) ;
#7729 = CARTESIAN_POINT ( 'NONE',  ( -8.999999999999998224, 2.800000000000000266, 2.124999999999999112 ) ) ;
#7730 = CARTESIAN_POINT ( 'NONE',  ( 10.20000000000000462, 7.299999999999998934, 5.375000000000000000 ) ) ;
#7731 = EDGE_LOOP ( 'NONE', ( #8622, #1571, #1740, #188 ) ) ;
#7732 = CARTESIAN_POINT ( 'NONE',  ( 1.434999999999999165, 11.09999999999999964, -5.024999999999999467 ) ) ;
#7733 = LINE ( 'NONE', #6758, #1389 ) ;
#7734 = EDGE_CURVE ( 'NONE', #1523, #9523, #6201, .T. ) ;
#7735 = EDGE_CURVE ( 'NONE', #6824, #4334, #10350, .T. ) ;
#7736 = PLANE ( 'NONE',  #3235 ) ;
#7737 = EDGE_LOOP ( 'NONE', ( #7952, #4628, #5425, #2207 ) ) ;
#7738 = LINE ( 'NONE', #10304, #7519 ) ;
#7739 = DIRECTION ( 'NONE',  ( 0.000000000000000000, -1.000000000000000000, 0.000000000000000000 ) ) ;
#7740 = DIRECTION ( 'NONE',  ( 0.000000000000000000, -0.000000000000000000, -1.000000000000000000 ) ) ;
#7741 = CARTESIAN_POINT ( 'NONE',  ( -2.575000000000000622, 10.50000000000000000, -5.024999999999999467 ) ) ;
#7742 = CARTESIAN_POINT ( 'NONE',  ( -2.234999999999998987, 12.80000000000000071, -2.674999999999998046 ) ) ;
#7743 = ORIENTED_EDGE ( 'NONE', *, *, #5466, .T. ) ;
#7744 = ORIENTED_EDGE ( 'NONE', *, *, #3408, .T. ) ;
#7745 = DIRECTION ( 'NONE',  ( 0.000000000000000000, -1.000000000000000000, 0.000000000000000000 ) ) ;
#7746 = CARTESIAN_POINT ( 'NONE',  ( -3.400000000000003020, 2.800000000000000266, 3.825000000000001066 ) ) ;
#7747 = VERTEX_POINT ( 'NONE', #2018 ) ;
#7748 = CYLINDRICAL_SURFACE ( 'NONE', #6473, 0.1999999999999996503 ) ;
#7749 = CARTESIAN_POINT ( 'NONE',  ( -7.000000000000002665, 8.400000000000000355, -0.4750000000000010325 ) ) ;
#7750 = VERTEX_POINT ( 'NONE', #286 ) ;
#7751 = LINE ( 'NONE', #2906, #7430 ) ;
#7752 = DIRECTION ( 'NONE',  ( 0.000000000000000000, -0.8660254037844359321, 0.5000000000000047740 ) ) ;
#7753 = VECTOR ( 'NONE', #10464, 1000.000000000000000 ) ;
#7754 = VERTEX_POINT ( 'NONE', #8601 ) ;
#7755 = CARTESIAN_POINT ( 'NONE',  ( -6.099999999999992539, 2.950000000000000622, -6.050000000000002487 ) ) ;
#7756 = ORIENTED_EDGE ( 'NONE', *, *, #679, .F. ) ;
#7757 = ADVANCED_FACE ( 'NONE', ( #5169 ), #6914, .T. ) ;
#7758 = VECTOR ( 'NONE', #2073, 1000.000000000000000 ) ;
#7759 = ORIENTED_EDGE ( 'NONE', *, *, #126, .F. ) ;
#7760 = CARTESIAN_POINT ( 'NONE',  ( -8.950000000000002842, -3.024999999999999467, 5.375000000000000000 ) ) ;
#7761 = VERTEX_POINT ( 'NONE', #10239 ) ;
#7762 = DIRECTION ( 'NONE',  ( -0.5773502691896221783, 0.5773502691896278405, 0.5773502691896271743 ) ) ;
#7763 = DIRECTION ( 'NONE',  ( -0.000000000000000000, 0.000000000000000000, 1.000000000000000000 ) ) ;
#7764 = LINE ( 'NONE', #5527, #1258 ) ;
#7765 = ORIENTED_EDGE ( 'NONE', *, *, #5683, .T. ) ;
#7766 = ORIENTED_EDGE ( 'NONE', *, *, #2685, .F. ) ;
#7767 = AXIS2_PLACEMENT_3D ( 'NONE', #1462, #10659, #2328 ) ;
#7768 = CARTESIAN_POINT ( 'NONE',  ( -5.474999999999996980, 0.000000000000000000, -4.824999999999998401 ) ) ;
#7769 = ORIENTED_EDGE ( 'NONE', *, *, #7467, .T. ) ;
#7770 = EDGE_CURVE ( 'NONE', #9563, #1117, #4353, .T. ) ;
#7771 = EDGE_CURVE ( 'NONE', #1170, #3332, #4463, .T. ) ;
#7772 = FACE_OUTER_BOUND ( 'NONE', #1472, .T. ) ;
#7773 = ORIENTED_EDGE ( 'NONE', *, *, #7327, .T. ) ;
#7774 = VERTEX_POINT ( 'NONE', #3643 ) ;
#7775 = DIRECTION ( 'NONE',  ( 0.000000000000000000, 0.000000000000000000, 1.000000000000000000 ) ) ;
#7776 = AXIS2_PLACEMENT_3D ( 'NONE', #4598, #423, #4435 ) ;
#7777 = DIRECTION ( 'NONE',  ( -1.000000000000000000, 0.000000000000000000, 0.000000000000000000 ) ) ;
#7778 = LINE ( 'NONE', #985, #9709 ) ;
#7779 = EDGE_CURVE ( 'NONE', #2954, #7704, #6969, .T. ) ;
#7780 = CARTESIAN_POINT ( 'NONE',  ( 0.000000000000000000, -3.750000000000001332, 4.025000000000000355 ) ) ;
#7781 = DIRECTION ( 'NONE',  ( 1.000000000000000000, -1.156482317317871725E-15, 0.000000000000000000 ) ) ;
#7782 = VERTEX_POINT ( 'NONE', #1366 ) ;
#7783 = CARTESIAN_POINT ( 'NONE',  ( -8.999999999999998224, 2.800000000000000266, -0.07500000000000128786 ) ) ;
#7784 = DIRECTION ( 'NONE',  ( 0.000000000000000000, -0.000000000000000000, 1.000000000000000000 ) ) ;
#7785 = DIRECTION ( 'NONE',  ( -0.000000000000000000, 1.000000000000000000, -0.000000000000000000 ) ) ;
#7786 = EDGE_CURVE ( 'NONE', #4721, #8068, #3970, .T. ) ;
#7787 = ORIENTED_EDGE ( 'NONE', *, *, #10737, .T. ) ;
#7788 = DIRECTION ( 'NONE',  ( -1.368455531567204475E-48, -0.8660254037844365982, 0.5000000000000036637 ) ) ;
#7789 = CARTESIAN_POINT ( 'NONE',  ( -3.074999999999998845, 2.600000000000001421, -4.225000000000004086 ) ) ;
#7790 = VECTOR ( 'NONE', #3471, 1000.000000000000000 ) ;
#7791 = CARTESIAN_POINT ( 'NONE',  ( -5.474999999999996980, 0.000000000000000000, -4.225000000000004086 ) ) ;
#7792 = EDGE_CURVE ( 'NONE', #2240, #1241, #6257, .T. ) ;
#7793 = DIRECTION ( 'NONE',  ( 8.503546450866703280E-17, -0.000000000000000000, 1.000000000000000000 ) ) ;
#7794 = FACE_OUTER_BOUND ( 'NONE', #6603, .T. ) ;
#7795 = VERTEX_POINT ( 'NONE', #1478 ) ;
#7796 = AXIS2_PLACEMENT_3D ( 'NONE', #8871, #6202, #9530 ) ;
#7797 = ORIENTED_EDGE ( 'NONE', *, *, #963, .T. ) ;
#7798 = DIRECTION ( 'NONE',  ( -0.000000000000000000, -1.000000000000000000, -0.000000000000000000 ) ) ;
#7799 = LINE ( 'NONE', #2635, #8437 ) ;
#7800 = AXIS2_PLACEMENT_3D ( 'NONE', #7417, #10029, #10743 ) ;
#7801 = VECTOR ( 'NONE', #9901, 1000.000000000000000 ) ;
#7802 = EDGE_CURVE ( 'NONE', #481, #205, #2289, .T. ) ;
#7803 = ORIENTED_EDGE ( 'NONE', *, *, #6648, .T. ) ;
#7804 = CARTESIAN_POINT ( 'NONE',  ( -3.157842712474618008, 11.63736033841642659, -4.025000000000003908 ) ) ;
#7805 = CARTESIAN_POINT ( 'NONE',  ( 8.499999999999989342, 4.800000000000000711, 7.875000000000000000 ) ) ;
#7806 = VERTEX_POINT ( 'NONE', #5662 ) ;
#7807 = EDGE_CURVE ( 'NONE', #9492, #10612, #4788, .T. ) ;
#7808 = PLANE ( 'NONE',  #3087 ) ;
#7809 = FACE_OUTER_BOUND ( 'NONE', #2497, .T. ) ;
#7810 = AXIS2_PLACEMENT_3D ( 'NONE', #4881, #4938, #5536 ) ;
#7811 = VERTEX_POINT ( 'NONE', #6313 ) ;
#7812 = LINE ( 'NONE', #3622, #7966 ) ;
#7813 = VERTEX_POINT ( 'NONE', #3097 ) ;
#7814 = ADVANCED_FACE ( 'NONE', ( #2987 ), #9638, .F. ) ;
#7815 = ORIENTED_EDGE ( 'NONE', *, *, #8916, .T. ) ;
#7816 = CARTESIAN_POINT ( 'NONE',  ( 7.980000000000001315, 12.28038475772934035, -3.825000000000000622 ) ) ;
#7817 = ORIENTED_EDGE ( 'NONE', *, *, #3, .F. ) ;
#7818 = FACE_OUTER_BOUND ( 'NONE', #6768, .T. ) ;
#7819 = PLANE ( 'NONE',  #8894 ) ;
#7820 = VERTEX_POINT ( 'NONE', #7294 ) ;
#7821 = VERTEX_POINT ( 'NONE', #10564 ) ;
#7822 = CARTESIAN_POINT ( 'NONE',  ( 1.999999999999996669, 8.400000000000000355, -0.4750000000000014766 ) ) ;
#7823 = ORIENTED_EDGE ( 'NONE', *, *, #7059, .T. ) ;
#7824 = LINE ( 'NONE', #7882, #9401 ) ;
#7825 = CIRCLE ( 'NONE', #8347, 0.2999999999999999334 ) ;
#7826 = ORIENTED_EDGE ( 'NONE', *, *, #5845, .F. ) ;
#7827 = ORIENTED_EDGE ( 'NONE', *, *, #2482, .T. ) ;
#7828 = DIRECTION ( 'NONE',  ( 0.000000000000000000, 1.000000000000000000, 0.000000000000000000 ) ) ;
#7829 = LINE ( 'NONE', #3641, #6810 ) ;
#7830 = DIRECTION ( 'NONE',  ( 0.000000000000000000, 1.000000000000000000, 0.000000000000000000 ) ) ;
#7831 = DIRECTION ( 'NONE',  ( 1.000000000000000000, 0.000000000000000000, -2.267612386897787377E-16 ) ) ;
#7832 = LINE ( 'NONE', #7029, #3103 ) ;
#7833 = ORIENTED_EDGE ( 'NONE', *, *, #2925, .F. ) ;
#7834 = EDGE_CURVE ( 'NONE', #5814, #981, #10512, .T. ) ;
#7835 = LINE ( 'NONE', #10188, #8897 ) ;
#7836 = VECTOR ( 'NONE', #2164, 1000.000000000000000 ) ;
#7837 = FACE_OUTER_BOUND ( 'NONE', #1288, .T. ) ;
#7838 = CARTESIAN_POINT ( 'NONE',  ( 6.099999999999997868, 2.800000000000000266, 3.825000000000001066 ) ) ;
#7839 = VERTEX_POINT ( 'NONE', #4729 ) ;
#7840 = DIRECTION ( 'NONE',  ( 0.3236155771181851160, -0.3236155771181849494, -0.8891264907159881492 ) ) ;
#7841 = CARTESIAN_POINT ( 'NONE',  ( 0.000000000000000000, -1.250000000000001332, 4.025000000000000355 ) ) ;
#7842 = CARTESIAN_POINT ( 'NONE',  ( 9.200000000000001066, 12.28038475772934035, 3.824999999999997957 ) ) ;
#7843 = CARTESIAN_POINT ( 'NONE',  ( 10.19999999999999574, 1.000000000000003553, 4.825000000000007283 ) ) ;
#7844 = FACE_OUTER_BOUND ( 'NONE', #7023, .T. ) ;
#7845 = CARTESIAN_POINT ( 'NONE',  ( -3.574999999999999734, 11.25000000000000178, -0.6545349465914735987 ) ) ;
#7846 =( BOUNDED_CURVE ( )  B_SPLINE_CURVE ( 3, ( #2302, #9546, #5626, #564 ),
 .UNSPECIFIED., .F., .F. ) 
 B_SPLINE_CURVE_WITH_KNOTS ( ( 4, 4 ),
 ( 1.570796326794896780, 3.141592653589793116 ),
 .UNSPECIFIED. ) 
 CURVE ( )  GEOMETRIC_REPRESENTATION_ITEM ( )  RATIONAL_B_SPLINE_CURVE ( ( 1.000000000000000000, 0.8047378541243650485, 0.8047378541243650485, 1.000000000000000000 ) ) 
 REPRESENTATION_ITEM ( '' )  );
#7847 = ORIENTED_EDGE ( 'NONE', *, *, #5599, .F. ) ;
#7848 = EDGE_CURVE ( 'NONE', #4270, #4121, #4675, .T. ) ;
#7849 = VECTOR ( 'NONE', #5711, 1000.000000000000000 ) ;
#7850 = EDGE_CURVE ( 'NONE', #10193, #2789, #6420, .T. ) ;
#7851 = DIRECTION ( 'NONE',  ( 0.000000000000000000, 0.000000000000000000, -1.000000000000000000 ) ) ;
#7852 = VECTOR ( 'NONE', #5796, 1000.000000000000000 ) ;
#7853 = CARTESIAN_POINT ( 'NONE',  ( -6.999999999999995559, 5.450000000000000178, 3.187878387081805709 ) ) ;
#7854 = EDGE_CURVE ( 'NONE', #10297, #437, #9690, .T. ) ;
#7855 = ORIENTED_EDGE ( 'NONE', *, *, #6546, .F. ) ;
#7856 = LINE ( 'NONE', #3826, #224 ) ;
#7857 = LINE ( 'NONE', #1929, #4049 ) ;
#7858 = AXIS2_PLACEMENT_3D ( 'NONE', #4869, #686, #9112 ) ;
#7859 = ORIENTED_EDGE ( 'NONE', *, *, #7002, .F. ) ;
#7860 = CARTESIAN_POINT ( 'NONE',  ( -2.575000000000000622, 10.50000000000000000, -5.024999999999999467 ) ) ;
#7861 = DIRECTION ( 'NONE',  ( -1.000000000000000000, 0.000000000000000000, 0.000000000000000000 ) ) ;
#7862 = ORIENTED_EDGE ( 'NONE', *, *, #572, .F. ) ;
#7863 = EDGE_CURVE ( 'NONE', #3419, #1078, #5497, .T. ) ;
#7864 = AXIS2_PLACEMENT_3D ( 'NONE', #3282, #4308, #2627 ) ;
#7865 = AXIS2_PLACEMENT_3D ( 'NONE', #1424, #8816, #5502 ) ;
#7866 = VECTOR ( 'NONE', #9427, 1000.000000000000000 ) ;
#7867 = PLANE ( 'NONE',  #3626 ) ;
#7868 = EDGE_CURVE ( 'NONE', #4050, #4021, #2122, .T. ) ;
#7869 = VERTEX_POINT ( 'NONE', #3914 ) ;
#7870 = VECTOR ( 'NONE', #10618, 1000.000000000000000 ) ;
#7871 = ORIENTED_EDGE ( 'NONE', *, *, #10474, .F. ) ;
#7872 = LINE ( 'NONE', #479, #2973 ) ;
#7873 = VERTEX_POINT ( 'NONE', #1315 ) ;
#7874 = CARTESIAN_POINT ( 'NONE',  ( 4.700000000000002842, -1.250000000000001332, 4.025000000000000355 ) ) ;
#7875 = LINE ( 'NONE', #5430, #9363 ) ;
#7876 = VECTOR ( 'NONE', #2084, 1000.000000000000000 ) ;
#7877 = VERTEX_POINT ( 'NONE', #7994 ) ;
#7878 = ORIENTED_EDGE ( 'NONE', *, *, #10545, .F. ) ;
#7879 = DIRECTION ( 'NONE',  ( 0.000000000000000000, -0.000000000000000000, 1.000000000000000000 ) ) ;
#7880 = ORIENTED_EDGE ( 'NONE', *, *, #5574, .T. ) ;
#7881 = UNCERTAINTY_MEASURE_WITH_UNIT (LENGTH_MEASURE( 1.000000000000000082E-05 ), #2218, 'distance_accuracy_value', 'NONE');
#7882 = CARTESIAN_POINT ( 'NONE',  ( -10.20000000000000284, -1.225000000000000755, 4.025000000000000355 ) ) ;
#7883 = ORIENTED_EDGE ( 'NONE', *, *, #4204, .F. ) ;
#7884 = EDGE_LOOP ( 'NONE', ( #4240, #263, #8411, #4111 ) ) ;
#7885 = CARTESIAN_POINT ( 'NONE',  ( 3.075000000000000178, 0.000000000000000000, -4.824999999999999289 ) ) ;
#7886 = DIRECTION ( 'NONE',  ( -0.000000000000000000, 1.000000000000000000, -0.000000000000000000 ) ) ;
#7887 = CARTESIAN_POINT ( 'NONE',  ( 0.000000000000000000, 0.000000000000000000, 0.000000000000000000 ) ) ;
#7888 = DIRECTION ( 'NONE',  ( 0.5000000000000068834, 0.8660254037844345998, 0.000000000000000000 ) ) ;
#7889 = DIRECTION ( 'NONE',  ( 0.000000000000000000, -0.000000000000000000, 1.000000000000000000 ) ) ;
#7890 = ORIENTED_EDGE ( 'NONE', *, *, #2204, .F. ) ;
#7891 = LINE ( 'NONE', #2022, #1428 ) ;
#7892 = FACE_BOUND ( 'NONE', #3898, .T. ) ;
#7893 = CARTESIAN_POINT ( 'NONE',  ( 2.235000000000006537, 12.80000000000000071, -2.675000000000000266 ) ) ;
#7894 = EDGE_CURVE ( 'NONE', #3486, #1999, #6475, .T. ) ;
#7895 = CARTESIAN_POINT ( 'NONE',  ( 7.491666666666657370, 1.733333333333337611, 5.158333333333341209 ) ) ;
#7896 = DIRECTION ( 'NONE',  ( 1.445602896647350158E-15, 0.000000000000000000, -1.000000000000000000 ) ) ;
#7897 = DIRECTION ( 'NONE',  ( -3.355206770624789111E-16, 0.7071067811865490160, -0.7071067811865461294 ) ) ;
#7898 = SURFACE_SIDE_STYLE ('',( #2895 ) ) ;
#7899 = CARTESIAN_POINT ( 'NONE',  ( -2.750000000000000000, 11.90000000000000036, -3.025000000000001243 ) ) ;
#7900 = CARTESIAN_POINT ( 'NONE',  ( 5.200000000000002842, -1.250000000000001332, 2.424999999999998934 ) ) ;
#7901 = VERTEX_POINT ( 'NONE', #5608 ) ;
#7902 = FACE_OUTER_BOUND ( 'NONE', #9355, .T. ) ;
#7903 = CARTESIAN_POINT ( 'NONE',  ( 5.274999999999999467, 2.600000000000001421, -4.225000000000004974 ) ) ;
#7904 = VERTEX_POINT ( 'NONE', #10458 ) ;
#7905 = EDGE_CURVE ( 'NONE', #8422, #5393, #7189, .T. ) ;
#7906 = EDGE_CURVE ( 'NONE', #2098, #9950, #8870, .T. ) ;
#7907 = PLANE ( 'NONE',  #3174 ) ;
#7908 = FACE_OUTER_BOUND ( 'NONE', #3394, .T. ) ;
#7909 = ORIENTED_EDGE ( 'NONE', *, *, #8254, .F. ) ;
#7910 = FACE_OUTER_BOUND ( 'NONE', #4043, .T. ) ;
#7911 = LINE ( 'NONE', #8786, #6483 ) ;
#7912 = EDGE_CURVE ( 'NONE', #3359, #8720, #5554, .T. ) ;
#7913 = ORIENTED_EDGE ( 'NONE', *, *, #2978, .F. ) ;
#7914 = DIRECTION ( 'NONE',  ( 0.000000000000000000, 1.000000000000000000, 0.000000000000000000 ) ) ;
#7915 = ORIENTED_EDGE ( 'NONE', *, *, #768, .T. ) ;
#7916 = EDGE_CURVE ( 'NONE', #5440, #7041, #2344, .T. ) ;
#7917 = ORIENTED_EDGE ( 'NONE', *, *, #282, .F. ) ;
#7918 = LINE ( 'NONE', #265, #9763 ) ;
#7919 = VECTOR ( 'NONE', #2294, 1000.000000000000000 ) ;
#7920 = ORIENTED_EDGE ( 'NONE', *, *, #4369, .F. ) ;
#7921 = DIRECTION ( 'NONE',  ( 1.000000000000000000, -0.000000000000000000, 0.000000000000000000 ) ) ;
#7922 =( NAMED_UNIT ( * ) SI_UNIT ( $, .STERADIAN. ) SOLID_ANGLE_UNIT ( ) );
#7923 = ADVANCED_FACE ( 'NONE', ( #8159 ), #8264, .T. ) ;
#7924 = VECTOR ( 'NONE', #8778, 1000.000000000000000 ) ;
#7925 = EDGE_CURVE ( 'NONE', #2548, #815, #925, .T. ) ;
#7926 = ORIENTED_EDGE ( 'NONE', *, *, #7203, .T. ) ;
#7927 = CARTESIAN_POINT ( 'NONE',  ( -5.274999999999997691, 0.000000000000000000, -4.025000000000003908 ) ) ;
#7928 = VECTOR ( 'NONE', #8979, 1000.000000000000000 ) ;
#7929 = VERTEX_POINT ( 'NONE', #50 ) ;
#7930 = FACE_OUTER_BOUND ( 'NONE', #4577, .T. ) ;
#7931 = ORIENTED_EDGE ( 'NONE', *, *, #3603, .F. ) ;
#7932 = ORIENTED_EDGE ( 'NONE', *, *, #2967, .F. ) ;
#7933 = CARTESIAN_POINT ( 'NONE',  ( 3.075000000000000178, 10.50000000000000000, -4.824999999999999289 ) ) ;
#7934 = DIRECTION ( 'NONE',  ( -0.000000000000000000, -0.000000000000000000, -1.000000000000000000 ) ) ;
#7935 = FACE_BOUND ( 'NONE', #6155, .T. ) ;
#7936 = CARTESIAN_POINT ( 'NONE',  ( 0.000000000000000000, 0.000000000000000000, 2.124999999999999112 ) ) ;
#7937 = EDGE_CURVE ( 'NONE', #8587, #6000, #9240, .T. ) ;
#7938 = FACE_OUTER_BOUND ( 'NONE', #4398, .T. ) ;
#7939 = VECTOR ( 'NONE', #10007, 1000.000000000000000 ) ;
#7940 = ORIENTED_EDGE ( 'NONE', *, *, #3646, .F. ) ;
#7941 = LINE ( 'NONE', #2991, #9942 ) ;
#7942 = CARTESIAN_POINT ( 'NONE',  ( 5.674999999999998934, 12.80000000000000071, -4.825000000000000178 ) ) ;
#7943 = CARTESIAN_POINT ( 'NONE',  ( -7.980000000000001315, 2.800000000000000266, -3.824999999999998401 ) ) ;
#7944 = VECTOR ( 'NONE', #6660, 1000.000000000000000 ) ;
#7945 = ORIENTED_EDGE ( 'NONE', *, *, #8728, .T. ) ;
#7946 = DIRECTION ( 'NONE',  ( 0.000000000000000000, 0.000000000000000000, -1.000000000000000000 ) ) ;
#7947 = DIRECTION ( 'NONE',  ( 0.000000000000000000, 1.000000000000000000, 0.000000000000000000 ) ) ;
#7948 = CARTESIAN_POINT ( 'NONE',  ( -2.900000000000001688, 2.800000000000000266, -0.4750000000000005884 ) ) ;
#7949 = CARTESIAN_POINT ( 'NONE',  ( -7.824999999999991296, 2.400000000000001243, 4.025000000000000355 ) ) ;
#7950 = DIRECTION ( 'NONE',  ( 0.000000000000000000, -1.000000000000000000, -0.000000000000000000 ) ) ;
#7951 = CARTESIAN_POINT ( 'NONE',  ( 10.20000000000000284, 12.80000000000000071, 5.024999999999999467 ) ) ;
#7952 = ORIENTED_EDGE ( 'NONE', *, *, #1497, .T. ) ;
#7953 = PRODUCT_DEFINITION_SHAPE ( 'NONE', 'NONE',  #10772 ) ;
#7954 = LINE ( 'NONE', #412, #5774 ) ;
#7955 = ADVANCED_FACE ( 'NONE', ( #2504 ), #9137, .T. ) ;
#7956 = DIRECTION ( 'NONE',  ( 0.000000000000000000, -1.000000000000000000, 0.000000000000000000 ) ) ;
#7957 = AXIS2_PLACEMENT_3D ( 'NONE', #1526, #1682, #7348 ) ;
#7958 = ORIENTED_EDGE ( 'NONE', *, *, #1154, .F. ) ;
#7959 = CARTESIAN_POINT ( 'NONE',  ( -9.000000000000000000, 12.28038475772934035, -3.824999999999998401 ) ) ;
#7960 = DIRECTION ( 'NONE',  ( 1.000000000000000000, 0.000000000000000000, 0.000000000000000000 ) ) ;
#7961 = ORIENTED_EDGE ( 'NONE', *, *, #5583, .T. ) ;
#7962 = VECTOR ( 'NONE', #2775, 1000.000000000000000 ) ;
#7963 = LINE ( 'NONE', #9388, #4638 ) ;
#7964 = DIRECTION ( 'NONE',  ( -0.000000000000000000, 1.000000000000000000, -0.000000000000000000 ) ) ;
#7965 = ORIENTED_EDGE ( 'NONE', *, *, #9574, .F. ) ;
#7966 = VECTOR ( 'NONE', #6345, 1000.000000000000000 ) ;
#7967 = VECTOR ( 'NONE', #3640, 1000.000000000000000 ) ;
#7968 = EDGE_CURVE ( 'NONE', #3125, #382, #6627, .T. ) ;
#7969 = VECTOR ( 'NONE', #8107, 1000.000000000000000 ) ;
#7970 = CARTESIAN_POINT ( 'NONE',  ( -7.980000000000001315, 2.800000000000000266, -2.375000000000000000 ) ) ;
#7971 = ORIENTED_EDGE ( 'NONE', *, *, #4712, .T. ) ;
#7972 = EDGE_CURVE ( 'NONE', #4006, #10399, #3256, .T. ) ;
#7973 = ORIENTED_EDGE ( 'NONE', *, *, #1281, .T. ) ;
#7974 = DIRECTION ( 'NONE',  ( 1.000000000000000000, 0.000000000000000000, 0.000000000000000000 ) ) ;
#7975 = COLOUR_RGB ( '',0.2509803921568627416, 0.2509803921568627416, 0.2509803921568627416 ) ;
#7976 = ORIENTED_EDGE ( 'NONE', *, *, #1533, .F. ) ;
#7977 = CARTESIAN_POINT ( 'NONE',  ( -1.600000000000002531, 0.000000000000000000, -0.07500000000000128786 ) ) ;
#7978 = LINE ( 'NONE', #10387, #6937 ) ;
#7979 =( LENGTH_UNIT ( ) NAMED_UNIT ( * ) SI_UNIT ( .MILLI., .METRE. ) );
#7980 = ORIENTED_EDGE ( 'NONE', *, *, #755, .T. ) ;
#7981 = VECTOR ( 'NONE', #2571, 1000.000000000000000 ) ;
#7982 = ORIENTED_EDGE ( 'NONE', *, *, #163, .F. ) ;
#7983 = EDGE_CURVE ( 'NONE', #9672, #4449, #4996, .T. ) ;
#7984 = EDGE_CURVE ( 'NONE', #7556, #4034, #10680, .T. ) ;
#7985 = FACE_OUTER_BOUND ( 'NONE', #6086, .T. ) ;
#7986 = ORIENTED_EDGE ( 'NONE', *, *, #4793, .F. ) ;
#7987 = EDGE_CURVE ( 'NONE', #1231, #2491, #2445, .T. ) ;
#7988 = DIRECTION ( 'NONE',  ( -0.000000000000000000, -1.000000000000000000, -0.000000000000000000 ) ) ;
#7989 = ORIENTED_EDGE ( 'NONE', *, *, #3326, .T. ) ;
#7990 = ORIENTED_EDGE ( 'NONE', *, *, #7987, .F. ) ;
#7991 = CARTESIAN_POINT ( 'NONE',  ( 6.500000000000002665, -1.250000000000001332, 2.924999999999999822 ) ) ;
#7992 = CARTESIAN_POINT ( 'NONE',  ( 0.000000000000000000, -3.750000000000001332, 4.025000000000000355 ) ) ;
#7993 = PLANE ( 'NONE',  #4835 ) ;
#7994 = CARTESIAN_POINT ( 'NONE',  ( 7.480000000000000426, 2.800000000000000266, -2.375000000000003553 ) ) ;
#7995 = CARTESIAN_POINT ( 'NONE',  ( -0.1999999999999970690, 8.399999999999998579, 1.724999999999999423 ) ) ;
#7996 = ORIENTED_EDGE ( 'NONE', *, *, #1481, .F. ) ;
#7997 = EDGE_CURVE ( 'NONE', #6264, #6136, #8418, .T. ) ;
#7998 = PLANE ( 'NONE',  #7356 ) ;
#7999 = CARTESIAN_POINT ( 'NONE',  ( 3.400000000000002132, -1.250000000000001332, 4.025000000000000355 ) ) ;
#8000 = EDGE_CURVE ( 'NONE', #1375, #7747, #5868, .T. ) ;
#8001 = ORIENTED_EDGE ( 'NONE', *, *, #8783, .T. ) ;
#8002 = VERTEX_POINT ( 'NONE', #1734 ) ;
#8003 = PLANE ( 'NONE',  #3522 ) ;
#8004 = EDGE_CURVE ( 'NONE', #8932, #9992, #4951, .T. ) ;
#8005 = CARTESIAN_POINT ( 'NONE',  ( 9.000000000000000000, 12.28038475772934035, -3.825000000000000622 ) ) ;
#8006 = CARTESIAN_POINT ( 'NONE',  ( -1.999999999999997335, -1.250000000000001332, 2.425000000000000266 ) ) ;
#8007 = CARTESIAN_POINT ( 'NONE',  ( -9.199999999999997513, 2.800000000000000266, 3.825000000000001066 ) ) ;
#8008 = CARTESIAN_POINT ( 'NONE',  ( 0.000000000000000000, 0.000000000000000000, 1.724999999999998979 ) ) ;
#8009 = CARTESIAN_POINT ( 'NONE',  ( 4.700000000000002842, -4.999999999999999112, 2.924999999999999822 ) ) ;
#8010 = ORIENTED_EDGE ( 'NONE', *, *, #7770, .F. ) ;
#8011 = VECTOR ( 'NONE', #8423, 1000.000000000000000 ) ;
#8012 = DIRECTION ( 'NONE',  ( 0.000000000000000000, 1.000000000000000000, 0.000000000000000000 ) ) ;
#8013 = DIRECTION ( 'NONE',  ( 1.000000000000000000, 0.000000000000000000, 0.000000000000000000 ) ) ;
#8014 = EDGE_LOOP ( 'NONE', ( #10093, #6866, #8475, #8357 ) ) ;
#8015 = LINE ( 'NONE', #4540, #4046 ) ;
#8016 = PLANE ( 'NONE',  #7516 ) ;
#8017 = ORIENTED_EDGE ( 'NONE', *, *, #474, .F. ) ;
#8018 = PLANE ( 'NONE',  #7598 ) ;
#8019 = DIRECTION ( 'NONE',  ( 1.000000000000000000, 0.000000000000000000, 0.000000000000000000 ) ) ;
#8020 = VECTOR ( 'NONE', #9062, 1000.000000000000000 ) ;
#8021 = DIRECTION ( 'NONE',  ( 1.000000000000000000, -2.241244801003626938E-16, 0.000000000000000000 ) ) ;
#8022 = ORIENTED_EDGE ( 'NONE', *, *, #6068, .F. ) ;
#8023 = DIRECTION ( 'NONE',  ( -0.000000000000000000, 0.000000000000000000, 1.000000000000000000 ) ) ;
#8024 = VECTOR ( 'NONE', #284, 1000.000000000000000 ) ;
#8025 = ORIENTED_EDGE ( 'NONE', *, *, #5466, .F. ) ;
#8026 = LINE ( 'NONE', #1510, #2281 ) ;
#8027 = EDGE_CURVE ( 'NONE', #3302, #903, #7554, .T. ) ;
#8028 = VERTEX_POINT ( 'NONE', #1581 ) ;
#8029 = LINE ( 'NONE', #8085, #5517 ) ;
#8030 = DIRECTION ( 'NONE',  ( 0.000000000000000000, 1.000000000000000000, 0.000000000000000000 ) ) ;
#8031 = VECTOR ( 'NONE', #3601, 1000.000000000000000 ) ;
#8032 = DIRECTION ( 'NONE',  ( 0.000000000000000000, 0.000000000000000000, 1.000000000000000000 ) ) ;
#8033 = ORIENTED_EDGE ( 'NONE', *, *, #10262, .T. ) ;
#8034 = VECTOR ( 'NONE', #2082, 1000.000000000000000 ) ;
#8035 = VECTOR ( 'NONE', #6878, 1000.000000000000000 ) ;
#8036 = CYLINDRICAL_SURFACE ( 'NONE', #9994, 0.2000000000000009548 ) ;
#8037 = CIRCLE ( 'NONE', #3598, 0.7000000000000005107 ) ;
#8038 = ORIENTED_EDGE ( 'NONE', *, *, #3475, .T. ) ;
#8039 = VERTEX_POINT ( 'NONE', #4896 ) ;
#8040 = LINE ( 'NONE', #1629, #7319 ) ;
#8041 = AXIS2_PLACEMENT_3D ( 'NONE', #7608, #1953, #6794 ) ;
#8042 = CIRCLE ( 'NONE', #586, 0.2000000000000005107 ) ;
#8043 = EDGE_CURVE ( 'NONE', #252, #5860, #4181, .T. ) ;
#8044 = ORIENTED_EDGE ( 'NONE', *, *, #1516, .F. ) ;
#8045 = ORIENTED_EDGE ( 'NONE', *, *, #4903, .F. ) ;
#8046 = EDGE_CURVE ( 'NONE', #10597, #829, #8215, .T. ) ;
#8047 = CARTESIAN_POINT ( 'NONE',  ( 0.000000000000000000, -3.750000000000001332, 4.025000000000000355 ) ) ;
#8048 = DIRECTION ( 'NONE',  ( 1.000000000000000000, 0.000000000000000000, 0.000000000000000000 ) ) ;
#8049 = VECTOR ( 'NONE', #3877, 1000.000000000000000 ) ;
#8050 = DIRECTION ( 'NONE',  ( 0.000000000000000000, -0.000000000000000000, 1.000000000000000000 ) ) ;
#8051 = CARTESIAN_POINT ( 'NONE',  ( 3.799999999999998046, 0.000000000000000000, 4.025000000000000355 ) ) ;
#8052 = DIRECTION ( 'NONE',  ( 0.000000000000000000, 0.000000000000000000, 1.000000000000000000 ) ) ;
#8053 = ORIENTED_EDGE ( 'NONE', *, *, #8371, .F. ) ;
#8054 = ADVANCED_FACE ( 'NONE', ( #105 ), #3368, .T. ) ;
#8055 = VECTOR ( 'NONE', #5009, 1000.000000000000000 ) ;
#8056 = FACE_BOUND ( 'NONE', #59, .T. ) ;
#8057 = CARTESIAN_POINT ( 'NONE',  ( -5.474999999999996980, 0.000000000000000000, -4.225000000000004086 ) ) ;
#8058 = LINE ( 'NONE', #8987, #8492 ) ;
#8059 = VERTEX_POINT ( 'NONE', #6689 ) ;
#8060 = EDGE_LOOP ( 'NONE', ( #5084, #7990, #6960, #10327 ) ) ;
#8061 = ADVANCED_FACE ( 'NONE', ( #2606 ), #5919, .T. ) ;
#8062 = LINE ( 'NONE', #621, #5616 ) ;
#8063 = CARTESIAN_POINT ( 'NONE',  ( 3.799999999999998046, 8.400000000000002132, -0.07500000000000128786 ) ) ;
#8064 = CARTESIAN_POINT ( 'NONE',  ( -4.299999999999998046, 3.469446951953614189E-15, 2.125000000000000000 ) ) ;
#8065 = CARTESIAN_POINT ( 'NONE',  ( 3.575000000000000178, 2.600000000000001421, -4.025000000000004796 ) ) ;
#8066 = CARTESIAN_POINT ( 'NONE',  ( -3.074999999999998401, 2.600000000000001421, -4.824999999999999289 ) ) ;
#8067 = CARTESIAN_POINT ( 'NONE',  ( -6.999999999999995559, 5.450000000000000178, 3.187878387081805709 ) ) ;
#8068 = VERTEX_POINT ( 'NONE', #5104 ) ;
#8069 = EDGE_CURVE ( 'NONE', #5621, #1011, #7158, .T. ) ;
#8071 = EDGE_CURVE ( 'NONE', #1930, #3623, #7606, .T. ) ;
#8070 = DIRECTION ( 'NONE',  ( -0.000000000000000000, 1.000000000000000000, -0.000000000000000000 ) ) ;
#8072 = CARTESIAN_POINT ( 'NONE',  ( 7.824999999999991296, 1.400000000000003020, 4.825000000000008171 ) ) ;
#8073 = VECTOR ( 'NONE', #649, 1000.000000000000000 ) ;
#8074 = ORIENTED_EDGE ( 'NONE', *, *, #3938, .T. ) ;
#8075 = DIRECTION ( 'NONE',  ( 0.000000000000000000, 0.000000000000000000, -1.000000000000000000 ) ) ;
#8076 = FACE_OUTER_BOUND ( 'NONE', #4099, .T. ) ;
#8077 = ORIENTED_EDGE ( 'NONE', *, *, #9574, .T. ) ;
#8078 = CARTESIAN_POINT ( 'NONE',  ( -2.750000000000000000, 10.05000000000000071, -3.025000000000001243 ) ) ;
#8079 = DIRECTION ( 'NONE',  ( -0.000000000000000000, 0.000000000000000000, 1.000000000000000000 ) ) ;
#8080 = CARTESIAN_POINT ( 'NONE',  ( -5.599999999999996980, 8.399999999999998579, 1.724999999999999645 ) ) ;
#8081 = ORIENTED_EDGE ( 'NONE', *, *, #8391, .F. ) ;
#8082 = ORIENTED_EDGE ( 'NONE', *, *, #8372, .F. ) ;
#8083 = CARTESIAN_POINT ( 'NONE',  ( -4.299999999999998046, -4.999999999999999112, 2.924999999999999822 ) ) ;
#8084 = EDGE_LOOP ( 'NONE', ( #2989, #4033, #10655, #1030 ) ) ;
#8085 = CARTESIAN_POINT ( 'NONE',  ( -6.099999999999990763, 3.250000000000000000, 3.187878387081809262 ) ) ;
#8086 = FACE_OUTER_BOUND ( 'NONE', #9671, .T. ) ;
#8087 = CONTEXT_DEPENDENT_SHAPE_REPRESENTATION ( #3896, #6669 ) ;
#8088 = ORIENTED_EDGE ( 'NONE', *, *, #5124, .T. ) ;
#8089 = EDGE_CURVE ( 'NONE', #7, #2752, #7764, .T. ) ;
#8090 = DIRECTION ( 'NONE',  ( 0.000000000000000000, 0.000000000000000000, -1.000000000000000000 ) ) ;
#8091 = VERTEX_POINT ( 'NONE', #7715 ) ;
#8092 = ORIENTED_EDGE ( 'NONE', *, *, #5136, .F. ) ;
#8093 = CARTESIAN_POINT ( 'NONE',  ( 2.499999999999996891, 2.800000000000000266, 3.825000000000001066 ) ) ;
#8094 = ORIENTED_EDGE ( 'NONE', *, *, #10453, .F. ) ;
#8095 = ORIENTED_EDGE ( 'NONE', *, *, #8258, .F. ) ;
#8096 = DIRECTION ( 'NONE',  ( 0.000000000000000000, 1.000000000000000000, 0.000000000000000000 ) ) ;
#8097 = DIRECTION ( 'NONE',  ( -1.000000000000000000, 0.000000000000000000, 1.275531967630005245E-16 ) ) ;
#8098 = FACE_OUTER_BOUND ( 'NONE', #2266, .T. ) ;
#8099 = CARTESIAN_POINT ( 'NONE',  ( 9.000000000000000000, 2.800000000000000266, -4.025000000000001243 ) ) ;
#8100 = LINE ( 'NONE', #1684, #4840 ) ;
#8101 = VERTEX_POINT ( 'NONE', #5322 ) ;
#8102 = AXIS2_PLACEMENT_3D ( 'NONE', #7464, #8381, #986 ) ;
#8103 = EDGE_CURVE ( 'NONE', #1778, #5329, #210, .T. ) ;
#8104 = CARTESIAN_POINT ( 'NONE',  ( 10.20000000000000284, -1.224999999999998312, 4.025000000000000355 ) ) ;
#8105 = EDGE_CURVE ( 'NONE', #8059, #9571, #6107, .T. ) ;
#8106 = CARTESIAN_POINT ( 'NONE',  ( 0.1999999999999970690, -4.999999999999999112, 2.924999999999999822 ) ) ;
#8107 = DIRECTION ( 'NONE',  ( 1.000000000000000000, 0.000000000000000000, 0.000000000000000000 ) ) ;
#8108 = PRODUCT_DEFINITION ( 'UNKNOWN', '', #10456, #9300 ) ;
#8109 = ORIENTED_EDGE ( 'NONE', *, *, #72, .T. ) ;
#8110 = EDGE_LOOP ( 'NONE', ( #559, #3889, #3860, #6783 ) ) ;
#8111 = CARTESIAN_POINT ( 'NONE',  ( -10.19999999999999574, 12.80000000000000071, 5.025000000000002132 ) ) ;
#8113 = DIRECTION ( 'NONE',  ( 0.000000000000000000, -0.000000000000000000, 1.000000000000000000 ) ) ;
#8112 = AXIS2_PLACEMENT_3D ( 'NONE', #2054, #2002, #3029 ) ;
#8114 = FACE_OUTER_BOUND ( 'NONE', #310, .T. ) ;
#8115 = LINE ( 'NONE', #11, #2081 ) ;
#8116 = LINE ( 'NONE', #836, #9327 ) ;
#8117 = DIRECTION ( 'NONE',  ( -0.000000000000000000, 0.000000000000000000, -1.000000000000000000 ) ) ;
#8118 = VERTEX_POINT ( 'NONE', #10171 ) ;
#8119 = CARTESIAN_POINT ( 'NONE',  ( 3.799999999999998046, 8.400000000000002132, -0.4750000000000014766 ) ) ;
#8120 = ADVANCED_FACE ( 'NONE', ( #1139 ), #7819, .F. ) ;
#8121 = CARTESIAN_POINT ( 'NONE',  ( -0.6999999999999975131, 0.000000000000000000, 4.025000000000000355 ) ) ;
#8122 = EDGE_CURVE ( 'NONE', #4992, #6995, #3330, .T. ) ;
#8123 = VECTOR ( 'NONE', #4926, 1000.000000000000000 ) ;
#8124 = ORIENTED_EDGE ( 'NONE', *, *, #6873, .F. ) ;
#8125 = EDGE_CURVE ( 'NONE', #7747, #3672, #324, .T. ) ;
#8126 = DIRECTION ( 'NONE',  ( 0.000000000000000000, 0.000000000000000000, -1.000000000000000000 ) ) ;
#8127 = LINE ( 'NONE', #3065, #4563 ) ;
#8128 = ORIENTED_EDGE ( 'NONE', *, *, #6194, .T. ) ;
#8129 = LINE ( 'NONE', #8184, #1529 ) ;
#8130 = DIRECTION ( 'NONE',  ( 0.000000000000000000, 0.000000000000000000, -1.000000000000000000 ) ) ;
#8131 = VECTOR ( 'NONE', #4633, 1000.000000000000000 ) ;
#8132 = CARTESIAN_POINT ( 'NONE',  ( 3.075000000000000178, 2.600000000000001421, -4.824999999999999289 ) ) ;
#8133 = ORIENTED_EDGE ( 'NONE', *, *, #2154, .T. ) ;
#8134 = EDGE_CURVE ( 'NONE', #162, #5795, #2760, .T. ) ;
#8135 = SHAPE_REPRESENTATION ( '10153118-116KALF', ( #9063, #2130, #7687, #4013, #722, #4886, #4914, #6792, #2452, #196 ), #10627 ) ;
#8136 = VECTOR ( 'NONE', #4024, 1000.000000000000000 ) ;
#8137 = ORIENTED_EDGE ( 'NONE', *, *, #5631, .F. ) ;
#8138 = AXIS2_PLACEMENT_3D ( 'NONE', #4464, #1965, #5066 ) ;
#8139 = ADVANCED_FACE ( 'NONE', ( #6790 ), #10282, .F. ) ;
#8140 = LINE ( 'NONE', #1400, #5924 ) ;
#8141 = EDGE_LOOP ( 'NONE', ( #6485, #10389, #3375, #5059 ) ) ;
#8142 = CARTESIAN_POINT ( 'NONE',  ( 7.000000000000002665, 8.400000000000000355, 2.124999999999999112 ) ) ;
#8143 = AXIS2_PLACEMENT_3D ( 'NONE', #1457, #123, #3074 ) ;
#8144 = VECTOR ( 'NONE', #9627, 1000.000000000000000 ) ;
#8145 = ITEM_DEFINED_TRANSFORMATION ( 'NONE', 'NONE', #4013,  #10230 ) ;
#8146 = ORIENTED_EDGE ( 'NONE', *, *, #1554, .T. ) ;
#8147 = VECTOR ( 'NONE', #9910, 1000.000000000000000 ) ;
#8148 = DIRECTION ( 'NONE',  ( 0.000000000000000000, 0.000000000000000000, -1.000000000000000000 ) ) ;
#8149 = PRESENTATION_LAYER_ASSIGNMENT (  '', '', ( #4677 ) ) ;
#8150 = ORIENTED_EDGE ( 'NONE', *, *, #8826, .T. ) ;
#8151 = ORIENTED_EDGE ( 'NONE', *, *, #9425, .T. ) ;
#8152 = LINE ( 'NONE', #7393, #2794 ) ;
#8153 = VERTEX_POINT ( 'NONE', #1191 ) ;
#8154 = ORIENTED_EDGE ( 'NONE', *, *, #9111, .F. ) ;
#8155 = B_SPLINE_CURVE_WITH_KNOTS ( 'NONE', 3,
 ( #9187, #2746, #5046, #3564 ),
 .UNSPECIFIED., .F., .F.,
 ( 4, 4 ),
 ( 0.000000000000000000, 0.0006468231221056038776 ),
 .UNSPECIFIED. ) ;
#8156 = CARTESIAN_POINT ( 'NONE',  ( 2.499999999999996891, 8.400000000000000355, -0.07500000000000128786 ) ) ;
#8157 = CARTESIAN_POINT ( 'NONE',  ( -7.624999999999998224, 2.599999999999992983, 5.025000000000002132 ) ) ;
#8158 = CARTESIAN_POINT ( 'NONE',  ( -1.100000000000002087, -3.750000000000001332, 0.2249999999999999500 ) ) ;
#8159 = FACE_OUTER_BOUND ( 'NONE', #8727, .T. ) ;
#8160 = DIRECTION ( 'NONE',  ( 0.000000000000000000, -0.7071067811865462405, 0.7071067811865489050 ) ) ;
#8161 = VECTOR ( 'NONE', #10690, 1000.000000000000000 ) ;
#8162 = ORIENTED_EDGE ( 'NONE', *, *, #12, .T. ) ;
#8163 = DIRECTION ( 'NONE',  ( 0.000000000000000000, -1.000000000000000000, 0.000000000000000000 ) ) ;
#8164 = PLANE ( 'NONE',  #9839 ) ;
#8165 = DIRECTION ( 'NONE',  ( -0.000000000000000000, -0.000000000000000000, 1.000000000000000000 ) ) ;
#8166 = ORIENTED_EDGE ( 'NONE', *, *, #1321, .T. ) ;
#8167 = ORIENTED_EDGE ( 'NONE', *, *, #10673, .F. ) ;
#8168 = LINE ( 'NONE', #5772, #1785 ) ;
#8169 = DIRECTION ( 'NONE',  ( 1.000000000000000000, 0.000000000000000000, 0.000000000000000000 ) ) ;
#8170 = DIRECTION ( 'NONE',  ( -1.000000000000000000, 0.000000000000000000, 0.000000000000000000 ) ) ;
#8171 = EDGE_CURVE ( 'NONE', #8970, #7560, #972, .T. ) ;
#8172 = DIRECTION ( 'NONE',  ( -1.000000000000000000, 0.000000000000000000, 0.000000000000000000 ) ) ;
#8173 = DIRECTION ( 'NONE',  ( 1.000000000000000000, 0.000000000000000000, -2.241244801003626445E-16 ) ) ;
#8174 = LINE ( 'NONE', #9867, #5888 ) ;
#8175 = ORIENTED_EDGE ( 'NONE', *, *, #4116, .T. ) ;
#8176 = LINE ( 'NONE', #8334, #3683 ) ;
#8177 = DIRECTION ( 'NONE',  ( 0.000000000000000000, -1.000000000000000000, 0.000000000000000000 ) ) ;
#8178 = ORIENTED_EDGE ( 'NONE', *, *, #6234, .F. ) ;
#8179 = FACE_OUTER_BOUND ( 'NONE', #10486, .T. ) ;
#8180 = CARTESIAN_POINT ( 'NONE',  ( -4.299999999999998046, -1.250000000000001332, 2.425000000000000266 ) ) ;
#8181 = VECTOR ( 'NONE', #1576, 1000.000000000000000 ) ;
#8182 = VERTEX_POINT ( 'NONE', #1893 ) ;
#8183 = EDGE_CURVE ( 'NONE', #2273, #2163, #4339, .T. ) ;
#8184 = CARTESIAN_POINT ( 'NONE',  ( 7.824999999999991296, 1.400000000000003020, 4.025000000000000355 ) ) ;
#8185 = ADVANCED_FACE ( 'NONE', ( #5973 ), #1082, .F. ) ;
#8186 = DIRECTION ( 'NONE',  ( -0.000000000000000000, 1.000000000000000000, -0.000000000000000000 ) ) ;
#8187 = DIRECTION ( 'NONE',  ( -0.3236155771181840057, -0.8891264907159889264, 0.3236155771181840057 ) ) ;
#8188 = ORIENTED_EDGE ( 'NONE', *, *, #4173, .T. ) ;
#8189 = ADVANCED_FACE ( 'NONE', ( #6900 ), #6079, .F. ) ;
#8190 = VECTOR ( 'NONE', #591, 1000.000000000000000 ) ;
#8191 = ORIENTED_EDGE ( 'NONE', *, *, #9939, .F. ) ;
#8192 = DIRECTION ( 'NONE',  ( 0.000000000000000000, 0.000000000000000000, 1.000000000000000000 ) ) ;
#8193 = LINE ( 'NONE', #758, #3079 ) ;
#8194 = EDGE_CURVE ( 'NONE', #934, #4273, #9403, .T. ) ;
#8195 = FILL_AREA_STYLE_COLOUR ( '', #7975 ) ;
#8196 = ORIENTED_EDGE ( 'NONE', *, *, #2875, .F. ) ;
#8197 = ORIENTED_EDGE ( 'NONE', *, *, #5680, .T. ) ;
#8198 = EDGE_CURVE ( 'NONE', #4121, #10372, #2206, .T. ) ;
#8199 = VECTOR ( 'NONE', #817, 1000.000000000000000 ) ;
#8200 = EDGE_CURVE ( 'NONE', #2561, #8209, #1029, .T. ) ;
#8201 = VECTOR ( 'NONE', #2552, 1000.000000000000000 ) ;
#8202 = CARTESIAN_POINT ( 'NONE',  ( 0.1999999999999970690, 2.800000000000000266, -0.4750000000000014766 ) ) ;
#8203 = EDGE_CURVE ( 'NONE', #7166, #9623, #6555, .T. ) ;
#8204 = VERTEX_POINT ( 'NONE', #639 ) ;
#8205 = AXIS2_PLACEMENT_3D ( 'NONE', #4316, #7637, #6106 ) ;
#8206 = ORIENTED_EDGE ( 'NONE', *, *, #3922, .F. ) ;
#8207 = CARTESIAN_POINT ( 'NONE',  ( -6.099999999999992539, 2.949999999999998845, -6.050000000000002487 ) ) ;
#8208 = VECTOR ( 'NONE', #2366, 1000.000000000000000 ) ;
#8209 = VERTEX_POINT ( 'NONE', #5048 ) ;
#8210 = ORIENTED_EDGE ( 'NONE', *, *, #3720, .F. ) ;
#8211 = CARTESIAN_POINT ( 'NONE',  ( -5.274999999999997691, 0.000000000000000000, -4.225000000000004086 ) ) ;
#8212 = CARTESIAN_POINT ( 'NONE',  ( -1.999999999999997335, 8.399999999999998579, 2.124999999999999112 ) ) ;
#8213 = VECTOR ( 'NONE', #844, 1000.000000000000000 ) ;
#8214 = CARTESIAN_POINT ( 'NONE',  ( -7.000000000000002665, -3.750000000000001332, 0.2249999999999995060 ) ) ;
#8215 = LINE ( 'NONE', #819, #9941 ) ;
#8216 = DIRECTION ( 'NONE',  ( -1.000000000000000000, 0.000000000000000000, -0.000000000000000000 ) ) ;
#8217 = ORIENTED_EDGE ( 'NONE', *, *, #777, .T. ) ;
#8218 = VECTOR ( 'NONE', #3338, 1000.000000000000000 ) ;
#8219 = VECTOR ( 'NONE', #9648, 1000.000000000000000 ) ;
#8220 = DIRECTION ( 'NONE',  ( -1.000000000000000000, 0.000000000000000000, -0.000000000000000000 ) ) ;
#8221 = VECTOR ( 'NONE', #2513, 1000.000000000000000 ) ;
#8222 = CARTESIAN_POINT ( 'NONE',  ( -6.499999999999997335, 5.150000000000000355, -7.850000000000003197 ) ) ;
#8223 = VECTOR ( 'NONE', #9377, 1000.000000000000000 ) ;
#8224 = ORIENTED_EDGE ( 'NONE', *, *, #4612, .T. ) ;
#8225 = ORIENTED_EDGE ( 'NONE', *, *, #4162, .T. ) ;
#8226 = DIRECTION ( 'NONE',  ( -1.000000000000000000, -1.779203565104417523E-15, 0.000000000000000000 ) ) ;
#8227 = DIRECTION ( 'NONE',  ( -1.000000000000000000, 0.000000000000000000, 0.000000000000000000 ) ) ;
#8228 = CARTESIAN_POINT ( 'NONE',  ( 5.200000000000002842, -4.999999999999999112, 2.924999999999999822 ) ) ;
#8229 = CARTESIAN_POINT ( 'NONE',  ( -9.000000000000000000, 12.80000000000000071, -3.824999999999998401 ) ) ;
#8230 = FACE_OUTER_BOUND ( 'NONE', #4518, .T. ) ;
#8231 = AXIS2_PLACEMENT_3D ( 'NONE', #2670, #7511, #4410 ) ;
#8232 = VERTEX_POINT ( 'NONE', #4699 ) ;
#8233 = DIRECTION ( 'NONE',  ( 0.000000000000000000, 0.000000000000000000, -1.000000000000000000 ) ) ;
#8234 = CARTESIAN_POINT ( 'NONE',  ( 9.900000000000002132, 12.80000000000000071, -5.025000000000000355 ) ) ;
#8235 = DIRECTION ( 'NONE',  ( 1.000000000000000000, -0.000000000000000000, -0.000000000000000000 ) ) ;
#8236 = EDGE_CURVE ( 'NONE', #9810, #1329, #4057, .T. ) ;
#8237 = ORIENTED_EDGE ( 'NONE', *, *, #4344, .F. ) ;
#8238 = DIRECTION ( 'NONE',  ( 0.000000000000000000, 0.000000000000000000, -1.000000000000000000 ) ) ;
#8239 = PLANE ( 'NONE',  #917 ) ;
#8240 = ORIENTED_EDGE ( 'NONE', *, *, #5003, .F. ) ;
#8241 = PLANE ( 'NONE',  #6393 ) ;
#8242 = LINE ( 'NONE', #798, #4918 ) ;
#8243 = DIRECTION ( 'NONE',  ( -0.000000000000000000, -1.000000000000000000, -0.000000000000000000 ) ) ;
#8244 = VERTEX_POINT ( 'NONE', #3233 ) ;
#8245 = EDGE_CURVE ( 'NONE', #1253, #348, #9880, .T. ) ;
#8246 = ADVANCED_FACE ( 'NONE', ( #799 ), #7218, .T. ) ;
#8247 = VERTEX_POINT ( 'NONE', #7379 ) ;
#8248 = CARTESIAN_POINT ( 'NONE',  ( -1.935000000000000053, 10.59999999999999964, -4.024999999999999467 ) ) ;
#8249 = EDGE_CURVE ( 'NONE', #5650, #779, #4001, .T. ) ;
#8250 = DIRECTION ( 'NONE',  ( -1.000000000000000000, 9.391921407275225514E-33, 1.938238520644477159E-16 ) ) ;
#8251 = SURFACE_SIDE_STYLE ('',( #7434 ) ) ;
#8252 = ORIENTED_EDGE ( 'NONE', *, *, #8194, .T. ) ;
#8253 = DIRECTION ( 'NONE',  ( 1.000000000000000000, 0.000000000000000000, 0.000000000000000000 ) ) ;
#8254 = EDGE_CURVE ( 'NONE', #4190, #5051, #1395, .T. ) ;
#8255 = VERTEX_POINT ( 'NONE', #2319 ) ;
#8256 = ORIENTED_EDGE ( 'NONE', *, *, #5060, .T. ) ;
#8257 = DIRECTION ( 'NONE',  ( 0.000000000000000000, 1.000000000000000000, 0.000000000000000000 ) ) ;
#8258 = EDGE_CURVE ( 'NONE', #8204, #155, #8840, .T. ) ;
#8259 = ORIENTED_EDGE ( 'NONE', *, *, #7391, .F. ) ;
#8260 = DIRECTION ( 'NONE',  ( 0.000000000000000000, -1.000000000000000000, 0.000000000000000000 ) ) ;
#8261 = EDGE_CURVE ( 'NONE', #6964, #8782, #6394, .T. ) ;
#8262 = CARTESIAN_POINT ( 'NONE',  ( -8.999999999999998224, 2.800000000000000266, 2.125000000000000000 ) ) ;
#8263 = CARTESIAN_POINT ( 'NONE',  ( -6.999999999999995559, 5.849999999999999645, 3.187878387081805709 ) ) ;
#8264 = PLANE ( 'NONE',  #1344 ) ;
#8265 = CARTESIAN_POINT ( 'NONE',  ( -1.934999999999999165, 10.05000000000000071, -3.675000000000001155 ) ) ;
#8266 = EDGE_LOOP ( 'NONE', ( #6611, #4360, #8321, #955 ) ) ;
#8267 = DIRECTION ( 'NONE',  ( -1.000000000000000000, -2.478176394252579662E-16, 0.000000000000000000 ) ) ;
#8268 = CARTESIAN_POINT ( 'NONE',  ( -8.950000000000002842, -3.999999999999999112, -3.375000000000000444 ) ) ;
#8270 = ORIENTED_EDGE ( 'NONE', *, *, #3155, .F. ) ;
#8269 = ADVANCED_FACE ( 'NONE', ( #10596 ), #4107, .F. ) ;
#8271 = ORIENTED_EDGE ( 'NONE', *, *, #5417, .F. ) ;
#8272 = DIRECTION ( 'NONE',  ( 0.7071067811865444641, 0.7071067811865505703, 0.000000000000000000 ) ) ;
#8273 = DIRECTION ( 'NONE',  ( 0.000000000000000000, 0.000000000000000000, -1.000000000000000000 ) ) ;
#8274 = VECTOR ( 'NONE', #4470, 1000.000000000000000 ) ;
#8275 = CARTESIAN_POINT ( 'NONE',  ( -5.599999999999990763, 3.250000000000000000, 3.599999999999999201 ) ) ;
#8276 = FACE_OUTER_BOUND ( 'NONE', #6991, .T. ) ;
#8277 = DIRECTION ( 'NONE',  ( 0.000000000000000000, -6.413570011749477106E-20, 1.000000000000000000 ) ) ;
#8278 = ORIENTED_EDGE ( 'NONE', *, *, #9658, .T. ) ;
#8279 = CARTESIAN_POINT ( 'NONE',  ( -9.000000000000000000, 2.800000000000000266, -3.824999999999998401 ) ) ;
#8280 = DIRECTION ( 'NONE',  ( 1.000000000000000000, 0.000000000000000000, 0.000000000000000000 ) ) ;
#8281 = CARTESIAN_POINT ( 'NONE',  ( 10.20000000000000284, 1.199999999999994404, 5.024999999999999467 ) ) ;
#8282 = VECTOR ( 'NONE', #9307, 1000.000000000000000 ) ;
#8283 = ORIENTED_EDGE ( 'NONE', *, *, #2544, .T. ) ;
#8284 = LINE ( 'NONE', #6550, #8213 ) ;
#8285 = CARTESIAN_POINT ( 'NONE',  ( -6.499999999999997335, 5.150000000000000355, -8.550000000000002487 ) ) ;
#8286 = CARTESIAN_POINT ( 'NONE',  ( -6.500000000000002665, 0.000000000000000000, -0.07500000000000084377 ) ) ;
#8287 = FACE_OUTER_BOUND ( 'NONE', #4408, .T. ) ;
#8288 = ORIENTED_EDGE ( 'NONE', *, *, #3661, .F. ) ;
#8289 = CARTESIAN_POINT ( 'NONE',  ( -5.599999999999996980, -0.8500000000000011990, 4.025000000000000355 ) ) ;
#8290 = ADVANCED_FACE ( 'NONE', ( #3070 ), #6503, .F. ) ;
#8291 = EDGE_LOOP ( 'NONE', ( #10019, #3071, #2109, #8270 ) ) ;
#8292 = VECTOR ( 'NONE', #4554, 1000.000000000000000 ) ;
#8293 = ORIENTED_EDGE ( 'NONE', *, *, #3250, .T. ) ;
#8294 = VECTOR ( 'NONE', #4816, 1000.000000000000000 ) ;
#8295 = LINE ( 'NONE', #1715, #2310 ) ;
#8296 = ADVANCED_FACE ( 'NONE', ( #4766 ), #10751, .F. ) ;
#8297 = LINE ( 'NONE', #855, #650 ) ;
#8298 = DIRECTION ( 'NONE',  ( -1.000000000000000000, 0.000000000000000000, -0.000000000000000000 ) ) ;
#8299 = EDGE_CURVE ( 'NONE', #7139, #9992, #3185, .T. ) ;
#8300 = EDGE_LOOP ( 'NONE', ( #5982, #7920, #1035, #9962 ) ) ;
#8301 = CARTESIAN_POINT ( 'NONE',  ( 1.935000000000000941, 2.800000000000000266, -3.675000000000001155 ) ) ;
#8302 = ORIENTED_EDGE ( 'NONE', *, *, #8872, .T. ) ;
#8303 = VERTEX_POINT ( 'NONE', #10649 ) ;
#8304 = CARTESIAN_POINT ( 'NONE',  ( -1.100000000000002087, 2.800000000000000266, -0.4750000000000014766 ) ) ;
#8305 = AXIS2_PLACEMENT_3D ( 'NONE', #2392, #9959, #658 ) ;
#8306 = PRODUCT ( '10153118-xxxKALF 2_16', '10153118-xxxKALF 2_16', '', ( #10760 ) ) ;
#8307 = VERTEX_POINT ( 'NONE', #9773 ) ;
#8308 = LINE ( 'NONE', #5971, #4154 ) ;
#8309 = CARTESIAN_POINT ( 'NONE',  ( -8.950000000000002842, -3.999999999999999112, 2.924999999999999822 ) ) ;
#8310 = VECTOR ( 'NONE', #2619, 1000.000000000000000 ) ;
#8311 = EDGE_CURVE ( 'NONE', #10372, #3822, #3892, .T. ) ;
#8312 = PLANE ( 'NONE',  #1196 ) ;
#8313 = CARTESIAN_POINT ( 'NONE',  ( -8.950000000000002842, 5.932552260868268550E-19, -4.225000000000003197 ) ) ;
#8314 = DIRECTION ( 'NONE',  ( -1.000000000000000000, 0.000000000000000000, 0.000000000000000000 ) ) ;
#8315 = ADVANCED_FACE ( 'NONE', ( #2261 ), #1451, .T. ) ;
#8316 = VERTEX_POINT ( 'NONE', #8895 ) ;
#8317 = VECTOR ( 'NONE', #1880, 1000.000000000000000 ) ;
#8318 = VECTOR ( 'NONE', #5269, 1000.000000000000114 ) ;
#8319 = DIRECTION ( 'NONE',  ( -0.000000000000000000, 1.000000000000000000, -0.000000000000000000 ) ) ;
#8320 = EDGE_CURVE ( 'NONE', #2511, #9451, #8957, .T. ) ;
#8321 = ORIENTED_EDGE ( 'NONE', *, *, #2282, .F. ) ;
#8322 = DIRECTION ( 'NONE',  ( 0.000000000000000000, 0.000000000000000000, -1.000000000000000000 ) ) ;
#8323 = ORIENTED_EDGE ( 'NONE', *, *, #4573, .F. ) ;
#8324 = ORIENTED_EDGE ( 'NONE', *, *, #2792, .T. ) ;
#8325 = CARTESIAN_POINT ( 'NONE',  ( 1.100000000000002087, -0.8500000000000011990, 2.924999999999999822 ) ) ;
#8326 = DIRECTION ( 'NONE',  ( 0.000000000000000000, -1.000000000000000000, 0.000000000000000000 ) ) ;
#8327 = VECTOR ( 'NONE', #2405, 1000.000000000000000 ) ;
#8328 = LINE ( 'NONE', #9206, #173 ) ;
#8329 = DIRECTION ( 'NONE',  ( 0.000000000000000000, 0.000000000000000000, 1.000000000000000000 ) ) ;
#8330 = CARTESIAN_POINT ( 'NONE',  ( 5.599999999999996980, 8.400000000000002132, -0.4750000000000014766 ) ) ;
#8331 = EDGE_CURVE ( 'NONE', #3044, #9175, #1560, .T. ) ;
#8332 = ORIENTED_EDGE ( 'NONE', *, *, #3798, .F. ) ;
#8333 = VECTOR ( 'NONE', #791, 1000.000000000000000 ) ;
#8334 = CARTESIAN_POINT ( 'NONE',  ( 1.600000000000002531, -0.8500000000000011990, 2.425000000000000711 ) ) ;
#8335 = DIRECTION ( 'NONE',  ( -1.000000000000000000, 0.000000000000000000, 0.000000000000000000 ) ) ;
#8336 = ADVANCED_FACE ( 'NONE', ( #849 ), #1710, .T. ) ;
#8337 = LINE ( 'NONE', #7472, #1507 ) ;
#8338 = ORIENTED_EDGE ( 'NONE', *, *, #8644, .F. ) ;
#8339 = LINE ( 'NONE', #4051, #1614 ) ;
#8340 = DIRECTION ( 'NONE',  ( -3.469446951953616161E-16, 1.000000000000000000, 0.000000000000000000 ) ) ;
#8341 = CARTESIAN_POINT ( 'NONE',  ( -6.999999999999997335, 5.150000000000000355, -7.850000000000003197 ) ) ;
#8342 = DIRECTION ( 'NONE',  ( -0.000000000000000000, -0.000000000000000000, 1.000000000000000000 ) ) ;
#8343 = ORIENTED_EDGE ( 'NONE', *, *, #3832, .F. ) ;
#8344 = LINE ( 'NONE', #4313, #4549 ) ;
#8345 = ORIENTED_EDGE ( 'NONE', *, *, #6583, .T. ) ;
#8346 = EDGE_LOOP ( 'NONE', ( #9699, #3247, #3182, #7883 ) ) ;
#8347 = AXIS2_PLACEMENT_3D ( 'NONE', #1830, #3361, #9233 ) ;
#8348 = DIRECTION ( 'NONE',  ( 0.000000000000000000, -1.000000000000000000, 4.845596301611192898E-17 ) ) ;
#8349 = ORIENTED_EDGE ( 'NONE', *, *, #9854, .T. ) ;
#8350 = CARTESIAN_POINT ( 'NONE',  ( -4.299999999999998046, 2.800000000000002043, 2.125000000000000000 ) ) ;
#8351 = CARTESIAN_POINT ( 'NONE',  ( -7.980000000000001315, 12.28038475772934746, -2.375000000000000000 ) ) ;
#8352 = ORIENTED_EDGE ( 'NONE', *, *, #289, .T. ) ;
#8353 = VECTOR ( 'NONE', #8348, 1000.000000000000000 ) ;
#8354 = LINE ( 'NONE', #3513, #1022 ) ;
#8355 = ORIENTED_EDGE ( 'NONE', *, *, #10262, .F. ) ;
#8356 = EDGE_CURVE ( 'NONE', #1804, #3766, #6767, .T. ) ;
#8357 = ORIENTED_EDGE ( 'NONE', *, *, #1878, .F. ) ;
#8358 = PLANE ( 'NONE',  #4185 ) ;
#8359 = ORIENTED_EDGE ( 'NONE', *, *, #10116, .T. ) ;
#8360 = DIRECTION ( 'NONE',  ( -0.000000000000000000, 1.000000000000000000, -0.000000000000000000 ) ) ;
#8361 = LINE ( 'NONE', #3416, #2592 ) ;
#8362 = LINE ( 'NONE', #6998, #2830 ) ;
#8363 = LINE ( 'NONE', #1733, #2586 ) ;
#8364 = DIRECTION ( 'NONE',  ( -0.000000000000000000, -0.000000000000000000, 1.000000000000000000 ) ) ;
#8365 = DIRECTION ( 'NONE',  ( 0.000000000000000000, 0.000000000000000000, -1.000000000000000000 ) ) ;
#8366 = ORIENTED_EDGE ( 'NONE', *, *, #8907, .F. ) ;
#8367 = VECTOR ( 'NONE', #9827, 1000.000000000000000 ) ;
#8368 = CARTESIAN_POINT ( 'NONE',  ( 4.700000000000002842, -1.250000000000001332, 2.924999999999999822 ) ) ;
#8369 = AXIS2_PLACEMENT_3D ( 'NONE', #9210, #1701, #6596 ) ;
#8370 = VERTEX_POINT ( 'NONE', #2632 ) ;
#8371 = EDGE_CURVE ( 'NONE', #2476, #6372, #1763, .T. ) ;
#8372 = EDGE_CURVE ( 'NONE', #2922, #9662, #9274, .T. ) ;
#8373 = PLANE ( 'NONE',  #5721 ) ;
#8374 = VECTOR ( 'NONE', #10588, 1000.000000000000000 ) ;
#8375 = ORIENTED_EDGE ( 'NONE', *, *, #5539, .T. ) ;
#8376 = ORIENTED_EDGE ( 'NONE', *, *, #9590, .F. ) ;
#8377 = DIRECTION ( 'NONE',  ( 0.000000000000000000, -0.7071067811865492381, -0.7071067811865457964 ) ) ;
#8378 = CARTESIAN_POINT ( 'NONE',  ( 1.434999999999999165, 10.59999999999999964, -5.024999999999999467 ) ) ;
#8379 = FACE_BOUND ( 'NONE', #7466, .T. ) ;
#8380 = EDGE_CURVE ( 'NONE', #4034, #9950, #4161, .T. ) ;
#8381 = DIRECTION ( 'NONE',  ( -0.000000000000000000, -1.000000000000000000, 0.000000000000000000 ) ) ;
#8382 = DIRECTION ( 'NONE',  ( 2.267612386897787377E-16, 0.000000000000000000, 1.000000000000000000 ) ) ;
#8383 = VERTEX_POINT ( 'NONE', #1002 ) ;
#8384 = VECTOR ( 'NONE', #4970, 1000.000000000000000 ) ;
#8385 = VECTOR ( 'NONE', #8163, 1000.000000000000000 ) ;
#8386 = DIRECTION ( 'NONE',  ( 0.000000000000000000, 0.000000000000000000, -1.000000000000000000 ) ) ;
#8387 = AXIS2_PLACEMENT_3D ( 'NONE', #2615, #9356, #2713 ) ;
#8388 = CARTESIAN_POINT ( 'NONE',  ( -6.999999999999995559, 5.849999999999999645, 3.187878387081805709 ) ) ;
#8389 = CARTESIAN_POINT ( 'NONE',  ( -1.934999999999999165, 12.28038475772934746, -4.024999999999999467 ) ) ;
#8390 = VECTOR ( 'NONE', #2551, 1000.000000000000000 ) ;
#8391 = EDGE_CURVE ( 'NONE', #8204, #9105, #6663, .T. ) ;
#8392 = ORIENTED_EDGE ( 'NONE', *, *, #4952, .T. ) ;
#8393 = LINE ( 'NONE', #8439, #1268 ) ;
#8394 = DIRECTION ( 'NONE',  ( 0.000000000000000000, 1.000000000000000000, 0.000000000000000000 ) ) ;
#8395 = VECTOR ( 'NONE', #275, 1000.000000000000114 ) ;
#8396 = EDGE_CURVE ( 'NONE', #1709, #6950, #8344, .T. ) ;
#8397 = DIRECTION ( 'NONE',  ( 0.000000000000000000, 0.000000000000000000, -1.000000000000000000 ) ) ;
#8398 = DIRECTION ( 'NONE',  ( 0.7327934916262994758, 0.6804510993672774344, 0.000000000000000000 ) ) ;
#8399 = EDGE_CURVE ( 'NONE', #7820, #7550, #1182, .T. ) ;
#8400 = ORIENTED_EDGE ( 'NONE', *, *, #10270, .F. ) ;
#8401 = DIRECTION ( 'NONE',  ( -1.000000000000000000, -0.000000000000000000, -0.000000000000000000 ) ) ;
#8402 = EDGE_LOOP ( 'NONE', ( #2168, #9608, #3063, #8566 ) ) ;
#8403 = LINE ( 'NONE', #250, #5145 ) ;
#8404 = ORIENTED_EDGE ( 'NONE', *, *, #2925, .T. ) ;
#8405 = LINE ( 'NONE', #5090, #8353 ) ;
#8406 = ORIENTED_EDGE ( 'NONE', *, *, #1141, .T. ) ;
#8407 = CARTESIAN_POINT ( 'NONE',  ( 10.20000000000000284, 12.80000000000000071, -4.724999999999998757 ) ) ;
#8408 = CONTEXT_DEPENDENT_SHAPE_REPRESENTATION ( #215, #7538 ) ;
#8409 = ORIENTED_EDGE ( 'NONE', *, *, #10112, .F. ) ;
#8410 = DIRECTION ( 'NONE',  ( 0.000000000000000000, -0.000000000000000000, 1.000000000000000000 ) ) ;
#8411 = ORIENTED_EDGE ( 'NONE', *, *, #3072, .T. ) ;
#8412 = ORIENTED_EDGE ( 'NONE', *, *, #3754, .T. ) ;
#8413 = PLANE ( 'NONE',  #2099 ) ;
#8414 = VERTEX_POINT ( 'NONE', #8289 ) ;
#8415 = LINE ( 'NONE', #5914, #6655 ) ;
#8416 = LINE ( 'NONE', #2701, #154 ) ;
#8417 = CARTESIAN_POINT ( 'NONE',  ( -6.999999999999997335, 5.150000000000000355, -8.550000000000002487 ) ) ;
#8418 = LINE ( 'NONE', #10721, #8201 ) ;
#8419 = ORIENTED_EDGE ( 'NONE', *, *, #6275, .T. ) ;
#8420 = EDGE_CURVE ( 'NONE', #3686, #4002, #2580, .T. ) ;
#8421 = CARTESIAN_POINT ( 'NONE',  ( 0.6999999999999975131, 0.000000000000000000, -0.4750000000000014766 ) ) ;
#8422 = VERTEX_POINT ( 'NONE', #5842 ) ;
#8423 = DIRECTION ( 'NONE',  ( -1.000000000000000000, 0.000000000000000000, 0.000000000000000000 ) ) ;
#8424 = VERTEX_POINT ( 'NONE', #9165 ) ;
#8425 = ORIENTED_EDGE ( 'NONE', *, *, #7863, .T. ) ;
#8426 = DIRECTION ( 'NONE',  ( 0.000000000000000000, 1.000000000000000000, 0.000000000000000000 ) ) ;
#8427 = CARTESIAN_POINT ( 'NONE',  ( 10.20000000000000284, -3.024999999999999467, 5.375000000000000000 ) ) ;
#8428 = DIRECTION ( 'NONE',  ( 1.000000000000000000, 0.000000000000000000, -0.000000000000000000 ) ) ;
#8429 = DIRECTION ( 'NONE',  ( 0.000000000000000000, 1.000000000000000000, 0.000000000000000000 ) ) ;
#8430 = CARTESIAN_POINT ( 'NONE',  ( 8.250000000000001776, 8.799999999999998934, 7.835182920028514353 ) ) ;
#8431 = ORIENTED_EDGE ( 'NONE', *, *, #6265, .T. ) ;
#8432 = EDGE_CURVE ( 'NONE', #1599, #3718, #2640, .T. ) ;
#8433 = CARTESIAN_POINT ( 'NONE',  ( 8.950000000000002842, -3.375000000000000888, 5.025000000000000355 ) ) ;
#8434 = CARTESIAN_POINT ( 'NONE',  ( 2.750000000000000000, 0.9155523756961149173, -3.675000000000001155 ) ) ;
#8435 = LINE ( 'NONE', #5174, #4976 ) ;
#8436 = ADVANCED_FACE ( 'NONE', ( #4214 ), #83, .T. ) ;
#8437 = VECTOR ( 'NONE', #7638, 1000.000000000000000 ) ;
#8438 = ORIENTED_EDGE ( 'NONE', *, *, #8198, .T. ) ;
#8439 = CARTESIAN_POINT ( 'NONE',  ( 5.599999999999996980, -3.750000000000001332, 0.2249999999999982014 ) ) ;
#8440 = CARTESIAN_POINT ( 'NONE',  ( 0.6999999999999975131, 8.400000000000000355, -0.4750000000000014766 ) ) ;
#8441 = CARTESIAN_POINT ( 'NONE',  ( -7.000000000000002665, 8.400000000000000355, -0.07500000000000084377 ) ) ;
#8442 = DIRECTION ( 'NONE',  ( 0.000000000000000000, -1.000000000000000000, 0.000000000000000000 ) ) ;
#8443 = AXIS2_PLACEMENT_3D ( 'NONE', #461, #3060, #8887 ) ;
#8444 = VECTOR ( 'NONE', #5900, 1000.000000000000000 ) ;
#8445 = ORIENTED_EDGE ( 'NONE', *, *, #2675, .T. ) ;
#8446 = DIRECTION ( 'NONE',  ( 1.000000000000000000, 0.000000000000000000, 0.000000000000000000 ) ) ;
#8447 = EDGE_CURVE ( 'NONE', #7581, #6182, #3395, .T. ) ;
#8448 = ORIENTED_EDGE ( 'NONE', *, *, #1801, .T. ) ;
#8449 = ADVANCED_FACE ( 'NONE', ( #9280 ), #10264, .F. ) ;
#8450 = FACE_OUTER_BOUND ( 'NONE', #442, .T. ) ;
#8451 = EDGE_CURVE ( 'NONE', #7806, #1709, #5306, .T. ) ;
#8452 = DIRECTION ( 'NONE',  ( -1.000000000000000000, 0.000000000000000000, 0.000000000000000000 ) ) ;
#8453 = VECTOR ( 'NONE', #5336, 1000.000000000000000 ) ;
#8454 = EDGE_CURVE ( 'NONE', #1989, #10220, #6061, .T. ) ;
#8455 = ORIENTED_EDGE ( 'NONE', *, *, #6793, .T. ) ;
#8456 = DIRECTION ( 'NONE',  ( -0.000000000000000000, 0.000000000000000000, 1.000000000000000000 ) ) ;
#8457 = CARTESIAN_POINT ( 'NONE',  ( 6.099999999999997868, 8.400000000000002132, -0.4750000000000014766 ) ) ;
#8458 = ORIENTED_EDGE ( 'NONE', *, *, #6209, .F. ) ;
#8459 = FACE_OUTER_BOUND ( 'NONE', #850, .T. ) ;
#8460 = CONICAL_SURFACE ( 'NONE', #3770, 0.2000000000000005107, 0.5235987755983043668 ) ;
#8461 = EDGE_LOOP ( 'NONE', ( #8224, #9038, #9426, #8833 ) ) ;
#8462 = EDGE_CURVE ( 'NONE', #2898, #5105, #8510, .T. ) ;
#8463 = DIRECTION ( 'NONE',  ( -1.000000000000000000, 0.000000000000000000, 2.241244801003626445E-16 ) ) ;
#8464 = EDGE_CURVE ( 'NONE', #8209, #6285, #10157, .T. ) ;
#8465 = VECTOR ( 'NONE', #6102, 1000.000000000000000 ) ;
#8466 = ORIENTED_EDGE ( 'NONE', *, *, #8372, .T. ) ;
#8467 = VERTEX_POINT ( 'NONE', #7641 ) ;
#8468 = CARTESIAN_POINT ( 'NONE',  ( -6.999999999999997335, 5.849999999999999645, -7.850000000000003197 ) ) ;
#8469 = ORIENTED_EDGE ( 'NONE', *, *, #2217, .F. ) ;
#8470 = DIRECTION ( 'NONE',  ( 0.000000000000000000, 1.000000000000000000, 2.478176394252579760E-15 ) ) ;
#8471 = DIRECTION ( 'NONE',  ( -1.000000000000000000, 0.000000000000000000, 2.241244801003626445E-16 ) ) ;
#8472 = LINE ( 'NONE', #9239, #3973 ) ;
#8473 = CARTESIAN_POINT ( 'NONE',  ( -3.799999999999997602, 8.399999999999998579, 2.125000000000000000 ) ) ;
#8474 = ORIENTED_EDGE ( 'NONE', *, *, #3072, .F. ) ;
#8475 = ORIENTED_EDGE ( 'NONE', *, *, #2342, .T. ) ;
#8476 = DIRECTION ( 'NONE',  ( -0.000000000000000000, -0.000000000000000000, 1.000000000000000000 ) ) ;
#8477 = VECTOR ( 'NONE', #10511, 1000.000000000000000 ) ;
#8478 = ORIENTED_EDGE ( 'NONE', *, *, #1408, .F. ) ;
#8479 = LINE ( 'NONE', #223, #3833 ) ;
#8480 = VECTOR ( 'NONE', #5170, 1000.000000000000000 ) ;
#8481 = EDGE_LOOP ( 'NONE', ( #6552, #10004, #2761, #7542 ) ) ;
#8482 = ORIENTED_EDGE ( 'NONE', *, *, #5703, .T. ) ;
#8483 = CARTESIAN_POINT ( 'NONE',  ( 0.000000000000000000, -0.8500000000000011990, 4.025000000000000355 ) ) ;
#8484 = CARTESIAN_POINT ( 'NONE',  ( -6.999999999999995559, 5.699999999999998401, 3.600000000000000977 ) ) ;
#8485 = DIRECTION ( 'NONE',  ( -0.8660254037844352659, 0.5000000000000059952, 1.963809932989743406E-16 ) ) ;
#8486 = CARTESIAN_POINT ( 'NONE',  ( 2.750000000000000000, 12.40000000000000391, -3.025000000000001243 ) ) ;
#8487 = CARTESIAN_POINT ( 'NONE',  ( 0.000000000000000000, 0.000000000000000000, 1.724999999999998979 ) ) ;
#8488 = VECTOR ( 'NONE', #5369, 1000.000000000000000 ) ;
#8489 = STYLED_ITEM ( 'NONE', ( #3630 ), #9864 ) ;
#8490 = ORIENTED_EDGE ( 'NONE', *, *, #1612, .F. ) ;
#8491 = DIRECTION ( 'NONE',  ( 1.000000000000000000, 0.000000000000000000, 0.000000000000000000 ) ) ;
#8492 = VECTOR ( 'NONE', #1535, 1000.000000000000000 ) ;
#8493 = DIRECTION ( 'NONE',  ( 1.000000000000000000, 0.000000000000000000, 0.000000000000000000 ) ) ;
#8494 = CARTESIAN_POINT ( 'NONE',  ( 4.700000000000002842, 2.800000000000002043, 2.124999999999999112 ) ) ;
#8495 = MECHANICAL_DESIGN_GEOMETRIC_PRESENTATION_REPRESENTATION (  '', ( #1562 ), #10763 ) ;
#8496 = ORIENTED_EDGE ( 'NONE', *, *, #9854, .F. ) ;
#8497 = EDGE_CURVE ( 'NONE', #30, #10339, #2638, .T. ) ;
#8498 = LINE ( 'NONE', #127, #5442 ) ;
#8499 = CARTESIAN_POINT ( 'NONE',  ( 2.499999999999996891, -3.350000000000000977, 2.924999999999999822 ) ) ;
#8500 = DIRECTION ( 'NONE',  ( 0.000000000000000000, 0.000000000000000000, -1.000000000000000000 ) ) ;
#8501 = LINE ( 'NONE', #6162, #4058 ) ;
#8502 = VECTOR ( 'NONE', #4416, 1000.000000000000000 ) ;
#8503 = ORIENTED_EDGE ( 'NONE', *, *, #302, .F. ) ;
#8504 = EDGE_LOOP ( 'NONE', ( #5476, #7862, #2338, #669 ) ) ;
#8505 = ORIENTED_EDGE ( 'NONE', *, *, #9311, .F. ) ;
#8506 = DIRECTION ( 'NONE',  ( 0.5000000000000026645, -0.8660254037844371533, 0.000000000000000000 ) ) ;
#8507 = ORIENTED_EDGE ( 'NONE', *, *, #5528, .T. ) ;
#8508 = ADVANCED_FACE ( 'NONE', ( #9330 ), #7748, .F. ) ;
#8509 = EDGE_CURVE ( 'NONE', #7599, #3422, #5248, .T. ) ;
#8510 = LINE ( 'NONE', #193, #2647 ) ;
#8511 = DIRECTION ( 'NONE',  ( -1.000000000000000000, -2.478176394252579662E-16, 0.000000000000000000 ) ) ;
#8512 = ORIENTED_EDGE ( 'NONE', *, *, #10467, .T. ) ;
#8513 = CARTESIAN_POINT ( 'NONE',  ( -9.000000000000000000, 12.28038475772934035, -3.824999999999998401 ) ) ;
#8514 = EDGE_CURVE ( 'NONE', #7821, #2954, #1822, .T. ) ;
#8515 = VERTEX_POINT ( 'NONE', #2795 ) ;
#8516 = DIRECTION ( 'NONE',  ( -1.000000000000000000, 0.000000000000000000, 0.000000000000000000 ) ) ;
#8517 = EDGE_LOOP ( 'NONE', ( #5032, #9900, #9333, #5100 ) ) ;
#8518 = ORIENTED_EDGE ( 'NONE', *, *, #7403, .F. ) ;
#8519 = DIRECTION ( 'NONE',  ( -0.000000000000000000, -0.000000000000000000, 1.000000000000000000 ) ) ;
#8520 = ORIENTED_EDGE ( 'NONE', *, *, #9670, .T. ) ;
#8521 = CARTESIAN_POINT ( 'NONE',  ( -5.742223812151967088, 3.907776187848108762, -3.675000000000001155 ) ) ;
#8522 = DIRECTION ( 'NONE',  ( -0.000000000000000000, -0.000000000000000000, 1.000000000000000000 ) ) ;
#8523 = AXIS2_PLACEMENT_3D ( 'NONE', #373, #3784, #6952 ) ;
#8524 = FACE_OUTER_BOUND ( 'NONE', #3723, .T. ) ;
#8525 = DIRECTION ( 'NONE',  ( -0.000000000000000000, -0.000000000000000000, 1.000000000000000000 ) ) ;
#8526 = ADVANCED_FACE ( 'NONE', ( #139 ), #6169, .F. ) ;
#8527 = ORIENTED_EDGE ( 'NONE', *, *, #5188, .T. ) ;
#8528 = ADVANCED_FACE ( 'NONE', ( #253 ), #3667, .T. ) ;
#8529 = EDGE_LOOP ( 'NONE', ( #10218, #8406, #843, #9133 ) ) ;
#8530 = PRODUCT_DEFINITION_FORMATION_WITH_SPECIFIED_SOURCE ( 'ANY', '', #8306, .NOT_KNOWN. ) ;
#8531 = FACE_BOUND ( 'NONE', #6252, .T. ) ;
#8532 = ORIENTED_EDGE ( 'NONE', *, *, #2997, .F. ) ;
#8533 = CARTESIAN_POINT ( 'NONE',  ( -3.400000000000003020, 8.400000000000000355, -0.07500000000000084377 ) ) ;
#8534 = ORIENTED_EDGE ( 'NONE', *, *, #4700, .T. ) ;
#8535 = ORIENTED_EDGE ( 'NONE', *, *, #4648, .T. ) ;
#8536 = CARTESIAN_POINT ( 'NONE',  ( 10.20000000000000284, -3.024999999999999467, 5.375000000000000000 ) ) ;
#8537 = CARTESIAN_POINT ( 'NONE',  ( -5.599999999999990763, 3.250000000000000000, 3.187878387081809706 ) ) ;
#8538 = VECTOR ( 'NONE', #4082, 1000.000000000000000 ) ;
#8539 = CARTESIAN_POINT ( 'NONE',  ( 1.999999999999996669, -3.750000000000001332, 0.2249999999999999500 ) ) ;
#8540 = VECTOR ( 'NONE', #2941, 1000.000000000000000 ) ;
#8541 = LINE ( 'NONE', #447, #8453 ) ;
#8542 = PLANE ( 'NONE',  #7102 ) ;
#8543 = VERTEX_POINT ( 'NONE', #1009 ) ;
#8544 = CARTESIAN_POINT ( 'NONE',  ( 2.750000000000000000, 10.05000000000000071, -3.025000000000001243 ) ) ;
#8545 = CARTESIAN_POINT ( 'NONE',  ( 9.574999999999993960, 2.400000000000003464, 4.025000000000000355 ) ) ;
#8546 = VECTOR ( 'NONE', #1205, 1000.000000000000000 ) ;
#8547 = DIRECTION ( 'NONE',  ( -1.000000000000000000, 0.000000000000000000, 0.000000000000000000 ) ) ;
#8548 = CIRCLE ( 'NONE', #10127, 0.2000000000000005107 ) ;
#8549 = VERTEX_POINT ( 'NONE', #8567 ) ;
#8550 = VECTOR ( 'NONE', #7798, 1000.000000000000000 ) ;
#8551 = DIRECTION ( 'NONE',  ( -0.000000000000000000, -0.000000000000000000, 1.000000000000000000 ) ) ;
#8552 = LINE ( 'NONE', #1165, #1104 ) ;
#8553 = AXIS2_PLACEMENT_3D ( 'NONE', #1706, #8340, #79 ) ;
#8554 = DIRECTION ( 'NONE',  ( 0.000000000000000000, 1.000000000000000000, 0.000000000000000000 ) ) ;
#8555 = LINE ( 'NONE', #3604, #9001 ) ;
#8556 = DIRECTION ( 'NONE',  ( 0.000000000000000000, 1.000000000000000000, 0.000000000000000000 ) ) ;
#8557 = AXIS2_PLACEMENT_3D ( 'NONE', #2040, #5360, #4268 ) ;
#8558 = EDGE_LOOP ( 'NONE', ( #3678, #567, #10675, #4366, #3414 ) ) ;
#8559 = ORIENTED_EDGE ( 'NONE', *, *, #10577, .F. ) ;
#8560 = CARTESIAN_POINT ( 'NONE',  ( -8.950000000000002842, 1.346849702467389735E-19, 2.925000000000000711 ) ) ;
#8561 = VECTOR ( 'NONE', #1681, 1000.000000000000000 ) ;
#8562 = ADVANCED_FACE ( 'NONE', ( #308 ), #8620, .F. ) ;
#8563 = DIRECTION ( 'NONE',  ( -1.000000000000000000, 0.000000000000000000, 0.000000000000000000 ) ) ;
#8564 = VECTOR ( 'NONE', #2083, 1000.000000000000000 ) ;
#8565 = VECTOR ( 'NONE', #9203, 1000.000000000000000 ) ;
#8566 = ORIENTED_EDGE ( 'NONE', *, *, #7649, .F. ) ;
#8567 = CARTESIAN_POINT ( 'NONE',  ( -9.574999999999993960, 1.000000000000000888, 4.825000000000009948 ) ) ;
#8568 = FACE_OUTER_BOUND ( 'NONE', #2496, .T. ) ;
#8569 = ORIENTED_EDGE ( 'NONE', *, *, #8200, .F. ) ;
#8570 = CONICAL_SURFACE ( 'NONE', #7186, 0.5000000000000006661, 0.5235987755983010361 ) ;
#8571 = DIRECTION ( 'NONE',  ( 1.000000000000000000, 0.000000000000000000, 0.000000000000000000 ) ) ;
#8572 = CARTESIAN_POINT ( 'NONE',  ( -9.000000000000000000, 12.80000000000000071, -4.325000000000001066 ) ) ;
#8573 = VERTEX_POINT ( 'NONE', #3455 ) ;
#8574 = VECTOR ( 'NONE', #402, 1000.000000000000000 ) ;
#8575 = EDGE_CURVE ( 'NONE', #6353, #7214, #2293, .T. ) ;
#8576 = ADVANCED_FACE ( 'NONE', ( #2853 ), #8733, .F. ) ;
#8577 = CARTESIAN_POINT ( 'NONE',  ( -8.999999999999998224, 12.28038475772934035, 3.825000000000001066 ) ) ;
#8578 = ORIENTED_EDGE ( 'NONE', *, *, #9237, .F. ) ;
#8579 = EDGE_CURVE ( 'NONE', #1728, #10507, #7588, .T. ) ;
#8580 = ORIENTED_EDGE ( 'NONE', *, *, #10073, .T. ) ;
#8581 = DIRECTION ( 'NONE',  ( -0.8660254037844359321, 0.5000000000000048850, 0.000000000000000000 ) ) ;
#8582 = VERTEX_POINT ( 'NONE', #3772 ) ;
#8583 = FACE_OUTER_BOUND ( 'NONE', #3687, .T. ) ;
#8584 = CARTESIAN_POINT ( 'NONE',  ( -5.599999999999992539, 2.950000000000000622, -6.050000000000003375 ) ) ;
#8585 = CARTESIAN_POINT ( 'NONE',  ( -5.599999999999996980, 8.399999999999998579, 1.724999999999999645 ) ) ;
#8586 = VERTEX_POINT ( 'NONE', #4761 ) ;
#8587 = VERTEX_POINT ( 'NONE', #5575 ) ;
#8588 = EDGE_CURVE ( 'NONE', #10217, #8720, #466, .T. ) ;
#8589 = EDGE_CURVE ( 'NONE', #9798, #6247, #7856, .T. ) ;
#8590 = LINE ( 'NONE', #218, #6658 ) ;
#8591 = VECTOR ( 'NONE', #6515, 1000.000000000000000 ) ;
#8592 = EDGE_LOOP ( 'NONE', ( #1169, #2113, #5185, #7314, #3903, #6454 ) ) ;
#8593 = ADVANCED_FACE ( 'NONE', ( #2959 ), #7046, .T. ) ;
#8594 = EDGE_CURVE ( 'NONE', #5213, #1291, #6280, .T. ) ;
#8595 = LINE ( 'NONE', #10344, #1414 ) ;
#8596 = EDGE_LOOP ( 'NONE', ( #379, #2235, #4016, #10521 ) ) ;
#8597 = ORIENTED_EDGE ( 'NONE', *, *, #7387, .F. ) ;
#8598 = DIRECTION ( 'NONE',  ( -0.5773502691896224004, 0.5773502691896273964, 0.5773502691896273964 ) ) ;
#8599 = DIRECTION ( 'NONE',  ( -1.000000000000000000, 0.000000000000000000, 2.478176394252581338E-15 ) ) ;
#8600 = DIRECTION ( 'NONE',  ( 1.000000000000000000, 0.000000000000000000, -0.000000000000000000 ) ) ;
#8601 = CARTESIAN_POINT ( 'NONE',  ( -10.20000000000000107, 7.299999999999996270, 5.025000000000001243 ) ) ;
#8602 = DIRECTION ( 'NONE',  ( 0.000000000000000000, 1.000000000000000000, 0.000000000000000000 ) ) ;
#8603 = EDGE_LOOP ( 'NONE', ( #94, #2822, #9710, #8700 ) ) ;
#8604 = ADVANCED_FACE ( 'NONE', ( #5414 ), #1390, .F. ) ;
#8605 = DIRECTION ( 'NONE',  ( 0.000000000000000000, 0.000000000000000000, 1.000000000000000000 ) ) ;
#8606 = DIRECTION ( 'NONE',  ( 0.000000000000000000, 0.000000000000000000, 1.000000000000000000 ) ) ;
#8607 = LINE ( 'NONE', #1161, #9315 ) ;
#8608 = EDGE_CURVE ( 'NONE', #4852, #3565, #8015, .T. ) ;
#8609 = VERTEX_POINT ( 'NONE', #2153 ) ;
#8610 = CARTESIAN_POINT ( 'NONE',  ( 3.575000000000000178, 11.25000000000000178, -3.025000000000001243 ) ) ;
#8611 = DIRECTION ( 'NONE',  ( 0.000000000000000000, -1.000000000000000000, 0.000000000000000000 ) ) ;
#8612 = CARTESIAN_POINT ( 'NONE',  ( -8.180000000000001492, 12.80000000000000071, -4.325000000000001954 ) ) ;
#8613 = CARTESIAN_POINT ( 'NONE',  ( -6.099999999999997868, 0.000000000000000000, 1.724999999999999645 ) ) ;
#8614 = LINE ( 'NONE', #7742, #1109 ) ;
#8615 = VERTEX_POINT ( 'NONE', #9713 ) ;
#8616 = ORIENTED_EDGE ( 'NONE', *, *, #1808, .F. ) ;
#8617 = CARTESIAN_POINT ( 'NONE',  ( 8.950000000000002842, -3.999999999999999112, 2.924999999999999822 ) ) ;
#8618 = DIRECTION ( 'NONE',  ( -0.000000000000000000, 0.000000000000000000, 1.000000000000000000 ) ) ;
#8619 = ORIENTED_EDGE ( 'NONE', *, *, #7195, .T. ) ;
#8620 = PLANE ( 'NONE',  #6637 ) ;
#8621 = CARTESIAN_POINT ( 'NONE',  ( 5.599999999999996980, 8.400000000000002132, -0.4750000000000014766 ) ) ;
#8622 = ORIENTED_EDGE ( 'NONE', *, *, #3139, .T. ) ;
#8623 = CARTESIAN_POINT ( 'NONE',  ( 6.500000000000002665, -1.250000000000001332, 2.424999999999998934 ) ) ;
#8624 = PLANE ( 'NONE',  #9091 ) ;
#8625 = ORIENTED_EDGE ( 'NONE', *, *, #5934, .T. ) ;
#8626 = AXIS2_PLACEMENT_3D ( 'NONE', #8099, #714, #7238 ) ;
#8627 = LINE ( 'NONE', #8685, #1886 ) ;
#8628 = EDGE_LOOP ( 'NONE', ( #2709, #5162, #915, #8912 ) ) ;
#8629 = AXIS2_PLACEMENT_3D ( 'NONE', #6401, #9731, #6455 ) ;
#8630 = VERTEX_POINT ( 'NONE', #8889 ) ;
#8631 = DIRECTION ( 'NONE',  ( -0.000000000000000000, 1.000000000000000000, -0.000000000000000000 ) ) ;
#8632 = EDGE_CURVE ( 'NONE', #432, #3301, #8548, .T. ) ;
#8633 = ORIENTED_EDGE ( 'NONE', *, *, #6318, .F. ) ;
#8634 = LINE ( 'NONE', #10334, #8813 ) ;
#8635 = LINE ( 'NONE', #322, #2927 ) ;
#8636 = DIRECTION ( 'NONE',  ( -0.000000000000000000, 0.000000000000000000, 1.000000000000000000 ) ) ;
#8637 = ORIENTED_EDGE ( 'NONE', *, *, #10227, .T. ) ;
#8638 = ORIENTED_EDGE ( 'NONE', *, *, #854, .T. ) ;
#8639 = EDGE_CURVE ( 'NONE', #1713, #709, #7099, .T. ) ;
#8640 = VECTOR ( 'NONE', #8681, 1000.000000000000000 ) ;
#8641 = CARTESIAN_POINT ( 'NONE',  ( 1.434999999999999387, 10.59999999999999964, -4.025000000000000355 ) ) ;
#8642 = ORIENTED_EDGE ( 'NONE', *, *, #7576, .F. ) ;
#8643 = DIRECTION ( 'NONE',  ( -0.000000000000000000, -0.000000000000000000, 1.000000000000000000 ) ) ;
#8644 = EDGE_CURVE ( 'NONE', #5824, #964, #7153, .T. ) ;
#8645 = ORIENTED_EDGE ( 'NONE', *, *, #5083, .F. ) ;
#8646 = VERTEX_POINT ( 'NONE', #4694 ) ;
#8647 = ADVANCED_FACE ( 'NONE', ( #1445 ), #6222, .F. ) ;
#8648 = DIRECTION ( 'NONE',  ( 0.9396926207859083169, -0.000000000000000000, 0.3420201433256692125 ) ) ;
#8649 = VECTOR ( 'NONE', #7252, 1000.000000000000000 ) ;
#8650 = LINE ( 'NONE', #8759, #10646 ) ;
#8651 = FACE_OUTER_BOUND ( 'NONE', #4004, .T. ) ;
#8652 = CARTESIAN_POINT ( 'NONE',  ( -2.499999999999997780, -0.8500000000000011990, 2.425000000000000266 ) ) ;
#8653 = CARTESIAN_POINT ( 'NONE',  ( 9.000000000000001776, 12.28038475772934035, 4.025000000000000355 ) ) ;
#8654 = VERTEX_POINT ( 'NONE', #9555 ) ;
#8655 = EDGE_CURVE ( 'NONE', #522, #10180, #1289, .T. ) ;
#8656 = CARTESIAN_POINT ( 'NONE',  ( -5.599999999999992539, -1.887878387081803222, -5.650000000000002132 ) ) ;
#8657 = CARTESIAN_POINT ( 'NONE',  ( -1.934999999999999165, 12.28038475772934746, -3.675000000000001155 ) ) ;
#8658 = FACE_OUTER_BOUND ( 'NONE', #333, .T. ) ;
#8659 = AXIS2_PLACEMENT_3D ( 'NONE', #8430, #7781, #987 ) ;
#8660 = ORIENTED_EDGE ( 'NONE', *, *, #6450, .T. ) ;
#8661 = ADVANCED_FACE ( 'NONE', ( #575 ), #912, .T. ) ;
#8662 = DIRECTION ( 'NONE',  ( -0.000000000000000000, -0.000000000000000000, 1.000000000000000000 ) ) ;
#8663 = FACE_BOUND ( 'NONE', #7486, .T. ) ;
#8664 = LINE ( 'NONE', #5349, #4931 ) ;
#8665 = AXIS2_PLACEMENT_3D ( 'NONE', #1786, #10223, #2702 ) ;
#8666 = LINE ( 'NONE', #3296, #517 ) ;
#8667 = DIRECTION ( 'NONE',  ( 0.000000000000000000, 0.000000000000000000, 1.000000000000000000 ) ) ;
#8668 = DIRECTION ( 'NONE',  ( 0.000000000000000000, 1.000000000000000000, 0.000000000000000000 ) ) ;
#8669 = ORIENTED_EDGE ( 'NONE', *, *, #8356, .F. ) ;
#8670 = AXIS2_PLACEMENT_3D ( 'NONE', #8533, #8322, #7611 ) ;
#8671 = ADVANCED_FACE ( 'NONE', ( #2313 ), #7907, .F. ) ;
#8672 = EDGE_LOOP ( 'NONE', ( #8520, #6533, #10156, #973 ) ) ;
#8673 = PLANE ( 'NONE',  #4038 ) ;
#8674 = DIRECTION ( 'NONE',  ( 0.000000000000000000, 0.000000000000000000, 1.000000000000000000 ) ) ;
#8675 = ADVANCED_FACE ( 'NONE', ( #6338 ), #6386, .F. ) ;
#8676 = VECTOR ( 'NONE', #8260, 1000.000000000000000 ) ;
#8677 = ORIENTED_EDGE ( 'NONE', *, *, #2642, .T. ) ;
#8678 = CARTESIAN_POINT ( 'NONE',  ( 3.575000000000000622, 11.25000000000000178, -0.6545349465914753750 ) ) ;
#8679 = CARTESIAN_POINT ( 'NONE',  ( -3.799999999999997602, 0.000000000000000000, 0.000000000000000000 ) ) ;
#8680 = ORIENTED_EDGE ( 'NONE', *, *, #4072, .F. ) ;
#8681 = DIRECTION ( 'NONE',  ( -0.000000000000000000, -1.000000000000000000, -0.000000000000000000 ) ) ;
#8682 = PLANE ( 'NONE',  #4386 ) ;
#8683 = MECHANICAL_DESIGN_GEOMETRIC_PRESENTATION_REPRESENTATION (  '', ( #4677 ), #861 ) ;
#8684 = ORIENTED_EDGE ( 'NONE', *, *, #5266, .F. ) ;
#8685 = CARTESIAN_POINT ( 'NONE',  ( -1.934999999999999165, 12.28038475772934746, -2.674999999999999822 ) ) ;
#8686 = ORIENTED_EDGE ( 'NONE', *, *, #5266, .T. ) ;
#8687 = ORIENTED_EDGE ( 'NONE', *, *, #8910, .T. ) ;
#8688 = CARTESIAN_POINT ( 'NONE',  ( 0.000000000000000000, 0.000000000000000000, 1.724999999999999423 ) ) ;
#8689 = ORIENTED_EDGE ( 'NONE', *, *, #6631, .T. ) ;
#8690 = CARTESIAN_POINT ( 'NONE',  ( 8.950000000000002842, -3.350000000000000977, 2.924999999999999822 ) ) ;
#8691 = DIRECTION ( 'NONE',  ( 0.000000000000000000, 1.000000000000000000, 0.000000000000000000 ) ) ;
#8692 = SURFACE_STYLE_USAGE ( .BOTH. , #5321 ) ;
#8693 = ORIENTED_EDGE ( 'NONE', *, *, #9326, .F. ) ;
#8694 = ORIENTED_EDGE ( 'NONE', *, *, #7470, .F. ) ;
#8695 = EDGE_CURVE ( 'NONE', #7680, #1958, #633, .T. ) ;
#8696 = DIRECTION ( 'NONE',  ( -0.000000000000000000, 1.000000000000000000, -0.000000000000000000 ) ) ;
#8697 = VERTEX_POINT ( 'NONE', #1654 ) ;
#8698 = CARTESIAN_POINT ( 'NONE',  ( -6.999999999999995559, 5.450000000000000178, 3.600000000000000977 ) ) ;
#8699 = EDGE_LOOP ( 'NONE', ( #1628, #2228, #288, #8706 ) ) ;
#8700 = ORIENTED_EDGE ( 'NONE', *, *, #10723, .T. ) ;
#8701 = CARTESIAN_POINT ( 'NONE',  ( -2.575000000000000178, 0.9155523756961149173, -3.675000000000001155 ) ) ;
#8702 = CARTESIAN_POINT ( 'NONE',  ( 0.000000000000000000, 0.000000000000000000, -0.4750000000000010325 ) ) ;
#8703 = FACE_BOUND ( 'NONE', #2569, .T. ) ;
#8704 = CARTESIAN_POINT ( 'NONE',  ( 9.200000000000001066, 2.800000000000000266, 3.824999999999997957 ) ) ;
#8705 = LINE ( 'NONE', #7190, #7447 ) ;
#8706 = ORIENTED_EDGE ( 'NONE', *, *, #2665, .F. ) ;
#8707 = CARTESIAN_POINT ( 'NONE',  ( -1.934999999999999165, 2.800000000000000266, -2.674999999999999822 ) ) ;
#8708 = VECTOR ( 'NONE', #8902, 1000.000000000000000 ) ;
#8709 = EDGE_CURVE ( 'NONE', #9287, #7382, #3281, .T. ) ;
#8710 = LINE ( 'NONE', #3755, #3692 ) ;
#8711 = ADVANCED_FACE ( 'NONE', ( #10642 ), #794, .F. ) ;
#8712 = PLANE ( 'NONE',  #2886 ) ;
#8713 = EDGE_CURVE ( 'NONE', #1329, #10603, #894, .T. ) ;
#8714 = DIRECTION ( 'NONE',  ( -0.000000000000000000, -0.000000000000000000, -1.000000000000000000 ) ) ;
#8715 = FACE_BOUND ( 'NONE', #6124, .T. ) ;
#8716 = CARTESIAN_POINT ( 'NONE',  ( 10.19999999999999574, 1.000000000000003553, 4.825000000000007283 ) ) ;
#8717 = DIRECTION ( 'NONE',  ( 0.000000000000000000, 0.7071067811865462405, -0.7071067811865489050 ) ) ;
#8718 = PLANE ( 'NONE',  #7087 ) ;
#8719 = DIRECTION ( 'NONE',  ( -1.275531967630005245E-16, 0.000000000000000000, -1.000000000000000000 ) ) ;
#8720 = VERTEX_POINT ( 'NONE', #2470 ) ;
#8721 = AXIS2_PLACEMENT_3D ( 'NONE', #10348, #547, #10401 ) ;
#8722 = CARTESIAN_POINT ( 'NONE',  ( 8.950000000000002842, -3.750000000000001332, 2.924999999999999822 ) ) ;
#8723 = AXIS2_PLACEMENT_3D ( 'NONE', #5027, #8401, #900 ) ;
#8724 = DIRECTION ( 'NONE',  ( -4.379057701015054319E-47, 0.8660254037844374864, -0.5000000000000018874 ) ) ;
#8725 = ADVANCED_FACE ( 'NONE', ( #8179 ), #7420, .F. ) ;
#8726 = VECTOR ( 'NONE', #3384, 1000.000000000000000 ) ;
#8727 = EDGE_LOOP ( 'NONE', ( #9342, #2026, #2593, #5949 ) ) ;
#8728 = EDGE_CURVE ( 'NONE', #9672, #4021, #4812, .T. ) ;
#8729 = PRODUCT_DEFINITION_FORMATION_WITH_SPECIFIED_SOURCE ( 'ANY', '', #8922, .NOT_KNOWN. ) ;
#8730 = CARTESIAN_POINT ( 'NONE',  ( 3.799999999999998046, -3.350000000000000977, 0.2249999999999982014 ) ) ;
#8731 = ADVANCED_FACE ( 'NONE', ( #9984 ), #570, .T. ) ;
#8732 = CARTESIAN_POINT ( 'NONE',  ( -2.874999999999999112, 12.80000000000000071, -5.024999999999999467 ) ) ;
#8733 = CONICAL_SURFACE ( 'NONE', #8557, 0.2000000000000009548, 0.5235987755983046998 ) ;
#8734 = EDGE_LOOP ( 'NONE', ( #3092, #9470, #1203, #4833 ) ) ;
#8735 = CARTESIAN_POINT ( 'NONE',  ( 9.000000000000000000, 12.80000000000000071, -4.325000000000003730 ) ) ;
#8736 = CARTESIAN_POINT ( 'NONE',  ( -10.20000000000000284, -4.999999999999999112, 2.924999999999999822 ) ) ;
#8737 = VECTOR ( 'NONE', #7477, 1000.000000000000000 ) ;
#8738 = ORIENTED_EDGE ( 'NONE', *, *, #2399, .F. ) ;
#8739 = VECTOR ( 'NONE', #8511, 1000.000000000000000 ) ;
#8740 = AXIS2_PLACEMENT_3D ( 'NONE', #3759, #10414, #5507 ) ;
#8741 = ADVANCED_FACE ( 'NONE', ( #2365 ), #6994, .T. ) ;
#8742 = PLANE ( 'NONE',  #7107 ) ;
#8743 = ORIENTED_EDGE ( 'NONE', *, *, #6860, .F. ) ;
#8744 = AXIS2_PLACEMENT_3D ( 'NONE', #3988, #5884, #7413 ) ;
#8745 = ORIENTED_EDGE ( 'NONE', *, *, #1603, .T. ) ;
#8746 = CARTESIAN_POINT ( 'NONE',  ( -9.574999999999993960, 1.000000000000000888, 4.025000000000000355 ) ) ;
#8747 = VERTEX_POINT ( 'NONE', #4969 ) ;
#8748 = LINE ( 'NONE', #1190, #4120 ) ;
#8749 = DIRECTION ( 'NONE',  ( -0.000000000000000000, -1.000000000000000000, -0.000000000000000000 ) ) ;
#8750 = AXIS2_PLACEMENT_3D ( 'NONE', #4856, #7461, #8170 ) ;
#8751 = ORIENTED_EDGE ( 'NONE', *, *, #8380, .F. ) ;
#8752 = FACE_OUTER_BOUND ( 'NONE', #1299, .T. ) ;
#8753 = VERTEX_POINT ( 'NONE', #9160 ) ;
#8754 = UNCERTAINTY_MEASURE_WITH_UNIT (LENGTH_MEASURE( 1.000000000000000082E-05 ), #1381, 'distance_accuracy_value', 'NONE');
#8755 = FACE_OUTER_BOUND ( 'NONE', #604, .T. ) ;
#8756 = VERTEX_POINT ( 'NONE', #738 ) ;
#8757 = EDGE_LOOP ( 'NONE', ( #4479, #8794, #2859, #1416 ) ) ;
#8758 = CARTESIAN_POINT ( 'NONE',  ( 9.200000000000001066, 4.800000000000000711, 7.875000000000000000 ) ) ;
#8759 = CARTESIAN_POINT ( 'NONE',  ( 2.750000000000000000, 0.9155523756961149173, -3.025000000000001243 ) ) ;
#8760 = ADVANCED_FACE ( 'NONE', ( #10033 ), #9927, .F. ) ;
#8761 = LINE ( 'NONE', #549, #1015 ) ;
#8762 = CARTESIAN_POINT ( 'NONE',  ( -1.600000000000002531, 8.400000000000000355, -0.4750000000000014766 ) ) ;
#8763 = DIRECTION ( 'NONE',  ( -0.000000000000000000, 0.000000000000000000, 1.000000000000000000 ) ) ;
#8764 = ORIENTED_EDGE ( 'NONE', *, *, #9513, .F. ) ;
#8765 = LINE ( 'NONE', #10407, #8540 ) ;
#8766 = DIRECTION ( 'NONE',  ( -1.000000000000000000, -2.478176394252579662E-16, 1.275531967630005245E-16 ) ) ;
#8767 = CARTESIAN_POINT ( 'NONE',  ( 6.500000000000002665, -0.8500000000000011990, 2.924999999999999822 ) ) ;
#8768 = ORIENTED_EDGE ( 'NONE', *, *, #126, .T. ) ;
#8769 = CARTESIAN_POINT ( 'NONE',  ( 0.000000000000000000, 0.000000000000000000, -0.07500000000000128786 ) ) ;
#8770 = FACE_BOUND ( 'NONE', #4616, .T. ) ;
#8771 = DIRECTION ( 'NONE',  ( -0.000000000000000000, -0.000000000000000000, 1.000000000000000000 ) ) ;
#8772 = EDGE_CURVE ( 'NONE', #6018, #2170, #7317, .T. ) ;
#8773 =( NAMED_UNIT ( * ) PLANE_ANGLE_UNIT ( ) SI_UNIT ( $, .RADIAN. ) );
#8774 = DIRECTION ( 'NONE',  ( 0.000000000000000000, 0.000000000000000000, 1.000000000000000000 ) ) ;
#8775 = DIRECTION ( 'NONE',  ( 1.000000000000000000, 0.000000000000000000, -1.515042337097647644E-16 ) ) ;
#8776 = ORIENTED_EDGE ( 'NONE', *, *, #1186, .F. ) ;
#8777 = CARTESIAN_POINT ( 'NONE',  ( 3.799999999999998046, 2.800000000000000266, -0.4750000000000014766 ) ) ;
#8778 = DIRECTION ( 'NONE',  ( 0.000000000000000000, 1.000000000000000000, 1.376764663473656956E-16 ) ) ;
#8779 = EDGE_LOOP ( 'NONE', ( #6656, #5274, #7112, #5956 ) ) ;
#8780 = CARTESIAN_POINT ( 'NONE',  ( -3.950000000000000178, 0.9155523756961149173, -1.736124513398789038 ) ) ;
#8781 = CARTESIAN_POINT ( 'NONE',  ( -10.19999999999999574, 1.000000000000000888, 4.025000000000000355 ) ) ;
#8782 = VERTEX_POINT ( 'NONE', #5687 ) ;
#8783 = EDGE_CURVE ( 'NONE', #5105, #2816, #3688, .T. ) ;
#8784 = DIRECTION ( 'NONE',  ( -1.000000000000000000, 0.000000000000000000, -0.000000000000000000 ) ) ;
#8785 = EDGE_CURVE ( 'NONE', #6259, #9672, #8339, .T. ) ;
#8786 = CARTESIAN_POINT ( 'NONE',  ( 10.19999999999999574, 1.000000000000003553, 4.025000000000000355 ) ) ;
#8787 = ORIENTED_EDGE ( 'NONE', *, *, #1950, .T. ) ;
#8788 = EDGE_CURVE ( 'NONE', #9524, #7806, #8284, .T. ) ;
#8789 = CARTESIAN_POINT ( 'NONE',  ( 0.000000000000000000, 0.000000000000000000, -0.4750000000000014766 ) ) ;
#8790 = ORIENTED_EDGE ( 'NONE', *, *, #8258, .T. ) ;
#8791 = ORIENTED_EDGE ( 'NONE', *, *, #6720, .F. ) ;
#8792 = CARTESIAN_POINT ( 'NONE',  ( -6.099999999999997868, 3.469446951953614189E-15, 2.125000000000000000 ) ) ;
#8793 = VECTOR ( 'NONE', #3920, 1000.000000000000000 ) ;
#8794 = ORIENTED_EDGE ( 'NONE', *, *, #2531, .T. ) ;
#8795 = DIRECTION ( 'NONE',  ( -1.000000000000000000, 0.000000000000000000, 0.000000000000000000 ) ) ;
#8796 = EDGE_CURVE ( 'NONE', #8573, #1930, #4156, .T. ) ;
#8797 = SURFACE_STYLE_USAGE ( .BOTH. , #6242 ) ;
#8798 = ORIENTED_EDGE ( 'NONE', *, *, #6008, .T. ) ;
#8799 = ORIENTED_EDGE ( 'NONE', *, *, #7984, .F. ) ;
#8800 = ADVANCED_FACE ( 'NONE', ( #3994 ), #9875, .T. ) ;
#8801 = DIRECTION ( 'NONE',  ( 0.000000000000000000, 0.000000000000000000, -1.000000000000000000 ) ) ;
#8802 = EDGE_CURVE ( 'NONE', #934, #4050, #21, .T. ) ;
#8803 = VECTOR ( 'NONE', #5627, 1000.000000000000000 ) ;
#8804 = ORIENTED_EDGE ( 'NONE', *, *, #6209, .T. ) ;
#8805 = DIRECTION ( 'NONE',  ( 1.000000000000000000, -0.000000000000000000, 0.000000000000000000 ) ) ;
#8806 = ORIENTED_EDGE ( 'NONE', *, *, #10244, .F. ) ;
#8807 = ORIENTED_EDGE ( 'NONE', *, *, #4459, .T. ) ;
#8808 = CARTESIAN_POINT ( 'NONE',  ( -5.749999999999989342, 3.500000000000000888, 3.599999999999999201 ) ) ;
#8809 = CARTESIAN_POINT ( 'NONE',  ( 1.935000000000000941, 10.05000000000000071, -3.675000000000001155 ) ) ;
#8810 = FACE_OUTER_BOUND ( 'NONE', #7737, .T. ) ;
#8811 = CARTESIAN_POINT ( 'NONE',  ( -2.750000000000000000, 12.80000000000000071, -3.675000000000001155 ) ) ;
#8812 = CARTESIAN_POINT ( 'NONE',  ( -5.474999999999996980, 12.80000000000000071, -4.824999999999998401 ) ) ;
#8813 = VECTOR ( 'NONE', #9511, 1000.000000000000114 ) ;
#8814 = ORIENTED_EDGE ( 'NONE', *, *, #5074, .F. ) ;
#8815 = DIRECTION ( 'NONE',  ( -1.000000000000000000, 0.000000000000000000, 0.000000000000000000 ) ) ;
#8816 = DIRECTION ( 'NONE',  ( -1.000000000000000000, 0.000000000000000000, -0.000000000000000000 ) ) ;
#8817 = DIRECTION ( 'NONE',  ( 0.000000000000000000, 1.000000000000000000, -0.000000000000000000 ) ) ;
#8818 = AXIS2_PLACEMENT_3D ( 'NONE', #4644, #10431, #2745 ) ;
#8819 = ORIENTED_EDGE ( 'NONE', *, *, #2428, .F. ) ;
#8820 = ORIENTED_EDGE ( 'NONE', *, *, #8931, .T. ) ;
#8821 = DIRECTION ( 'NONE',  ( 0.000000000000000000, -1.000000000000000000, 0.000000000000000000 ) ) ;
#8822 = LINE ( 'NONE', #622, #6828 ) ;
#8823 = DIRECTION ( 'NONE',  ( -1.000000000000000000, -3.469446951953601370E-16, 1.275531967630005245E-16 ) ) ;
#8824 = DIRECTION ( 'NONE',  ( -0.000000000000000000, 1.000000000000000000, 0.000000000000000000 ) ) ;
#8825 = CARTESIAN_POINT ( 'NONE',  ( 6.099999999999997868, 0.000000000000000000, 0.000000000000000000 ) ) ;
#8826 = EDGE_CURVE ( 'NONE', #30, #6681, #3959, .T. ) ;
#8827 = CARTESIAN_POINT ( 'NONE',  ( -3.074999999999998845, 11.71428571428571530, -4.224999999999993427 ) ) ;
#8828 = EDGE_LOOP ( 'NONE', ( #7473, #2634 ) ) ;
#8829 = DIRECTION ( 'NONE',  ( -1.938238520644477159E-16, -4.845596301611192898E-17, -1.000000000000000000 ) ) ;
#8830 = LINE ( 'NONE', #8121, #110 ) ;
#8831 = EDGE_CURVE ( 'NONE', #4121, #9659, #6708, .T. ) ;
#8832 = VECTOR ( 'NONE', #3417, 1000.000000000000000 ) ;
#8833 = ORIENTED_EDGE ( 'NONE', *, *, #10176, .F. ) ;
#8834 = DIRECTION ( 'NONE',  ( 1.000000000000000000, 0.000000000000000000, 0.000000000000000000 ) ) ;
#8835 = LINE ( 'NONE', #1391, #6296 ) ;
#8836 = EDGE_LOOP ( 'NONE', ( #6645, #6958, #8633, #1903 ) ) ;
#8837 = AXIS2_PLACEMENT_3D ( 'NONE', #6628, #9961, #4997 ) ;
#8838 = CARTESIAN_POINT ( 'NONE',  ( -8.180000000000001492, 12.80000000000000071, -4.325000000000001954 ) ) ;
#8839 = CARTESIAN_POINT ( 'NONE',  ( 3.400000000000002132, 2.800000000000000266, 3.825000000000001066 ) ) ;
#8840 = LINE ( 'NONE', #1609, #7679 ) ;
#8841 = ORIENTED_EDGE ( 'NONE', *, *, #5134, .T. ) ;
#8842 = AXIS2_PLACEMENT_3D ( 'NONE', #18, #4703, #2264 ) ;
#8843 = AXIS2_PLACEMENT_3D ( 'NONE', #3470, #6787, #9134 ) ;
#8844 = ADVANCED_FACE ( 'NONE', ( #9318 ), #10194, .T. ) ;
#8845 = LINE ( 'NONE', #2047, #7620 ) ;
#8846 = EDGE_CURVE ( 'NONE', #8153, #6859, #8393, .T. ) ;
#8847 = ORIENTED_EDGE ( 'NONE', *, *, #1721, .T. ) ;
#8848 = LINE ( 'NONE', #3897, #8708 ) ;
#8849 = VECTOR ( 'NONE', #8824, 1000.000000000000000 ) ;
#8850 = ADVANCED_FACE ( 'NONE', ( #182 ), #1975, .T. ) ;
#8851 = EDGE_LOOP ( 'NONE', ( #5301, #4160, #6963, #1949, #4780, #9503 ) ) ;
#8852 = DIRECTION ( 'NONE',  ( 0.000000000000000000, 0.000000000000000000, -1.000000000000000000 ) ) ;
#8853 = CARTESIAN_POINT ( 'NONE',  ( 7.980000000000001315, 2.800000000000000266, -3.825000000000000622 ) ) ;
#8854 =( LENGTH_UNIT ( ) NAMED_UNIT ( * ) SI_UNIT ( .MILLI., .METRE. ) );
#8855 = VECTOR ( 'NONE', #5937, 1000.000000000000000 ) ;
#8856 = VERTEX_POINT ( 'NONE', #6044 ) ;
#8857 = DIRECTION ( 'NONE',  ( 0.000000000000000000, 0.000000000000000000, 1.000000000000000000 ) ) ;
#8858 = EDGE_CURVE ( 'NONE', #4852, #612, #3600, .T. ) ;
#8859 = VERTEX_POINT ( 'NONE', #10146 ) ;
#8860 = UNCERTAINTY_MEASURE_WITH_UNIT (LENGTH_MEASURE( 1.000000000000000082E-05 ), #7979, 'distance_accuracy_value', 'NONE');
#8861 = ORIENTED_EDGE ( 'NONE', *, *, #2066, .T. ) ;
#8862 = CARTESIAN_POINT ( 'NONE',  ( -3.074999999999998845, 12.80000000000000071, -4.225000000000004086 ) ) ;
#8864 = ORIENTED_EDGE ( 'NONE', *, *, #2878, .T. ) ;
#8863 = EDGE_CURVE ( 'NONE', #1117, #1031, #3550, .T. ) ;
#8865 = ORIENTED_EDGE ( 'NONE', *, *, #601, .F. ) ;
#8866 = DIRECTION ( 'NONE',  ( 0.000000000000000000, -1.000000000000000000, 0.000000000000000000 ) ) ;
#8867 = EDGE_CURVE ( 'NONE', #5283, #10473, #1810, .T. ) ;
#8868 = CARTESIAN_POINT ( 'NONE',  ( -10.19999999999999574, 12.80000000000000071, 5.025000000000002132 ) ) ;
#8869 = LINE ( 'NONE', #497, #4146 ) ;
#8870 = LINE ( 'NONE', #3042, #7070 ) ;
#8871 = CARTESIAN_POINT ( 'NONE',  ( 10.20000000000000284, 8.800000000000002487, 7.835182920028514353 ) ) ;
#8872 = EDGE_CURVE ( 'NONE', #8068, #2436, #2781, .T. ) ;
#8873 = ORIENTED_EDGE ( 'NONE', *, *, #5934, .F. ) ;
#8874 = FACE_BOUND ( 'NONE', #6116, .T. ) ;
#8875 = LINE ( 'NONE', #9752, #8793 ) ;
#8876 = VECTOR ( 'NONE', #2651, 1000.000000000000000 ) ;
#8877 = VERTEX_POINT ( 'NONE', #10250 ) ;
#8878 = ORIENTED_EDGE ( 'NONE', *, *, #8933, .F. ) ;
#8879 = CARTESIAN_POINT ( 'NONE',  ( 6.500000000000002665, 8.400000000000000355, 1.724999999999998979 ) ) ;
#8880 = CARTESIAN_POINT ( 'NONE',  ( -8.999999999999998224, 2.800000000000000266, -0.4750000000000014766 ) ) ;
#8881 = CARTESIAN_POINT ( 'NONE',  ( 1.999999999999996669, -3.350000000000000977, 0.2249999999999999500 ) ) ;
#8882 = DIRECTION ( 'NONE',  ( 0.000000000000000000, 0.000000000000000000, 1.000000000000000000 ) ) ;
#8883 = DIRECTION ( 'NONE',  ( 1.000000000000000000, 0.000000000000000000, -1.515042337097647644E-16 ) ) ;
#8884 = ORIENTED_EDGE ( 'NONE', *, *, #697, .F. ) ;
#8885 = CIRCLE ( 'NONE', #2275, 0.2000000000000022593 ) ;
#8886 = CARTESIAN_POINT ( 'NONE',  ( -6.500000000000002665, -3.350000000000000977, 4.025000000000000355 ) ) ;
#8887 = DIRECTION ( 'NONE',  ( 1.000000000000000000, 0.000000000000000000, 0.000000000000000000 ) ) ;
#8888 = ORIENTED_EDGE ( 'NONE', *, *, #6707, .F. ) ;
#8889 = CARTESIAN_POINT ( 'NONE',  ( -2.499999999999997780, 2.800000000000002043, 1.724999999999999423 ) ) ;
#8890 = CARTESIAN_POINT ( 'NONE',  ( 0.6999999999999975131, -3.350000000000000977, 0.2249999999999999500 ) ) ;
#8891 = VERTEX_POINT ( 'NONE', #8610 ) ;
#8892 = LINE ( 'NONE', #7321, #4646 ) ;
#8893 = DIRECTION ( 'NONE',  ( 0.000000000000000000, 0.000000000000000000, -1.000000000000000000 ) ) ;
#8894 = AXIS2_PLACEMENT_3D ( 'NONE', #6134, #3685, #10224 ) ;
#8895 = CARTESIAN_POINT ( 'NONE',  ( -1.100000000000002087, 0.000000000000000000, -0.07500000000000128786 ) ) ;
#8896 = ADVANCED_FACE ( 'NONE', ( #7630 ), #350, .T. ) ;
#8897 = VECTOR ( 'NONE', #395, 1000.000000000000000 ) ;
#8898 = ORIENTED_EDGE ( 'NONE', *, *, #8447, .T. ) ;
#8899 = DIRECTION ( 'NONE',  ( -0.000000000000000000, -1.000000000000000000, -0.000000000000000000 ) ) ;
#8900 = AXIS2_PLACEMENT_3D ( 'NONE', #8780, #7212, #6440 ) ;
#8901 = VERTEX_POINT ( 'NONE', #1163 ) ;
#8902 = DIRECTION ( 'NONE',  ( -1.000000000000000000, 0.000000000000000000, 0.000000000000000000 ) ) ;
#8903 = EDGE_LOOP ( 'NONE', ( #1189, #6781, #3234, #7622, #2932, #4291 ) ) ;
#8904 = DIRECTION ( 'NONE',  ( 0.000000000000000000, 0.000000000000000000, -1.000000000000000000 ) ) ;
#8905 = LINE ( 'NONE', #1463, #9205 ) ;
#8906 = VECTOR ( 'NONE', #7100, 1000.000000000000000 ) ;
#8907 = EDGE_CURVE ( 'NONE', #2484, #7599, #8498, .T. ) ;
#8908 = DIRECTION ( 'NONE',  ( 0.000000000000000000, 0.000000000000000000, 1.000000000000000000 ) ) ;
#8909 = EDGE_LOOP ( 'NONE', ( #10225, #7878, #7304, #472 ) ) ;
#8910 = EDGE_CURVE ( 'NONE', #6995, #4992, #4053, .T. ) ;
#8911 = VECTOR ( 'NONE', #4791, 1000.000000000000000 ) ;
#8912 = ORIENTED_EDGE ( 'NONE', *, *, #8380, .T. ) ;
#8913 = VECTOR ( 'NONE', #3439, 1000.000000000000000 ) ;
#8914 = AXIS2_PLACEMENT_3D ( 'NONE', #8309, #4994, #4436 ) ;
#8915 = CARTESIAN_POINT ( 'NONE',  ( -6.499999999999997335, 5.849999999999999645, -7.850000000000003197 ) ) ;
#8916 = EDGE_CURVE ( 'NONE', #1241, #6443, #1050, .T. ) ;
#8917 = VECTOR ( 'NONE', #919, 1000.000000000000000 ) ;
#8918 = EDGE_LOOP ( 'NONE', ( #2827, #8445, #7439, #1538 ) ) ;
#8919 = EDGE_LOOP ( 'NONE', ( #1909, #10750, #5706, #4054 ) ) ;
#8920 = DIRECTION ( 'NONE',  ( -1.938238520644476666E-16, 0.000000000000000000, -1.000000000000000000 ) ) ;
#8921 = VECTOR ( 'NONE', #7455, 1000.000000000000000 ) ;
#8922 = PRODUCT ( 'pin^10153118-xxxKALF Ass 2', 'pin^10153118-xxxKALF Ass 2', '', ( #7435 ) ) ;
#8923 = ORIENTED_EDGE ( 'NONE', *, *, #3057, .T. ) ;
#8924 = ORIENTED_EDGE ( 'NONE', *, *, #5540, .T. ) ;
#8925 = CARTESIAN_POINT ( 'NONE',  ( 9.000000000000001776, 2.800000000000000266, 4.025000000000000355 ) ) ;
#8926 = CARTESIAN_POINT ( 'NONE',  ( 7.824999999999991296, 2.400000000000003020, 4.025000000000000355 ) ) ;
#8927 = EDGE_CURVE ( 'NONE', #8970, #2291, #4361, .T. ) ;
#8928 = CARTESIAN_POINT ( 'NONE',  ( 6.099999999999997868, 8.400000000000002132, -0.07500000000000128786 ) ) ;
#8929 = CARTESIAN_POINT ( 'NONE',  ( 9.000000000000000000, 12.28038475772934035, -4.025000000000001243 ) ) ;
#8930 = DIRECTION ( 'NONE',  ( -1.000000000000000000, 0.000000000000000000, 0.000000000000000000 ) ) ;
#8931 = EDGE_CURVE ( 'NONE', #1234, #7155, #4474, .T. ) ;
#8932 = VERTEX_POINT ( 'NONE', #3652 ) ;
#8933 = EDGE_CURVE ( 'NONE', #2098, #9640, #7738, .T. ) ;
#8934 = CARTESIAN_POINT ( 'NONE',  ( 0.6999999999999975131, -3.750000000000001332, 4.025000000000000355 ) ) ;
#8935 = EDGE_CURVE ( 'NONE', #8747, #7774, #7574, .T. ) ;
#8936 = CARTESIAN_POINT ( 'NONE',  ( 6.500000000000002665, -0.8500000000000011990, 4.025000000000000355 ) ) ;
#8937 = DIRECTION ( 'NONE',  ( -3.469446951953601370E-16, 1.000000000000000000, 0.000000000000000000 ) ) ;
#8938 = ORIENTED_EDGE ( 'NONE', *, *, #2189, .T. ) ;
#8939 = ORIENTED_EDGE ( 'NONE', *, *, #1198, .T. ) ;
#8940 = LINE ( 'NONE', #9914, #923 ) ;
#8941 = CARTESIAN_POINT ( 'NONE',  ( -8.950000000000002842, -3.375000000000000888, 5.025000000000001243 ) ) ;
#8942 = DIRECTION ( 'NONE',  ( -0.000000000000000000, -1.000000000000000000, -0.000000000000000000 ) ) ;
#8943 = PRESENTATION_STYLE_ASSIGNMENT (( #5402 ) ) ;
#8944 = DIRECTION ( 'NONE',  ( 0.000000000000000000, 0.000000000000000000, -1.000000000000000000 ) ) ;
#8945 = LINE ( 'NONE', #8827, #5276 ) ;
#8946 = EDGE_CURVE ( 'NONE', #7274, #6067, #2626, .T. ) ;
#8947 = ORIENTED_EDGE ( 'NONE', *, *, #5324, .T. ) ;
#8948 = DIRECTION ( 'NONE',  ( -0.000000000000000000, -1.000000000000000000, -0.000000000000000000 ) ) ;
#8949 = DIRECTION ( 'NONE',  ( 0.000000000000000000, -1.000000000000000000, 0.000000000000000000 ) ) ;
#8950 = EDGE_CURVE ( 'NONE', #9105, #9492, #7248, .T. ) ;
#8951 = ORIENTED_EDGE ( 'NONE', *, *, #8171, .T. ) ;
#8952 = CARTESIAN_POINT ( 'NONE',  ( -8.999999999999998224, 2.800000000000000266, 2.124999999999999112 ) ) ;
#8953 = DIRECTION ( 'NONE',  ( -1.938238520644477159E-16, -4.845596301611192898E-17, -1.000000000000000000 ) ) ;
#8954 = ORIENTED_EDGE ( 'NONE', *, *, #6567, .T. ) ;
#8955 = CARTESIAN_POINT ( 'NONE',  ( 9.574999999999993960, 1.000000000000003331, 4.025000000000000355 ) ) ;
#8956 = CARTESIAN_POINT ( 'NONE',  ( -3.400000000000003908, -4.999999999999999112, 2.924999999999999822 ) ) ;
#8957 = LINE ( 'NONE', #8132, #8367 ) ;
#8958 = ORIENTED_EDGE ( 'NONE', *, *, #7054, .F. ) ;
#8959 = ORIENTED_EDGE ( 'NONE', *, *, #7596, .T. ) ;
#8960 = DIRECTION ( 'NONE',  ( 0.000000000000000000, -0.000000000000000000, -1.000000000000000000 ) ) ;
#8961 = ORIENTED_EDGE ( 'NONE', *, *, #7012, .T. ) ;
#8962 = CARTESIAN_POINT ( 'NONE',  ( -3.799999999999997158, 2.800000000000000266, 1.724999999999999867 ) ) ;
#8963 = DIRECTION ( 'NONE',  ( 0.000000000000000000, 1.000000000000000000, 0.000000000000000000 ) ) ;
#8964 = CARTESIAN_POINT ( 'NONE',  ( 12.59999999999999964, 1.016981637791403159E-15, 8.226955374841278032E-33 ) ) ;
#8965 = DIRECTION ( 'NONE',  ( 0.000000000000000000, -0.000000000000000000, -1.000000000000000000 ) ) ;
#8966 = CARTESIAN_POINT ( 'NONE',  ( 1.600000000000002531, 3.469446951953614189E-15, 2.124999999999999112 ) ) ;
#8967 = AXIS2_PLACEMENT_3D ( 'NONE', #842, #4152, #891 ) ;
#8968 = EDGE_LOOP ( 'NONE', ( #2453, #7324, #1162, #7855 ) ) ;
#8969 = EDGE_CURVE ( 'NONE', #4348, #8615, #7035, .T. ) ;
#8970 = VERTEX_POINT ( 'NONE', #7199 ) ;
#8971 = LINE ( 'NONE', #10614, #6962 ) ;
#8972 = ORIENTED_EDGE ( 'NONE', *, *, #7802, .T. ) ;
#8973 = ORIENTED_EDGE ( 'NONE', *, *, #2265, .F. ) ;
#8974 = DIRECTION ( 'NONE',  ( 0.000000000000000000, -0.7071067811865465735, 0.7071067811865483499 ) ) ;
#8975 = CIRCLE ( 'NONE', #8443, 1.000000000000000888 ) ;
#8976 = AXIS2_PLACEMENT_3D ( 'NONE', #6716, #956, #8965 ) ;
#8977 = FACE_OUTER_BOUND ( 'NONE', #866, .T. ) ;
#8978 = PLANE ( 'NONE',  #6220 ) ;
#8979 = DIRECTION ( 'NONE',  ( 0.000000000000000000, 1.000000000000000000, 0.000000000000000000 ) ) ;
#8980 = CARTESIAN_POINT ( 'NONE',  ( -1.100000000000002087, -3.750000000000001332, 2.924999999999999822 ) ) ;
#8981 = ORIENTED_EDGE ( 'NONE', *, *, #4252, .T. ) ;
#8982 = VECTOR ( 'NONE', #10403, 1000.000000000000000 ) ;
#8983 = CARTESIAN_POINT ( 'NONE',  ( -8.180000000000001492, 12.80000000000000071, -4.325000000000001954 ) ) ;
#8984 = PLANE ( 'NONE',  #3061 ) ;
#8985 = EDGE_CURVE ( 'NONE', #1574, #4722, #5399, .T. ) ;
#8986 = ADVANCED_FACE ( 'NONE', ( #10523 ), #4684, .T. ) ;
#8987 = CARTESIAN_POINT ( 'NONE',  ( 3.575000000000000622, 11.25000000000000178, -0.6545349465914753750 ) ) ;
#8988 = ORIENTED_EDGE ( 'NONE', *, *, #1408, .T. ) ;
#8989 = ORIENTED_EDGE ( 'NONE', *, *, #832, .F. ) ;
#8990 = CARTESIAN_POINT ( 'NONE',  ( 9.200000000000001066, 4.800000000000000711, 5.025000000000001243 ) ) ;
#8992 = DIRECTION ( 'NONE',  ( -0.000000000000000000, -0.000000000000000000, 1.000000000000000000 ) ) ;
#8991 = VECTOR ( 'NONE', #3351, 1000.000000000000000 ) ;
#8993 = DIRECTION ( 'NONE',  ( 0.000000000000000000, 0.000000000000000000, -1.000000000000000000 ) ) ;
#8994 = LINE ( 'NONE', #2566, #9560 ) ;
#8995 = EDGE_CURVE ( 'NONE', #8232, #8587, #2841, .T. ) ;
#8996 = DIRECTION ( 'NONE',  ( 1.000000000000000000, 0.000000000000000000, 0.000000000000000000 ) ) ;
#8997 = DIRECTION ( 'NONE',  ( 0.000000000000000000, 1.000000000000000000, 0.000000000000000000 ) ) ;
#8998 = VERTEX_POINT ( 'NONE', #1376 ) ;
#8999 = CARTESIAN_POINT ( 'NONE',  ( 7.000000000000002665, -4.999999999999999112, 2.924999999999999822 ) ) ;
#9000 = CARTESIAN_POINT ( 'NONE',  ( -1.600000000000002531, 0.000000000000000000, 0.000000000000000000 ) ) ;
#9001 = VECTOR ( 'NONE', #2142, 1000.000000000000000 ) ;
#9002 = ADVANCED_FACE ( 'NONE', ( #9593 ), #5564, .T. ) ;
#9003 = ORIENTED_EDGE ( 'NONE', *, *, #2135, .F. ) ;
#9004 = CARTESIAN_POINT ( 'NONE',  ( -10.19999999999999929, 8.800000000000000711, 5.375000000000000000 ) ) ;
#9005 = DIRECTION ( 'NONE',  ( 1.495451272393799542E-16, 0.000000000000000000, 1.000000000000000000 ) ) ;
#9006 = VERTEX_POINT ( 'NONE', #10356 ) ;
#9007 = ADVANCED_FACE ( 'NONE', ( #2891 ), #8003, .F. ) ;
#9008 = FACE_OUTER_BOUND ( 'NONE', #7074, .T. ) ;
#9009 = CARTESIAN_POINT ( 'NONE',  ( 2.900000000000001688, 3.469446951953614189E-15, 2.124999999999999112 ) ) ;
#9010 = ADVANCED_FACE ( 'NONE', ( #9647 ), #3871, .T. ) ;
#9011 = DIRECTION ( 'NONE',  ( -1.000000000000000000, 0.000000000000000000, 1.057758217059031665E-15 ) ) ;
#9012 = ORIENTED_EDGE ( 'NONE', *, *, #4173, .F. ) ;
#9013 = ADVANCED_FACE ( 'NONE', ( #10468 ), #4744, .T. ) ;
#9014 =( GEOMETRIC_REPRESENTATION_CONTEXT ( 3 ) GLOBAL_UNCERTAINTY_ASSIGNED_CONTEXT ( ( #7230 ) ) GLOBAL_UNIT_ASSIGNED_CONTEXT ( ( #924, #5972, #3524 ) ) REPRESENTATION_CONTEXT ( 'NONE', 'WORKASPACE' ) );
#9015 = PRODUCT ( '10153118-116KALF', '10153118-116KALF', '', ( #9835 ) ) ;
#9016 = VERTEX_POINT ( 'NONE', #7089 ) ;
#9017 = VECTOR ( 'NONE', #5988, 1000.000000000000000 ) ;
#9018 = LINE ( 'NONE', #643, #6448 ) ;
#9019 = LINE ( 'NONE', #5589, #3946 ) ;
#9020 = CARTESIAN_POINT ( 'NONE',  ( 5.474999999999998757, 0.000000000000000000, -4.825000000000000178 ) ) ;
#9021 = AXIS2_PLACEMENT_3D ( 'NONE', #10215, #4384, #1070 ) ;
#9022 = VECTOR ( 'NONE', #4893, 1000.000000000000000 ) ;
#9023 = ORIENTED_EDGE ( 'NONE', *, *, #4903, .T. ) ;
#9024 = VERTEX_POINT ( 'NONE', #3051 ) ;
#9025 = VECTOR ( 'NONE', #5768, 1000.000000000000000 ) ;
#9026 = DIRECTION ( 'NONE',  ( -1.000000000000000000, 0.000000000000000000, 0.000000000000000000 ) ) ;
#9027 = AXIS2_PLACEMENT_3D ( 'NONE', #10660, #2271, #5699 ) ;
#9028 = ORIENTED_EDGE ( 'NONE', *, *, #2479, .F. ) ;
#9029 = ORIENTED_EDGE ( 'NONE', *, *, #1603, .F. ) ;
#9030 = LINE ( 'NONE', #8207, #1752 ) ;
#9031 = ORIENTED_EDGE ( 'NONE', *, *, #3832, .T. ) ;
#9032 = LINE ( 'NONE', #10676, #1210 ) ;
#9033 = DIRECTION ( 'NONE',  ( -0.000000000000000000, -1.000000000000000000, -0.000000000000000000 ) ) ;
#9034 = DIRECTION ( 'NONE',  ( -0.000000000000000000, 0.000000000000000000, 1.000000000000000000 ) ) ;
#9035 = DIRECTION ( 'NONE',  ( -0.000000000000000000, -1.000000000000000000, -0.000000000000000000 ) ) ;
#9036 = CARTESIAN_POINT ( 'NONE',  ( -1.600000000000002531, 8.400000000000000355, -0.07500000000000128786 ) ) ;
#9037 = VECTOR ( 'NONE', #10022, 1000.000000000000000 ) ;
#9038 = ORIENTED_EDGE ( 'NONE', *, *, #295, .T. ) ;
#9039 = EDGE_CURVE ( 'NONE', #4524, #7929, #9485, .T. ) ;
#9040 = CARTESIAN_POINT ( 'NONE',  ( 9.774999999999984368, 12.80000000000000071, 5.024999999999999467 ) ) ;
#9041 = CARTESIAN_POINT ( 'NONE',  ( 10.20000000000000284, 12.80000000000000071, 5.024999999999999467 ) ) ;
#9042 = ORIENTED_EDGE ( 'NONE', *, *, #1606, .T. ) ;
#9043 = ORIENTED_EDGE ( 'NONE', *, *, #1426, .F. ) ;
#9044 = FACE_OUTER_BOUND ( 'NONE', #4947, .T. ) ;
#9045 = LINE ( 'NONE', #1541, #1287 ) ;
#9046 = DIRECTION ( 'NONE',  ( 1.000000000000000000, -9.391921407275225514E-33, -1.938238520644477159E-16 ) ) ;
#9047 = CARTESIAN_POINT ( 'NONE',  ( -1.935000000000000053, 7.100000000000000533, 1.540689534999236443 ) ) ;
#9048 = FACE_OUTER_BOUND ( 'NONE', #5989, .T. ) ;
#9049 = VERTEX_POINT ( 'NONE', #4582 ) ;
#9050 = EDGE_CURVE ( 'NONE', #10399, #7297, #2241, .T. ) ;
#9051 = EDGE_CURVE ( 'NONE', #9446, #2447, #8062, .T. ) ;
#9052 = CARTESIAN_POINT ( 'NONE',  ( 6.099999999999997868, 2.800000000000000266, -0.07500000000000128786 ) ) ;
#9053 = CARTESIAN_POINT ( 'NONE',  ( -2.750000000000000000, 0.9155523756961149173, -3.675000000000001155 ) ) ;
#9054 = EDGE_CURVE ( 'NONE', #6800, #9563, #3925, .T. ) ;
#9055 = ORIENTED_EDGE ( 'NONE', *, *, #8608, .T. ) ;
#9056 = DIRECTION ( 'NONE',  ( -0.5000000000000037748, 0.8660254037844364872, 0.000000000000000000 ) ) ;
#9057 = DIRECTION ( 'NONE',  ( -1.000000000000000000, 0.000000000000000000, -0.000000000000000000 ) ) ;
#9058 = VECTOR ( 'NONE', #4335, 1000.000000000000000 ) ;
#9059 = ORIENTED_EDGE ( 'NONE', *, *, #4072, .T. ) ;
#9060 = DIRECTION ( 'NONE',  ( 1.000000000000000000, 0.000000000000000000, 0.000000000000000000 ) ) ;
#9061 = DIRECTION ( 'NONE',  ( -0.000000000000000000, 1.000000000000000000, -0.000000000000000000 ) ) ;
#9062 = DIRECTION ( 'NONE',  ( 0.000000000000000000, -1.000000000000000000, 0.000000000000000000 ) ) ;
#9063 = AXIS2_PLACEMENT_3D ( 'NONE', #4939, #805, #4117 ) ;
#9064 = ORIENTED_EDGE ( 'NONE', *, *, #1286, .F. ) ;
#9065 = EDGE_CURVE ( 'NONE', #1031, #6800, #3001, .T. ) ;
#9066 = ADVANCED_FACE ( 'NONE', ( #3709 ), #3816, .F. ) ;
#9067 = EDGE_CURVE ( 'NONE', #652, #2491, #2948, .T. ) ;
#9068 = ORIENTED_EDGE ( 'NONE', *, *, #1878, .T. ) ;
#9069 = LINE ( 'NONE', #6399, #8190 ) ;
#9070 = LINE ( 'NONE', #3953, #4471 ) ;
#9071 = CARTESIAN_POINT ( 'NONE',  ( 4.700000000000002842, 3.469446951953614189E-15, 2.124999999999999112 ) ) ;
#9072 = VERTEX_POINT ( 'NONE', #1642 ) ;
#9073 = AXIS2_PLACEMENT_3D ( 'NONE', #9204, #10021, #8599 ) ;
#9074 = AXIS2_PLACEMENT_3D ( 'NONE', #4818, #581, #9011 ) ;
#9075 = CARTESIAN_POINT ( 'NONE',  ( 7.000000000000002665, 0.000000000000000000, 0.000000000000000000 ) ) ;
#9076 = EDGE_CURVE ( 'NONE', #3815, #3304, #8940, .T. ) ;
#9077 = ORIENTED_EDGE ( 'NONE', *, *, #7848, .F. ) ;
#9078 = VECTOR ( 'NONE', #6382, 1000.000000000000000 ) ;
#9079 = ORIENTED_EDGE ( 'NONE', *, *, #4612, .F. ) ;
#9080 = CARTESIAN_POINT ( 'NONE',  ( 8.950000000000002842, -1.574999999999999512, 5.375000000000000000 ) ) ;
#9081 = VECTOR ( 'NONE', #2526, 1000.000000000000000 ) ;
#9082 = AXIS2_PLACEMENT_3D ( 'NONE', #6352, #10336, #2108 ) ;
#9083 = ORIENTED_EDGE ( 'NONE', *, *, #3754, .F. ) ;
#9084 = DIRECTION ( 'NONE',  ( -1.938238520644477159E-16, -4.845596301611192898E-17, -1.000000000000000000 ) ) ;
#9085 = CARTESIAN_POINT ( 'NONE',  ( -0.1999999999999970690, 8.399999999999998579, 1.724999999999999423 ) ) ;
#9086 = VECTOR ( 'NONE', #5193, 1000.000000000000000 ) ;
#9087 = FACE_OUTER_BOUND ( 'NONE', #4124, .T. ) ;
#9088 = CARTESIAN_POINT ( 'NONE',  ( -6.099999999999997868, 2.800000000000000266, 3.825000000000001066 ) ) ;
#9089 = CARTESIAN_POINT ( 'NONE',  ( 2.750000000000000000, 12.40000000000000391, -3.025000000000001243 ) ) ;
#9090 = EDGE_LOOP ( 'NONE', ( #7539, #9858, #7264, #863 ) ) ;
#9091 = AXIS2_PLACEMENT_3D ( 'NONE', #367, #3725, #312 ) ;
#9092 = VECTOR ( 'NONE', #5509, 1000.000000000000000 ) ;
#9093 = DIRECTION ( 'NONE',  ( 0.000000000000000000, -1.000000000000000000, 0.000000000000000000 ) ) ;
#9094 = VECTOR ( 'NONE', #1323, 1000.000000000000114 ) ;
#9095 = CARTESIAN_POINT ( 'NONE',  ( -4.700000000000002842, 8.400000000000000355, -0.07500000000000084377 ) ) ;
#9096 = EDGE_CURVE ( 'NONE', #706, #3740, #8168, .T. ) ;
#9097 = ORIENTED_EDGE ( 'NONE', *, *, #7596, .F. ) ;
#9098 = VERTEX_POINT ( 'NONE', #831 ) ;
#9099 = CARTESIAN_POINT ( 'NONE',  ( 3.575000000000000178, 0.9155523756961149173, -3.025000000000001243 ) ) ;
#9100 = DIRECTION ( 'NONE',  ( 0.000000000000000000, 1.000000000000000000, 5.782411586589349356E-15 ) ) ;
#9101 = CARTESIAN_POINT ( 'NONE',  ( 7.000000000000002665, 2.800000000000000266, 1.724999999999999201 ) ) ;
#9102 = CARTESIAN_POINT ( 'NONE',  ( -2.875000000000000000, 11.90000000000000036, -3.025000000000001243 ) ) ;
#9103 = DIRECTION ( 'NONE',  ( -0.000000000000000000, 0.000000000000000000, 1.000000000000000000 ) ) ;
#9104 = VECTOR ( 'NONE', #4429, 1000.000000000000000 ) ;
#9105 = VERTEX_POINT ( 'NONE', #6640 ) ;
#9106 = CARTESIAN_POINT ( 'NONE',  ( -8.950000000000002842, -1.225000000000000755, 4.025000000000000355 ) ) ;
#9107 = CARTESIAN_POINT ( 'NONE',  ( -1.935000000000001164, 7.100000000000000533, -5.024999999999999467 ) ) ;
#9108 = PLANE ( 'NONE',  #340 ) ;
#9109 = EDGE_CURVE ( 'NONE', #1008, #9049, #2144, .T. ) ;
#9110 = ORIENTED_EDGE ( 'NONE', *, *, #957, .F. ) ;
#9111 = EDGE_CURVE ( 'NONE', #7754, #6995, #6429, .T. ) ;
#9112 = DIRECTION ( 'NONE',  ( 0.000000000000000000, 0.000000000000000000, 1.000000000000000000 ) ) ;
#9113 = DIRECTION ( 'NONE',  ( -0.000000000000000000, -0.000000000000000000, -1.000000000000000000 ) ) ;
#9114 = DIRECTION ( 'NONE',  ( -0.000000000000000000, 0.000000000000000000, 1.000000000000000000 ) ) ;
#9115 = DIRECTION ( 'NONE',  ( 0.000000000000000000, 1.000000000000000000, -0.000000000000000000 ) ) ;
#9116 = EDGE_LOOP ( 'NONE', ( #5569, #4682, #9508, #7590 ) ) ;
#9117 = CARTESIAN_POINT ( 'NONE',  ( 9.200000000000001066, 2.800000000000000266, 3.824999999999997957 ) ) ;
#9118 = ORIENTED_EDGE ( 'NONE', *, *, #6667, .F. ) ;
#9119 = ORIENTED_EDGE ( 'NONE', *, *, #2111, .T. ) ;
#9120 = EDGE_CURVE ( 'NONE', #9484, #5806, #3165, .T. ) ;
#9121 = EDGE_CURVE ( 'NONE', #1096, #8877, #4090, .T. ) ;
#9122 = PLANE ( 'NONE',  #6121 ) ;
#9123 = CARTESIAN_POINT ( 'NONE',  ( 2.574999999999999734, 10.50000000000000000, -5.024999999999999467 ) ) ;
#9124 = CARTESIAN_POINT ( 'NONE',  ( -2.900000000000002576, -3.750000000000001332, 0.2249999999999995060 ) ) ;
#9125 = SHAPE_DEFINITION_REPRESENTATION ( #3963, #4100 ) ;
#9126 = ADVANCED_FACE ( 'NONE', ( #5826 ), #3219, .T. ) ;
#9127 = ORIENTED_EDGE ( 'NONE', *, *, #2740, .T. ) ;
#9128 = LINE ( 'NONE', #2276, #10515 ) ;
#9129 = ORIENTED_EDGE ( 'NONE', *, *, #2800, .F. ) ;
#9130 = EDGE_CURVE ( 'NONE', #6353, #2371, #4140, .T. ) ;
#9131 = ORIENTED_EDGE ( 'NONE', *, *, #5583, .F. ) ;
#9132 = CARTESIAN_POINT ( 'NONE',  ( 0.6999999999999975131, -3.350000000000000977, 4.025000000000000355 ) ) ;
#9133 = ORIENTED_EDGE ( 'NONE', *, *, #4977, .T. ) ;
#9134 = DIRECTION ( 'NONE',  ( 0.000000000000000000, 0.000000000000000000, -1.000000000000000000 ) ) ;
#9135 = CARTESIAN_POINT ( 'NONE',  ( -7.980000000000001315, 2.800000000000000266, -3.824999999999998401 ) ) ;
#9136 = PLANE ( 'NONE',  #7957 ) ;
#9137 = CYLINDRICAL_SURFACE ( 'NONE', #3676, 1.000000000000000888 ) ;
#9138 = EDGE_CURVE ( 'NONE', #2180, #5860, #2299, .T. ) ;
#9139 = LINE ( 'NONE', #7399, #6746 ) ;
#9140 = ORIENTED_EDGE ( 'NONE', *, *, #5343, .F. ) ;
#9141 = LINE ( 'NONE', #5821, #2823 ) ;
#9142 = ORIENTED_EDGE ( 'NONE', *, *, #2804, .T. ) ;
#9143 = FACE_OUTER_BOUND ( 'NONE', #5962, .T. ) ;
#9144 = EDGE_CURVE ( 'NONE', #10128, #1317, #3346, .T. ) ;
#9145 = ORIENTED_EDGE ( 'NONE', *, *, #4863, .T. ) ;
#9146 = VERTEX_POINT ( 'NONE', #6535 ) ;
#9147 = CARTESIAN_POINT ( 'NONE',  ( -6.099999999999992539, 2.949999999999998845, -5.350000000000002309 ) ) ;
#9148 = LINE ( 'NONE', #1696, #8055 ) ;
#9149 = VECTOR ( 'NONE', #8506, 1000.000000000000000 ) ;
#9150 = FACE_OUTER_BOUND ( 'NONE', #169, .T. ) ;
#9151 = LINE ( 'NONE', #1698, #2379 ) ;
#9152 = FACE_OUTER_BOUND ( 'NONE', #9116, .T. ) ;
#9153 = VECTOR ( 'NONE', #4299, 1000.000000000000000 ) ;
#9154 = ORIENTED_EDGE ( 'NONE', *, *, #10391, .F. ) ;
#9155 = CARTESIAN_POINT ( 'NONE',  ( -2.900000000000003464, -4.999999999999999112, 2.924999999999999822 ) ) ;
#9156 = LINE ( 'NONE', #5017, #9378 ) ;
#9157 = DIRECTION ( 'NONE',  ( 0.000000000000000000, 0.000000000000000000, -1.000000000000000000 ) ) ;
#9158 = VECTOR ( 'NONE', #2567, 1000.000000000000000 ) ;
#9159 = ORIENTED_EDGE ( 'NONE', *, *, #678, .F. ) ;
#9160 = CARTESIAN_POINT ( 'NONE',  ( 1.935000000000000941, 12.28038475772934746, -4.025000000000000355 ) ) ;
#9161 = DIRECTION ( 'NONE',  ( 0.000000000000000000, 0.000000000000000000, 1.000000000000000000 ) ) ;
#9162 = CARTESIAN_POINT ( 'NONE',  ( 7.824999999999991296, 2.400000000000003020, 4.825000000000007283 ) ) ;
#9163 = DIRECTION ( 'NONE',  ( 0.000000000000000000, 0.000000000000000000, 1.000000000000000000 ) ) ;
#9164 = EDGE_LOOP ( 'NONE', ( #5652, #1430, #6398, #1406 ) ) ;
#9165 = CARTESIAN_POINT ( 'NONE',  ( -10.20000000000000284, -3.999999999999999112, 2.924999999999999822 ) ) ;
#9166 = ORIENTED_EDGE ( 'NONE', *, *, #4539, .F. ) ;
#9167 = VECTOR ( 'NONE', #5970, 1000.000000000000000 ) ;
#9168 = ADVANCED_FACE ( 'NONE', ( #1488 ), #5622, .T. ) ;
#9169 = VERTEX_POINT ( 'NONE', #10630 ) ;
#9170 = VECTOR ( 'NONE', #8397, 1000.000000000000000 ) ;
#9171 = DIRECTION ( 'NONE',  ( -0.000000000000000000, 0.000000000000000000, 1.000000000000000000 ) ) ;
#9172 = ORIENTED_EDGE ( 'NONE', *, *, #5631, .T. ) ;
#9173 = DIRECTION ( 'NONE',  ( -1.000000000000000000, 0.000000000000000000, 0.000000000000000000 ) ) ;
#9174 = FACE_OUTER_BOUND ( 'NONE', #848, .T. ) ;
#9175 = VERTEX_POINT ( 'NONE', #6486 ) ;
#9176 = EDGE_CURVE ( 'NONE', #6182, #5406, #577, .T. ) ;
#9177 = EDGE_CURVE ( 'NONE', #10636, #7629, #5257, .T. ) ;
#9178 = LINE ( 'NONE', #202, #4846 ) ;
#9179 = VERTEX_POINT ( 'NONE', #8325 ) ;
#9180 = ADVANCED_FACE ( 'NONE', ( #9044 ), #3319, .F. ) ;
#9181 = ORIENTED_EDGE ( 'NONE', *, *, #463, .F. ) ;
#9182 = CARTESIAN_POINT ( 'NONE',  ( -6.649999999999997691, -2.300000000000001599, 0.000000000000000000 ) ) ;
#9183 = AXIS2_PLACEMENT_3D ( 'NONE', #7887, #7830, #8050 ) ;
#9184 = ORIENTED_EDGE ( 'NONE', *, *, #4456, .F. ) ;
#9185 = LINE ( 'NONE', #1729, #2212 ) ;
#9186 = LINE ( 'NONE', #6687, #5190 ) ;
#9187 = CARTESIAN_POINT ( 'NONE',  ( 7.480000000000000426, 12.28038475772933147, -2.375000000000013323 ) ) ;
#9188 = AXIS2_PLACEMENT_3D ( 'NONE', #3702, #10351, #8052 ) ;
#9189 = DIRECTION ( 'NONE',  ( -1.000000000000000000, 0.000000000000000000, 0.000000000000000000 ) ) ;
#9190 = DIRECTION ( 'NONE',  ( -0.000000000000000000, -0.000000000000000000, 1.000000000000000000 ) ) ;
#9191 = CARTESIAN_POINT ( 'NONE',  ( -8.950000000000002842, 0.000000000000000000, 0.000000000000000000 ) ) ;
#9192 = ORIENTED_EDGE ( 'NONE', *, *, #4418, .T. ) ;
#9193 = EDGE_CURVE ( 'NONE', #8891, #9146, #10731, .T. ) ;
#9194 = VECTOR ( 'NONE', #8899, 1000.000000000000000 ) ;
#9195 = VECTOR ( 'NONE', #7775, 1000.000000000000000 ) ;
#9196 = PLANE ( 'NONE',  #1969 ) ;
#9197 = ORIENTED_EDGE ( 'NONE', *, *, #7578, .T. ) ;
#9198 = ADVANCED_FACE ( 'NONE', ( #3108 ), #9757, .F. ) ;
#9199 = EDGE_CURVE ( 'NONE', #3599, #8383, #1039, .T. ) ;
#9200 = CARTESIAN_POINT ( 'NONE',  ( 3.950000000000000178, 10.50000000000000000, -3.025000000000001243 ) ) ;
#9201 = ORIENTED_EDGE ( 'NONE', *, *, #8432, .F. ) ;
#9202 = VERTEX_POINT ( 'NONE', #6910 ) ;
#9203 = DIRECTION ( 'NONE',  ( -0.000000000000000000, -0.000000000000000000, 1.000000000000000000 ) ) ;
#9204 = CARTESIAN_POINT ( 'NONE',  ( 2.935000000000000941, 2.800000000000000266, -2.375000000000002220 ) ) ;
#9205 = VECTOR ( 'NONE', #4773, 1000.000000000000000 ) ;
#9206 = CARTESIAN_POINT ( 'NONE',  ( -0.6999999999999975131, 8.399999999999998579, 2.124999999999999112 ) ) ;
#9207 = CARTESIAN_POINT ( 'NONE',  ( 5.200000000000002842, -1.250000000000001332, 2.424999999999998934 ) ) ;
#9208 = DIRECTION ( 'NONE',  ( 0.7071067811865505703, -0.7071067811865444641, 0.000000000000000000 ) ) ;
#9209 = ORIENTED_EDGE ( 'NONE', *, *, #6504, .F. ) ;
#9210 = CARTESIAN_POINT ( 'NONE',  ( 1.600000000000002531, 8.399999999999998579, 1.724999999999998979 ) ) ;
#9211 = CARTESIAN_POINT ( 'NONE',  ( -2.499999999999997780, 3.469446951953614189E-15, 2.124999999999999112 ) ) ;
#9212 = CARTESIAN_POINT ( 'NONE',  ( -8.249999999999998224, 8.799999999999997158, 7.835182920028514353 ) ) ;
#9213 = VERTEX_POINT ( 'NONE', #4409 ) ;
#9214 = DIRECTION ( 'NONE',  ( 0.000000000000000000, 0.000000000000000000, -1.000000000000000000 ) ) ;
#9215 = CARTESIAN_POINT ( 'NONE',  ( -8.950000000000002842, -3.999999999999999112, 2.924999999999999822 ) ) ;
#9216 = CARTESIAN_POINT ( 'NONE',  ( 5.474999999999998757, 12.80000000000000071, -4.225000000000004974 ) ) ;
#9217 = LINE ( 'NONE', #952, #8737 ) ;
#9218 = VERTEX_POINT ( 'NONE', #10236 ) ;
#9219 = CARTESIAN_POINT ( 'NONE',  ( -10.20000000000000284, -1.225000000000000755, 4.025000000000000355 ) ) ;
#9220 = ORIENTED_EDGE ( 'NONE', *, *, #5179, .T. ) ;
#9221 = FACE_OUTER_BOUND ( 'NONE', #3576, .T. ) ;
#9222 = ORIENTED_EDGE ( 'NONE', *, *, #5920, .F. ) ;
#9223 = VECTOR ( 'NONE', #8643, 1000.000000000000000 ) ;
#9224 = FACE_OUTER_BOUND ( 'NONE', #6228, .T. ) ;
#9225 = ORIENTED_EDGE ( 'NONE', *, *, #3105, .F. ) ;
#9226 = EDGE_CURVE ( 'NONE', #8549, #5359, #4245, .T. ) ;
#9227 = LINE ( 'NONE', #10160, #6557 ) ;
#9228 = EDGE_LOOP ( 'NONE', ( #5863, #6715, #5935, #5705 ) ) ;
#9229 = AXIS2_PLACEMENT_3D ( 'NONE', #4065, #2376, #6560 ) ;
#9230 = LINE ( 'NONE', #3566, #1379 ) ;
#9231 = ORIENTED_EDGE ( 'NONE', *, *, #9468, .F. ) ;
#9232 = VERTEX_POINT ( 'NONE', #982 ) ;
#9233 = DIRECTION ( 'NONE',  ( 0.000000000000000000, 0.000000000000000000, 1.000000000000000000 ) ) ;
#9234 = EDGE_CURVE ( 'NONE', #5323, #5588, #7562, .T. ) ;
#9235 = ORIENTED_EDGE ( 'NONE', *, *, #3547, .F. ) ;
#9236 = CARTESIAN_POINT ( 'NONE',  ( 1.935000000000000941, 12.28038475772933147, -3.675000000000001155 ) ) ;
#9237 = EDGE_CURVE ( 'NONE', #6236, #1574, #5220, .T. ) ;
#9238 = CARTESIAN_POINT ( 'NONE',  ( -3.150000000000000799, 12.80000000000000071, -3.025000000000001243 ) ) ;
#9239 = CARTESIAN_POINT ( 'NONE',  ( -1.999999999999998224, -4.999999999999999112, 2.924999999999999822 ) ) ;
#9240 = LINE ( 'NONE', #3209, #3844 ) ;
#9241 = VECTOR ( 'NONE', #5062, 1000.000000000000000 ) ;
#9242 = VERTEX_POINT ( 'NONE', #6697 ) ;
#9243 = AXIS2_PLACEMENT_3D ( 'NONE', #8585, #7016, #2871 ) ;
#9244 = ADVANCED_FACE ( 'NONE', ( #10020 ), #3586, .T. ) ;
#9245 = FACE_BOUND ( 'NONE', #1966, .T. ) ;
#9246 = VERTEX_POINT ( 'NONE', #7615 ) ;
#9247 =( GEOMETRIC_REPRESENTATION_CONTEXT ( 3 ) GLOBAL_UNCERTAINTY_ASSIGNED_CONTEXT ( ( #8860 ) ) GLOBAL_UNIT_ASSIGNED_CONTEXT ( ( #7979, #1305, #5433 ) ) REPRESENTATION_CONTEXT ( 'NONE', 'WORKASPACE' ) );
#9248 = DIRECTION ( 'NONE',  ( 1.000000000000000000, 0.000000000000000000, -0.000000000000000000 ) ) ;
#9249 = EDGE_CURVE ( 'NONE', #120, #6823, #6087, .T. ) ;
#9250 = EDGE_LOOP ( 'NONE', ( #4294, #9499, #5163, #2053 ) ) ;
#9251 = VERTEX_POINT ( 'NONE', #1744 ) ;
#9252 = CARTESIAN_POINT ( 'NONE',  ( -8.999999999999998224, 2.800000000000000266, -0.07500000000000084377 ) ) ;
#9253 = CARTESIAN_POINT ( 'NONE',  ( 9.500000000000003553, 12.80000000000000071, 3.824999999999997957 ) ) ;
#9254 = EDGE_CURVE ( 'NONE', #7106, #1211, #9412, .T. ) ;
#9255 = PLANE ( 'NONE',  #3441 ) ;
#9256 = PLANE ( 'NONE',  #1514 ) ;
#9257 = CARTESIAN_POINT ( 'NONE',  ( 1.999999999999996669, 0.000000000000000000, 4.025000000000000355 ) ) ;
#9258 = ORIENTED_EDGE ( 'NONE', *, *, #97, .F. ) ;
#9259 = VECTOR ( 'NONE', #3400, 1000.000000000000000 ) ;
#9260 = EDGE_CURVE ( 'NONE', #3909, #6681, #10311, .T. ) ;
#9261 = VECTOR ( 'NONE', #1266, 1000.000000000000000 ) ;
#9262 = DIRECTION ( 'NONE',  ( -0.000000000000000000, 1.000000000000000000, -0.000000000000000000 ) ) ;
#9263 = VECTOR ( 'NONE', #1219, 1000.000000000000000 ) ;
#9264 = DIRECTION ( 'NONE',  ( 9.160454870348530871E-16, 0.5000000000000048850, 0.8660254037844359321 ) ) ;
#9265 = LINE ( 'NONE', #3649, #1673 ) ;
#9266 = VECTOR ( 'NONE', #2158, 1000.000000000000000 ) ;
#9267 = ORIENTED_EDGE ( 'NONE', *, *, #2135, .T. ) ;
#9268 = DIRECTION ( 'NONE',  ( -4.173096107603205630E-17, 0.5000000000000054401, -0.8660254037844355990 ) ) ;
#9269 = LINE ( 'NONE', #996, #5256 ) ;
#9270 = CIRCLE ( 'NONE', #69, 1.000000000000000888 ) ;
#9271 = DIRECTION ( 'NONE',  ( 1.000000000000000000, -0.000000000000000000, 0.000000000000000000 ) ) ;
#9272 = DIRECTION ( 'NONE',  ( 0.000000000000000000, 0.000000000000000000, 1.000000000000000000 ) ) ;
#9273 = ORIENTED_EDGE ( 'NONE', *, *, #7905, .F. ) ;
#9274 = LINE ( 'NONE', #1817, #6460 ) ;
#9275 = EDGE_CURVE ( 'NONE', #9829, #8891, #1149, .T. ) ;
#9276 = ORIENTED_EDGE ( 'NONE', *, *, #8299, .F. ) ;
#9277 = DIRECTION ( 'NONE',  ( -0.000000000000000000, 0.000000000000000000, 1.000000000000000000 ) ) ;
#9278 = CARTESIAN_POINT ( 'NONE',  ( -4.299999999999998046, 8.399999999999998579, 1.724999999999999645 ) ) ;
#9279 = ORIENTED_EDGE ( 'NONE', *, *, #2462, .F. ) ;
#9280 = FACE_OUTER_BOUND ( 'NONE', #9874, .T. ) ;
#9281 = CARTESIAN_POINT ( 'NONE',  ( 6.500000000000002665, -1.250000000000001332, 2.424999999999998934 ) ) ;
#9282 = ORIENTED_EDGE ( 'NONE', *, *, #10326, .T. ) ;
#9283 = LINE ( 'NONE', #1666, #7082 ) ;
#9284 = ITEM_DEFINED_TRANSFORMATION ( 'NONE', 'NONE', #6792,  #10230 ) ;
#9285 = EDGE_LOOP ( 'NONE', ( #6428, #2431, #1437, #4868 ) ) ;
#9286 = CARTESIAN_POINT ( 'NONE',  ( 2.499999999999996891, -3.350000000000000977, 0.2249999999999999500 ) ) ;
#9287 = VERTEX_POINT ( 'NONE', #64 ) ;
#9288 = ORIENTED_EDGE ( 'NONE', *, *, #10391, .T. ) ;
#9289 = CARTESIAN_POINT ( 'NONE',  ( 3.400000000000002132, 8.399999999999998579, 2.124999999999999112 ) ) ;
#9290 = VERTEX_POINT ( 'NONE', #3481 ) ;
#9291 = CARTESIAN_POINT ( 'NONE',  ( -5.599999999999992539, 2.949999999999998845, -5.350000000000002309 ) ) ;
#9292 = LINE ( 'NONE', #4177, #6760 ) ;
#9293 = DIRECTION ( 'NONE',  ( 0.000000000000000000, 0.000000000000000000, 1.000000000000000000 ) ) ;
#9294 = CARTESIAN_POINT ( 'NONE',  ( 2.900000000000001688, 2.800000000000000266, 3.825000000000001066 ) ) ;
#9295 = ORIENTED_EDGE ( 'NONE', *, *, #8655, .F. ) ;
#9296 = ORIENTED_EDGE ( 'NONE', *, *, #6339, .T. ) ;
#9297 = EDGE_CURVE ( 'NONE', #2752, #9213, #3426, .T. ) ;
#9298 = PLANE ( 'NONE',  #931 ) ;
#9299 = ORIENTED_EDGE ( 'NONE', *, *, #5623, .T. ) ;
#9300 = PRODUCT_DEFINITION_CONTEXT ( 'detailed design', #10017, 'design' ) ;
#9301 = DIRECTION ( 'NONE',  ( 0.000000000000000000, 0.000000000000000000, -1.000000000000000000 ) ) ;
#9302 = ORIENTED_EDGE ( 'NONE', *, *, #807, .T. ) ;
#9303 = ORIENTED_EDGE ( 'NONE', *, *, #6054, .T. ) ;
#9304 = LINE ( 'NONE', #8483, #5271 ) ;
#9305 = DIRECTION ( 'NONE',  ( -1.000000000000000000, 0.000000000000000000, 0.000000000000000000 ) ) ;
#9306 = PLANE ( 'NONE',  #9350 ) ;
#9307 = DIRECTION ( 'NONE',  ( -1.000000000000000000, 0.000000000000000000, 0.000000000000000000 ) ) ;
#9308 = DIRECTION ( 'NONE',  ( 1.000000000000000000, 0.000000000000000000, 0.000000000000000000 ) ) ;
#9309 = ORIENTED_EDGE ( 'NONE', *, *, #6939, .F. ) ;
#9310 = CARTESIAN_POINT ( 'NONE',  ( -1.935000000000001386, 7.100000000000000533, -4.024999999999999467 ) ) ;
#9311 = EDGE_CURVE ( 'NONE', #7490, #1174, #6749, .T. ) ;
#9312 = CARTESIAN_POINT ( 'NONE',  ( -4.274999999999997691, 12.80000000000000071, -4.025000000000003908 ) ) ;
#9313 = ADVANCED_FACE ( 'NONE', ( #1798 ), #10076, .T. ) ;
#9314 = LINE ( 'NONE', #7626, #974 ) ;
#9315 = VECTOR ( 'NONE', #7785, 1000.000000000000000 ) ;
#9316 = ORIENTED_EDGE ( 'NONE', *, *, #282, .T. ) ;
#9317 = EDGE_CURVE ( 'NONE', #5518, #4537, #7669, .T. ) ;
#9318 = FACE_OUTER_BOUND ( 'NONE', #6534, .T. ) ;
#9319 = LINE ( 'NONE', #5234, #8564 ) ;
#9320 = DIRECTION ( 'NONE',  ( 0.000000000000000000, 1.000000000000000000, 0.000000000000000000 ) ) ;
#9321 = DIRECTION ( 'NONE',  ( -4.448008912761034932E-16, 1.000000000000000000, 0.000000000000000000 ) ) ;
#9322 = ORIENTED_EDGE ( 'NONE', *, *, #1857, .T. ) ;
#9323 = ORIENTED_EDGE ( 'NONE', *, *, #3105, .T. ) ;
#9324 = CARTESIAN_POINT ( 'NONE',  ( -1.100000000000002087, 8.400000000000000355, -0.4750000000000014766 ) ) ;
#9325 = DIRECTION ( 'NONE',  ( -0.000000000000000000, 1.000000000000000000, -0.000000000000000000 ) ) ;
#9326 = EDGE_CURVE ( 'NONE', #9659, #2427, #9304, .T. ) ;
#9327 = VECTOR ( 'NONE', #1593, 1000.000000000000000 ) ;
#9328 = VERTEX_POINT ( 'NONE', #283 ) ;
#9329 = EDGE_CURVE ( 'NONE', #5679, #6722, #8042, .T. ) ;
#9330 = FACE_OUTER_BOUND ( 'NONE', #7006, .T. ) ;
#9331 = EDGE_CURVE ( 'NONE', #3422, #8118, #4295, .T. ) ;
#9332 = FACE_OUTER_BOUND ( 'NONE', #10091, .T. ) ;
#9333 = ORIENTED_EDGE ( 'NONE', *, *, #6654, .T. ) ;
#9334 = FACE_OUTER_BOUND ( 'NONE', #2912, .T. ) ;
#9335 = AXIS2_PLACEMENT_3D ( 'NONE', #470, #6117, #1236 ) ;
#9336 = ORIENTED_EDGE ( 'NONE', *, *, #1801, .F. ) ;
#9337 = LINE ( 'NONE', #6780, #7453 ) ;
#9338 = VECTOR ( 'NONE', #5997, 1000.000000000000000 ) ;
#9339 = ORIENTED_EDGE ( 'NONE', *, *, #8004, .F. ) ;
#9340 = ORIENTED_EDGE ( 'NONE', *, *, #879, .F. ) ;
#9341 = FACE_OUTER_BOUND ( 'NONE', #3396, .T. ) ;
#9342 = ORIENTED_EDGE ( 'NONE', *, *, #9297, .F. ) ;
#9343 = CARTESIAN_POINT ( 'NONE',  ( 2.900000000000001688, -0.8500000000000011990, 2.425000000000000711 ) ) ;
#9344 = CARTESIAN_POINT ( 'NONE',  ( -2.499999999999997780, -1.250000000000001332, 4.025000000000000355 ) ) ;
#9345 = LINE ( 'NONE', #4395, #676 ) ;
#9346 = DIRECTION ( 'NONE',  ( -1.000000000000000000, 0.000000000000000000, -0.000000000000000000 ) ) ;
#9347 = ORIENTED_EDGE ( 'NONE', *, *, #6857, .F. ) ;
#9348 = VERTEX_POINT ( 'NONE', #10181 ) ;
#9349 = FACE_BOUND ( 'NONE', #3248, .T. ) ;
#9350 = AXIS2_PLACEMENT_3D ( 'NONE', #2773, #9415, #3429 ) ;
#9351 = ORIENTED_EDGE ( 'NONE', *, *, #7339, .T. ) ;
#9352 = DIRECTION ( 'NONE',  ( -1.000000000000000000, 0.000000000000000000, 0.000000000000000000 ) ) ;
#9353 = AXIS2_PLACEMENT_3D ( 'NONE', #886, #8997, #14 ) ;
#9354 = ORIENTED_EDGE ( 'NONE', *, *, #8331, .F. ) ;
#9355 = EDGE_LOOP ( 'NONE', ( #3952, #9339, #5756, #9715 ) ) ;
#9356 = DIRECTION ( 'NONE',  ( -0.000000000000000000, 0.000000000000000000, 1.000000000000000000 ) ) ;
#9357 = CARTESIAN_POINT ( 'NONE',  ( 8.950000000000002842, -3.999999999999999112, 2.924999999999999822 ) ) ;
#9358 = EDGE_CURVE ( 'NONE', #1011, #5621, #9442, .T. ) ;
#9359 = FACE_OUTER_BOUND ( 'NONE', #3895, .T. ) ;
#9360 = LINE ( 'NONE', #231, #2892 ) ;
#9361 = LINE ( 'NONE', #3541, #5363 ) ;
#9362 = VECTOR ( 'NONE', #7914, 1000.000000000000000 ) ;
#9363 = VECTOR ( 'NONE', #8749, 1000.000000000000000 ) ;
#9364 = ORIENTED_EDGE ( 'NONE', *, *, #5083, .T. ) ;
#9365 = DIRECTION ( 'NONE',  ( 1.000000000000000000, 0.000000000000000000, 0.000000000000000000 ) ) ;
#9366 = VECTOR ( 'NONE', #5722, 1000.000000000000000 ) ;
#9367 = DIRECTION ( 'NONE',  ( -0.000000000000000000, -1.000000000000000000, -0.000000000000000000 ) ) ;
#9368 = CARTESIAN_POINT ( 'NONE',  ( 3.400000000000002132, -4.999999999999999112, 2.924999999999999822 ) ) ;
#9369 = COLOUR_RGB ( '',0.7960784313725489669, 0.8235294117647058432, 0.9372549019607843146 ) ;
#9370 = EDGE_LOOP ( 'NONE', ( #8191, #7971, #2667, #1453 ) ) ;
#9371 = CARTESIAN_POINT ( 'NONE',  ( 4.299999999999998046, 0.000000000000000000, 0.000000000000000000 ) ) ;
#9372 = CARTESIAN_POINT ( 'NONE',  ( 1.100000000000002087, 0.000000000000000000, 1.724999999999998979 ) ) ;
#9373 = EDGE_CURVE ( 'NONE', #9810, #528, #6146, .T. ) ;
#9374 = PLANE ( 'NONE',  #2597 ) ;
#9375 = LINE ( 'NONE', #1115, #8465 ) ;
#9376 = EDGE_CURVE ( 'NONE', #1587, #4743, #2881, .T. ) ;
#9377 = DIRECTION ( 'NONE',  ( -1.515042337097647644E-16, -0.000000000000000000, -1.000000000000000000 ) ) ;
#9378 = VECTOR ( 'NONE', #8335, 1000.000000000000000 ) ;
#9379 = EDGE_LOOP ( 'NONE', ( #10274, #4227, #10573, #9791 ) ) ;
#9380 = ORIENTED_EDGE ( 'NONE', *, *, #9199, .F. ) ;
#9381 = DIRECTION ( 'NONE',  ( 1.000000000000000000, -0.000000000000000000, 0.000000000000000000 ) ) ;
#9382 = LINE ( 'NONE', #414, #9149 ) ;
#9383 = EDGE_CURVE ( 'NONE', #2291, #9678, #5333, .T. ) ;
#9384 = EDGE_LOOP ( 'NONE', ( #4391, #8660, #9142, #10383 ) ) ;
#9385 = DIRECTION ( 'NONE',  ( 0.000000000000000000, -1.000000000000000000, 0.000000000000000000 ) ) ;
#9386 = CARTESIAN_POINT ( 'NONE',  ( -6.999999999999997335, 5.450000000000000178, -7.850000000000003197 ) ) ;
#9387 = ORIENTED_EDGE ( 'NONE', *, *, #2599, .F. ) ;
#9388 = CARTESIAN_POINT ( 'NONE',  ( -7.000000000000002665, -4.999999999999999112, 2.924999999999999822 ) ) ;
#9389 = DIRECTION ( 'NONE',  ( 0.000000000000000000, 1.000000000000000000, 0.000000000000000000 ) ) ;
#9390 = VERTEX_POINT ( 'NONE', #4460 ) ;
#9391 = ADVANCED_FACE ( 'NONE', ( #4513 ), #10454, .T. ) ;
#9392 = ADVANCED_FACE ( 'NONE', ( #9687 ), #3697, .F. ) ;
#9393 = DIRECTION ( 'NONE',  ( 0.8660254037844357100, 0.5000000000000052180, -2.612721041282015518E-15 ) ) ;
#9394 = EDGE_CURVE ( 'NONE', #1461, #2739, #2230, .T. ) ;
#9395 = ORIENTED_EDGE ( 'NONE', *, *, #1159, .T. ) ;
#9396 = ORIENTED_EDGE ( 'NONE', *, *, #6904, .T. ) ;
#9397 = CARTESIAN_POINT ( 'NONE',  ( -1.999999999999996669, -1.250000000000001110, 2.924999999999999822 ) ) ;
#9398 = ORIENTED_EDGE ( 'NONE', *, *, #6999, .T. ) ;
#9399 = DIRECTION ( 'NONE',  ( 0.000000000000000000, 0.000000000000000000, 1.000000000000000000 ) ) ;
#9400 = PLANE ( 'NONE',  #684 ) ;
#9401 = VECTOR ( 'NONE', #9409, 1000.000000000000000 ) ;
#9402 = PLANE ( 'NONE',  #2409 ) ;
#9403 = LINE ( 'NONE', #9665, #1608 ) ;
#9404 = ORIENTED_EDGE ( 'NONE', *, *, #9358, .T. ) ;
#9405 = EDGE_LOOP ( 'NONE', ( #9682, #3906, #5959, #1776 ) ) ;
#9406 = EDGE_CURVE ( 'NONE', #9232, #8859, #546, .T. ) ;
#9407 = DIRECTION ( 'NONE',  ( -0.000000000000000000, -1.000000000000000000, -0.000000000000000000 ) ) ;
#9408 = ORIENTED_EDGE ( 'NONE', *, *, #10390, .F. ) ;
#9409 = DIRECTION ( 'NONE',  ( 1.000000000000000000, 0.000000000000000000, 0.000000000000000000 ) ) ;
#9410 = EDGE_LOOP ( 'NONE', ( #1981, #6406, #3106, #5434 ) ) ;
#9411 = ORIENTED_EDGE ( 'NONE', *, *, #6008, .F. ) ;
#9412 = LINE ( 'NONE', #1960, #6122 ) ;
#9413 = LINE ( 'NONE', #6912, #7335 ) ;
#9414 = VECTOR ( 'NONE', #5762, 1000.000000000000000 ) ;
#9415 = DIRECTION ( 'NONE',  ( -1.000000000000000000, 0.000000000000000000, 1.084202172485504040E-15 ) ) ;
#9416 = VECTOR ( 'NONE', #450, 1000.000000000000114 ) ;
#9417 = DIRECTION ( 'NONE',  ( -1.084202172485504237E-15, 8.678958277285430857E-16, -1.000000000000000000 ) ) ;
#9418 = CARTESIAN_POINT ( 'NONE',  ( -2.234999999999998987, 2.800000000000000266, -2.674999999999999822 ) ) ;
#9419 = ORIENTED_EDGE ( 'NONE', *, *, #7834, .F. ) ;
#9420 = CARTESIAN_POINT ( 'NONE',  ( -10.19999999999999929, 8.800000000000000711, 7.835182920028514353 ) ) ;
#9421 = CARTESIAN_POINT ( 'NONE',  ( -2.750000000000000000, 12.40000000000000391, -3.025000000000001243 ) ) ;
#9422 = CIRCLE ( 'NONE', #2982, 0.2999999999999999334 ) ;
#9423 = CARTESIAN_POINT ( 'NONE',  ( 8.950000000000002842, -1.250000000000001110, 2.924999999999999822 ) ) ;
#9424 = AXIS2_PLACEMENT_3D ( 'NONE', #5788, #78, #6601 ) ;
#9425 = EDGE_CURVE ( 'NONE', #6196, #9884, #5494, .T. ) ;
#9426 = ORIENTED_EDGE ( 'NONE', *, *, #4266, .F. ) ;
#9427 = DIRECTION ( 'NONE',  ( 1.000000000000000000, -0.000000000000000000, 0.000000000000000000 ) ) ;
#9428 = FACE_BOUND ( 'NONE', #3937, .T. ) ;
#9429 = VECTOR ( 'NONE', #3615, 1000.000000000000000 ) ;
#9430 = PLANE ( 'NONE',  #6422 ) ;
#9431 = CARTESIAN_POINT ( 'NONE',  ( 3.950000000000000178, 12.80000000000000071, -2.675000000000008260 ) ) ;
#9432 = DIRECTION ( 'NONE',  ( 0.000000000000000000, 0.000000000000000000, 1.000000000000000000 ) ) ;
#9433 = VECTOR ( 'NONE', #2563, 1000.000000000000000 ) ;
#9434 = EDGE_LOOP ( 'NONE', ( #9159, #7537, #3669, #1399 ) ) ;
#9435 = ORIENTED_EDGE ( 'NONE', *, *, #5671, .T. ) ;
#9436 = CARTESIAN_POINT ( 'NONE',  ( 5.200000000000002842, -1.250000000000001332, 2.424999999999998934 ) ) ;
#9437 = VECTOR ( 'NONE', #6625, 1000.000000000000000 ) ;
#9438 = DIRECTION ( 'NONE',  ( 0.000000000000000000, 1.000000000000000000, 0.000000000000000000 ) ) ;
#9439 = AXIS2_PLACEMENT_3D ( 'NONE', #7090, #9701, #6487 ) ;
#9440 = EDGE_CURVE ( 'NONE', #2548, #7326, #6254, .T. ) ;
#9441 = VECTOR ( 'NONE', #4562, 1000.000000000000000 ) ;
#9442 = CIRCLE ( 'NONE', #4753, 0.7000000000000113909 ) ;
#9443 = EDGE_LOOP ( 'NONE', ( #3272, #2687, #5764, #1875 ) ) ;
#9444 = CARTESIAN_POINT ( 'NONE',  ( 8.950000000000002842, -0.8500000000000009770, 2.924999999999999822 ) ) ;
#9445 = FACE_OUTER_BOUND ( 'NONE', #2876, .T. ) ;
#9446 = VERTEX_POINT ( 'NONE', #2828 ) ;
#9447 = VECTOR ( 'NONE', #1054, 1000.000000000000000 ) ;
#9448 = EDGE_CURVE ( 'NONE', #5339, #4722, #6361, .T. ) ;
#9449 = CARTESIAN_POINT ( 'NONE',  ( 9.774999999999984368, 1.199999999999994182, 5.024999999999999467 ) ) ;
#9450 = DIRECTION ( 'NONE',  ( -1.000000000000000000, 0.000000000000000000, 0.000000000000000000 ) ) ;
#9451 = VERTEX_POINT ( 'NONE', #7933 ) ;
#9452 = AXIS2_PLACEMENT_3D ( 'NONE', #1229, #4535, #6988 ) ;
#9453 = EDGE_CURVE ( 'NONE', #1940, #4754, #335, .T. ) ;
#9454 = CARTESIAN_POINT ( 'NONE',  ( 2.875000000000000000, 10.50000000000000000, -5.024999999999999467 ) ) ;
#9455 = ADVANCED_FACE ( 'NONE', ( #7127 ), #6965, .F. ) ;
#9456 = EDGE_LOOP ( 'NONE', ( #4898, #5089, #4136, #8188 ) ) ;
#9457 = ORIENTED_EDGE ( 'NONE', *, *, #2265, .T. ) ;
#9458 = CARTESIAN_POINT ( 'NONE',  ( 3.075000000000000622, 2.600000000000001421, -4.225000000000004974 ) ) ;
#9459 = EDGE_CURVE ( 'NONE', #2511, #5679, #10509, .T. ) ;
#9460 = EDGE_LOOP ( 'NONE', ( #8166, #5156, #10705, #9396 ) ) ;
#9461 = DIRECTION ( 'NONE',  ( -0.000000000000000000, -0.000000000000000000, 1.000000000000000000 ) ) ;
#9462 = CARTESIAN_POINT ( 'NONE',  ( -2.900000000000002576, 8.400000000000000355, -0.4750000000000010325 ) ) ;
#9463 = SURFACE_STYLE_FILL_AREA ( #10281 ) ;
#9464 = DIRECTION ( 'NONE',  ( 1.000000000000000000, 0.000000000000000000, 0.000000000000000000 ) ) ;
#9465 = ORIENTED_EDGE ( 'NONE', *, *, #854, .F. ) ;
#9466 = EDGE_LOOP ( 'NONE', ( #9625, #7744, #5261, #8352 ) ) ;
#9467 = FACE_OUTER_BOUND ( 'NONE', #5951, .T. ) ;
#9468 = EDGE_CURVE ( 'NONE', #8859, #5406, #387, .T. ) ;
#9469 = AXIS2_PLACEMENT_3D ( 'NONE', #8915, #705, #8090 ) ;
#9470 = ORIENTED_EDGE ( 'NONE', *, *, #3589, .T. ) ;
#9471 = DIRECTION ( 'NONE',  ( -0.000000000000000000, -1.000000000000000000, -0.000000000000000000 ) ) ;
#9473 = VERTEX_POINT ( 'NONE', #9579 ) ;
#9472 = EDGE_CURVE ( 'NONE', #9990, #1231, #444, .T. ) ;
#9474 = ORIENTED_EDGE ( 'NONE', *, *, #4977, .F. ) ;
#9475 = DIRECTION ( 'NONE',  ( -1.000000000000000000, 0.000000000000000000, 0.000000000000000000 ) ) ;
#9476 = LINE ( 'NONE', #9580, #9947 ) ;
#9477 = CARTESIAN_POINT ( 'NONE',  ( -0.1999999999999970690, -0.8500000000000011990, 2.425000000000000711 ) ) ;
#9478 = DIRECTION ( 'NONE',  ( 0.000000000000000000, 0.000000000000000000, 1.000000000000000000 ) ) ;
#9479 = FACE_OUTER_BOUND ( 'NONE', #5457, .T. ) ;
#9480 = ORIENTED_EDGE ( 'NONE', *, *, #6166, .F. ) ;
#9481 = FACE_OUTER_BOUND ( 'NONE', #212, .T. ) ;
#9482 = FACE_OUTER_BOUND ( 'NONE', #1044, .T. ) ;
#9483 = CARTESIAN_POINT ( 'NONE',  ( -8.950000000000002842, -1.225000000000000755, 5.025000000000000355 ) ) ;
#9484 = VERTEX_POINT ( 'NONE', #8808 ) ;
#9485 = LINE ( 'NONE', #4629, #3866 ) ;
#9486 = CARTESIAN_POINT ( 'NONE',  ( 4.299999999999998046, 8.400000000000002132, -0.4750000000000014766 ) ) ;
#9487 = LINE ( 'NONE', #6268, #8574 ) ;
#9488 = CARTESIAN_POINT ( 'NONE',  ( 8.250000000000001776, 8.799999999999998934, 5.025000000000001243 ) ) ;
#9489 = DIRECTION ( 'NONE',  ( 1.000000000000000000, -0.000000000000000000, 0.000000000000000000 ) ) ;
#9490 = DIRECTION ( 'NONE',  ( -0.000000000000000000, 1.000000000000000000, -0.000000000000000000 ) ) ;
#9491 = ORIENTED_EDGE ( 'NONE', *, *, #4108, .F. ) ;
#9492 = VERTEX_POINT ( 'NONE', #5445 ) ;
#9493 = DIRECTION ( 'NONE',  ( 1.000000000000000000, 0.000000000000000000, -8.503546450866703280E-17 ) ) ;
#9494 = CARTESIAN_POINT ( 'NONE',  ( -0.6999999999999975131, -1.250000000000001332, 2.425000000000000711 ) ) ;
#9495 = EDGE_LOOP ( 'NONE', ( #6354, #7140, #10243, #2644 ) ) ;
#9496 = AXIS2_PLACEMENT_3D ( 'NONE', #7903, #8949, #516 ) ;
#9497 = DIRECTION ( 'NONE',  ( -1.000000000000000000, 0.000000000000000000, -0.000000000000000000 ) ) ;
#9498 = DIRECTION ( 'NONE',  ( -0.000000000000000000, 1.000000000000000000, 0.000000000000000000 ) ) ;
#9499 = ORIENTED_EDGE ( 'NONE', *, *, #1470, .F. ) ;
#9500 = DIRECTION ( 'NONE',  ( 1.000000000000000000, 0.000000000000000000, 0.000000000000000000 ) ) ;
#9501 = CARTESIAN_POINT ( 'NONE',  ( -1.664999999999995595, 11.81273103968574922, -3.754999999999994564 ) ) ;
#9502 = EDGE_CURVE ( 'NONE', #5724, #5353, #6309, .T. ) ;
#9503 = ORIENTED_EDGE ( 'NONE', *, *, #826, .F. ) ;
#9504 = AXIS2_PLACEMENT_3D ( 'NONE', #6379, #4804, #8944 ) ;
#9505 = LINE ( 'NONE', #527, #509 ) ;
#9506 = VERTEX_POINT ( 'NONE', #7991 ) ;
#9507 = AXIS2_PLACEMENT_3D ( 'NONE', #8142, #2216, #9887 ) ;
#9508 = ORIENTED_EDGE ( 'NONE', *, *, #279, .F. ) ;
#9509 = DIRECTION ( 'NONE',  ( -0.000000000000000000, -0.000000000000000000, 1.000000000000000000 ) ) ;
#9510 = VERTEX_POINT ( 'NONE', #7395 ) ;
#9511 = DIRECTION ( 'NONE',  ( 0.000000000000000000, -0.7071067811865492381, -0.7071067811865457964 ) ) ;
#9512 = PLANE ( 'NONE',  #10242 ) ;
#9513 = EDGE_CURVE ( 'NONE', #3432, #8424, #6417, .T. ) ;
#9514 = ORIENTED_EDGE ( 'NONE', *, *, #5719, .T. ) ;
#9515 = ADVANCED_FACE ( 'NONE', ( #3151 ), #816, .F. ) ;
#9516 = EDGE_LOOP ( 'NONE', ( #2584, #10152, #2095, #6909, #8680, #1762, #8288, #10284 ) ) ;
#9517 = CIRCLE ( 'NONE', #6559, 0.6999999999999992895 ) ;
#9518 = CARTESIAN_POINT ( 'NONE',  ( 1.999999999999996669, 0.000000000000000000, 0.000000000000000000 ) ) ;
#9519 = EDGE_CURVE ( 'NONE', #9451, #4821, #9032, .T. ) ;
#9520 = ORIENTED_EDGE ( 'NONE', *, *, #2467, .T. ) ;
#9521 = UNCERTAINTY_MEASURE_WITH_UNIT (LENGTH_MEASURE( 1.000000000000000082E-05 ), #4882, 'distance_accuracy_value', 'NONE');
#9522 = FACE_OUTER_BOUND ( 'NONE', #9370, .T. ) ;
#9523 = VERTEX_POINT ( 'NONE', #10561 ) ;
#9524 = VERTEX_POINT ( 'NONE', #3206 ) ;
#9525 = DIRECTION ( 'NONE',  ( -0.000000000000000000, 0.000000000000000000, -1.000000000000000000 ) ) ;
#9526 = AXIS2_PLACEMENT_3D ( 'NONE', #9816, #4688, #626 ) ;
#9527 = CARTESIAN_POINT ( 'NONE',  ( -3.799999999999997602, -0.8500000000000011990, 2.425000000000000266 ) ) ;
#9528 = FACE_BOUND ( 'NONE', #9912, .T. ) ;
#9529 = CARTESIAN_POINT ( 'NONE',  ( 5.599999999999996980, 2.800000000000000266, 3.825000000000001066 ) ) ;
#9530 = DIRECTION ( 'NONE',  ( 1.000000000000000000, 1.779203565104417523E-15, 0.000000000000000000 ) ) ;
#9531 = ADVANCED_FACE ( 'NONE', ( #2501 ), #4022, .F. ) ;
#9532 = ORIENTED_EDGE ( 'NONE', *, *, #8985, .T. ) ;
#9533 = DIRECTION ( 'NONE',  ( -1.000000000000000000, 0.000000000000000000, -0.000000000000000000 ) ) ;
#9534 = VECTOR ( 'NONE', #4446, 1000.000000000000000 ) ;
#9535 = FACE_BOUND ( 'NONE', #5878, .T. ) ;
#9536 = EDGE_CURVE ( 'NONE', #9179, #4608, #606, .T. ) ;
#9537 = EDGE_CURVE ( 'NONE', #10180, #493, #4784, .T. ) ;
#9538 = DIRECTION ( 'NONE',  ( 0.5000000000000047740, -0.8660254037844359321, 0.000000000000000000 ) ) ;
#9539 = VECTOR ( 'NONE', #5819, 1000.000000000000000 ) ;
#9540 = EDGE_CURVE ( 'NONE', #9971, #2381, #5710, .T. ) ;
#9541 = CARTESIAN_POINT ( 'NONE',  ( 2.750000000000000000, 10.50000000000000000, -3.025000000000001243 ) ) ;
#9542 = LINE ( 'NONE', #5296, #3874 ) ;
#9543 = CARTESIAN_POINT ( 'NONE',  ( 0.6999999999999975131, 8.400000000000000355, -0.07500000000000128786 ) ) ;
#9544 = VECTOR ( 'NONE', #913, 1000.000000000000000 ) ;
#9545 = VECTOR ( 'NONE', #46, 1000.000000000000000 ) ;
#9546 = CARTESIAN_POINT ( 'NONE',  ( 2.992157287525381015, 11.79121109015500224, -5.024999999999998579 ) ) ;
#9547 = CARTESIAN_POINT ( 'NONE',  ( 10.20000000000000284, 8.800000000000002487, 5.025000000000001243 ) ) ;
#9548 = CARTESIAN_POINT ( 'NONE',  ( -9.574999999999993960, 1.000000000000000888, 4.825000000000009948 ) ) ;
#9549 = EDGE_LOOP ( 'NONE', ( #3847, #2910, #698, #1824 ) ) ;
#9550 = AXIS2_PLACEMENT_3D ( 'NONE', #5618, #8937, #1484 ) ;
#9551 = CARTESIAN_POINT ( 'NONE',  ( 2.750000000000000000, 11.90000000000000036, -3.025000000000001243 ) ) ;
#9552 = LINE ( 'NONE', #4637, #4275 ) ;
#9553 = AXIS2_PLACEMENT_3D ( 'NONE', #5852, #5035, #6101 ) ;
#9554 = ORIENTED_EDGE ( 'NONE', *, *, #8969, .T. ) ;
#9555 = CARTESIAN_POINT ( 'NONE',  ( -3.950000000000000178, 10.05000000000000071, -3.025000000000001243 ) ) ;
#9556 = LINE ( 'NONE', #2094, #1274 ) ;
#9557 = VERTEX_POINT ( 'NONE', #2442 ) ;
#9558 = CARTESIAN_POINT ( 'NONE',  ( 1.999999999999996669, 8.400000000000000355, -0.07500000000000128786 ) ) ;
#9559 = DIRECTION ( 'NONE',  ( 0.000000000000000000, -0.000000000000000000, 1.000000000000000000 ) ) ;
#9560 = VECTOR ( 'NONE', #3221, 1000.000000000000000 ) ;
#9561 = ORIENTED_EDGE ( 'NONE', *, *, #5846, .T. ) ;
#9562 = CARTESIAN_POINT ( 'NONE',  ( -7.480000000000000426, 12.28038475772934746, -2.375000000000001776 ) ) ;
#9563 = VERTEX_POINT ( 'NONE', #2285 ) ;
#9564 = EDGE_CURVE ( 'NONE', #4605, #4147, #7345, .T. ) ;
#9565 = VERTEX_POINT ( 'NONE', #6470 ) ;
#9566 = PLANE ( 'NONE',  #4019 ) ;
#9567 = ORIENTED_EDGE ( 'NONE', *, *, #7442, .T. ) ;
#9568 = DIRECTION ( 'NONE',  ( -0.000000000000000000, -1.000000000000000000, -0.000000000000000000 ) ) ;
#9569 = CARTESIAN_POINT ( 'NONE',  ( -6.099999999999992539, 3.249999999999999556, -5.350000000000000533 ) ) ;
#9570 = VERTEX_POINT ( 'NONE', #4078 ) ;
#9571 = VERTEX_POINT ( 'NONE', #656 ) ;
#9572 = PLANE ( 'NONE',  #5813 ) ;
#9573 = ORIENTED_EDGE ( 'NONE', *, *, #2860, .T. ) ;
#9574 = EDGE_CURVE ( 'NONE', #1096, #1412, #2340, .T. ) ;
#9575 = CARTESIAN_POINT ( 'NONE',  ( 8.950000000000002842, -1.224999999999998757, 4.025000000000000355 ) ) ;
#9576 = VECTOR ( 'NONE', #9471, 1000.000000000000000 ) ;
#9577 = ORIENTED_EDGE ( 'NONE', *, *, #19, .T. ) ;
#9578 = ORIENTED_EDGE ( 'NONE', *, *, #9120, .T. ) ;
#9579 = CARTESIAN_POINT ( 'NONE',  ( -9.899999999999996803, 4.799999999999998046, 7.875000000000000000 ) ) ;
#9580 = CARTESIAN_POINT ( 'NONE',  ( 9.783333333333327886, 1.208333333333337034, 5.033333333333342097 ) ) ;
#9581 = PLANE ( 'NONE',  #4657 ) ;
#9582 = EDGE_CURVE ( 'NONE', #6105, #10214, #1578, .T. ) ;
#9583 = CARTESIAN_POINT ( 'NONE',  ( 0.1999999999999970690, 0.000000000000000000, 4.025000000000000355 ) ) ;
#9584 = DIRECTION ( 'NONE',  ( 0.000000000000000000, 1.000000000000000000, 0.000000000000000000 ) ) ;
#9585 = ORIENTED_EDGE ( 'NONE', *, *, #5200, .F. ) ;
#9586 = LINE ( 'NONE', #6917, #3846 ) ;
#9587 = VECTOR ( 'NONE', #8631, 1000.000000000000000 ) ;
#9588 = DIRECTION ( 'NONE',  ( -2.654272637283824064E-16, 0.7071067811865487940, -0.7071067811865462405 ) ) ;
#9589 = CARTESIAN_POINT ( 'NONE',  ( -9.500000000000001776, 12.80000000000000071, -3.824999999999998401 ) ) ;
#9590 = EDGE_CURVE ( 'NONE', #2922, #5238, #5604, .T. ) ;
#9591 = EDGE_CURVE ( 'NONE', #4002, #5055, #3966, .T. ) ;
#9592 = ORIENTED_EDGE ( 'NONE', *, *, #9658, .F. ) ;
#9593 = FACE_OUTER_BOUND ( 'NONE', #5831, .T. ) ;
#9594 = CARTESIAN_POINT ( 'NONE',  ( -5.599999999999992539, 2.950000000000000622, -5.650000000000002132 ) ) ;
#9595 = PLANE ( 'NONE',  #3532 ) ;
#9596 = DIRECTION ( 'NONE',  ( 0.000000000000000000, 1.000000000000000000, -0.000000000000000000 ) ) ;
#9597 = EDGE_CURVE ( 'NONE', #1174, #10193, #6624, .T. ) ;
#9598 = CARTESIAN_POINT ( 'NONE',  ( 7.000000000000002665, -1.250000000000001332, 4.025000000000000355 ) ) ;
#9599 = DIRECTION ( 'NONE',  ( -1.156482317317869161E-15, 1.000000000000000000, -0.000000000000000000 ) ) ;
#9600 = ORIENTED_EDGE ( 'NONE', *, *, #7404, .F. ) ;
#9601 = AXIS2_PLACEMENT_3D ( 'NONE', #8378, #1098, #10131 ) ;
#9602 = LINE ( 'NONE', #9551, #1087 ) ;
#9603 = VECTOR ( 'NONE', #7349, 1000.000000000000000 ) ;
#9604 = CYLINDRICAL_SURFACE ( 'NONE', #9496, 0.1999999999999996503 ) ;
#9605 = AXIS2_PLACEMENT_3D ( 'NONE', #9436, #9381, #7149 ) ;
#9606 = EDGE_CURVE ( 'NONE', #1317, #3599, #4724, .T. ) ;
#9607 = VECTOR ( 'NONE', #521, 1000.000000000000000 ) ;
#9608 = ORIENTED_EDGE ( 'NONE', *, *, #3020, .F. ) ;
#9609 = DIRECTION ( 'NONE',  ( 0.000000000000000000, 1.000000000000000000, -0.000000000000000000 ) ) ;
#9610 = CARTESIAN_POINT ( 'NONE',  ( 2.499999999999996891, 8.400000000000000355, -0.4750000000000014766 ) ) ;
#9611 = VECTOR ( 'NONE', #2199, 1000.000000000000000 ) ;
#9612 = VERTEX_POINT ( 'NONE', #3911 ) ;
#9613 = EDGE_CURVE ( 'NONE', #8646, #7166, #1474, .T. ) ;
#9614 = FACE_OUTER_BOUND ( 'NONE', #9979, .T. ) ;
#9615 = CARTESIAN_POINT ( 'NONE',  ( 3.799999999999998046, -3.750000000000001332, 4.025000000000000355 ) ) ;
#9616 = AXIS2_PLACEMENT_3D ( 'NONE', #6688, #3671, #9450 ) ;
#9617 = ORIENTED_EDGE ( 'NONE', *, *, #1721, .F. ) ;
#9618 = AXIS2_PLACEMENT_3D ( 'NONE', #8005, #7947, #1540 ) ;
#9619 = VECTOR ( 'NONE', #8551, 1000.000000000000000 ) ;
#9620 = CARTESIAN_POINT ( 'NONE',  ( 2.499999999999996891, -3.750000000000001332, 0.2249999999999999500 ) ) ;
#9621 = ORIENTED_EDGE ( 'NONE', *, *, #3408, .F. ) ;
#9622 = AXIS2_PLACEMENT_3D ( 'NONE', #1225, #8668, #4531 ) ;
#9623 = VERTEX_POINT ( 'NONE', #10617 ) ;
#9624 = CARTESIAN_POINT ( 'NONE',  ( -4.299999999999998046, 0.000000000000000000, 4.025000000000000355 ) ) ;
#9625 = ORIENTED_EDGE ( 'NONE', *, *, #3239, .T. ) ;
#9626 = LINE ( 'NONE', #5485, #10213 ) ;
#9627 = DIRECTION ( 'NONE',  ( -0.000000000000000000, -0.000000000000000000, 1.000000000000000000 ) ) ;
#9628 = AXIS2_PLACEMENT_3D ( 'NONE', #3500, #9325, #8674 ) ;
#9629 = EDGE_LOOP ( 'NONE', ( #3536, #3090, #10430, #7607, #177, #2460 ) ) ;
#9630 = CARTESIAN_POINT ( 'NONE',  ( 2.235000000000000764, 2.800000000000000266, -2.375000000000000444 ) ) ;
#9631 = VERTEX_POINT ( 'NONE', #1524 ) ;
#9632 = LINE ( 'NONE', #6304, #9576 ) ;
#9633 = ORIENTED_EDGE ( 'NONE', *, *, #8046, .F. ) ;
#9634 = ORIENTED_EDGE ( 'NONE', *, *, #8254, .T. ) ;
#9635 = CARTESIAN_POINT ( 'NONE',  ( 5.474999999999998757, 0.000000000000000000, -3.575000000000005063 ) ) ;
#9636 = DIRECTION ( 'NONE',  ( -1.000000000000000000, 0.000000000000000000, 0.000000000000000000 ) ) ;
#9637 = CARTESIAN_POINT ( 'NONE',  ( -3.950000000000000178, 12.28038475772934746, -2.375000000000001332 ) ) ;
#9638 = PLANE ( 'NONE',  #8626 ) ;
#9639 = CARTESIAN_POINT ( 'NONE',  ( 9.574999999999993960, 1.000000000000003331, 4.025000000000000355 ) ) ;
#9640 = VERTEX_POINT ( 'NONE', #7235 ) ;
#9641 = EDGE_CURVE ( 'NONE', #10057, #1306, #6230, .T. ) ;
#9642 = DIRECTION ( 'NONE',  ( 1.000000000000000000, -0.000000000000000000, 0.000000000000000000 ) ) ;
#9643 = FACE_BOUND ( 'NONE', #7731, .T. ) ;
#9644 = LINE ( 'NONE', #8106, #4272 ) ;
#9645 = VERTEX_POINT ( 'NONE', #157 ) ;
#9646 = ORIENTED_EDGE ( 'NONE', *, *, #5106, .T. ) ;
#9647 = FACE_OUTER_BOUND ( 'NONE', #2834, .T. ) ;
#9648 = DIRECTION ( 'NONE',  ( -0.000000000000000000, -0.000000000000000000, 1.000000000000000000 ) ) ;
#9649 = DIRECTION ( 'NONE',  ( -1.156482317317871725E-15, 1.000000000000000000, -0.000000000000000000 ) ) ;
#9650 = CARTESIAN_POINT ( 'NONE',  ( 8.950000000000002842, 5.932552260868268550E-19, -4.225000000000003197 ) ) ;
#9651 = CARTESIAN_POINT ( 'NONE',  ( 1.999999999999996669, 2.800000000000000266, -0.07500000000000128786 ) ) ;
#9652 = DIRECTION ( 'NONE',  ( -1.577021341797097314E-16, -0.000000000000000000, -1.000000000000000000 ) ) ;
#9653 = ORIENTED_EDGE ( 'NONE', *, *, #5571, .T. ) ;
#9654 = EDGE_CURVE ( 'NONE', #8515, #6693, #8361, .T. ) ;
#9655 = EDGE_CURVE ( 'NONE', #10214, #1599, #1783, .T. ) ;
#9656 = FACE_OUTER_BOUND ( 'NONE', #2005, .T. ) ;
#9657 = DIRECTION ( 'NONE',  ( 0.000000000000000000, 0.000000000000000000, 1.000000000000000000 ) ) ;
#9658 = EDGE_CURVE ( 'NONE', #4270, #2427, #971, .T. ) ;
#9659 = VERTEX_POINT ( 'NONE', #1833 ) ;
#9660 = CARTESIAN_POINT ( 'NONE',  ( 3.400000000000002132, 8.399999999999998579, 1.724999999999998979 ) ) ;
#9661 = DIRECTION ( 'NONE',  ( -1.000000000000000000, 0.000000000000000000, -0.000000000000000000 ) ) ;
#9662 = VERTEX_POINT ( 'NONE', #4232 ) ;
#9663 = FACE_OUTER_BOUND ( 'NONE', #2046, .T. ) ;
#9664 = CARTESIAN_POINT ( 'NONE',  ( -2.874999999999999112, 10.50000000000000000, -4.824999999999999289 ) ) ;
#9665 = CARTESIAN_POINT ( 'NONE',  ( -1.934999999999999165, 2.800000000000000266, -3.675000000000001155 ) ) ;
#9666 = ORIENTED_EDGE ( 'NONE', *, *, #2721, .T. ) ;
#9667 = EDGE_CURVE ( 'NONE', #9390, #4288, #9186, .T. ) ;
#9668 = DIRECTION ( 'NONE',  ( -1.000000000000000000, 0.000000000000000000, -9.139744341289816024E-17 ) ) ;
#9669 = ADVANCED_FACE ( 'NONE', ( #7552 ), #6899, .T. ) ;
#9670 = EDGE_CURVE ( 'NONE', #5977, #8182, #8416, .T. ) ;
#9671 = EDGE_LOOP ( 'NONE', ( #1819, #1627, #1821, #9804 ) ) ;
#9672 = VERTEX_POINT ( 'NONE', #9238 ) ;
#9673 = CARTESIAN_POINT ( 'NONE',  ( 1.935000000000000941, 7.099999999999999645, -4.025000000000000355 ) ) ;
#9674 = VECTOR ( 'NONE', #4417, 1000.000000000000000 ) ;
#9675 = EDGE_LOOP ( 'NONE', ( #10398, #732, #7765, #8283 ) ) ;
#9676 = CARTESIAN_POINT ( 'NONE',  ( 0.1999999999999970690, -3.750000000000001332, 0.2249999999999999500 ) ) ;
#9677 = FACE_OUTER_BOUND ( 'NONE', #2283, .T. ) ;
#9678 = VERTEX_POINT ( 'NONE', #3521 ) ;
#9679 = ORIENTED_EDGE ( 'NONE', *, *, #9667, .T. ) ;
#9680 = LINE ( 'NONE', #10503, #5095 ) ;
#9681 = VECTOR ( 'NONE', #6864, 1000.000000000000000 ) ;
#9682 = ORIENTED_EDGE ( 'NONE', *, *, #10502, .F. ) ;
#9683 = EDGE_LOOP ( 'NONE', ( #2156, #4983, #7427, #1640 ) ) ;
#9684 = CARTESIAN_POINT ( 'NONE',  ( 7.000000000000002665, 2.800000000000002043, 2.124999999999999112 ) ) ;
#9685 = ORIENTED_EDGE ( 'NONE', *, *, #1754, .F. ) ;
#9686 = ORIENTED_EDGE ( 'NONE', *, *, #9641, .T. ) ;
#9687 = FACE_OUTER_BOUND ( 'NONE', #7509, .T. ) ;
#9688 = CARTESIAN_POINT ( 'NONE',  ( 1.935000000000000941, 2.800000000000000266, -2.675000000000000266 ) ) ;
#9689 = LINE ( 'NONE', #6364, #6046 ) ;
#9690 = LINE ( 'NONE', #3858, #8982 ) ;
#9691 = CARTESIAN_POINT ( 'NONE',  ( -4.700000000000002842, 8.400000000000000355, -0.4750000000000010325 ) ) ;
#9692 = VECTOR ( 'NONE', #8852, 1000.000000000000000 ) ;
#9693 = ORIENTED_EDGE ( 'NONE', *, *, #590, .T. ) ;
#9694 = FACE_BOUND ( 'NONE', #8141, .T. ) ;
#9695 = CARTESIAN_POINT ( 'NONE',  ( -6.649999999999995914, 5.699999999999998401, 3.600000000000000977 ) ) ;
#9696 = VECTOR ( 'NONE', #1178, 1000.000000000000000 ) ;
#9697 = EDGE_CURVE ( 'NONE', #7490, #1587, #5153, .T. ) ;
#9698 = ORIENTED_EDGE ( 'NONE', *, *, #8451, .F. ) ;
#9699 = ORIENTED_EDGE ( 'NONE', *, *, #5745, .F. ) ;
#9700 = CARTESIAN_POINT ( 'NONE',  ( 9.200000000000001066, 4.800000000000000711, 13.20342712474620939 ) ) ;
#9701 = DIRECTION ( 'NONE',  ( 6.629166166301580359E-17, 0.9396926207859082059, 0.3420201433256696011 ) ) ;
#9702 = LINE ( 'NONE', #9543, #5800 ) ;
#9703 = CARTESIAN_POINT ( 'NONE',  ( 3.400000000000002132, 8.399999999999998579, 1.724999999999998979 ) ) ;
#9704 = FACE_OUTER_BOUND ( 'NONE', #9379, .T. ) ;
#9705 = CARTESIAN_POINT ( 'NONE',  ( 5.200000000000002842, 0.000000000000000000, 0.000000000000000000 ) ) ;
#9706 = ORIENTED_EDGE ( 'NONE', *, *, #9076, .F. ) ;
#9707 = CARTESIAN_POINT ( 'NONE',  ( -8.950000000000002842, -1.225000000000000755, 5.025000000000000355 ) ) ;
#9708 = FACE_OUTER_BOUND ( 'NONE', #9434, .T. ) ;
#9709 = VECTOR ( 'NONE', #174, 1000.000000000000000 ) ;
#9710 = ORIENTED_EDGE ( 'NONE', *, *, #7105, .T. ) ;
#9711 = ADVANCED_FACE ( 'NONE', ( #6848 ), #7108, .F. ) ;
#9712 = EDGE_CURVE ( 'NONE', #6464, #4002, #269, .T. ) ;
#9713 = CARTESIAN_POINT ( 'NONE',  ( -6.999999999999997335, -1.887878387081804998, -8.150000000000002132 ) ) ;
#9714 = CARTESIAN_POINT ( 'NONE',  ( -8.999999999999998224, 2.800000000000000266, -0.07500000000000128786 ) ) ;
#9715 = ORIENTED_EDGE ( 'NONE', *, *, #867, .F. ) ;
#9716 = VECTOR ( 'NONE', #68, 1000.000000000000000 ) ;
#9717 = DIRECTION ( 'NONE',  ( 0.000000000000000000, 0.000000000000000000, -1.000000000000000000 ) ) ;
#9718 = DIRECTION ( 'NONE',  ( 0.000000000000000000, 0.000000000000000000, -1.000000000000000000 ) ) ;
#9719 = DIRECTION ( 'NONE',  ( -0.000000000000000000, -1.000000000000000000, -0.000000000000000000 ) ) ;
#9720 = EDGE_CURVE ( 'NONE', #7813, #2641, #6020, .T. ) ;
#9721 = ORIENTED_EDGE ( 'NONE', *, *, #4145, .F. ) ;
#9722 = VECTOR ( 'NONE', #3674, 1000.000000000000000 ) ;
#9723 = AXIS2_PLACEMENT_3D ( 'NONE', #711, #4125, #3253 ) ;
#9724 = LINE ( 'NONE', #9924, #6057 ) ;
#9725 = ORIENTED_EDGE ( 'NONE', *, *, #5745, .T. ) ;
#9726 = ADVANCED_FACE ( 'NONE', ( #2758 ), #2604, .F. ) ;
#9727 = ADVANCED_FACE ( 'NONE', ( #5102 ), #3366, .F. ) ;
#9728 = FACE_OUTER_BOUND ( 'NONE', #2559, .T. ) ;
#9729 = VECTOR ( 'NONE', #8963, 1000.000000000000000 ) ;
#9730 = VERTEX_POINT ( 'NONE', #9344 ) ;
#9731 = DIRECTION ( 'NONE',  ( 1.000000000000000000, 0.000000000000000000, 0.000000000000000000 ) ) ;
#9732 = CYLINDRICAL_SURFACE ( 'NONE', #9027, 0.1999999999999996503 ) ;
#9733 = APPLICATION_PROTOCOL_DEFINITION ( 'draft international standard', 'automotive_design', 1998, #3342 ) ;
#9734 = ADVANCED_FACE ( 'NONE', ( #3573 ), #7712, .T. ) ;
#9735 = ORIENTED_EDGE ( 'NONE', *, *, #6782, .F. ) ;
#9736 = ORIENTED_EDGE ( 'NONE', *, *, #1914, .F. ) ;
#9737 = PLANE ( 'NONE',  #9469 ) ;
#9738 = ORIENTED_EDGE ( 'NONE', *, *, #5260, .F. ) ;
#9739 = ADVANCED_FACE ( 'NONE', ( #1026 ), #868, .F. ) ;
#9740 = ORIENTED_EDGE ( 'NONE', *, *, #888, .F. ) ;
#9741 = CARTESIAN_POINT ( 'NONE',  ( 10.20000000000000284, -4.999999999999999112, 2.924999999999999822 ) ) ;
#9742 = ORIENTED_EDGE ( 'NONE', *, *, #865, .T. ) ;
#9743 = EDGE_LOOP ( 'NONE', ( #8791, #7303, #7643, #3651 ) ) ;
#9744 = CARTESIAN_POINT ( 'NONE',  ( 1.434999999999999165, 11.09999999999999964, -5.024999999999999467 ) ) ;
#9745 = LINE ( 'NONE', #2287, #2134 ) ;
#9746 = CARTESIAN_POINT ( 'NONE',  ( -1.100000000000002087, 0.000000000000000000, -0.4750000000000014766 ) ) ;
#9747 = DIRECTION ( 'NONE',  ( 1.000000000000000000, 0.000000000000000000, 0.000000000000000000 ) ) ;
#9748 = EDGE_CURVE ( 'NONE', #1322, #5824, #8308, .T. ) ;
#9749 = CARTESIAN_POINT ( 'NONE',  ( 8.180000000000001492, 2.800000000000000266, -4.025000000000001243 ) ) ;
#9750 = ORIENTED_EDGE ( 'NONE', *, *, #9720, .T. ) ;
#9751 = DIRECTION ( 'NONE',  ( -0.000000000000000000, -1.000000000000000000, -0.000000000000000000 ) ) ;
#9752 = CARTESIAN_POINT ( 'NONE',  ( -6.999999999999995559, 5.849999999999999645, 3.187878387081805709 ) ) ;
#9753 = VECTOR ( 'NONE', #2227, 1000.000000000000000 ) ;
#9754 = DIRECTION ( 'NONE',  ( 0.000000000000000000, 0.000000000000000000, 1.000000000000000000 ) ) ;
#9755 = ORIENTED_EDGE ( 'NONE', *, *, #2414, .T. ) ;
#9756 = ORIENTED_EDGE ( 'NONE', *, *, #5398, .F. ) ;
#9757 = PLANE ( 'NONE',  #7181 ) ;
#9758 = CARTESIAN_POINT ( 'NONE',  ( 5.599999999999996980, -3.750000000000001332, 0.2249999999999982014 ) ) ;
#9759 = CARTESIAN_POINT ( 'NONE',  ( 1.935000000000000941, 12.28038475772933147, -4.025000000000000355 ) ) ;
#9760 = CARTESIAN_POINT ( 'NONE',  ( -6.099999999999997868, -0.8500000000000011990, 4.025000000000000355 ) ) ;
#9761 = PLANE ( 'NONE',  #9969 ) ;
#9762 = ORIENTED_EDGE ( 'NONE', *, *, #7925, .T. ) ;
#9763 = VECTOR ( 'NONE', #6128, 999.9999999999998863 ) ;
#9764 = FACE_OUTER_BOUND ( 'NONE', #6412, .T. ) ;
#9765 = CARTESIAN_POINT ( 'NONE',  ( -9.500000000000001776, 12.80000000000000071, -3.824999999999998401 ) ) ;
#9766 = ORIENTED_EDGE ( 'NONE', *, *, #2268, .F. ) ;
#9767 = DIRECTION ( 'NONE',  ( -0.000000000000000000, -0.000000000000000000, 1.000000000000000000 ) ) ;
#9768 = CARTESIAN_POINT ( 'NONE',  ( 3.950000000000000178, 10.05000000000000071, -3.025000000000001243 ) ) ;
#9769 = EDGE_LOOP ( 'NONE', ( #436, #7743, #9742, #4602 ) ) ;
#9770 = CARTESIAN_POINT ( 'NONE',  ( 8.950000000000002842, -3.750000000000001332, 2.924999999999999822 ) ) ;
#9771 = FACE_OUTER_BOUND ( 'NONE', #6451, .T. ) ;
#9772 = VECTOR ( 'NONE', #10092, 1000.000000000000000 ) ;
#9773 = CARTESIAN_POINT ( 'NONE',  ( -9.574999999999993960, 2.400000000000001243, 4.825000000000009948 ) ) ;
#9774 = EDGE_LOOP ( 'NONE', ( #10277, #2512, #1770, #8409 ) ) ;
#9775 = EDGE_CURVE ( 'NONE', #7782, #9218, #9292, .T. ) ;
#9776 = VECTOR ( 'NONE', #7469, 1000.000000000000000 ) ;
#9777 = AXIS2_PLACEMENT_3D ( 'NONE', #7474, #3388, #2418 ) ;
#9778 = ORIENTED_EDGE ( 'NONE', *, *, #4603, .F. ) ;
#9779 = CARTESIAN_POINT ( 'NONE',  ( 10.20000000000000639, 1.199999999999994404, 5.024999999999999467 ) ) ;
#9780 = ORIENTED_EDGE ( 'NONE', *, *, #8103, .T. ) ;
#9781 = DIRECTION ( 'NONE',  ( 0.000000000000000000, -1.000000000000000000, 0.000000000000000000 ) ) ;
#9782 = CARTESIAN_POINT ( 'NONE',  ( 1.100000000000002087, 2.800000000000000266, 3.825000000000001066 ) ) ;
#9783 = VECTOR ( 'NONE', #4362, 1000.000000000000000 ) ;
#9784 = ITEM_DEFINED_TRANSFORMATION ( 'NONE', 'NONE', #7687,  #10230 ) ;
#9785 = VECTOR ( 'NONE', #8606, 1000.000000000000000 ) ;
#9786 = ORIENTED_EDGE ( 'NONE', *, *, #8826, .F. ) ;
#9787 = EDGE_CURVE ( 'NONE', #7376, #7782, #6295, .T. ) ;
#9788 = ADVANCED_FACE ( 'NONE', ( #2167 ), #9512, .T. ) ;
#9789 = VECTOR ( 'NONE', #1179, 1000.000000000000000 ) ;
#9790 = LINE ( 'NONE', #8301, #3901 ) ;
#9791 = ORIENTED_EDGE ( 'NONE', *, *, #1554, .F. ) ;
#9792 = EDGE_CURVE ( 'NONE', #6105, #6179, #6184, .T. ) ;
#9793 = ORIENTED_EDGE ( 'NONE', *, *, #2707, .T. ) ;
#9794 = CARTESIAN_POINT ( 'NONE',  ( -5.599999999999990763, 3.649999999999999911, 3.599999999999999201 ) ) ;
#9795 = VECTOR ( 'NONE', #9649, 1000.000000000000000 ) ;
#9796 = AXIS2_PLACEMENT_3D ( 'NONE', #6301, #6140, #5326 ) ;
#9797 = ORIENTED_EDGE ( 'NONE', *, *, #222, .F. ) ;
#9798 = VERTEX_POINT ( 'NONE', #8584 ) ;
#9799 = CARTESIAN_POINT ( 'NONE',  ( -10.20000000000000284, -1.225000000000000755, 5.025000000000000355 ) ) ;
#9800 = DIRECTION ( 'NONE',  ( 3.016910393003151931E-15, 0.000000000000000000, 1.000000000000000000 ) ) ;
#9801 = CARTESIAN_POINT ( 'NONE',  ( -2.750000000000000000, 0.9155523756961149173, -3.025000000000001243 ) ) ;
#9802 = DIRECTION ( 'NONE',  ( 1.000000000000000000, 0.000000000000000000, -0.000000000000000000 ) ) ;
#9803 = CARTESIAN_POINT ( 'NONE',  ( 0.000000000000000000, -2.299999999999999822, -5.800000000000003375 ) ) ;
#9804 = ORIENTED_EDGE ( 'NONE', *, *, #3935, .F. ) ;
#9805 = ADVANCED_FACE ( 'NONE', ( #2055 ), #9400, .T. ) ;
#9806 = LINE ( 'NONE', #4134, #8921 ) ;
#9807 = CARTESIAN_POINT ( 'NONE',  ( 7.980000000000001315, 2.800000000000000266, -3.825000000000000622 ) ) ;
#9808 = ADVANCED_FACE ( 'NONE', ( #10335 ), #6955, .T. ) ;
#9809 = CARTESIAN_POINT ( 'NONE',  ( -1.934999999999999165, 12.28038475772934746, -4.024999999999999467 ) ) ;
#9810 = VERTEX_POINT ( 'NONE', #533 ) ;
#9811 = ORIENTED_EDGE ( 'NONE', *, *, #6741, .T. ) ;
#9812 = CARTESIAN_POINT ( 'NONE',  ( -3.074999999999999289, 2.600000000000001421, -4.225000000000004086 ) ) ;
#9813 = DIRECTION ( 'NONE',  ( -1.000000000000000000, 0.000000000000000000, -0.000000000000000000 ) ) ;
#9814 = LINE ( 'NONE', #5674, #7192 ) ;
#9815 = DIRECTION ( 'NONE',  ( -0.000000000000000000, -1.000000000000000000, -0.000000000000000000 ) ) ;
#9816 = CARTESIAN_POINT ( 'NONE',  ( 1.600000000000002531, 8.399999999999998579, 1.724999999999998979 ) ) ;
#9817 = DIRECTION ( 'NONE',  ( 0.000000000000000000, 0.000000000000000000, -1.000000000000000000 ) ) ;
#9818 = ORIENTED_EDGE ( 'NONE', *, *, #9775, .F. ) ;
#9819 = CARTESIAN_POINT ( 'NONE',  ( -5.332110453654129500, -3.997637576302314866, -5.282110453654139448 ) ) ;
#9820 = DIRECTION ( 'NONE',  ( 0.000000000000000000, -0.000000000000000000, 1.000000000000000000 ) ) ;
#9821 = VERTEX_POINT ( 'NONE', #5376 ) ;
#9822 = CARTESIAN_POINT ( 'NONE',  ( -1.434999999999999387, 10.59999999999999964, 1.540689534999236443 ) ) ;
#9823 = CARTESIAN_POINT ( 'NONE',  ( 8.950000000000002842, -3.374999999999998668, 4.025000000000000355 ) ) ;
#9824 = ORIENTED_EDGE ( 'NONE', *, *, #9860, .T. ) ;
#9825 = DIRECTION ( 'NONE',  ( 0.000000000000000000, 0.000000000000000000, 1.000000000000000000 ) ) ;
#9826 = CARTESIAN_POINT ( 'NONE',  ( 10.20000000000000462, 7.299999999999998934, 7.835182920028514353 ) ) ;
#9827 = DIRECTION ( 'NONE',  ( 0.000000000000000000, 1.000000000000000000, 0.000000000000000000 ) ) ;
#9828 = VERTEX_POINT ( 'NONE', #10499 ) ;
#9829 = VERTEX_POINT ( 'NONE', #7117 ) ;
#9830 = DIRECTION ( 'NONE',  ( 1.000000000000000000, 3.469446951953601370E-16, -1.275531967630005245E-16 ) ) ;
#9831 = EDGE_CURVE ( 'NONE', #220, #10447, #2917, .T. ) ;
#9832 = ORIENTED_EDGE ( 'NONE', *, *, #7502, .F. ) ;
#9833 = DIRECTION ( 'NONE',  ( 1.000000000000000000, -0.000000000000000000, 0.000000000000000000 ) ) ;
#9834 = DIRECTION ( 'NONE',  ( 0.000000000000000000, -0.000000000000000000, 1.000000000000000000 ) ) ;
#9835 = PRODUCT_CONTEXT ( 'NONE', #6, 'mechanical' ) ;
#9836 = ORIENTED_EDGE ( 'NONE', *, *, #9502, .T. ) ;
#9837 = VERTEX_POINT ( 'NONE', #7062 ) ;
#9838 = CARTESIAN_POINT ( 'NONE',  ( -6.499999999999995559, 5.849999999999999645, 3.600000000000000977 ) ) ;
#9839 = AXIS2_PLACEMENT_3D ( 'NONE', #6167, #2737, #5953 ) ;
#9840 = ORIENTED_EDGE ( 'NONE', *, *, #8462, .T. ) ;
#9841 = ORIENTED_EDGE ( 'NONE', *, *, #3850, .F. ) ;
#9842 = DIRECTION ( 'NONE',  ( 0.000000000000000000, 0.000000000000000000, -1.000000000000000000 ) ) ;
#9843 = EDGE_CURVE ( 'NONE', #2776, #9016, #6077, .T. ) ;
#9844 = ORIENTED_EDGE ( 'NONE', *, *, #4015, .F. ) ;
#9845 = EDGE_LOOP ( 'NONE', ( #10533, #7932, #7890, #5541 ) ) ;
#9846 = EDGE_CURVE ( 'NONE', #3910, #9913, #7875, .T. ) ;
#9847 = DIRECTION ( 'NONE',  ( 0.000000000000000000, -0.7071067811865465735, 0.7071067811865483499 ) ) ;
#9848 = AXIS2_PLACEMENT_3D ( 'NONE', #1285, #3884, #10531 ) ;
#9849 = DIRECTION ( 'NONE',  ( -0.000000000000000000, -0.000000000000000000, 1.000000000000000000 ) ) ;
#9850 = PLANE ( 'NONE',  #7441 ) ;
#9851 = DIRECTION ( 'NONE',  ( -0.000000000000000000, -0.000000000000000000, -1.000000000000000000 ) ) ;
#9852 = FACE_OUTER_BOUND ( 'NONE', #7481, .T. ) ;
#9853 = ORIENTED_EDGE ( 'NONE', *, *, #7391, .T. ) ;
#9854 = EDGE_CURVE ( 'NONE', #6000, #6702, #8635, .T. ) ;
#9855 = VECTOR ( 'NONE', #1907, 1000.000000000000000 ) ;
#9856 = CARTESIAN_POINT ( 'NONE',  ( -2.750000000000000000, 12.80000000000000071, -3.675000000000001155 ) ) ;
#9857 = CARTESIAN_POINT ( 'NONE',  ( -5.599999999999992539, 3.649999999999999467, -5.350000000000000533 ) ) ;
#9858 = ORIENTED_EDGE ( 'NONE', *, *, #7520, .T. ) ;
#9859 = EDGE_LOOP ( 'NONE', ( #1014, #4490, #10173, #3840 ) ) ;
#9860 = EDGE_CURVE ( 'NONE', #887, #5795, #7978, .T. ) ;
#9861 = CARTESIAN_POINT ( 'NONE',  ( -3.274999999999999467, 0.000000000000000000, -4.225000000000004086 ) ) ;
#9862 = VECTOR ( 'NONE', #5141, 1000.000000000000000 ) ;
#9863 = CARTESIAN_POINT ( 'NONE',  ( -7.824999999999991296, 1.400000000000001021, 4.825000000000009948 ) ) ;
#9864 = MANIFOLD_SOLID_BREP ( 'Chamfer2', #2374 ) ;
#9865 = CARTESIAN_POINT ( 'NONE',  ( 2.935000000000000941, 10.05000000000000071, -2.375000000000002220 ) ) ;
#9866 = CARTESIAN_POINT ( 'NONE',  ( 6.099999999999997868, -3.350000000000000977, 2.924999999999999822 ) ) ;
#9867 = CARTESIAN_POINT ( 'NONE',  ( -8.950000000000002842, 5.932552260868268550E-19, -4.225000000000003197 ) ) ;
#9868 = ORIENTED_EDGE ( 'NONE', *, *, #8027, .F. ) ;
#9869 = ADVANCED_FACE ( 'NONE', ( #376 ), #3682, .F. ) ;
#9871 = EDGE_CURVE ( 'NONE', #3758, #5317, #3194, .T. ) ;
#9870 = PLANE ( 'NONE',  #396 ) ;
#9872 = FACE_OUTER_BOUND ( 'NONE', #6151, .T. ) ;
#9873 = VECTOR ( 'NONE', #7686, 1000.000000000000000 ) ;
#9874 = EDGE_LOOP ( 'NONE', ( #9166, #4279, #2769, #2438, #5928, #6922, #6505 ) ) ;
#9875 = PLANE ( 'NONE',  #9777 ) ;
#9876 = CARTESIAN_POINT ( 'NONE',  ( -6.500000000000002665, -3.750000000000001332, 0.2249999999999995060 ) ) ;
#9877 = VERTEX_POINT ( 'NONE', #9888 ) ;
#9878 = CARTESIAN_POINT ( 'NONE',  ( 1.935000000000000941, 2.800000000000000266, -2.675000000000000266 ) ) ;
#9879 = CARTESIAN_POINT ( 'NONE',  ( 8.180000000000001492, 2.800000000000000266, -3.825000000000000622 ) ) ;
#9880 = LINE ( 'NONE', #8080, #7163 ) ;
#9881 = ADVANCED_FACE ( 'NONE', ( #8086 ), #3083, .F. ) ;
#9882 = ORIENTED_EDGE ( 'NONE', *, *, #5594, .T. ) ;
#9883 = PRESENTATION_LAYER_ASSIGNMENT (  '', '', ( #3788 ) ) ;
#9884 = VERTEX_POINT ( 'NONE', #9020 ) ;
#9885 = AXIS2_PLACEMENT_3D ( 'NONE', #9691, #499, #8763 ) ;
#9886 = DIRECTION ( 'NONE',  ( -1.000000000000000000, -0.000000000000000000, -1.858632295689436004E-15 ) ) ;
#9887 = DIRECTION ( 'NONE',  ( 1.000000000000000000, 0.000000000000000000, -0.000000000000000000 ) ) ;
#9888 = CARTESIAN_POINT ( 'NONE',  ( 2.499999999999996891, 0.000000000000000000, -0.4750000000000014766 ) ) ;
#9889 = VECTOR ( 'NONE', #10493, 1000.000000000000000 ) ;
#9890 = VECTOR ( 'NONE', #7076, 1000.000000000000000 ) ;
#9891 = CARTESIAN_POINT ( 'NONE',  ( 7.200000000000000178, 5.811323644522303766E-16, 4.701117357052158778E-33 ) ) ;
#9892 = ORIENTED_EDGE ( 'NONE', *, *, #3546, .T. ) ;
#9893 = VECTOR ( 'NONE', #7555, 1000.000000000000000 ) ;
#9894 = EDGE_CURVE ( 'NONE', #800, #7747, #5647, .T. ) ;
#9895 = CARTESIAN_POINT ( 'NONE',  ( 4.274999999999999467, 12.80000000000000071, -4.025000000000004796 ) ) ;
#9896 = VECTOR ( 'NONE', #37, 1000.000000000000000 ) ;
#9897 = ORIENTED_EDGE ( 'NONE', *, *, #6546, .T. ) ;
#9898 = ORIENTED_EDGE ( 'NONE', *, *, #7136, .F. ) ;
#9899 = DIRECTION ( 'NONE',  ( 1.084202172485504040E-15, -0.000000000000000000, 1.000000000000000000 ) ) ;
#9900 = ORIENTED_EDGE ( 'NONE', *, *, #9926, .T. ) ;
#9901 = DIRECTION ( 'NONE',  ( 1.000000000000000000, -0.000000000000000000, -0.000000000000000000 ) ) ;
#9902 = VECTOR ( 'NONE', #5228, 1000.000000000000000 ) ;
#9903 = PLANE ( 'NONE',  #7505 ) ;
#9904 = DIRECTION ( 'NONE',  ( 0.000000000000000000, 0.000000000000000000, -1.000000000000000000 ) ) ;
#9905 = CARTESIAN_POINT ( 'NONE',  ( 3.400000000000002132, -0.8500000000000011990, 2.425000000000000711 ) ) ;
#9906 = LINE ( 'NONE', #9803, #2749 ) ;
#9907 = ORIENTED_EDGE ( 'NONE', *, *, #9329, .T. ) ;
#9908 = EDGE_CURVE ( 'NONE', #356, #10339, #759, .T. ) ;
#9909 = LINE ( 'NONE', #3312, #5614 ) ;
#9910 = DIRECTION ( 'NONE',  ( -0.000000000000000000, -1.000000000000000000, -0.000000000000000000 ) ) ;
#9911 = EDGE_CURVE ( 'NONE', #1291, #6677, #3900, .T. ) ;
#9912 = EDGE_LOOP ( 'NONE', ( #6469, #7880, #9068, #1192 ) ) ;
#9913 = VERTEX_POINT ( 'NONE', #703 ) ;
#9914 = CARTESIAN_POINT ( 'NONE',  ( -6.099999999999990763, 3.250000000000000000, 3.187878387081809262 ) ) ;
#9915 = CARTESIAN_POINT ( 'NONE',  ( -5.599999999999992539, 2.949999999999998845, -5.350000000000002309 ) ) ;
#9916 = CYLINDRICAL_SURFACE ( 'NONE', #2946, 0.1999999999999996503 ) ;
#9917 = CARTESIAN_POINT ( 'NONE',  ( -6.999999999999997335, -1.887878387081804998, -8.550000000000002487 ) ) ;
#9918 = FACE_OUTER_BOUND ( 'NONE', #813, .T. ) ;
#9919 = ORIENTED_EDGE ( 'NONE', *, *, #7520, .F. ) ;
#9920 = LINE ( 'NONE', #2463, #5077 ) ;
#9921 = ADVANCED_FACE ( 'NONE', ( #5590 ), #1403, .T. ) ;
#9922 = FACE_OUTER_BOUND ( 'NONE', #4293, .T. ) ;
#9923 = EDGE_CURVE ( 'NONE', #10644, #789, #3241, .T. ) ;
#9924 = CARTESIAN_POINT ( 'NONE',  ( -6.099999999999990763, 3.649999999999999911, 3.187878387081809262 ) ) ;
#9925 = ORIENTED_EDGE ( 'NONE', *, *, #6334, .T. ) ;
#9926 = EDGE_CURVE ( 'NONE', #1253, #10766, #6510, .T. ) ;
#9927 = CYLINDRICAL_SURFACE ( 'NONE', #6298, 0.5000000000000002220 ) ;
#9928 = DIRECTION ( 'NONE',  ( -0.000000000000000000, 0.000000000000000000, 1.000000000000000000 ) ) ;
#9929 = AXIS2_PLACEMENT_3D ( 'NONE', #8698, #4615, #1252 ) ;
#9930 = ORIENTED_EDGE ( 'NONE', *, *, #4252, .F. ) ;
#9931 = DIRECTION ( 'NONE',  ( 0.000000000000000000, 0.000000000000000000, 1.000000000000000000 ) ) ;
#9932 = CARTESIAN_POINT ( 'NONE',  ( 6.500000000000002665, 2.800000000000002043, 2.124999999999999112 ) ) ;
#9933 = ORIENTED_EDGE ( 'NONE', *, *, #5197, .T. ) ;
#9934 = CARTESIAN_POINT ( 'NONE',  ( -0.1999999999999970690, -1.250000000000001332, 2.425000000000000711 ) ) ;
#9935 = ORIENTED_EDGE ( 'NONE', *, *, #8916, .F. ) ;
#9936 = MANIFOLD_SOLID_BREP ( 'Fillet3', #4276 ) ;
#9937 = ADVANCED_FACE ( 'NONE', ( #9677 ), #9732, .T. ) ;
#9938 = ORIENTED_EDGE ( 'NONE', *, *, #3581, .F. ) ;
#9939 = EDGE_CURVE ( 'NONE', #7929, #5051, #8905, .T. ) ;
#9940 = CARTESIAN_POINT ( 'NONE',  ( -9.574999999999993960, 1.000000000000000888, 4.025000000000000355 ) ) ;
#9941 = VECTOR ( 'NONE', #7497, 1000.000000000000000 ) ;
#9942 = VECTOR ( 'NONE', #8815, 1000.000000000000000 ) ;
#9943 = DIRECTION ( 'NONE',  ( -0.000000000000000000, -1.000000000000000000, -0.000000000000000000 ) ) ;
#9944 = CARTESIAN_POINT ( 'NONE',  ( -2.234999999999998987, 2.800000000000000266, -2.375000000000000000 ) ) ;
#9945 = APPLICATION_PROTOCOL_DEFINITION ( 'draft international standard', 'automotive_design', 1998, #6 ) ;
#9946 = EDGE_LOOP ( 'NONE', ( #5312, #9491, #1415, #1310 ) ) ;
#9947 = VECTOR ( 'NONE', #6362, 1000.000000000000000 ) ;
#9948 = VECTOR ( 'NONE', #3228, 1000.000000000000000 ) ;
#9949 = DIRECTION ( 'NONE',  ( 1.000000000000000000, 0.000000000000000000, 0.000000000000000000 ) ) ;
#9950 = VERTEX_POINT ( 'NONE', #9071 ) ;
#9951 = AXIS2_PLACEMENT_3D ( 'NONE', #3716, #10363, #7042 ) ;
#9952 = ORIENTED_EDGE ( 'NONE', *, *, #2479, .T. ) ;
#9953 = DIRECTION ( 'NONE',  ( -0.000000000000000000, -1.000000000000000000, -0.000000000000000000 ) ) ;
#9954 = VECTOR ( 'NONE', #5944, 1000.000000000000000 ) ;
#9955 = ORIENTED_EDGE ( 'NONE', *, *, #8447, .F. ) ;
#9956 = DIRECTION ( 'NONE',  ( -1.000000000000000000, 0.000000000000000000, 0.000000000000000000 ) ) ;
#9957 = PLANE ( 'NONE',  #5960 ) ;
#9958 = AXIS2_PLACEMENT_3D ( 'NONE', #8990, #9, #1539 ) ;
#9959 = DIRECTION ( 'NONE',  ( 0.000000000000000000, -0.000000000000000000, 1.000000000000000000 ) ) ;
#9960 = CARTESIAN_POINT ( 'NONE',  ( -3.950000000000000178, 12.80000000000000071, -3.025000000000001243 ) ) ;
#9961 = DIRECTION ( 'NONE',  ( 2.241244801003626445E-16, 0.000000000000000000, 1.000000000000000000 ) ) ;
#9962 = ORIENTED_EDGE ( 'NONE', *, *, #1665, .F. ) ;
#9963 = CIRCLE ( 'NONE', #7353, 1.000000000000005995 ) ;
#9964 = VECTOR ( 'NONE', #2242, 1000.000000000000000 ) ;
#9965 = LINE ( 'NONE', #9040, #7003 ) ;
#9966 = AXIS2_PLACEMENT_3D ( 'NONE', #1431, #5347, #4526 ) ;
#9967 = ORIENTED_EDGE ( 'NONE', *, *, #10474, .T. ) ;
#9968 = DIRECTION ( 'NONE',  ( 0.000000000000000000, -1.000000000000000000, 0.000000000000000000 ) ) ;
#9969 = AXIS2_PLACEMENT_3D ( 'NONE', #7900, #4634, #5628 ) ;
#9970 = VERTEX_POINT ( 'NONE', #646 ) ;
#9971 = VERTEX_POINT ( 'NONE', #7279 ) ;
#9972 = DIRECTION ( 'NONE',  ( -0.000000000000000000, 1.000000000000000000, -0.000000000000000000 ) ) ;
#9973 = DIRECTION ( 'NONE',  ( 1.000000000000000000, -0.000000000000000000, 0.000000000000000000 ) ) ;
#9974 = ADVANCED_FACE ( 'NONE', ( #10606 ), #3137, .F. ) ;
#9975 = CARTESIAN_POINT ( 'NONE',  ( 3.799999999999998046, -3.350000000000000977, 2.924999999999999822 ) ) ;
#9976 = DIRECTION ( 'NONE',  ( -1.515042337097647644E-16, 0.000000000000000000, -1.000000000000000000 ) ) ;
#9977 = LINE ( 'NONE', #2517, #7612 ) ;
#9978 = VECTOR ( 'NONE', #2404, 1000.000000000000000 ) ;
#9979 = EDGE_LOOP ( 'NONE', ( #7045, #7871, #3314, #10333 ) ) ;
#9980 = DIRECTION ( 'NONE',  ( -0.000000000000000000, -0.000000000000000000, 1.000000000000000000 ) ) ;
#9981 = DIRECTION ( 'NONE',  ( 0.000000000000000000, 0.000000000000000000, -1.000000000000000000 ) ) ;
#9982 = CARTESIAN_POINT ( 'NONE',  ( -4.700000000000002842, -3.350000000000000977, 4.025000000000000355 ) ) ;
#9983 = ORIENTED_EDGE ( 'NONE', *, *, #1516, .T. ) ;
#9984 = FACE_OUTER_BOUND ( 'NONE', #264, .T. ) ;
#9985 = LINE ( 'NONE', #4102, #7684 ) ;
#9986 = ADVANCED_FACE ( 'NONE', ( #2488 ), #10252, .F. ) ;
#9987 = LINE ( 'NONE', #2629, #9170 ) ;
#9988 = ADVANCED_FACE ( 'NONE', ( #6675 ), #9430, .F. ) ;
#9989 = CARTESIAN_POINT ( 'NONE',  ( -2.234999999999998987, 2.800000000000000266, -2.375000000000000000 ) ) ;
#9990 = VERTEX_POINT ( 'NONE', #1667 ) ;
#9991 = CARTESIAN_POINT ( 'NONE',  ( 3.075000000000001066, 11.71428571428571352, -4.107842712474623958 ) ) ;
#9992 = VERTEX_POINT ( 'NONE', #3352 ) ;
#9993 = EDGE_CURVE ( 'NONE', #2704, #2734, #3552, .T. ) ;
#9994 = AXIS2_PLACEMENT_3D ( 'NONE', #3905, #599, #8857 ) ;
#9995 = ORIENTED_EDGE ( 'NONE', *, *, #8046, .T. ) ;
#9996 = LINE ( 'NONE', #960, #750 ) ;
#9997 = CARTESIAN_POINT ( 'NONE',  ( -9.574999999999993960, 2.400000000000001243, 4.025000000000000355 ) ) ;
#9998 = DIRECTION ( 'NONE',  ( 0.000000000000000000, 0.000000000000000000, 1.000000000000000000 ) ) ;
#9999 = ORIENTED_EDGE ( 'NONE', *, *, #7215, .T. ) ;
#10000 = ADVANCED_FACE ( 'NONE', ( #5805 ), #4423, .T. ) ;
#10001 = EDGE_CURVE ( 'NONE', #4605, #5724, #10602, .T. ) ;
#10002 = CARTESIAN_POINT ( 'NONE',  ( -6.099999999999992539, 3.249999999999999556, -5.349999999999996980 ) ) ;
#10003 = ORIENTED_EDGE ( 'NONE', *, *, #5519, .T. ) ;
#10004 = ORIENTED_EDGE ( 'NONE', *, *, #6904, .F. ) ;
#10005 = DIRECTION ( 'NONE',  ( -0.000000000000000000, 1.000000000000000000, 0.000000000000000000 ) ) ;
#10006 = ORIENTED_EDGE ( 'NONE', *, *, #10518, .F. ) ;
#10007 = DIRECTION ( 'NONE',  ( 1.000000000000000000, 0.000000000000000000, 0.000000000000000000 ) ) ;
#10008 = CARTESIAN_POINT ( 'NONE',  ( -1.934999999999999165, 2.800000000000000266, -4.024999999999999467 ) ) ;
#10009 = CARTESIAN_POINT ( 'NONE',  ( 8.180000000000001492, 12.28038475772934035, -4.025000000000001243 ) ) ;
#10010 = CARTESIAN_POINT ( 'NONE',  ( 0.000000000000000000, 0.000000000000000000, 0.000000000000000000 ) ) ;
#10011 = CARTESIAN_POINT ( 'NONE',  ( 5.274999999999999467, 0.000000000000000000, -4.025000000000004796 ) ) ;
#10012 = CARTESIAN_POINT ( 'NONE',  ( -5.599999999999992539, 3.649999999999999467, -5.350000000000000533 ) ) ;
#10013 = ORIENTED_EDGE ( 'NONE', *, *, #3275, .T. ) ;
#10014 = LINE ( 'NONE', #2558, #5629 ) ;
#10015 = ORIENTED_EDGE ( 'NONE', *, *, #9144, .T. ) ;
#10016 = DIRECTION ( 'NONE',  ( 0.000000000000000000, 0.000000000000000000, -1.000000000000000000 ) ) ;
#10017 = APPLICATION_CONTEXT ( 'automotive_design' ) ;
#10018 = ORIENTED_EDGE ( 'NONE', *, *, #6873, .T. ) ;
#10019 = ORIENTED_EDGE ( 'NONE', *, *, #1867, .F. ) ;
#10020 = FACE_OUTER_BOUND ( 'NONE', #7667, .T. ) ;
#10021 = DIRECTION ( 'NONE',  ( -2.478176394252581338E-15, 0.000000000000000000, -1.000000000000000000 ) ) ;
#10022 = DIRECTION ( 'NONE',  ( -0.7071067811865444641, 0.000000000000000000, -0.7071067811865505703 ) ) ;
#10023 = DIRECTION ( 'NONE',  ( 0.000000000000000000, 0.000000000000000000, 1.000000000000000000 ) ) ;
#10024 = PLANE ( 'NONE',  #1373 ) ;
#10025 = AXIS2_PLACEMENT_3D ( 'NONE', #3749, #2672, #2832 ) ;
#10026 = ORIENTED_EDGE ( 'NONE', *, *, #6719, .F. ) ;
#10027 = DIRECTION ( 'NONE',  ( -0.000000000000000000, -1.000000000000000000, -0.000000000000000000 ) ) ;
#10028 = CARTESIAN_POINT ( 'NONE',  ( -3.400000000000003020, 0.000000000000000000, 0.000000000000000000 ) ) ;
#10029 = DIRECTION ( 'NONE',  ( -0.000000000000000000, 0.3420201433256679358, 0.9396926207859087610 ) ) ;
#10030 = EDGE_CURVE ( 'NONE', #10061, #1073, #7485, .T. ) ;
#10031 = AXIS2_PLACEMENT_3D ( 'NONE', #321, #10441, #532 ) ;
#10032 = ORIENTED_EDGE ( 'NONE', *, *, #1736, .T. ) ;
#10033 = FACE_OUTER_BOUND ( 'NONE', #4811, .T. ) ;
#10034 = LINE ( 'NONE', #9215, #9954 ) ;
#10035 = LINE ( 'NONE', #1862, #9338 ) ;
#10036 = PLANE ( 'NONE',  #1789 ) ;
#10037 = VERTEX_POINT ( 'NONE', #9944 ) ;
#10038 = CARTESIAN_POINT ( 'NONE',  ( 10.20000000000000284, -4.999999999999999112, 4.025000000000000355 ) ) ;
#10039 = ORIENTED_EDGE ( 'NONE', *, *, #9331, .T. ) ;
#10040 = EDGE_LOOP ( 'NONE', ( #5546, #9404 ) ) ;
#10041 = VECTOR ( 'NONE', #2472, 1000.000000000000000 ) ;
#10042 = ADVANCED_FACE ( 'NONE', ( #6047 ), #5235, .F. ) ;
#10043 = ADVANCED_FACE ( 'NONE', ( #9174 ), #9374, .T. ) ;
#10044 = ORIENTED_EDGE ( 'NONE', *, *, #7848, .T. ) ;
#10045 = AXIS2_PLACEMENT_3D ( 'NONE', #674, #3007, #8173 ) ;
#10046 = DIRECTION ( 'NONE',  ( -0.000000000000000000, -1.000000000000000000, -0.000000000000000000 ) ) ;
#10047 = ORIENTED_EDGE ( 'NONE', *, *, #6667, .T. ) ;
#10048 = EDGE_CURVE ( 'NONE', #8998, #9232, #5298, .T. ) ;
#10049 = CARTESIAN_POINT ( 'NONE',  ( 3.400000000000002132, 8.399999999999998579, 2.124999999999999112 ) ) ;
#10050 = EDGE_LOOP ( 'NONE', ( #9952, #10434, #8392, #8197 ) ) ;
#10051 = VECTOR ( 'NONE', #2288, 1000.000000000000000 ) ;
#10052 = VECTOR ( 'NONE', #3098, 1000.000000000000000 ) ;
#10053 = EDGE_CURVE ( 'NONE', #1713, #2780, #4529, .T. ) ;
#10054 = CARTESIAN_POINT ( 'NONE',  ( 7.824999999999991296, 1.400000000000003020, 4.825000000000007283 ) ) ;
#10055 = EDGE_CURVE ( 'NONE', #8422, #3302, #1166, .T. ) ;
#10056 = ORIENTED_EDGE ( 'NONE', *, *, #8846, .T. ) ;
#10057 = VERTEX_POINT ( 'NONE', #7791 ) ;
#10058 = LINE ( 'NONE', #3413, #9058 ) ;
#10059 = CONICAL_SURFACE ( 'NONE', #4491, 0.5000000000000006661, 0.5235987755983029235 ) ;
#10060 = EDGE_CURVE ( 'NONE', #6247, #7869, #352, .T. ) ;
#10061 = VERTEX_POINT ( 'NONE', #2784 ) ;
#10062 = DIRECTION ( 'NONE',  ( 0.5773502691896263972, 0.5773502691896245098, 0.5773502691896263972 ) ) ;
#10063 = CARTESIAN_POINT ( 'NONE',  ( 0.1999999999999970690, 8.400000000000000355, -0.4750000000000014766 ) ) ;
#10064 = VECTOR ( 'NONE', #9301, 1000.000000000000000 ) ;
#10065 = CARTESIAN_POINT ( 'NONE',  ( -3.400000000000003020, 2.800000000000000266, -0.4750000000000010325 ) ) ;
#10066 = DIRECTION ( 'NONE',  ( -1.000000000000000000, -0.000000000000000000, -0.000000000000000000 ) ) ;
#10067 = VERTEX_POINT ( 'NONE', #10307 ) ;
#10068 = AXIS2_PLACEMENT_3D ( 'NONE', #1080, #5865, #5915 ) ;
#10069 = FACE_BOUND ( 'NONE', #1864, .T. ) ;
#10070 = ADVANCED_FACE ( 'NONE', ( #10758 ), #2844, .F. ) ;
#10071 = VERTEX_POINT ( 'NONE', #5350 ) ;
#10072 = LINE ( 'NONE', #7723, #6232 ) ;
#10074 = ORIENTED_EDGE ( 'NONE', *, *, #5106, .F. ) ;
#10073 = EDGE_CURVE ( 'NONE', #10483, #4992, #8666, .T. ) ;
#10075 = ORIENTED_EDGE ( 'NONE', *, *, #5594, .F. ) ;
#10076 = PLANE ( 'NONE',  #8387 ) ;
#10077 = DIRECTION ( 'NONE',  ( 0.000000000000000000, 0.000000000000000000, 1.000000000000000000 ) ) ;
#10078 = VECTOR ( 'NONE', #6269, 999.9999999999998863 ) ;
#10079 = FACE_OUTER_BOUND ( 'NONE', #2864, .T. ) ;
#10080 = CARTESIAN_POINT ( 'NONE',  ( 8.199999999999995737, 4.800000000000000711, 7.575000000000001954 ) ) ;
#10081 = DIRECTION ( 'NONE',  ( 1.084202172485504040E-15, 0.000000000000000000, -1.000000000000000000 ) ) ;
#10082 = ORIENTED_EDGE ( 'NONE', *, *, #7488, .T. ) ;
#10083 = FACE_OUTER_BOUND ( 'NONE', #1829, .T. ) ;
#10084 = DIRECTION ( 'NONE',  ( -0.000000000000000000, -1.000000000000000000, -0.000000000000000000 ) ) ;
#10085 = DIRECTION ( 'NONE',  ( -1.000000000000000000, 0.000000000000000000, -0.000000000000000000 ) ) ;
#10086 = VERTEX_POINT ( 'NONE', #3712 ) ;
#10087 = CARTESIAN_POINT ( 'NONE',  ( 2.499999999999996891, -4.999999999999999112, 2.924999999999999822 ) ) ;
#10088 = LINE ( 'NONE', #2471, #8384 ) ;
#10089 = CARTESIAN_POINT ( 'NONE',  ( 10.19999999999999574, 1.000000000000003553, 4.825000000000007283 ) ) ;
#10090 = CYLINDRICAL_SURFACE ( 'NONE', #9622, 0.1999999999999996503 ) ;
#10091 = EDGE_LOOP ( 'NONE', ( #9351, #8559, #8861, #6564 ) ) ;
#10092 = DIRECTION ( 'NONE',  ( -2.267612386897787377E-16, 0.000000000000000000, -1.000000000000000000 ) ) ;
#10093 = ORIENTED_EDGE ( 'NONE', *, *, #4716, .F. ) ;
#10094 = VERTEX_POINT ( 'NONE', #5461 ) ;
#10095 = MANIFOLD_SOLID_BREP ( 'Chamfer1', #10370 ) ;
#10096 = ORIENTED_EDGE ( 'NONE', *, *, #5703, .F. ) ;
#10097 = AXIS2_PLACEMENT_3D ( 'NONE', #5040, #2698, #1779 ) ;
#10098 = DIRECTION ( 'NONE',  ( -0.000000000000000000, -0.000000000000000000, 1.000000000000000000 ) ) ;
#10099 = CARTESIAN_POINT ( 'NONE',  ( -7.000000000000002665, -3.750000000000001332, 0.2249999999999995060 ) ) ;
#10100 = VERTEX_POINT ( 'NONE', #456 ) ;
#10101 = LINE ( 'NONE', #36, #8991 ) ;
#10102 = EDGE_CURVE ( 'NONE', #4754, #6500, #4687, .T. ) ;
#10103 = ORIENTED_EDGE ( 'NONE', *, *, #8639, .F. ) ;
#10104 = VECTOR ( 'NONE', #10276, 1000.000000000000000 ) ;
#10105 = DIRECTION ( 'NONE',  ( -1.000000000000000000, -0.000000000000000000, 8.673617379884035472E-16 ) ) ;
#10106 = ORIENTED_EDGE ( 'NONE', *, *, #4934, .T. ) ;
#10107 = VERTEX_POINT ( 'NONE', #3763 ) ;
#10108 = FACE_OUTER_BOUND ( 'NONE', #2254, .T. ) ;
#10109 = ORIENTED_EDGE ( 'NONE', *, *, #6234, .T. ) ;
#10110 = CARTESIAN_POINT ( 'NONE',  ( 7.980000000000001315, 12.28038475772933147, -2.375000000000002220 ) ) ;
#10111 = CARTESIAN_POINT ( 'NONE',  ( -8.249999999999998224, 8.799999999999997158, 7.835182920028514353 ) ) ;
#10112 = EDGE_CURVE ( 'NONE', #8856, #10557, #4748, .T. ) ;
#10113 = FACE_OUTER_BOUND ( 'NONE', #9090, .T. ) ;
#10114 = DIRECTION ( 'NONE',  ( 0.000000000000000000, -1.000000000000000000, 0.000000000000000000 ) ) ;
#10115 = VECTOR ( 'NONE', #1418, 1000.000000000000000 ) ;
#10116 = EDGE_CURVE ( 'NONE', #7152, #3125, #4164, .T. ) ;
#10117 = ORIENTED_EDGE ( 'NONE', *, *, #5324, .F. ) ;
#10118 = VECTOR ( 'NONE', #8525, 1000.000000000000000 ) ;
#10119 = VECTOR ( 'NONE', #1283, 1000.000000000000000 ) ;
#10120 = CARTESIAN_POINT ( 'NONE',  ( -6.099999999999992539, 2.949999999999998845, -5.650000000000002132 ) ) ;
#10121 = EDGE_CURVE ( 'NONE', #8877, #3476, #624, .T. ) ;
#10122 = CONICAL_SURFACE ( 'NONE', #5431, 0.2000000000000009548, 0.5235987755983037006 ) ;
#10123 = VECTOR ( 'NONE', #6170, 1000.000000000000000 ) ;
#10124 = VERTEX_POINT ( 'NONE', #2141 ) ;
#10125 =( GEOMETRIC_REPRESENTATION_CONTEXT ( 3 ) GLOBAL_UNCERTAINTY_ASSIGNED_CONTEXT ( ( #277 ) ) GLOBAL_UNIT_ASSIGNED_CONTEXT ( ( #5538, #10443, #4502 ) ) REPRESENTATION_CONTEXT ( 'NONE', 'WORKASPACE' ) );
#10126 = LINE ( 'NONE', #2664, #5753 ) ;
#10127 = AXIS2_PLACEMENT_3D ( 'NONE', #7959, #10369, #5471 ) ;
#10128 = VERTEX_POINT ( 'NONE', #8007 ) ;
#10129 = VERTEX_POINT ( 'NONE', #9650 ) ;
#10130 = DIRECTION ( 'NONE',  ( -0.000000000000000000, -0.000000000000000000, 1.000000000000000000 ) ) ;
#10131 = DIRECTION ( 'NONE',  ( 1.000000000000000000, 0.000000000000000000, 0.000000000000000000 ) ) ;
#10132 = VECTOR ( 'NONE', #1657, 1000.000000000000114 ) ;
#10133 = CARTESIAN_POINT ( 'NONE',  ( 8.950000000000002842, 0.000000000000000000, 0.000000000000000000 ) ) ;
#10134 = CARTESIAN_POINT ( 'NONE',  ( 10.20000000000000284, -4.999999999999999112, 5.025000000000000355 ) ) ;
#10135 = CARTESIAN_POINT ( 'NONE',  ( -10.20000000000000284, -1.225000000000000755, 5.025000000000001243 ) ) ;
#10136 = EDGE_CURVE ( 'NONE', #574, #7024, #3928, .T. ) ;
#10137 = ORIENTED_EDGE ( 'NONE', *, *, #10177, .F. ) ;
#10138 = VECTOR ( 'NONE', #6115, 1000.000000000000000 ) ;
#10139 = CYLINDRICAL_SURFACE ( 'NONE', #5244, 0.5000000000000006661 ) ;
#10140 = VECTOR ( 'NONE', #4420, 1000.000000000000000 ) ;
#10141 = DIRECTION ( 'NONE',  ( -0.000000000000000000, -1.000000000000000000, -0.000000000000000000 ) ) ;
#10142 = EDGE_CURVE ( 'NONE', #2780, #1461, #7846, .T. ) ;
#10143 = EDGE_CURVE ( 'NONE', #1894, #5492, #10419, .T. ) ;
#10144 = DIRECTION ( 'NONE',  ( 0.000000000000000000, 0.000000000000000000, 1.000000000000000000 ) ) ;
#10145 = EDGE_LOOP ( 'NONE', ( #5770, #6144, #9395, #4430 ) ) ;
#10146 = CARTESIAN_POINT ( 'NONE',  ( 10.20000000000000284, 7.299999999999998934, 5.024999999999999467 ) ) ;
#10147 = LINE ( 'NONE', #9486, #2835 ) ;
#10148 = VECTOR ( 'NONE', #1058, 1000.000000000000000 ) ;
#10149 = CARTESIAN_POINT ( 'NONE',  ( 0.000000000000000000, -3.750000000000001332, 4.025000000000000355 ) ) ;
#10150 = CARTESIAN_POINT ( 'NONE',  ( 8.180000000000001492, 12.80000000000000071, -3.825000000000000622 ) ) ;
#10151 = ORIENTED_EDGE ( 'NONE', *, *, #7522, .F. ) ;
#10152 = ORIENTED_EDGE ( 'NONE', *, *, #5555, .F. ) ;
#10153 = ORIENTED_EDGE ( 'NONE', *, *, #2217, .T. ) ;
#10154 = EDGE_CURVE ( 'NONE', #4256, #9510, #7038, .T. ) ;
#10155 = DIRECTION ( 'NONE',  ( -0.000000000000000000, -1.000000000000000000, -0.000000000000000000 ) ) ;
#10156 = ORIENTED_EDGE ( 'NONE', *, *, #86, .T. ) ;
#10157 = LINE ( 'NONE', #1062, #3512 ) ;
#10158 = DIRECTION ( 'NONE',  ( -1.000000000000000000, 0.000000000000000000, -0.000000000000000000 ) ) ;
#10159 = ORIENTED_EDGE ( 'NONE', *, *, #4650, .T. ) ;
#10160 = CARTESIAN_POINT ( 'NONE',  ( -8.999999999999998224, 2.800000000000000266, 1.724999999999999201 ) ) ;
#10161 = ORIENTED_EDGE ( 'NONE', *, *, #5791, .T. ) ;
#10162 = CARTESIAN_POINT ( 'NONE',  ( -5.599999999999996980, -0.8500000000000011990, 2.425000000000000266 ) ) ;
#10163 = ORIENTED_EDGE ( 'NONE', *, *, #9519, .T. ) ;
#10164 = EDGE_CURVE ( 'NONE', #10557, #7820, #2951, .T. ) ;
#10165 = ORIENTED_EDGE ( 'NONE', *, *, #4238, .F. ) ;
#10166 = CARTESIAN_POINT ( 'NONE',  ( -2.874999999999999112, 0.000000000000000000, -4.824999999999999289 ) ) ;
#10167 = ORIENTED_EDGE ( 'NONE', *, *, #4877, .F. ) ;
#10168 = CARTESIAN_POINT ( 'NONE',  ( 7.824999999999991296, 1.400000000000003020, 4.025000000000000355 ) ) ;
#10169 = DIRECTION ( 'NONE',  ( 0.000000000000000000, 1.000000000000000000, 0.000000000000000000 ) ) ;
#10170 = CARTESIAN_POINT ( 'NONE',  ( -7.000000000000002665, 0.000000000000000000, 0.000000000000000000 ) ) ;
#10171 = CARTESIAN_POINT ( 'NONE',  ( -6.849999999999996980, -2.300000000000001599, -8.400000000000000355 ) ) ;
#10172 = ORIENTED_EDGE ( 'NONE', *, *, #10381, .F. ) ;
#10173 = ORIENTED_EDGE ( 'NONE', *, *, #9254, .F. ) ;
#10174 = CARTESIAN_POINT ( 'NONE',  ( -8.999999999999998224, 2.800000000000000266, -0.07500000000000084377 ) ) ;
#10175 = EDGE_LOOP ( 'NONE', ( #9127, #2006, #430, #9192 ) ) ;
#10176 = EDGE_CURVE ( 'NONE', #2278, #4875, #6946, .T. ) ;
#10177 = EDGE_CURVE ( 'NONE', #7754, #8756, #7202, .T. ) ;
#10178 = DIRECTION ( 'NONE',  ( -1.938238520644477159E-16, -4.845596301611192898E-17, -1.000000000000000000 ) ) ;
#10179 = ORIENTED_EDGE ( 'NONE', *, *, #4405, .F. ) ;
#10180 = VERTEX_POINT ( 'NONE', #2190 ) ;
#10181 = CARTESIAN_POINT ( 'NONE',  ( 1.999999999999996669, -3.350000000000000977, 4.025000000000000355 ) ) ;
#10182 = PLANE ( 'NONE',  #8231 ) ;
#10183 = LINE ( 'NONE', #8539, #10753 ) ;
#10184 = ADVANCED_FACE ( 'NONE', ( #5511 ), #6378, .F. ) ;
#10185 = LINE ( 'NONE', #10134, #7758 ) ;
#10186 = CARTESIAN_POINT ( 'NONE',  ( -5.599999999999990763, 3.649999999999999911, 3.187878387081809262 ) ) ;
#10187 = ORIENTED_EDGE ( 'NONE', *, *, #2386, .T. ) ;
#10188 = CARTESIAN_POINT ( 'NONE',  ( -9.000000000000000000, 2.800000000000000266, -4.024999999999999467 ) ) ;
#10189 = CARTESIAN_POINT ( 'NONE',  ( -4.299999999999998046, 8.399999999999998579, 1.724999999999999645 ) ) ;
#10190 = DIRECTION ( 'NONE',  ( 0.000000000000000000, 0.000000000000000000, -1.000000000000000000 ) ) ;
#10191 = EDGE_CURVE ( 'NONE', #3086, #7106, #4961, .T. ) ;
#10192 = VECTOR ( 'NONE', #8235, 1000.000000000000000 ) ;
#10193 = VERTEX_POINT ( 'NONE', #835 ) ;
#10194 = PLANE ( 'NONE',  #5080 ) ;
#10195 = DIRECTION ( 'NONE',  ( 0.7071067811865460184, 8.659560562354913137E-17, -0.7071067811865489050 ) ) ;
#10196 = DIRECTION ( 'NONE',  ( 0.000000000000000000, -0.000000000000000000, 1.000000000000000000 ) ) ;
#10197 = EDGE_CURVE ( 'NONE', #2816, #10220, #4039, .T. ) ;
#10198 = DIRECTION ( 'NONE',  ( 0.000000000000000000, 0.000000000000000000, -1.000000000000000000 ) ) ;
#10199 = LINE ( 'NONE', #354, #8035 ) ;
#10200 = EDGE_CURVE ( 'NONE', #7024, #3120, #8115, .T. ) ;
#10201 = ORIENTED_EDGE ( 'NONE', *, *, #1624, .F. ) ;
#10202 = ORIENTED_EDGE ( 'NONE', *, *, #3904, .F. ) ;
#10203 = LINE ( 'NONE', #1057, #978 ) ;
#10204 = FACE_OUTER_BOUND ( 'NONE', #4696, .T. ) ;
#10205 = AXIS2_PLACEMENT_3D ( 'NONE', #1645, #3484, #885 ) ;
#10206 = EDGE_LOOP ( 'NONE', ( #5657, #793, #8738, #2441 ) ) ;
#10207 = CARTESIAN_POINT ( 'NONE',  ( -6.999999999999997335, 5.150000000000000355, -8.550000000000002487 ) ) ;
#10208 = LINE ( 'NONE', #5361, #10482 ) ;
#10209 = EDGE_LOOP ( 'NONE', ( #6666, #1621, #5905, #241 ) ) ;
#10210 = EDGE_CURVE ( 'NONE', #3815, #6179, #4802, .T. ) ;
#10211 = CARTESIAN_POINT ( 'NONE',  ( 9.000000000000001776, 2.800000000000000266, 3.824999999999998845 ) ) ;
#10212 = FACE_OUTER_BOUND ( 'NONE', #3665, .T. ) ;
#10213 = VECTOR ( 'NONE', #10498, 1000.000000000000000 ) ;
#10214 = VERTEX_POINT ( 'NONE', #66 ) ;
#10215 = CARTESIAN_POINT ( 'NONE',  ( -8.950000000000002842, -3.375000000000000888, 4.025000000000000355 ) ) ;
#10216 = AXIS2_PLACEMENT_3D ( 'NONE', #366, #8784, #2799 ) ;
#10217 = VERTEX_POINT ( 'NONE', #9975 ) ;
#10218 = ORIENTED_EDGE ( 'NONE', *, *, #3020, .T. ) ;
#10219 = DIRECTION ( 'NONE',  ( -1.000000000000000000, 0.000000000000000000, 0.000000000000000000 ) ) ;
#10220 = VERTEX_POINT ( 'NONE', #2356 ) ;
#10221 = CARTESIAN_POINT ( 'NONE',  ( -5.674999999999997158, 12.80000000000000071, -4.824999999999998401 ) ) ;
#10222 = CARTESIAN_POINT ( 'NONE',  ( 0.6999999999999975131, -4.999999999999999112, 2.924999999999999822 ) ) ;
#10223 = DIRECTION ( 'NONE',  ( 0.000000000000000000, -1.000000000000000000, 0.000000000000000000 ) ) ;
#10224 = DIRECTION ( 'NONE',  ( 1.000000000000000000, 0.000000000000000000, -0.000000000000000000 ) ) ;
#10225 = ORIENTED_EDGE ( 'NONE', *, *, #4507, .T. ) ;
#10226 = EDGE_LOOP ( 'NONE', ( #3580, #8474, #9780, #5573 ) ) ;
#10227 = EDGE_CURVE ( 'NONE', #1375, #2240, #4092, .T. ) ;
#10228 =( REPRESENTATION_RELATIONSHIP ('NONE','NONE', #8135, #7031 ) REPRESENTATION_RELATIONSHIP_WITH_TRANSFORMATION ( #8145 )SHAPE_REPRESENTATION_RELATIONSHIP( ) );
#10229 = DIRECTION ( 'NONE',  ( -0.000000000000000000, -1.000000000000000000, -0.000000000000000000 ) ) ;
#10230 = AXIS2_PLACEMENT_3D ( 'NONE', #10010, #1028, #5867 ) ;
#10231 = ORIENTED_EDGE ( 'NONE', *, *, #1531, .T. ) ;
#10232 = PLANE ( 'NONE',  #8670 ) ;
#10233 = VECTOR ( 'NONE', #2290, 1000.000000000000000 ) ;
#10234 = EDGE_LOOP ( 'NONE', ( #5921, #8478, #4954, #2213 ) ) ;
#10235 = ORIENTED_EDGE ( 'NONE', *, *, #536, .F. ) ;
#10236 = CARTESIAN_POINT ( 'NONE',  ( -5.599999999999996980, -1.250000000000001332, 4.025000000000000355 ) ) ;
#10237 = CARTESIAN_POINT ( 'NONE',  ( -3.950000000000000178, 0.9155523756961149173, -3.025000000000001243 ) ) ;
#10238 = LINE ( 'NONE', #3588, #7280 ) ;
#10239 = CARTESIAN_POINT ( 'NONE',  ( -4.700000000000002842, -3.750000000000001332, 4.025000000000000355 ) ) ;
#10240 = LINE ( 'NONE', #9257, #4492 ) ;
#10241 = AXIS2_PLACEMENT_3D ( 'NONE', #1626, #6461, #2334 ) ;
#10242 = AXIS2_PLACEMENT_3D ( 'NONE', #9462, #435, #4445 ) ;
#10243 = ORIENTED_EDGE ( 'NONE', *, *, #801, .T. ) ;
#10244 = EDGE_CURVE ( 'NONE', #9287, #583, #4194, .T. ) ;
#10245 = DIRECTION ( 'NONE',  ( -1.495451272393799542E-16, -0.000000000000000000, -1.000000000000000000 ) ) ;
#10246 = CARTESIAN_POINT ( 'NONE',  ( 3.150000000000000799, 12.80000000000000071, -3.025000000000001243 ) ) ;
#10247 = CARTESIAN_POINT ( 'NONE',  ( 1.935000000000000941, 2.800000000000000266, -4.025000000000000355 ) ) ;
#10248 = AXIS2_PLACEMENT_3D ( 'NONE', #6214, #10359, #7092 ) ;
#10249 = ORIENTED_EDGE ( 'NONE', *, *, #7401, .F. ) ;
#10250 = CARTESIAN_POINT ( 'NONE',  ( 8.250000000000001776, 8.799999999999998934, 5.375000000000000000 ) ) ;
#10251 = FACE_BOUND ( 'NONE', #899, .T. ) ;
#10252 = PLANE ( 'NONE',  #9553 ) ;
#10253 = CARTESIAN_POINT ( 'NONE',  ( 2.875000000000000000, 10.50000000000000000, -4.824999999999999289 ) ) ;
#10254 = CARTESIAN_POINT ( 'NONE',  ( -10.20000000000000107, 7.299999999999996270, 7.835182920028514353 ) ) ;
#10255 = VECTOR ( 'NONE', #10084, 1000.000000000000000 ) ;
#10256 = EDGE_LOOP ( 'NONE', ( #5218, #4655, #7797, #3593, #2762, #8954, #7583, #9736 ) ) ;
#10257 = EDGE_CURVE ( 'NONE', #120, #1354, #5828, .T. ) ;
#10258 = ORIENTED_EDGE ( 'NONE', *, *, #1156, .F. ) ;
#10259 = ADVANCED_FACE ( 'NONE', ( #9150 ), #1697, .T. ) ;
#10260 = FACE_OUTER_BOUND ( 'NONE', #7344, .T. ) ;
#10261 = FACE_OUTER_BOUND ( 'NONE', #8919, .T. ) ;
#10262 = EDGE_CURVE ( 'NONE', #9523, #2855, #8328, .T. ) ;
#10263 = ORIENTED_EDGE ( 'NONE', *, *, #4238, .T. ) ;
#10264 = PLANE ( 'NONE',  #399 ) ;
#10265 = LINE ( 'NONE', #2796, #10138 ) ;
#10266 = EDGE_LOOP ( 'NONE', ( #5123, #2555, #7654, #6796 ) ) ;
#10267 = CARTESIAN_POINT ( 'NONE',  ( 9.000000000000000000, 2.800000000000000266, -4.025000000000001243 ) ) ;
#10268 = CARTESIAN_POINT ( 'NONE',  ( 1.600000000000002531, 8.399999999999998579, 2.124999999999999112 ) ) ;
#10269 = ORIENTED_EDGE ( 'NONE', *, *, #6438, .F. ) ;
#10270 = EDGE_CURVE ( 'NONE', #5354, #7674, #4142, .T. ) ;
#10271 = VECTOR ( 'NONE', #5875, 1000.000000000000000 ) ;
#10272 = DIRECTION ( 'NONE',  ( 1.000000000000000000, 0.000000000000000000, 0.000000000000000000 ) ) ;
#10273 = EDGE_CURVE ( 'NONE', #789, #8586, #6699, .T. ) ;
#10274 = ORIENTED_EDGE ( 'NONE', *, *, #8497, .F. ) ;
#10275 = ORIENTED_EDGE ( 'NONE', *, *, #279, .T. ) ;
#10276 = DIRECTION ( 'NONE',  ( 0.000000000000000000, -1.000000000000000000, 0.000000000000000000 ) ) ;
#10277 = ORIENTED_EDGE ( 'NONE', *, *, #438, .F. ) ;
#10278 = CARTESIAN_POINT ( 'NONE',  ( -3.074999999999998845, 11.71428571428571530, -4.225000000000004086 ) ) ;
#10279 = SURFACE_STYLE_FILL_AREA ( #5486 ) ;
#10280 = AXIS2_PLACEMENT_3D ( 'NONE', #1301, #2969, #5264 ) ;
#10281 = FILL_AREA_STYLE ('',( #4710 ) ) ;
#10282 = PLANE ( 'NONE',  #5242 ) ;
#10283 = ORIENTED_EDGE ( 'NONE', *, *, #7077, .T. ) ;
#10284 = ORIENTED_EDGE ( 'NONE', *, *, #2747, .T. ) ;
#10285 = DIRECTION ( 'NONE',  ( -1.000000000000000000, 0.000000000000000000, 0.000000000000000000 ) ) ;
#10286 = EDGE_LOOP ( 'NONE', ( #9721, #5038, #3116, #3923 ) ) ;
#10287 = DIRECTION ( 'NONE',  ( 0.000000000000000000, 0.000000000000000000, -1.000000000000000000 ) ) ;
#10288 = ORIENTED_EDGE ( 'NONE', *, *, #867, .T. ) ;
#10289 = ORIENTED_EDGE ( 'NONE', *, *, #8846, .F. ) ;
#10290 = DIRECTION ( 'NONE',  ( 1.000000000000000000, 0.000000000000000000, -0.000000000000000000 ) ) ;
#10291 = CARTESIAN_POINT ( 'NONE',  ( -2.499999999999997780, -0.8500000000000011990, 2.924999999999999822 ) ) ;
#10292 = AXIS2_PLACEMENT_3D ( 'NONE', #1835, #271, #3575 ) ;
#10293 = DIRECTION ( 'NONE',  ( 0.000000000000000000, 0.000000000000000000, 1.000000000000000000 ) ) ;
#10294 = VECTOR ( 'NONE', #1854, 1000.000000000000000 ) ;
#10295 = DIRECTION ( 'NONE',  ( 1.000000000000000000, 0.000000000000000000, 0.000000000000000000 ) ) ;
#10296 = DIRECTION ( 'NONE',  ( -0.000000000000000000, -1.000000000000000000, 0.000000000000000000 ) ) ;
#10297 = VERTEX_POINT ( 'NONE', #1592 ) ;
#10298 = CARTESIAN_POINT ( 'NONE',  ( -7.000000000000002665, -3.350000000000000977, 4.025000000000000355 ) ) ;
#10299 = FACE_OUTER_BOUND ( 'NONE', #10494, .T. ) ;
#10300 = DIRECTION ( 'NONE',  ( 0.000000000000000000, 0.000000000000000000, 1.000000000000000000 ) ) ;
#10301 = VECTOR ( 'NONE', #3334, 1000.000000000000000 ) ;
#10302 = VERTEX_POINT ( 'NONE', #5882 ) ;
#10303 = ADVANCED_FACE ( 'NONE', ( #6590 ), #9916, .T. ) ;
#10304 = CARTESIAN_POINT ( 'NONE',  ( 4.700000000000002842, 2.800000000000000266, 3.825000000000001066 ) ) ;
#10305 = LINE ( 'NONE', #1916, #5786 ) ;
#10306 = VECTOR ( 'NONE', #2257, 1000.000000000000000 ) ;
#10307 = CARTESIAN_POINT ( 'NONE',  ( -2.750000000000000000, 11.90000000000000036, -3.025000000000001243 ) ) ;
#10308 = CARTESIAN_POINT ( 'NONE',  ( -6.999999999999995559, 5.849999999999999645, 3.600000000000000977 ) ) ;
#10309 = DIRECTION ( 'NONE',  ( 1.000000000000000000, 0.000000000000000000, 0.000000000000000000 ) ) ;
#10310 = VECTOR ( 'NONE', #2993, 1000.000000000000000 ) ;
#10311 = CIRCLE ( 'NONE', #1447, 0.8000000000000060396 ) ;
#10312 = EDGE_LOOP ( 'NONE', ( #9023, #5523, #2765, #7915 ) ) ;
#10313 = ORIENTED_EDGE ( 'NONE', *, *, #2467, .F. ) ;
#10314 = CARTESIAN_POINT ( 'NONE',  ( -4.299999999999998046, -0.8500000000000011990, 4.025000000000000355 ) ) ;
#10315 = AXIS2_PLACEMENT_3D ( 'NONE', #10488, #5639, #2963 ) ;
#10316 = DIRECTION ( 'NONE',  ( 0.000000000000000000, 1.000000000000000000, 0.000000000000000000 ) ) ;
#10317 = AXIS2_PLACEMENT_3D ( 'NONE', #10683, #6478, #5720 ) ;
#10318 = VERTEX_POINT ( 'NONE', #9101 ) ;
#10319 = EDGE_CURVE ( 'NONE', #5621, #7581, #4909, .T. ) ;
#10320 = EDGE_CURVE ( 'NONE', #10724, #8467, #8994, .T. ) ;
#10321 = DIRECTION ( 'NONE',  ( -0.000000000000000000, -1.000000000000000000, -0.000000000000000000 ) ) ;
#10322 = CARTESIAN_POINT ( 'NONE',  ( 1.934999999999999165, 7.099999999999999645, -5.024999999999999467 ) ) ;
#10323 = ORIENTED_EDGE ( 'NONE', *, *, #5138, .T. ) ;
#10324 = DIRECTION ( 'NONE',  ( 0.000000000000000000, -0.000000000000000000, -1.000000000000000000 ) ) ;
#10325 = LINE ( 'NONE', #7050, #1962 ) ;
#10326 = EDGE_CURVE ( 'NONE', #6681, #8002, #786, .T. ) ;
#10327 = ORIENTED_EDGE ( 'NONE', *, *, #1612, .T. ) ;
#10328 = LINE ( 'NONE', #9620, #5019 ) ;
#10329 = EDGE_LOOP ( 'NONE', ( #9118, #8776, #1064, #8958 ) ) ;
#10330 = ADVANCED_FACE ( 'NONE', ( #3986 ), #6489, .F. ) ;
#10331 = ORIENTED_EDGE ( 'NONE', *, *, #8071, .F. ) ;
#10332 = CARTESIAN_POINT ( 'NONE',  ( 1.935000000000000941, 10.05000000000000071, -2.675000000000000266 ) ) ;
#10333 = ORIENTED_EDGE ( 'NONE', *, *, #8464, .F. ) ;
#10334 = CARTESIAN_POINT ( 'NONE',  ( 8.950000000000002842, -3.024999999999999467, 5.375000000000000000 ) ) ;
#10335 = FACE_OUTER_BOUND ( 'NONE', #9675, .T. ) ;
#10336 = DIRECTION ( 'NONE',  ( 0.000000000000000000, 0.000000000000000000, 1.000000000000000000 ) ) ;
#10337 = DIRECTION ( 'NONE',  ( -0.000000000000000000, 0.000000000000000000, 1.000000000000000000 ) ) ;
#10338 = ADVANCED_FACE ( 'NONE', ( #1644 ), #5222, .T. ) ;
#10339 = VERTEX_POINT ( 'NONE', #7565 ) ;
#10340 = ADVANCED_FACE ( 'NONE', ( #10079 ), #4352, .F. ) ;
#10341 = ORIENTED_EDGE ( 'NONE', *, *, #10727, .F. ) ;
#10342 = DIRECTION ( 'NONE',  ( 1.000000000000000000, -0.000000000000000000, 0.000000000000000000 ) ) ;
#10343 = ORIENTED_EDGE ( 'NONE', *, *, #7663, .T. ) ;
#10344 = CARTESIAN_POINT ( 'NONE',  ( 0.000000000000000000, -0.8500000000000011990, 4.025000000000000355 ) ) ;
#10345 = ORIENTED_EDGE ( 'NONE', *, *, #6471, .F. ) ;
#10346 = ORIENTED_EDGE ( 'NONE', *, *, #5342, .F. ) ;
#10347 = CARTESIAN_POINT ( 'NONE',  ( 10.20000000000000462, 1.599999999999995426, 5.024999999999999467 ) ) ;
#10348 = CARTESIAN_POINT ( 'NONE',  ( 2.875000000000000000, 12.80000000000000071, -4.824999999999999289 ) ) ;
#10349 = DIRECTION ( 'NONE',  ( 1.000000000000000000, 0.000000000000000000, 0.000000000000000000 ) ) ;
#10350 = LINE ( 'NONE', #2884, #9855 ) ;
#10351 = DIRECTION ( 'NONE',  ( -0.000000000000000000, -1.000000000000000000, -0.000000000000000000 ) ) ;
#10352 = ORIENTED_EDGE ( 'NONE', *, *, #4188, .T. ) ;
#10353 = CARTESIAN_POINT ( 'NONE',  ( -10.19999999999999574, 1.000000000000000888, 4.025000000000000355 ) ) ;
#10354 = DIRECTION ( 'NONE',  ( 0.000000000000000000, 1.000000000000000000, 0.000000000000000000 ) ) ;
#10355 = FACE_OUTER_BOUND ( 'NONE', #10145, .T. ) ;
#10356 = CARTESIAN_POINT ( 'NONE',  ( 8.950000000000002842, -3.374999999999998668, 5.025000000000001243 ) ) ;
#10357 = CARTESIAN_POINT ( 'NONE',  ( 2.900000000000001688, 0.000000000000000000, 4.025000000000000355 ) ) ;
#10358 = DIRECTION ( 'NONE',  ( 0.000000000000000000, -1.000000000000000000, 0.000000000000000000 ) ) ;
#10359 = DIRECTION ( 'NONE',  ( -0.000000000000000000, -1.000000000000000000, -0.000000000000000000 ) ) ;
#10360 = LINE ( 'NONE', #406, #2572 ) ;
#10361 = DIRECTION ( 'NONE',  ( -0.000000000000000000, -0.000000000000000000, 1.000000000000000000 ) ) ;
#10362 = ORIENTED_EDGE ( 'NONE', *, *, #10143, .T. ) ;
#10363 = DIRECTION ( 'NONE',  ( 0.000000000000000000, -1.000000000000000000, 0.000000000000000000 ) ) ;
#10364 = ADVANCED_FACE ( 'NONE', ( #4298 ), #116, .T. ) ;
#10365 = CARTESIAN_POINT ( 'NONE',  ( -6.499999999999997335, 5.150000000000000355, -8.150000000000002132 ) ) ;
#10366 = AXIS2_PLACEMENT_3D ( 'NONE', #6208, #3102, #615 ) ;
#10367 = VERTEX_POINT ( 'NONE', #2617 ) ;
#10368 = AXIS2_PLACEMENT_3D ( 'NONE', #1441, #7258, #10583 ) ;
#10369 = DIRECTION ( 'NONE',  ( 0.000000000000000000, 1.000000000000000000, 0.000000000000000000 ) ) ;
#10370 = CLOSED_SHELL ( 'NONE', ( #10719, #2425, #5245, #3919, #3467, #5063, #1487, #5835, #7260, #4828, #1032, #6778, #9013, #7527, #1235, #10534, #1926, #5644, #723, #10605, #3792, #9391 ) ) ;
#10371 = DIRECTION ( 'NONE',  ( 0.000000000000000000, 0.000000000000000000, -1.000000000000000000 ) ) ;
#10372 = VERTEX_POINT ( 'NONE', #6804 ) ;
#10373 = LINE ( 'NONE', #1931, #5345 ) ;
#10374 = FACE_OUTER_BOUND ( 'NONE', #3360, .T. ) ;
#10375 = VERTEX_POINT ( 'NONE', #1151 ) ;
#10376 = VECTOR ( 'NONE', #9802, 1000.000000000000000 ) ;
#10377 = EDGE_CURVE ( 'NONE', #6897, #3332, #10183, .T. ) ;
#10378 = ADVANCED_FACE ( 'NONE', ( #9359 ), #2831, .F. ) ;
#10379 = LINE ( 'NONE', #5313, #9362 ) ;
#10380 = ORIENTED_EDGE ( 'NONE', *, *, #3917, .F. ) ;
#10381 = EDGE_CURVE ( 'NONE', #4466, #1509, #6863, .T. ) ;
#10382 = VECTOR ( 'NONE', #7591, 1000.000000000000000 ) ;
#10383 = ORIENTED_EDGE ( 'NONE', *, *, #6999, .F. ) ;
#10384 = DIRECTION ( 'NONE',  ( -0.5000000000000047740, 0.8660254037844359321, 1.445602896647345030E-15 ) ) ;
#10385 = ORIENTED_EDGE ( 'NONE', *, *, #9720, .F. ) ;
#10386 = DIRECTION ( 'NONE',  ( -0.000000000000000000, -0.000000000000000000, 1.000000000000000000 ) ) ;
#10387 = CARTESIAN_POINT ( 'NONE',  ( 9.574999999999993960, 2.400000000000003464, 4.025000000000000355 ) ) ;
#10388 = ORIENTED_EDGE ( 'NONE', *, *, #415, .T. ) ;
#10389 = ORIENTED_EDGE ( 'NONE', *, *, #1207, .F. ) ;
#10390 = EDGE_CURVE ( 'NONE', #9631, #4368, #10238, .T. ) ;
#10391 = EDGE_CURVE ( 'NONE', #829, #2476, #5931, .T. ) ;
#10392 = AXIS2_PLACEMENT_3D ( 'NONE', #3764, #9489, #1224 ) ;
#10393 = ADVANCED_FACE ( 'NONE', ( #2671 ), #9306, .F. ) ;
#10394 = DIRECTION ( 'NONE',  ( 0.000000000000000000, 0.000000000000000000, -1.000000000000000000 ) ) ;
#10395 = ORIENTED_EDGE ( 'NONE', *, *, #4, .F. ) ;
#10396 = ADVANCED_FACE ( 'NONE', ( #4411 ), #9255, .T. ) ;
#10397 = DIRECTION ( 'NONE',  ( -1.000000000000000000, 0.000000000000000000, 0.000000000000000000 ) ) ;
#10398 = ORIENTED_EDGE ( 'NONE', *, *, #7118, .T. ) ;
#10399 = VERTEX_POINT ( 'NONE', #5287 ) ;
#10400 = CARTESIAN_POINT ( 'NONE',  ( 10.20000000000000462, 7.299999999999998934, 5.025000000000001243 ) ) ;
#10401 = DIRECTION ( 'NONE',  ( 0.000000000000000000, 0.000000000000000000, 1.000000000000000000 ) ) ;
#10402 = LINE ( 'NONE', #5553, #5708 ) ;
#10403 = DIRECTION ( 'NONE',  ( 1.000000000000000000, 0.000000000000000000, 0.000000000000000000 ) ) ;
#10404 = CARTESIAN_POINT ( 'NONE',  ( -10.20000000000000284, -4.999999999999999112, 5.025000000000000355 ) ) ;
#10405 = ORIENTED_EDGE ( 'NONE', *, *, #10200, .T. ) ;
#10406 = EDGE_CURVE ( 'NONE', #2537, #5329, #1848, .T. ) ;
#10407 = CARTESIAN_POINT ( 'NONE',  ( -10.19999999999999929, 8.800000000000000711, 5.375000000000000000 ) ) ;
#10408 = AXIS2_PLACEMENT_3D ( 'NONE', #6913, #6035, #6751 ) ;
#10409 = FACE_OUTER_BOUND ( 'NONE', #5825, .T. ) ;
#10410 = DIRECTION ( 'NONE',  ( -1.000000000000000000, 0.000000000000000000, -0.000000000000000000 ) ) ;
#10411 = AXIS2_PLACEMENT_3D ( 'NONE', #4576, #4517, #7889 ) ;
#10412 = EDGE_CURVE ( 'NONE', #5055, #1877, #7778, .T. ) ;
#10413 = ORIENTED_EDGE ( 'NONE', *, *, #5074, .T. ) ;
#10414 = DIRECTION ( 'NONE',  ( -1.779203565104417523E-15, -1.000000000000000000, 0.000000000000000000 ) ) ;
#10415 = FACE_OUTER_BOUND ( 'NONE', #8291, .T. ) ;
#10416 = PLANE ( 'NONE',  #3362 ) ;
#10417 = AXIS2_PLACEMENT_3D ( 'NONE', #2965, #6286, #1398 ) ;
#10418 = VECTOR ( 'NONE', #2174, 1000.000000000000000 ) ;
#10419 = LINE ( 'NONE', #7843, #165 ) ;
#10420 = DIRECTION ( 'NONE',  ( 0.000000000000000000, 0.000000000000000000, -1.000000000000000000 ) ) ;
#10421 = CARTESIAN_POINT ( 'NONE',  ( -9.574999999999993960, 2.400000000000001243, 4.025000000000000355 ) ) ;
#10422 = EDGE_LOOP ( 'NONE', ( #4139, #10490, #5091, #5847 ) ) ;
#10423 = VECTOR ( 'NONE', #3583, 1000.000000000000000 ) ;
#10424 = DIRECTION ( 'NONE',  ( 1.000000000000000000, -0.000000000000000000, 0.000000000000000000 ) ) ;
#10425 = CARTESIAN_POINT ( 'NONE',  ( -8.180000000000001492, 12.28038475772934035, -4.024999999999999467 ) ) ;
#10426 = VECTOR ( 'NONE', #1513, 1000.000000000000000 ) ;
#10427 = ORIENTED_EDGE ( 'NONE', *, *, #10136, .F. ) ;
#10428 = CARTESIAN_POINT ( 'NONE',  ( -1.434999999999999387, 11.09999999999999964, 1.540689534999236443 ) ) ;
#10429 = CARTESIAN_POINT ( 'NONE',  ( 9.574999999999993960, 2.400000000000003464, 4.025000000000000355 ) ) ;
#10430 = ORIENTED_EDGE ( 'NONE', *, *, #1777, .T. ) ;
#10431 = DIRECTION ( 'NONE',  ( -1.000000000000000000, 0.000000000000000000, -0.000000000000000000 ) ) ;
#10432 = DIRECTION ( 'NONE',  ( -1.000000000000000000, 0.000000000000000000, -0.000000000000000000 ) ) ;
#10433 = AXIS2_PLACEMENT_3D ( 'NONE', #230, #5985, #4247 ) ;
#10434 = ORIENTED_EDGE ( 'NONE', *, *, #9613, .F. ) ;
#10435 = CARTESIAN_POINT ( 'NONE',  ( -7.980000000000001315, 2.800000000000000266, -3.824999999999998401 ) ) ;
#10436 = ORIENTED_EDGE ( 'NONE', *, *, #10273, .T. ) ;
#10437 = VERTEX_POINT ( 'NONE', #337 ) ;
#10438 = DIRECTION ( 'NONE',  ( -0.000000000000000000, -0.000000000000000000, 1.000000000000000000 ) ) ;
#10439 = ADVANCED_FACE ( 'NONE', ( #3642 ), #10059, .F. ) ;
#10440 = ORIENTED_EDGE ( 'NONE', *, *, #8995, .T. ) ;
#10441 = DIRECTION ( 'NONE',  ( -1.000000000000000000, 0.000000000000000000, 0.000000000000000000 ) ) ;
#10442 = CARTESIAN_POINT ( 'NONE',  ( -6.099999999999997868, 0.000000000000000000, 4.025000000000000355 ) ) ;
#10443 =( NAMED_UNIT ( * ) PLANE_ANGLE_UNIT ( ) SI_UNIT ( $, .RADIAN. ) );
#10444 = EDGE_LOOP ( 'NONE', ( #3498, #5026, #2529, #8256 ) ) ;
#10445 = EDGE_LOOP ( 'NONE', ( #6416, #7986, #9273, #707 ) ) ;
#10446 = PLANE ( 'NONE',  #9796 ) ;
#10447 = VERTEX_POINT ( 'NONE', #2715 ) ;
#10448 = CARTESIAN_POINT ( 'NONE',  ( -6.849999999999995204, 5.699999999999998401, 3.600000000000000977 ) ) ;
#10449 = AXIS2_PLACEMENT_3D ( 'NONE', #2601, #1676, #2498 ) ;
#10450 = ADVANCED_FACE ( 'NONE', ( #6148, #5168, #1746, #1041, #5064, #8379, #7935, #9528, #3096, #1206, #2986, #8703, #7129, #3748, #391, #5390, #1314 ), #7079, .F. ) ;
#10451 = ORIENTED_EDGE ( 'NONE', *, *, #9641, .F. ) ;
#10452 = EDGE_LOOP ( 'NONE', ( #4763, #4593, #2674, #7120 ) ) ;
#10453 = EDGE_CURVE ( 'NONE', #9640, #10724, #10402, .T. ) ;
#10454 = PLANE ( 'NONE',  #6133 ) ;
#10455 = LINE ( 'NONE', #7992, #4372 ) ;
#10456 = PRODUCT_DEFINITION_FORMATION_WITH_SPECIFIED_SOURCE ( 'ANY', '', #9015, .NOT_KNOWN. ) ;
#10457 = DIRECTION ( 'NONE',  ( -0.000000000000000000, 1.000000000000000000, -0.000000000000000000 ) ) ;
#10458 = CARTESIAN_POINT ( 'NONE',  ( 1.100000000000002087, -1.250000000000001332, 4.025000000000000355 ) ) ;
#10459 = DIRECTION ( 'NONE',  ( -0.000000000000000000, -1.000000000000000000, -0.000000000000000000 ) ) ;
#10460 = ORIENTED_EDGE ( 'NONE', *, *, #6798, .F. ) ;
#10461 = EDGE_CURVE ( 'NONE', #9105, #5147, #9689, .T. ) ;
#10462 = LINE ( 'NONE', #6316, #558 ) ;
#10463 = DIRECTION ( 'NONE',  ( 0.000000000000000000, 0.000000000000000000, -1.000000000000000000 ) ) ;
#10464 = DIRECTION ( 'NONE',  ( 1.000000000000000000, 3.469446951953616161E-16, 0.000000000000000000 ) ) ;
#10465 = ORIENTED_EDGE ( 'NONE', *, *, #6481, .T. ) ;
#10466 = ORIENTED_EDGE ( 'NONE', *, *, #6239, .T. ) ;
#10467 = EDGE_CURVE ( 'NONE', #5874, #4191, #4574, .T. ) ;
#10468 = FACE_OUTER_BOUND ( 'NONE', #10444, .T. ) ;
#10469 = CARTESIAN_POINT ( 'NONE',  ( 10.20000000000000284, -3.374999999999998224, 4.025000000000000355 ) ) ;
#10470 = DIRECTION ( 'NONE',  ( -1.000000000000000000, -3.469446951953616161E-16, 0.000000000000000000 ) ) ;
#10471 = LINE ( 'NONE', #3987, #8649 ) ;
#10472 = LINE ( 'NONE', #5405, #239 ) ;
#10473 = VERTEX_POINT ( 'NONE', #9637 ) ;
#10474 = EDGE_CURVE ( 'NONE', #5042, #4221, #8869, .T. ) ;
#10475 = VECTOR ( 'NONE', #3538, 1000.000000000000000 ) ;
#10477 = EDGE_CURVE ( 'NONE', #7629, #5213, #4515, .T. ) ;
#10476 = DIRECTION ( 'NONE',  ( -0.000000000000000000, -0.000000000000000000, 1.000000000000000000 ) ) ;
#10478 = AXIS2_PLACEMENT_3D ( 'NONE', #4129, #7449, #6737 ) ;
#10479 = LINE ( 'NONE', #3824, #2373 ) ;
#10480 = ADVANCED_FACE ( 'NONE', ( #6312 ), #9581, .F. ) ;
#10481 = VECTOR ( 'NONE', #7312, 1000.000000000000000 ) ;
#10482 = VECTOR ( 'NONE', #254, 1000.000000000000000 ) ;
#10483 = VERTEX_POINT ( 'NONE', #2177 ) ;
#10484 = DIRECTION ( 'NONE',  ( -1.000000000000000000, 0.000000000000000000, 0.000000000000000000 ) ) ;
#10485 = LINE ( 'NONE', #7263, #6646 ) ;
#10486 = EDGE_LOOP ( 'NONE', ( #5325, #1951, #6244, #7095, #2420 ) ) ;
#10487 = DIRECTION ( 'NONE',  ( -1.000000000000000000, 0.000000000000000000, -0.000000000000000000 ) ) ;
#10488 = CARTESIAN_POINT ( 'NONE',  ( 2.875000000000000000, 2.600000000000001421, -4.824999999999999289 ) ) ;
#10489 = VECTOR ( 'NONE', #2801, 1000.000000000000000 ) ;
#10490 = ORIENTED_EDGE ( 'NONE', *, *, #8043, .T. ) ;
#10491 = AXIS2_PLACEMENT_3D ( 'NONE', #1889, #6898, #6847 ) ;
#10492 = AXIS2_PLACEMENT_3D ( 'NONE', #10574, #670, #2403 ) ;
#10493 = DIRECTION ( 'NONE',  ( 0.000000000000000000, 1.000000000000000000, 1.376764663473656956E-16 ) ) ;
#10494 = EDGE_LOOP ( 'NONE', ( #2088, #5212, #6038, #5892 ) ) ;
#10495 = ORIENTED_EDGE ( 'NONE', *, *, #2599, .T. ) ;
#10496 = CARTESIAN_POINT ( 'NONE',  ( 0.6999999999999975131, 2.800000000000000266, -0.07500000000000128786 ) ) ;
#10497 = ORIENTED_EDGE ( 'NONE', *, *, #9394, .F. ) ;
#10498 = DIRECTION ( 'NONE',  ( 0.000000000000000000, 1.000000000000000000, 0.000000000000000000 ) ) ;
#10499 = CARTESIAN_POINT ( 'NONE',  ( 6.099999999999997868, 2.800000000000000266, -0.4750000000000014766 ) ) ;
#10500 = VECTOR ( 'NONE', #2030, 1000.000000000000000 ) ;
#10501 = EDGE_LOOP ( 'NONE', ( #4205, #6825, #9646, #2636 ) ) ;
#10502 = EDGE_CURVE ( 'NONE', #4133, #8370, #5496, .T. ) ;
#10503 = CARTESIAN_POINT ( 'NONE',  ( 2.750000000000000000, 0.9155523756961149173, -3.025000000000001243 ) ) ;
#10504 = ORIENTED_EDGE ( 'NONE', *, *, #3659, .F. ) ;
#10505 = ORIENTED_EDGE ( 'NONE', *, *, #1491, .T. ) ;
#10506 = LINE ( 'NONE', #1146, #1925 ) ;
#10507 = VERTEX_POINT ( 'NONE', #6256 ) ;
#10508 = EDGE_LOOP ( 'NONE', ( #10343, #5578, #3742, #8669 ) ) ;
#10509 = LINE ( 'NONE', #7885, #10418 ) ;
#10510 = DIRECTION ( 'NONE',  ( 0.000000000000000000, 1.000000000000000000, 0.000000000000000000 ) ) ;
#10511 = DIRECTION ( 'NONE',  ( 0.000000000000000000, 1.000000000000000000, 0.000000000000000000 ) ) ;
#10512 = LINE ( 'NONE', #8762, #5328 ) ;
#10513 = CARTESIAN_POINT ( 'NONE',  ( 7.824999999999991296, 2.400000000000003020, 4.825000000000007283 ) ) ;
#10514 = ORIENTED_EDGE ( 'NONE', *, *, #827, .F. ) ;
#10515 = VECTOR ( 'NONE', #4887, 1000.000000000000000 ) ;
#10516 = ADVANCED_FACE ( 'NONE', ( #8810 ), #4674, .F. ) ;
#10517 = CARTESIAN_POINT ( 'NONE',  ( 6.500000000000002665, -4.999999999999999112, 2.924999999999999822 ) ) ;
#10518 = EDGE_CURVE ( 'NONE', #3822, #9659, #2883, .T. ) ;
#10519 = DIRECTION ( 'NONE',  ( -0.000000000000000000, -1.000000000000000000, -0.000000000000000000 ) ) ;
#10520 = EDGE_CURVE ( 'NONE', #4608, #2221, #8761, .T. ) ;
#10521 = ORIENTED_EDGE ( 'NONE', *, *, #7432, .F. ) ;
#10522 = ORIENTED_EDGE ( 'NONE', *, *, #2222, .T. ) ;
#10523 = FACE_OUTER_BOUND ( 'NONE', #5093, .T. ) ;
#10524 = FACE_BOUND ( 'NONE', #3996, .T. ) ;
#10525 = DIRECTION ( 'NONE',  ( -0.000000000000000000, 0.000000000000000000, 1.000000000000000000 ) ) ;
#10526 = DIRECTION ( 'NONE',  ( -0.000000000000000000, -0.000000000000000000, 1.000000000000000000 ) ) ;
#10527 = CARTESIAN_POINT ( 'NONE',  ( -1.999999999999997335, 2.800000000000002043, 2.124999999999999112 ) ) ;
#10528 = DIRECTION ( 'NONE',  ( 1.000000000000000000, 0.000000000000000000, 0.000000000000000000 ) ) ;
#10529 = ORIENTED_EDGE ( 'NONE', *, *, #7653, .T. ) ;
#10530 = LINE ( 'NONE', #9819, #4556 ) ;
#10531 = DIRECTION ( 'NONE',  ( -1.000000000000000000, 0.000000000000000000, 0.000000000000000000 ) ) ;
#10532 = EDGE_CURVE ( 'NONE', #5238, #7018, #6200, .T. ) ;
#10533 = ORIENTED_EDGE ( 'NONE', *, *, #2363, .T. ) ;
#10534 = ADVANCED_FACE ( 'NONE', ( #4728 ), #7993, .F. ) ;
#10535 = CARTESIAN_POINT ( 'NONE',  ( -9.199999999999997513, 4.799999999999998046, 7.875000000000000000 ) ) ;
#10536 = ADVANCED_FACE ( 'NONE', ( #8651 ), #5335, .F. ) ;
#10537 = LINE ( 'NONE', #10589, #7354 ) ;
#10538 = ORIENTED_EDGE ( 'NONE', *, *, #8935, .T. ) ;
#10539 = PLANE ( 'NONE',  #1869 ) ;
#10540 = DIRECTION ( 'NONE',  ( -0.3236155771181850604, 0.8891264907159881492, 0.3236155771181850604 ) ) ;
#10541 = DIRECTION ( 'NONE',  ( -1.000000000000000000, 0.000000000000000000, 0.000000000000000000 ) ) ;
#10542 = VERTEX_POINT ( 'NONE', #4895 ) ;
#10543 = FACE_OUTER_BOUND ( 'NONE', #151, .T. ) ;
#10544 = ORIENTED_EDGE ( 'NONE', *, *, #390, .T. ) ;
#10545 = EDGE_CURVE ( 'NONE', #7599, #2269, #3153, .T. ) ;
#10546 = DIRECTION ( 'NONE',  ( 0.000000000000000000, 1.000000000000000000, 0.000000000000000000 ) ) ;
#10547 = VECTOR ( 'NONE', #5122, 1000.000000000000000 ) ;
#10548 = ORIENTED_EDGE ( 'NONE', *, *, #2800, .T. ) ;
#10549 = DIRECTION ( 'NONE',  ( -1.247005693593552917E-16, 1.000000000000000000, 0.000000000000000000 ) ) ;
#10550 = AXIS2_PLACEMENT_3D ( 'NONE', #67, #6700, #10023 ) ;
#10551 = APPLICATION_PROTOCOL_DEFINITION ( 'draft international standard', 'automotive_design', 1998, #1671 ) ;
#10552 = ORIENTED_EDGE ( 'NONE', *, *, #1677, .F. ) ;
#10553 = ORIENTED_EDGE ( 'NONE', *, *, #8969, .F. ) ;
#10554 = DIRECTION ( 'NONE',  ( 0.000000000000000000, 0.000000000000000000, -1.000000000000000000 ) ) ;
#10555 = VECTOR ( 'NONE', #5698, 1000.000000000000000 ) ;
#10556 = VERTEX_POINT ( 'NONE', #5607 ) ;
#10557 = VERTEX_POINT ( 'NONE', #10720 ) ;
#10558 = DIRECTION ( 'NONE',  ( 0.000000000000000000, 0.000000000000000000, -1.000000000000000000 ) ) ;
#10559 = ORIENTED_EDGE ( 'NONE', *, *, #1984, .F. ) ;
#10560 = VERTEX_POINT ( 'NONE', #1634 ) ;
#10561 = CARTESIAN_POINT ( 'NONE',  ( -0.6999999999999975131, 2.800000000000002043, 2.124999999999999112 ) ) ;
#10562 = LINE ( 'NONE', #8262, #2117 ) ;
#10563 = CARTESIAN_POINT ( 'NONE',  ( -5.474999999999996980, 2.600000000000001421, -5.025000000000003908 ) ) ;
#10564 = CARTESIAN_POINT ( 'NONE',  ( -2.499999999999997780, -1.250000000000001332, 2.924999999999999822 ) ) ;
#10565 = CARTESIAN_POINT ( 'NONE',  ( 1.435000000000000275, 11.09999999999999964, -4.025000000000000355 ) ) ;
#10566 = VECTOR ( 'NONE', #2868, 1000.000000000000000 ) ;
#10567 = ORIENTED_EDGE ( 'NONE', *, *, #2819, .F. ) ;
#10568 = CARTESIAN_POINT ( 'NONE',  ( -6.499999999999995559, 5.849999999999999645, 3.600000000000000977 ) ) ;
#10569 = CARTESIAN_POINT ( 'NONE',  ( -3.400000000000003020, -3.750000000000001332, 2.924999999999999822 ) ) ;
#10570 = VECTOR ( 'NONE', #7476, 1000.000000000000000 ) ;
#10571 = CARTESIAN_POINT ( 'NONE',  ( -6.649999999999995914, 5.600000000000000533, 3.600000000000000977 ) ) ;
#10572 = ORIENTED_EDGE ( 'NONE', *, *, #3250, .F. ) ;
#10573 = ORIENTED_EDGE ( 'NONE', *, *, #2152, .F. ) ;
#10574 = CARTESIAN_POINT ( 'NONE',  ( -8.999999999999998224, 2.800000000000000266, 3.825000000000001066 ) ) ;
#10575 = DIRECTION ( 'NONE',  ( -0.000000000000000000, -1.000000000000000000, -0.000000000000000000 ) ) ;
#10576 = FACE_OUTER_BOUND ( 'NONE', #2697, .T. ) ;
#10577 = EDGE_CURVE ( 'NONE', #186, #6413, #871, .T. ) ;
#10578 = CARTESIAN_POINT ( 'NONE',  ( -4.700000000000002842, 2.800000000000000266, 3.825000000000001066 ) ) ;
#10579 = CARTESIAN_POINT ( 'NONE',  ( 10.20000000000000284, 8.800000000000002487, 5.375000000000000000 ) ) ;
#10580 = VERTEX_POINT ( 'NONE', #713 ) ;
#10581 = LINE ( 'NONE', #6544, #911 ) ;
#10582 = AXIS2_PLACEMENT_3D ( 'NONE', #1699, #7514, #9817 ) ;
#10583 = DIRECTION ( 'NONE',  ( 1.000000000000000000, 0.000000000000000000, -2.478176394252581338E-15 ) ) ;
#10584 = ADVANCED_FACE ( 'NONE', ( #2503 ), #9850, .F. ) ;
#10585 =( REPRESENTATION_RELATIONSHIP ('NONE','NONE', #8135, #7031 ) REPRESENTATION_RELATIONSHIP_WITH_TRANSFORMATION ( #7332 )SHAPE_REPRESENTATION_RELATIONSHIP( ) );
#10586 = VECTOR ( 'NONE', #8600, 1000.000000000000000 ) ;
#10587 = ORIENTED_EDGE ( 'NONE', *, *, #957, .T. ) ;
#10588 = DIRECTION ( 'NONE',  ( 1.084202172485504040E-15, 0.000000000000000000, -1.000000000000000000 ) ) ;
#10589 = CARTESIAN_POINT ( 'NONE',  ( -5.599999999999990763, 3.649999999999999911, 3.187878387081809262 ) ) ;
#10590 = ORIENTED_EDGE ( 'NONE', *, *, #1336, .T. ) ;
#10591 = VECTOR ( 'NONE', #2123, 1000.000000000000000 ) ;
#10592 = ADVANCED_FACE ( 'NONE', ( #4995 ), #5817, .T. ) ;
#10593 = CARTESIAN_POINT ( 'NONE',  ( -9.000000000000000000, 12.28038475772934035, -4.024999999999999467 ) ) ;
#10594 = ADVANCED_FACE ( 'NONE', ( #9087 ), #3255, .F. ) ;
#10595 = DIRECTION ( 'NONE',  ( 1.000000000000000000, 0.000000000000000000, 0.000000000000000000 ) ) ;
#10596 = FACE_OUTER_BOUND ( 'NONE', #592, .T. ) ;
#10597 = VERTEX_POINT ( 'NONE', #3307 ) ;
#10598 = AXIS2_PLACEMENT_3D ( 'NONE', #5045, #10169, #4393 ) ;
#10599 = ADVANCED_FACE ( 'NONE', ( #2343 ), #4950, .F. ) ;
#10600 = ORIENTED_EDGE ( 'NONE', *, *, #10200, .F. ) ;
#10601 = CARTESIAN_POINT ( 'NONE',  ( -7.624999999999998224, 1.599999999999993427, 5.025000000000002132 ) ) ;
#10602 = CIRCLE ( 'NONE', #1033, 0.5000000000000006661 ) ;
#10603 = VERTEX_POINT ( 'NONE', #818 ) ;
#10604 = DIRECTION ( 'NONE',  ( -1.000000000000000000, 2.241244801003626938E-16, -0.000000000000000000 ) ) ;
#10605 = ADVANCED_FACE ( 'NONE', ( #2444 ), #8312, .T. ) ;
#10606 = FACE_OUTER_BOUND ( 'NONE', #1722, .T. ) ;
#10607 = DIRECTION ( 'NONE',  ( 0.000000000000000000, 0.000000000000000000, 1.000000000000000000 ) ) ;
#10608 = ORIENTED_EDGE ( 'NONE', *, *, #2786, .T. ) ;
#10609 = VERTEX_POINT ( 'NONE', #9746 ) ;
#10610 = ADVANCED_FACE ( 'NONE', ( #8098 ), #8978, .F. ) ;
#10611 = CARTESIAN_POINT ( 'NONE',  ( -7.480000000000000426, 12.28038475772934746, -2.375000000000001776 ) ) ;
#10612 = VERTEX_POINT ( 'NONE', #2646 ) ;
#10613 = EDGE_LOOP ( 'NONE', ( #4719, #8684, #5290, #3802 ) ) ;
#10614 = CARTESIAN_POINT ( 'NONE',  ( -2.900000000000002576, 0.000000000000000000, 4.025000000000000355 ) ) ;
#10615 = EDGE_LOOP ( 'NONE', ( #6307, #2650, #5849, #8017 ) ) ;
#10616 = ORIENTED_EDGE ( 'NONE', *, *, #7052, .F. ) ;
#10617 = CARTESIAN_POINT ( 'NONE',  ( 1.999999999999996669, 0.000000000000000000, -0.07500000000000128786 ) ) ;
#10618 = DIRECTION ( 'NONE',  ( 1.000000000000000000, 0.000000000000000000, 0.000000000000000000 ) ) ;
#10619 = DIRECTION ( 'NONE',  ( 1.000000000000000000, -0.000000000000000000, 0.000000000000000000 ) ) ;
#10620 = DIRECTION ( 'NONE',  ( 1.000000000000000000, -0.000000000000000000, 0.000000000000000000 ) ) ;
#10621 = DIRECTION ( 'NONE',  ( 1.000000000000000000, 0.000000000000000000, 0.000000000000000000 ) ) ;
#10622 = ORIENTED_EDGE ( 'NONE', *, *, #10741, .F. ) ;
#10623 = FACE_OUTER_BOUND ( 'NONE', #3584, .T. ) ;
#10624 = DIRECTION ( 'NONE',  ( -0.000000000000000000, -0.000000000000000000, 1.000000000000000000 ) ) ;
#10625 = VECTOR ( 'NONE', #168, 1000.000000000000000 ) ;
#10626 = LINE ( 'NONE', #6584, #4667 ) ;
#10627 =( GEOMETRIC_REPRESENTATION_CONTEXT ( 3 ) GLOBAL_UNCERTAINTY_ASSIGNED_CONTEXT ( ( #9521 ) ) GLOBAL_UNIT_ASSIGNED_CONTEXT ( ( #4882, #2490, #4775 ) ) REPRESENTATION_CONTEXT ( 'NONE', 'WORKASPACE' ) );
#10628 = ORIENTED_EDGE ( 'NONE', *, *, #1497, .F. ) ;
#10629 = ORIENTED_EDGE ( 'NONE', *, *, #617, .T. ) ;
#10630 = CARTESIAN_POINT ( 'NONE',  ( -1.999999999999997335, -1.250000000000001332, 4.025000000000000355 ) ) ;
#10631 = DIRECTION ( 'NONE',  ( -0.000000000000000000, 0.000000000000000000, 1.000000000000000000 ) ) ;
#10632 = CARTESIAN_POINT ( 'NONE',  ( 4.700000000000002842, -0.8500000000000011990, 2.424999999999998934 ) ) ;
#10633 = DIRECTION ( 'NONE',  ( 0.000000000000000000, 1.000000000000000000, 0.000000000000000000 ) ) ;
#10634 = LINE ( 'NONE', #3169, #5356 ) ;
#10635 = LINE ( 'NONE', #731, #9716 ) ;
#10636 = VERTEX_POINT ( 'NONE', #5713 ) ;
#10637 = VECTOR ( 'NONE', #2914, 1000.000000000000000 ) ;
#10638 = DIRECTION ( 'NONE',  ( 0.000000000000000000, 0.000000000000000000, 1.000000000000000000 ) ) ;
#10639 = CARTESIAN_POINT ( 'NONE',  ( 3.674999999999993161, 10.05000000000000071, 3.152059062089139996 ) ) ;
#10640 = ADVANCED_FACE ( 'NONE', ( #6626 ), #9136, .T. ) ;
#10641 = VERTEX_POINT ( 'NONE', #10679 ) ;
#10642 = FACE_OUTER_BOUND ( 'NONE', #6879, .T. ) ;
#10643 = CARTESIAN_POINT ( 'NONE',  ( 2.575000000000000622, 11.90000000000000036, -0.6545349465914744869 ) ) ;
#10644 = VERTEX_POINT ( 'NONE', #4180 ) ;
#10645 = DIRECTION ( 'NONE',  ( -0.000000000000000000, -0.000000000000000000, 1.000000000000000000 ) ) ;
#10646 = VECTOR ( 'NONE', #3698, 1000.000000000000000 ) ;
#10647 = CARTESIAN_POINT ( 'NONE',  ( 5.200000000000002842, 3.469446951953614189E-15, 2.124999999999999112 ) ) ;
#10648 = VECTOR ( 'NONE', #4503, 1000.000000000000000 ) ;
#10649 = CARTESIAN_POINT ( 'NONE',  ( 3.075000000000000622, 12.80000000000000071, -4.225000000000004974 ) ) ;
#10650 = ORIENTED_EDGE ( 'NONE', *, *, #7868, .F. ) ;
#10651 = AXIS2_PLACEMENT_3D ( 'NONE', #1805, #3325, #5832 ) ;
#10652 = ADVANCED_FACE ( 'NONE', ( #6524 ), #7293, .F. ) ;
#10653 = ADVANCED_FACE ( 'NONE', ( #3969 ), #6474, .T. ) ;
#10654 = VECTOR ( 'NONE', #2903, 1000.000000000000000 ) ;
#10655 = ORIENTED_EDGE ( 'NONE', *, *, #4952, .F. ) ;
#10656 = CYLINDRICAL_SURFACE ( 'NONE', #896, 0.2999999999999999334 ) ;
#10657 = EDGE_CURVE ( 'NONE', #9950, #3412, #4234, .T. ) ;
#10658 = ORIENTED_EDGE ( 'NONE', *, *, #1677, .T. ) ;
#10659 = DIRECTION ( 'NONE',  ( 0.000000000000000000, -1.000000000000000000, -0.000000000000000000 ) ) ;
#10660 = CARTESIAN_POINT ( 'NONE',  ( -2.874999999999999112, 12.80000000000000071, -4.824999999999999289 ) ) ;
#10661 = AXIS2_PLACEMENT_3D ( 'NONE', #2904, #9498, #5249 ) ;
#10662 = ORIENTED_EDGE ( 'NONE', *, *, #3659, .T. ) ;
#10663 = CIRCLE ( 'NONE', #4565, 0.2000000000000005107 ) ;
#10664 = ORIENTED_EDGE ( 'NONE', *, *, #4333, .T. ) ;
#10665 = AXIS2_PLACEMENT_3D ( 'NONE', #2728, #4257, #6815 ) ;
#10666 = VECTOR ( 'NONE', #3232, 1000.000000000000000 ) ;
#10667 = LINE ( 'NONE', #9838, #6684 ) ;
#10668 = EDGE_CURVE ( 'NONE', #3086, #6236, #2759, .T. ) ;
#10669 = ORIENTED_EDGE ( 'NONE', *, *, #3935, .T. ) ;
#10670 = ORIENTED_EDGE ( 'NONE', *, *, #150, .T. ) ;
#10671 = DIRECTION ( 'NONE',  ( -0.000000000000000000, 1.000000000000000000, -0.000000000000000000 ) ) ;
#10672 = VECTOR ( 'NONE', #8273, 1000.000000000000000 ) ;
#10674 = ORIENTED_EDGE ( 'NONE', *, *, #7916, .T. ) ;
#10673 = EDGE_CURVE ( 'NONE', #5028, #4059, #1081, .T. ) ;
#10675 = ORIENTED_EDGE ( 'NONE', *, *, #9748, .F. ) ;
#10676 = CARTESIAN_POINT ( 'NONE',  ( 3.075000000000000622, 10.50000000000000000, -4.225000000000004974 ) ) ;
#10677 = EDGE_CURVE ( 'NONE', #2221, #9290, #8363, .T. ) ;
#10678 = CARTESIAN_POINT ( 'NONE',  ( -10.19999999999999929, 8.800000000000000711, 5.025000000000001243 ) ) ;
#10679 = CARTESIAN_POINT ( 'NONE',  ( -0.1999999999999970690, 3.469446951953614189E-15, 1.724999999999999423 ) ) ;
#10680 = LINE ( 'NONE', #1683, #9603 ) ;
#10681 = CARTESIAN_POINT ( 'NONE',  ( -5.599999999999996980, 3.469446951953614189E-15, 2.125000000000000000 ) ) ;
#10682 = ORIENTED_EDGE ( 'NONE', *, *, #7770, .T. ) ;
#10683 = CARTESIAN_POINT ( 'NONE',  ( 2.750000000000000000, 0.9155523756961149173, -3.025000000000001243 ) ) ;
#10684 = CARTESIAN_POINT ( 'NONE',  ( 0.000000000000000000, -1.250000000000001332, 4.025000000000000355 ) ) ;
#10685 = ORIENTED_EDGE ( 'NONE', *, *, #3406, .T. ) ;
#10686 = ORIENTED_EDGE ( 'NONE', *, *, #1077, .F. ) ;
#10687 = DIRECTION ( 'NONE',  ( 0.000000000000000000, 0.7071067811865462405, -0.7071067811865489050 ) ) ;
#10688 = CARTESIAN_POINT ( 'NONE',  ( 3.400000000000002132, 0.000000000000000000, 0.000000000000000000 ) ) ;
#10689 = LINE ( 'NONE', #9759, #10672 ) ;
#10690 = DIRECTION ( 'NONE',  ( -0.000000000000000000, -1.000000000000000000, -0.000000000000000000 ) ) ;
#10691 = LINE ( 'NONE', #1382, #823 ) ;
#10692 = CARTESIAN_POINT ( 'NONE',  ( -2.608333333333288984, 6.616666666666685792, 10.04166666666667140 ) ) ;
#10693 = ORIENTED_EDGE ( 'NONE', *, *, #3076, .F. ) ;
#10694 = LINE ( 'NONE', #8999, #1611 ) ;
#10695 = CARTESIAN_POINT ( 'NONE',  ( -3.799999999999997602, 0.000000000000000000, 4.025000000000000355 ) ) ;
#10696 = ORIENTED_EDGE ( 'NONE', *, *, #10030, .F. ) ;
#10697 = DIRECTION ( 'NONE',  ( -0.7071067811865505703, 0.7071067811865444641, 0.000000000000000000 ) ) ;
#10698 = DIRECTION ( 'NONE',  ( -0.000000000000000000, -0.000000000000000000, 1.000000000000000000 ) ) ;
#10699 = ORIENTED_EDGE ( 'NONE', *, *, #1089, .T. ) ;
#10700 = CARTESIAN_POINT ( 'NONE',  ( 6.099999999999997868, -3.750000000000001332, 0.2249999999999982014 ) ) ;
#10701 = CARTESIAN_POINT ( 'NONE',  ( -10.19999999999999574, 1.199999999999992628, 5.025000000000002132 ) ) ;
#10702 = CARTESIAN_POINT ( 'NONE',  ( -6.499999999999997335, 5.849999999999999645, -7.850000000000003197 ) ) ;
#10703 = EDGE_CURVE ( 'NONE', #437, #6247, #6078, .T. ) ;
#10704 = VERTEX_POINT ( 'NONE', #5210 ) ;
#10705 = ORIENTED_EDGE ( 'NONE', *, *, #9440, .T. ) ;
#10706 = CARTESIAN_POINT ( 'NONE',  ( -3.950000000000000178, 12.80000000000000071, -2.674999999999998046 ) ) ;
#10707 = DIRECTION ( 'NONE',  ( 0.000000000000000000, -1.000000000000000000, 0.000000000000000000 ) ) ;
#10708 = DIRECTION ( 'NONE',  ( 0.000000000000000000, 0.000000000000000000, -1.000000000000000000 ) ) ;
#10709 = ADVANCED_FACE ( 'NONE', ( #8524 ), #7605, .T. ) ;
#10710 = ORIENTED_EDGE ( 'NONE', *, *, #6166, .T. ) ;
#10711 = FACE_OUTER_BOUND ( 'NONE', #3556, .T. ) ;
#10712 = VECTOR ( 'NONE', #10144, 1000.000000000000000 ) ;
#10713 = ORIENTED_EDGE ( 'NONE', *, *, #5282, .F. ) ;
#10714 = ORIENTED_EDGE ( 'NONE', *, *, #5555, .T. ) ;
#10715 = DIRECTION ( 'NONE',  ( 0.000000000000000000, 0.000000000000000000, 1.000000000000000000 ) ) ;
#10716 = ORIENTED_EDGE ( 'NONE', *, *, #3139, .F. ) ;
#10717 = CARTESIAN_POINT ( 'NONE',  ( -10.20000000000000284, -4.999999999999999112, 2.924999999999999822 ) ) ;
#10718 = LINE ( 'NONE', #6418, #7174 ) ;
#10719 = ADVANCED_FACE ( 'NONE', ( #10113 ), #9402, .T. ) ;
#10720 = CARTESIAN_POINT ( 'NONE',  ( 3.575000000000000178, 11.25000000000000178, -4.025000000000004796 ) ) ;
#10721 = CARTESIAN_POINT ( 'NONE',  ( -8.950000000000002842, -3.375000000000000888, 4.025000000000000355 ) ) ;
#10722 = LINE ( 'NONE', #548, #147 ) ;
#10723 = EDGE_CURVE ( 'NONE', #2541, #1888, #9345, .T. ) ;
#10724 = VERTEX_POINT ( 'NONE', #104 ) ;
#10725 = AXIS2_PLACEMENT_3D ( 'NONE', #8704, #7831, #4575 ) ;
#10726 = CARTESIAN_POINT ( 'NONE',  ( 0.000000000000000000, 0.000000000000000000, 2.124999999999999112 ) ) ;
#10727 = EDGE_CURVE ( 'NONE', #2726, #10094, #5154, .T. ) ;
#10728 = CARTESIAN_POINT ( 'NONE',  ( 0.1999999999999970690, -3.350000000000000977, 0.2249999999999999500 ) ) ;
#10729 = VERTEX_POINT ( 'NONE', #10065 ) ;
#10730 = ORIENTED_EDGE ( 'NONE', *, *, #4936, .F. ) ;
#10731 = LINE ( 'NONE', #9099, #8221 ) ;
#10732 = CIRCLE ( 'NONE', #2038, 0.5000000000000006661 ) ;
#10733 = CARTESIAN_POINT ( 'NONE',  ( 1.435000000000000275, 11.09999999999999964, 1.540689534999236443 ) ) ;
#10734 = CARTESIAN_POINT ( 'NONE',  ( 7.679999999999999716, 12.80000000000000071, -3.824999999999999289 ) ) ;
#10735 = DIRECTION ( 'NONE',  ( 0.000000000000000000, 0.000000000000000000, 1.000000000000000000 ) ) ;
#10736 = CARTESIAN_POINT ( 'NONE',  ( -5.274999999999997691, 12.80000000000000071, -4.025000000000003908 ) ) ;
#10737 = EDGE_CURVE ( 'NONE', #8244, #8630, #2605, .T. ) ;
#10738 = ORIENTED_EDGE ( 'NONE', *, *, #3398, .T. ) ;
#10739 = CARTESIAN_POINT ( 'NONE',  ( 1.999999999999996669, -3.350000000000000977, 0.2249999999999999500 ) ) ;
#10740 = PLANE ( 'NONE',  #7065 ) ;
#10741 = EDGE_CURVE ( 'NONE', #9446, #5195, #8472, .T. ) ;
#10742 = VECTOR ( 'NONE', #3126, 1000.000000000000000 ) ;
#10743 = DIRECTION ( 'NONE',  ( 1.000000000000000000, 0.000000000000000000, 0.000000000000000000 ) ) ;
#10744 = ORIENTED_EDGE ( 'NONE', *, *, #1749, .T. ) ;
#10745 = CARTESIAN_POINT ( 'NONE',  ( 8.950000000000002842, 0.000000000000000000, 0.000000000000000000 ) ) ;
#10746 = CARTESIAN_POINT ( 'NONE',  ( -2.875000000000000444, 11.90000000000000036, -5.024999999999999467 ) ) ;
#10747 = ORIENTED_EDGE ( 'NONE', *, *, #7968, .F. ) ;
#10748 = FACE_OUTER_BOUND ( 'NONE', #3577, .T. ) ;
#10749 = CARTESIAN_POINT ( 'NONE',  ( 1.935000000000000941, 2.800000000000000266, -2.675000000000000266 ) ) ;
#10750 = ORIENTED_EDGE ( 'NONE', *, *, #9051, .T. ) ;
#10751 = PLANE ( 'NONE',  #9074 ) ;
#10752 = ORIENTED_EDGE ( 'NONE', *, *, #2021, .F. ) ;
#10753 = VECTOR ( 'NONE', #7617, 1000.000000000000000 ) ;
#10754 = VERTEX_POINT ( 'NONE', #5103 ) ;
#10755 = VECTOR ( 'NONE', #3210, 1000.000000000000000 ) ;
#10756 = CARTESIAN_POINT ( 'NONE',  ( -2.900000000000001688, -3.750000000000001332, 2.924999999999999822 ) ) ;
#10757 = LINE ( 'NONE', #6561, #9692 ) ;
#10758 = FACE_OUTER_BOUND ( 'NONE', #10329, .T. ) ;
#10759 = VECTOR ( 'NONE', #6233, 1000.000000000000000 ) ;
#10760 = PRODUCT_CONTEXT ( 'NONE', #1332, 'mechanical' ) ;
#10761 = ORIENTED_EDGE ( 'NONE', *, *, #4480, .F. ) ;
#10762 = CARTESIAN_POINT ( 'NONE',  ( 6.099999999999997868, -3.350000000000000977, 4.025000000000000355 ) ) ;
#10763 =( GEOMETRIC_REPRESENTATION_CONTEXT ( 3 ) GLOBAL_UNCERTAINTY_ASSIGNED_CONTEXT ( ( #7881 ) ) GLOBAL_UNIT_ASSIGNED_CONTEXT ( ( #2218, #4114, #3030 ) ) REPRESENTATION_CONTEXT ( 'NONE', 'WORKASPACE' ) );
#10764 = ORIENTED_EDGE ( 'NONE', *, *, #1297, .T. ) ;
#10765 = EDGE_CURVE ( 'NONE', #10086, #1888, #159, .T. ) ;
#10766 = VERTEX_POINT ( 'NONE', #5272 ) ;
#10767 = NEXT_ASSEMBLY_USAGE_OCCURRENCE ( 'NAUO1', ' ', ' ', #8108, #7188, $ ) ;
#10768 = NEXT_ASSEMBLY_USAGE_OCCURRENCE ( 'NAUO2', ' ', ' ', #8108, #5252, $ ) ;
#10769 = NEXT_ASSEMBLY_USAGE_OCCURRENCE ( 'NAUO3', ' ', ' ', #8108, #5252, $ ) ;
#10770 = NEXT_ASSEMBLY_USAGE_OCCURRENCE ( 'NAUO4', ' ', ' ', #8108, #5252, $ ) ;
#10771 = NEXT_ASSEMBLY_USAGE_OCCURRENCE ( 'NAUO5', ' ', ' ', #8108, #5252, $ ) ;
#10772 = NEXT_ASSEMBLY_USAGE_OCCURRENCE ( 'NAUO6', ' ', ' ', #8108, #5252, $ ) ;
#10773 = NEXT_ASSEMBLY_USAGE_OCCURRENCE ( 'NAUO7', ' ', ' ', #8108, #5252, $ ) ;
#10774 = NEXT_ASSEMBLY_USAGE_OCCURRENCE ( 'NAUO8', ' ', ' ', #8108, #5252, $ ) ;
#10775 = NEXT_ASSEMBLY_USAGE_OCCURRENCE ( 'NAUO9', ' ', ' ', #8108, #5252, $ ) ;
ENDSEC;
END-ISO-10303-21;
