#include "font.h"
#include <stdint.h>

const uint16_t Outfit_13px_Light_100_e3e3e3_Lowercase_a[] = {
    0x0000, 0x0000, 0x0000, 0x0000, 0x0000, 0x0000, 0x0000, 0x0000, 0x0000, 0x0000, 0x0000, 0x0000,
    0x0000, 0x0000, 0x0000, 0x0000, 0x0000, 0x0000, 0x0000, 0x0000, 0x0000, 0x0000, 0x0000, 0x0000,
    0x0000, 0x0000, 0x0000, 0x0000, 0x0000, 0x0000, 0x0000, 0x0000, 0x0000, 0x0000, 0x0000, 0x0000,
    0x0000, 0x0000, 0x0000, 0x0000, 0x0000, 0x0000, 0x0000, 0x0000, 0x0000, 0x0000, 0x0000, 0x0000,
    0x0000, 0x0000, 0x0000, 0x0000, 0x0000, 0x0000, 0x0000, 0x0000, 0x0000, 0x0000, 0x0000, 0x0000,
    0x0861, 0x0000, 0x0000, 0x0000, 0x0000, 0x0000, 0x0000, 0x0000, 0x0000, 0x0000, 0x0000, 0x0000,
    0x0000, 0x0000, 0x0000, 0x0000, 0x0000, 0x0000, 0x0000, 0x0000, 0x0000, 0x0000, 0x0000, 0x0000,
    0x0000, 0x0000, 0x0000, 0x0000, 0x0000, 0x0000, 0x0000, 0x0000, 0x0000, 0x0000, 0x0000, 0x0000,
    0x0000, 0x0000, 0x0000, 0x4208, 0x8410, 0xBDD7, 0xCE79, 0xAD75, 0x7BCF, 0x18C3, 0x630C, 0x5ACB,
    0x0000, 0x0000, 0x630C, 0xE71C, 0xC638, 0x8C71, 0x73AE, 0xA514, 0xDEDB, 0xBDD7, 0xCE59, 0x7BCF,
    0x0000, 0x528A, 0xE71C, 0xA534, 0x10A2, 0x0000, 0x0000, 0x0000, 0x4208, 0xDEDB, 0xE71C, 0x7BCF,
    0x0000, 0xAD55, 0xB5B6, 0x18C3, 0x0000, 0x0000, 0x0000, 0x0000, 0x0000, 0x5AEB, 0xE71C, 0x8410,
    0x10A2, 0xDEDB, 0x738E, 0x0000, 0x0000, 0x0000, 0x0000, 0x0000, 0x0000, 0x2104, 0xE71C, 0x8C71,
    0x31A6, 0xE71C, 0x4A49, 0x0000, 0x0000, 0x0000, 0x0000, 0x0000, 0x0000, 0x0000, 0xE71C, 0x8C71,
    0x2104, 0xE71C, 0x630C, 0x0000, 0x0000, 0x0000, 0x0000, 0x0000, 0x0000, 0x0000, 0xE71C, 0x8C71,
    0x0000, 0xBDD7, 0x9CD3, 0x0000, 0x0000, 0x0000, 0x0000, 0x0000, 0x0000, 0x39C7, 0xE71C, 0x8C51,
    0x0000, 0x7BCF, 0xE71C, 0x6B6D, 0x0000, 0x0000, 0x0000, 0x0000, 0x10A2, 0xB596, 0xE71C, 0x7BCF,
    0x0000, 0x10A2, 0x9CD3, 0xE71C, 0x9492, 0x528A, 0x3186, 0x4A49, 0xBDD7, 0xDEDB, 0xDEFB, 0x7BCF,
    0x0000, 0x0000, 0x10A2, 0x7BEF, 0xBDF7, 0xE71C, 0xE71C, 0xE71C, 0xBDD7, 0x31A6, 0xB5B6, 0x7BCF,
    0x0000, 0x0000, 0x0000, 0x0000, 0x0000, 0x2124, 0x2965, 0x18E3, 0x0000, 0x0000, 0x0000, 0x0000,
    0x0000, 0x0000, 0x0000, 0x0000, 0x0000, 0x0000, 0x0000, 0x0000, 0x0000, 0x0000, 0x0000, 0x0000,
    0x0000, 0x0000, 0x0000, 0x0000, 0x0000, 0x0000, 0x0000, 0x0000, 0x0000, 0x0000, 0x0000, 0x0000,
    0x0000, 0x0000, 0x0000, 0x0000, 0x0000, 0x0000, 0x0000, 0x0000, 0x0000, 0x0000, 0x0000, 0x0000,
    0x0000, 0x0000, 0x0000, 0x0000, 0x0000, 0x0000, 0x0000, 0x0000, 0x0000, 0x0000, 0x0000, 0x0000,
};
const uint16_t Outfit_13px_Light_100_e3e3e3_Lowercase_auml[] = {
    0x0000, 0x0000, 0x0000, 0x0000, 0x0000, 0x0000, 0x0000, 0x0000, 0x0000, 0x0000, 0x0000, 0x0000,
    0x0000, 0x0000, 0x0000, 0x0000, 0x0000, 0x0000, 0x0000, 0x0000, 0x0000, 0x0000, 0x0000, 0x0000,
    0x0000, 0x0000, 0x0000, 0x0000, 0x0000, 0x0000, 0x0000, 0x0000, 0x0000, 0x0000, 0x0000, 0x0000,
    0x0000, 0x0000, 0x0000, 0x0000, 0x0000, 0x0000, 0x0000, 0x0000, 0x0000, 0x0000, 0x0000, 0x0000,
    0x0000, 0x0000, 0x0000, 0x0000, 0x0000, 0x0000, 0x0000, 0x0000, 0x0000, 0x0000, 0x0000, 0x0000,
    0x0000, 0x0000, 0x0000, 0x2124, 0xDEDB, 0x9CF3, 0x0000, 0x52AA, 0xE71C, 0x6B4D, 0x0000, 0x0000,
    0x0000, 0x0000, 0x0000, 0x2124, 0xCE59, 0x9CF3, 0x0000, 0x528A, 0xCE79, 0x6B4D, 0x0000, 0x0000,
    0x0000, 0x0000, 0x0000, 0x0000, 0x0000, 0x0000, 0x0000, 0x0000, 0x0000, 0x0000, 0x0000, 0x0000,
    0x0000, 0x0000, 0x0000, 0x4208, 0x8410, 0xBDD7, 0xCE79, 0xAD75, 0x7BCF, 0x18C3, 0x630C, 0x5ACB,
    0x0000, 0x0000, 0x630C, 0xE71C, 0xC638, 0x8C71, 0x73AE, 0xA514, 0xDEDB, 0xBDD7, 0xCE59, 0x7BCF,
    0x0000, 0x528A, 0xE71C, 0xA534, 0x10A2, 0x0000, 0x0000, 0x0000, 0x4208, 0xDEDB, 0xE71C, 0x7BCF,
    0x0000, 0xAD55, 0xB5B6, 0x18C3, 0x0000, 0x0000, 0x0000, 0x0000, 0x0000, 0x5AEB, 0xE71C, 0x8410,
    0x10A2, 0xDEDB, 0x738E, 0x0000, 0x0000, 0x0000, 0x0000, 0x0000, 0x0000, 0x2104, 0xE71C, 0x8C71,
    0x31A6, 0xE71C, 0x4A49, 0x0000, 0x0000, 0x0000, 0x0000, 0x0000, 0x0000, 0x0000, 0xE71C, 0x8C71,
    0x2104, 0xE71C, 0x630C, 0x0000, 0x0000, 0x0000, 0x0000, 0x0000, 0x0000, 0x0000, 0xE71C, 0x8C71,
    0x0000, 0xBDD7, 0x9CD3, 0x0000, 0x0000, 0x0000, 0x0000, 0x0000, 0x0000, 0x39C7, 0xE71C, 0x8C51,
    0x0000, 0x7BCF, 0xE71C, 0x6B6D, 0x0000, 0x0000, 0x0000, 0x0000, 0x10A2, 0xB596, 0xE71C, 0x7BCF,
    0x0000, 0x10A2, 0x9CD3, 0xE71C, 0x9492, 0x528A, 0x3186, 0x4A49, 0xBDD7, 0xDEDB, 0xDEFB, 0x7BCF,
    0x0000, 0x0000, 0x10A2, 0x7BEF, 0xBDF7, 0xE71C, 0xE71C, 0xE71C, 0xBDD7, 0x31A6, 0xB5B6, 0x7BCF,
    0x0000, 0x0000, 0x0000, 0x0000, 0x0000, 0x2124, 0x2965, 0x18E3, 0x0000, 0x0000, 0x0000, 0x0000,
    0x0000, 0x0000, 0x0000, 0x0000, 0x0000, 0x0000, 0x0000, 0x0000, 0x0000, 0x0000, 0x0000, 0x0000,
    0x0000, 0x0000, 0x0000, 0x0000, 0x0000, 0x0000, 0x0000, 0x0000, 0x0000, 0x0000, 0x0000, 0x0000,
    0x0000, 0x0000, 0x0000, 0x0000, 0x0000, 0x0000, 0x0000, 0x0000, 0x0000, 0x0000, 0x0000, 0x0000,
    0x0000, 0x0000, 0x0000, 0x0000, 0x0000, 0x0000, 0x0000, 0x0000, 0x0000, 0x0000, 0x0000, 0x0000,
};
const uint16_t Outfit_13px_Light_100_e3e3e3_Lowercase_b[] = {
    0x0000, 0x0000, 0x0000, 0x0000, 0x0000, 0x0000, 0x0000, 0x0000, 0x0000, 0x0000, 0x0000, 0x0000,
    0x0000, 0x0000, 0x0000, 0x0000, 0x0000, 0x0000, 0x0000, 0x0000, 0x0000, 0x0000, 0x0000, 0x0000,
    0x0000, 0x0000, 0x0000, 0x0000, 0x0000, 0x0000, 0x0000, 0x0000, 0x0000, 0x0000, 0x0000, 0x0000,
    0x73AE, 0x7BCF, 0x0000, 0x0000, 0x0000, 0x0000, 0x0000, 0x0000, 0x0000, 0x0000, 0x0000, 0x0000,
    0x8410, 0xAD75, 0x0000, 0x0000, 0x0000, 0x0000, 0x0000, 0x0000, 0x0000, 0x0000, 0x0000, 0x0000,
    0x8410, 0xAD75, 0x0000, 0x0000, 0x0000, 0x0000, 0x0000, 0x0000, 0x0000, 0x0000, 0x0000, 0x0000,
    0x8410, 0xAD75, 0x0000, 0x0000, 0x0000, 0x0000, 0x0000, 0x0000, 0x0000, 0x0000, 0x0000, 0x0000,
    0x8410, 0xAD75, 0x0000, 0x0000, 0x0000, 0x0000, 0x0000, 0x0000, 0x0000, 0x0000, 0x0000, 0x0000,
    0x8410, 0xAD75, 0x18C3, 0x73AE, 0xAD55, 0xCE79, 0xBDF7, 0x8430, 0x4228, 0x0000, 0x0000, 0x0000,
    0x8410, 0xC618, 0xBDD7, 0xDEFB, 0xA534, 0x73AE, 0x8C51, 0xC638, 0xE71C, 0x630C, 0x0000, 0x0000,
    0x8410, 0xE71C, 0xDEFB, 0x4228, 0x0000, 0x0000, 0x0000, 0x10A2, 0xA534, 0xE71C, 0x4A69, 0x0000,
    0x94B2, 0xE71C, 0x630C, 0x0000, 0x0000, 0x0000, 0x0000, 0x0000, 0x18C3, 0xBDF7, 0x9CF3, 0x0000,
    0xA514, 0xE71C, 0x18E3, 0x0000, 0x0000, 0x0000, 0x0000, 0x0000, 0x0000, 0x7BCF, 0xD69A, 0x0000,
    0xA514, 0xE71C, 0x0000, 0x0000, 0x0000, 0x0000, 0x0000, 0x0000, 0x0000, 0x52AA, 0xE71C, 0x2945,
    0xA514, 0xE71C, 0x10A2, 0x0000, 0x0000, 0x0000, 0x0000, 0x0000, 0x0000, 0x6B6D, 0xDEFB, 0x18C3,
    0x9CF3, 0xE71C, 0x39E7, 0x0000, 0x0000, 0x0000, 0x0000, 0x0000, 0x0000, 0xA514, 0xB596, 0x0000,
    0x8410, 0xE71C, 0xC618, 0x2104, 0x0000, 0x0000, 0x0000, 0x0000, 0x738E, 0xE71C, 0x73AE, 0x0000,
    0x8410, 0xDEDB, 0xDEDB, 0xBDF7, 0x632C, 0x39C7, 0x4A69, 0x8C71, 0xE71C, 0x9CD3, 0x10A2, 0x0000,
    0x8410, 0xAD75, 0x3186, 0xB596, 0xDEFB, 0xE71C, 0xE71C, 0xC618, 0x8410, 0x10A2, 0x0000, 0x0000,
    0x0000, 0x0000, 0x0000, 0x0000, 0x18C3, 0x2945, 0x2945, 0x0000, 0x0000, 0x0000, 0x0000, 0x0000,
    0x0000, 0x0000, 0x0000, 0x0000, 0x0000, 0x0000, 0x0000, 0x0000, 0x0000, 0x0000, 0x0000, 0x0000,
    0x0000, 0x0000, 0x0000, 0x0000, 0x0000, 0x0000, 0x0000, 0x0000, 0x0000, 0x0000, 0x0000, 0x0000,
    0x0000, 0x0000, 0x0000, 0x0000, 0x0000, 0x0000, 0x0000, 0x0000, 0x0000, 0x0000, 0x0000, 0x0000,
    0x0000, 0x0000, 0x0000, 0x0000, 0x0000, 0x0000, 0x0000, 0x0000, 0x0000, 0x0000, 0x0000, 0x0000,
};
const uint16_t Outfit_13px_Light_100_e3e3e3_Lowercase_c[] = {
    0x0000, 0x0000, 0x0000, 0x0000, 0x0000, 0x0000, 0x0000, 0x0000, 0x0000, 0x0000, 0x0000,
    0x0000, 0x0000, 0x0000, 0x0000, 0x0000, 0x0000, 0x0000, 0x0000, 0x0000, 0x0000, 0x0000,
    0x0000, 0x0000, 0x0000, 0x0000, 0x0000, 0x0000, 0x0000, 0x0000, 0x0000, 0x0000, 0x0000,
    0x0000, 0x0000, 0x0000, 0x0000, 0x0000, 0x0000, 0x0000, 0x0000, 0x0000, 0x0000, 0x0000,
    0x0000, 0x0000, 0x0000, 0x0000, 0x0000, 0x0000, 0x0000, 0x0000, 0x0000, 0x0000, 0x0000,
    0x0000, 0x0000, 0x0000, 0x0000, 0x0000, 0x0000, 0x0000, 0x0000, 0x0000, 0x0000, 0x0000,
    0x0000, 0x0000, 0x0000, 0x0000, 0x0000, 0x0000, 0x0000, 0x0000, 0x0000, 0x0000, 0x0000,
    0x0000, 0x0000, 0x0000, 0x0000, 0x0000, 0x0000, 0x0000, 0x0000, 0x0000, 0x0000, 0x0000,
    0x0000, 0x0000, 0x0000, 0x4208, 0x8410, 0xB5B6, 0xD69A, 0xAD75, 0x7BEF, 0x18E3, 0x0000,
    0x0000, 0x0000, 0x630C, 0xE71C, 0xC638, 0x8C71, 0x6B6D, 0x9492, 0xDEFB, 0xCE59, 0x3186,
    0x0000, 0x52AA, 0xE71C, 0xA534, 0x10A2, 0x0000, 0x0000, 0x0000, 0x31A6, 0x94B2, 0x2945,
    0x0000, 0xAD55, 0xB5B6, 0x18C3, 0x0000, 0x0000, 0x0000, 0x0000, 0x0000, 0x0000, 0x0000,
    0x18C3, 0xDEDB, 0x738E, 0x0000, 0x0000, 0x0000, 0x0000, 0x0000, 0x0000, 0x0000, 0x0000,
    0x39C7, 0xE71C, 0x4A49, 0x0000, 0x0000, 0x0000, 0x0000, 0x0000, 0x0000, 0x0000, 0x0000,
    0x18E3, 0xE71C, 0x632C, 0x0000, 0x0000, 0x0000, 0x0000, 0x0000, 0x0000, 0x0000, 0x0000,
    0x0000, 0xB5B6, 0x9CF3, 0x0000, 0x0000, 0x0000, 0x0000, 0x0000, 0x0000, 0x0000, 0x0000,
    0x0000, 0x73AE, 0xE71C, 0x738E, 0x0000, 0x0000, 0x0000, 0x0000, 0x10A2, 0x5AEB, 0x18E3,
    0x0000, 0x10A2, 0x9492, 0xE71C, 0x9492, 0x528A, 0x3186, 0x528A, 0xBDD7, 0xE71C, 0x4A69,
    0x0000, 0x0000, 0x10A2, 0x7BCF, 0xBDF7, 0xE71C, 0xE71C, 0xE71C, 0xBDF7, 0x4A49, 0x0000,
    0x0000, 0x0000, 0x0000, 0x0000, 0x0000, 0x2124, 0x2965, 0x18E3, 0x0000, 0x0000, 0x0000,
    0x0000, 0x0000, 0x0000, 0x0000, 0x0000, 0x0000, 0x0000, 0x0000, 0x0000, 0x0000, 0x0000,
    0x0000, 0x0000, 0x0000, 0x0000, 0x0000, 0x0000, 0x0000, 0x0000, 0x0000, 0x0000, 0x0000,
    0x0000, 0x0000, 0x0000, 0x0000, 0x0000, 0x0000, 0x0000, 0x0000, 0x0000, 0x0000, 0x0000,
    0x0000, 0x0000, 0x0000, 0x0000, 0x0000, 0x0000, 0x0000, 0x0000, 0x0000, 0x0000, 0x0000,
};
const uint16_t Outfit_13px_Light_100_e3e3e3_Lowercase_d[] = {
    0x0000, 0x0000, 0x0000, 0x0000, 0x0000, 0x0000, 0x0000, 0x0000, 0x0000, 0x0000, 0x0000,
    0x0000, 0x0000, 0x0000, 0x0000, 0x0000, 0x0000, 0x0000, 0x0000, 0x0000, 0x0000, 0x0000,
    0x0000, 0x0000, 0x0000, 0x0000, 0x0000, 0x0000, 0x0000, 0x0000, 0x0000, 0x0000, 0x0000,
    0x0000, 0x0000, 0x0000, 0x0000, 0x0000, 0x0000, 0x0000, 0x0000, 0x0000, 0x4228, 0xBDD7,
    0x0000, 0x0000, 0x0000, 0x0000, 0x0000, 0x0000, 0x0000, 0x0000, 0x0000, 0x4A69, 0xE71C,
    0x0000, 0x0000, 0x0000, 0x0000, 0x0000, 0x0000, 0x0000, 0x0000, 0x0000, 0x4A69, 0xE71C,
    0x0000, 0x0000, 0x0000, 0x0000, 0x0000, 0x0000, 0x0000, 0x0000, 0x0000, 0x4A69, 0xE71C,
    0x0000, 0x0000, 0x0000, 0x0000, 0x0000, 0x0000, 0x0000, 0x0000, 0x0000, 0x4A69, 0xE71C,
    0x0000, 0x0000, 0x2104, 0x6B4D, 0xA514, 0xD69A, 0xBDF7, 0x9492, 0x39C7, 0x4A69, 0xE71C,
    0x0000, 0x2104, 0xC618, 0xDEDB, 0xA534, 0x73AE, 0x8C71, 0xC638, 0xDEFB, 0x9CF3, 0xE71C,
    0x10A2, 0xBDD7, 0xDEDB, 0x4208, 0x0000, 0x0000, 0x0000, 0x18C3, 0xAD75, 0xE71C, 0xE71C,
    0x4208, 0xE71C, 0x528A, 0x0000, 0x0000, 0x0000, 0x0000, 0x0000, 0x18E3, 0xE71C, 0xE71C,
    0x738E, 0xDEDB, 0x10A2, 0x0000, 0x0000, 0x0000, 0x0000, 0x0000, 0x0000, 0xB596, 0xE71C,
    0x9CD3, 0xB5B6, 0x0000, 0x0000, 0x0000, 0x0000, 0x0000, 0x0000, 0x0000, 0x7BEF, 0xE71C,
    0x8410, 0xCE79, 0x0000, 0x0000, 0x0000, 0x0000, 0x0000, 0x0000, 0x0000, 0xA514, 0xE71C,
    0x4A69, 0xE71C, 0x3186, 0x0000, 0x0000, 0x0000, 0x0000, 0x0000, 0x0000, 0xE71C, 0xE71C,
    0x18E3, 0xDEDB, 0xC618, 0x2104, 0x0000, 0x0000, 0x0000, 0x0000, 0x73AE, 0xE71C, 0xE71C,
    0x0000, 0x4228, 0xDEDB, 0xBDF7, 0x6B4D, 0x39C7, 0x4A69, 0x8C51, 0xE71C, 0xCE79, 0xE71C,
    0x0000, 0x0000, 0x4228, 0xAD55, 0xDEDB, 0xE71C, 0xE71C, 0xCE79, 0x6B6D, 0x4A69, 0xDEDB,
    0x0000, 0x0000, 0x0000, 0x0000, 0x18C3, 0x2965, 0x2945, 0x0000, 0x0000, 0x0000, 0x0000,
    0x0000, 0x0000, 0x0000, 0x0000, 0x0000, 0x0000, 0x0000, 0x0000, 0x0000, 0x0000, 0x0000,
    0x0000, 0x0000, 0x0000, 0x0000, 0x0000, 0x0000, 0x0000, 0x0000, 0x0000, 0x0000, 0x0000,
    0x0000, 0x0000, 0x0000, 0x0000, 0x0000, 0x0000, 0x0000, 0x0000, 0x0000, 0x0000, 0x0000,
    0x0000, 0x0000, 0x0000, 0x0000, 0x0000, 0x0000, 0x0000, 0x0000, 0x0000, 0x0000, 0x0000,
};
const uint16_t Outfit_13px_Light_100_e3e3e3_Lowercase_e[] = {
    0x0000, 0x0000, 0x0000, 0x0000, 0x0000, 0x0000, 0x0000, 0x0000, 0x0000, 0x0000, 0x0000,
    0x0000, 0x0000, 0x0000, 0x0000, 0x0000, 0x0000, 0x0000, 0x0000, 0x0000, 0x0000, 0x0000,
    0x0000, 0x0000, 0x0000, 0x0000, 0x0000, 0x0000, 0x0000, 0x0000, 0x0000, 0x0000, 0x0000,
    0x0000, 0x0000, 0x0000, 0x0000, 0x0000, 0x0000, 0x0000, 0x0000, 0x0000, 0x0000, 0x0000,
    0x0000, 0x0000, 0x0000, 0x0000, 0x0000, 0x0000, 0x0000, 0x0000, 0x0000, 0x0000, 0x0000,
    0x0000, 0x0000, 0x0000, 0x0000, 0x0000, 0x0000, 0x0000, 0x0000, 0x0000, 0x0000, 0x0000,
    0x0000, 0x0000, 0x0000, 0x0000, 0x0000, 0x0000, 0x0000, 0x0000, 0x0000, 0x0000, 0x0000,
    0x0000, 0x0000, 0x0000, 0x0000, 0x0000, 0x0000, 0x0000, 0x0000, 0x0000, 0x0000, 0x0000,
    0x0000, 0x0000, 0x2104, 0x6B4D, 0x9CF3, 0xCE79, 0xBDF7, 0x8C51, 0x4208, 0x0000, 0x0000,
    0x0000, 0x2104, 0xBDF7, 0xDEDB, 0xA514, 0x73AE, 0x8C51, 0xC638, 0xDEFB, 0x528A, 0x0000,
    0x18C3, 0xBDD7, 0xD6BA, 0x39C7, 0x0000, 0x0000, 0x0000, 0x18C3, 0xB596, 0xDEFB, 0x2965,
    0x4228, 0xE71C, 0x4228, 0x0000, 0x0000, 0x0000, 0x0000, 0x0000, 0x2104, 0xDEDB, 0x630C,
    0x7BCF, 0xDEDB, 0x18E3, 0x18C3, 0x18C3, 0x18C3, 0x18C3, 0x18C3, 0x18C3, 0xC618, 0x94B2,
    0xBDF7, 0xE71C, 0xE71C, 0xE71C, 0xE71C, 0xE71C, 0xE71C, 0xE71C, 0xE71C, 0xE71C, 0xBDF7,
    0x8430, 0xE71C, 0x39C7, 0x39C7, 0x39C7, 0x39C7, 0x39C7, 0x39C7, 0x39C7, 0x39C7, 0x2945,
    0x4A69, 0xE71C, 0x3186, 0x0000, 0x0000, 0x0000, 0x0000, 0x0000, 0x0000, 0x0000, 0x0000,
    0x18E3, 0xD6BA, 0xC618, 0x2124, 0x0000, 0x0000, 0x0000, 0x0000, 0x3186, 0x8430, 0x18E3,
    0x0000, 0x39E7, 0xD6BA, 0xC618, 0x6B6D, 0x39E7, 0x39C7, 0x6B4D, 0xD6BA, 0xCE79, 0x2945,
    0x0000, 0x0000, 0x39E7, 0xA514, 0xD6BA, 0xE71C, 0xE71C, 0xDEDB, 0x9CF3, 0x2124, 0x0000,
    0x0000, 0x0000, 0x0000, 0x0000, 0x10A2, 0x2945, 0x2965, 0x10A2, 0x0000, 0x0000, 0x0000,
    0x0000, 0x0000, 0x0000, 0x0000, 0x0000, 0x0000, 0x0000, 0x0000, 0x0000, 0x0000, 0x0000,
    0x0000, 0x0000, 0x0000, 0x0000, 0x0000, 0x0000, 0x0000, 0x0000, 0x0000, 0x0000, 0x0000,
    0x0000, 0x0000, 0x0000, 0x0000, 0x0000, 0x0000, 0x0000, 0x0000, 0x0000, 0x0000, 0x0000,
    0x0000, 0x0000, 0x0000, 0x0000, 0x0000, 0x0000, 0x0000, 0x0000, 0x0000, 0x0000, 0x0000,
};
const uint16_t Outfit_13px_Light_100_e3e3e3_Lowercase_f[] = {
    0x0000, 0x0000, 0x0000, 0x0000, 0x0000, 0x0000, 0x0000, 0x0000, 0x0000, 0x0000,
    0x0000, 0x0000, 0x0000, 0x0000, 0x0000, 0x0000, 0x0000, 0x0000, 0x0000, 0x0000,
    0x0000, 0x0000, 0x0000, 0x0000, 0x0000, 0x0000, 0x2124, 0x10A2, 0x0000, 0x0000,
    0x0000, 0x0000, 0x0000, 0x0000, 0x7BEF, 0xCE79, 0xE71C, 0xDEDB, 0x8C71, 0x18C3,
    0x0000, 0x0000, 0x0000, 0x6B6D, 0xE71C, 0x9CD3, 0x528A, 0x7BCF, 0xCE59, 0x2124,
    0x0000, 0x0000, 0x0000, 0xB596, 0xB5B6, 0x0000, 0x0000, 0x0000, 0x0000, 0x0000,
    0x0000, 0x0000, 0x0000, 0xD69A, 0x738E, 0x0000, 0x0000, 0x0000, 0x0000, 0x0000,
    0x0000, 0x0000, 0x0000, 0xD6BA, 0x5ACB, 0x0000, 0x0000, 0x0000, 0x0000, 0x0000,
    0x4A49, 0xA534, 0xA534, 0xE71C, 0xE71C, 0xA534, 0xA534, 0xA534, 0x18E3, 0x0000,
    0x4A69, 0x73AE, 0x73AE, 0xE71C, 0xBDF7, 0x73AE, 0x73AE, 0x6B6D, 0x0000, 0x0000,
    0x0000, 0x0000, 0x0000, 0xD6BA, 0x5ACB, 0x0000, 0x0000, 0x0000, 0x0000, 0x0000,
    0x0000, 0x0000, 0x0000, 0xD6BA, 0x5ACB, 0x0000, 0x0000, 0x0000, 0x0000, 0x0000,
    0x0000, 0x0000, 0x0000, 0xD6BA, 0x5ACB, 0x0000, 0x0000, 0x0000, 0x0000, 0x0000,
    0x0000, 0x0000, 0x0000, 0xD6BA, 0x5ACB, 0x0000, 0x0000, 0x0000, 0x0000, 0x0000,
    0x0000, 0x0000, 0x0000, 0xD6BA, 0x5ACB, 0x0000, 0x0000, 0x0000, 0x0000, 0x0000,
    0x0000, 0x0000, 0x0000, 0xD6BA, 0x5ACB, 0x0000, 0x0000, 0x0000, 0x0000, 0x0000,
    0x0000, 0x0000, 0x0000, 0xD6BA, 0x5ACB, 0x0000, 0x0000, 0x0000, 0x0000, 0x0000,
    0x0000, 0x0000, 0x0000, 0xD6BA, 0x5ACB, 0x0000, 0x0000, 0x0000, 0x0000, 0x0000,
    0x0000, 0x0000, 0x0000, 0xD6BA, 0x5ACB, 0x0000, 0x0000, 0x0000, 0x0000, 0x0000,
    0x0000, 0x0000, 0x0000, 0x0000, 0x0000, 0x0000, 0x0000, 0x0000, 0x0000, 0x0000,
    0x0000, 0x0000, 0x0000, 0x0000, 0x0000, 0x0000, 0x0000, 0x0000, 0x0000, 0x0000,
    0x0000, 0x0000, 0x0000, 0x0000, 0x0000, 0x0000, 0x0000, 0x0000, 0x0000, 0x0000,
    0x0000, 0x0000, 0x0000, 0x0000, 0x0000, 0x0000, 0x0000, 0x0000, 0x0000, 0x0000,
    0x0000, 0x0000, 0x0000, 0x0000, 0x0000, 0x0000, 0x0000, 0x0000, 0x0000, 0x0000,
};
const uint16_t Outfit_13px_Light_100_e3e3e3_Lowercase_g[] = {
    0x0000, 0x0861, 0x0000, 0x0000, 0x0000, 0x0000, 0x0000, 0x0000, 0x0000, 0x0000, 0x0000, 0x0000,
    0x0000, 0x0841, 0x0000, 0x0000, 0x0000, 0x0000, 0x0000, 0x0000, 0x0000, 0x0000, 0x0000, 0x0000,
    0x0000, 0x0841, 0x0000, 0x0000, 0x0000, 0x0000, 0x0000, 0x0000, 0x0000, 0x0000, 0x0000, 0x0000,
    0x0000, 0x0000, 0x0000, 0x0000, 0x0000, 0x0000, 0x0000, 0x0000, 0x0000, 0x0000, 0x0000, 0x0000,
    0x0000, 0x0000, 0x0861, 0x0000, 0x0000, 0x0000, 0x0000, 0x0000, 0x0000, 0x0000, 0x0000, 0x0000,
    0x0000, 0x0841, 0x0000, 0x0000, 0x0000, 0x0000, 0x0000, 0x0000, 0x0000, 0x0000, 0x0000, 0x0000,
    0x0000, 0x0000, 0x0000, 0x0000, 0x0000, 0x0000, 0x0000, 0x0000, 0x0000, 0x0000, 0x0000, 0x0000,
    0x0000, 0x0000, 0x0000, 0x0000, 0x0000, 0x0000, 0x0000, 0x0000, 0x0000, 0x0000, 0x0000, 0x0000,
    0x0000, 0x0000, 0x0000, 0x4A49, 0x8430, 0xBDF7, 0xCE79, 0xAD55, 0x73AE, 0x18C3, 0x8410, 0x5AEB,
    0x0000, 0x0000, 0x6B6D, 0xE71C, 0xC618, 0x8C51, 0x73AE, 0xA514, 0xDEDB, 0xBDD7, 0xC638, 0x7BEF,
    0x0000, 0x5AEB, 0xE71C, 0x9CD3, 0x10A2, 0x0000, 0x0000, 0x0000, 0x4208, 0xDEDB, 0xE71C, 0x7BEF,
    0x0000, 0xAD75, 0xB596, 0x10A2, 0x0000, 0x0000, 0x0000, 0x0000, 0x0000, 0x5ACB, 0xE71C, 0x8C51,
    0x18C3, 0xDEDB, 0x6B6D, 0x0000, 0x0000, 0x0000, 0x0000, 0x0000, 0x0000, 0x18E3, 0xE71C, 0x94B2,
    0x31A6, 0xE71C, 0x4A69, 0x0000, 0x0000, 0x0000, 0x0000, 0x0000, 0x0000, 0x0000, 0xE71C, 0x94B2,
    0x18C3, 0xDEFB, 0x6B6D, 0x0000, 0x0000, 0x0000, 0x0000, 0x0000, 0x0000, 0x18C3, 0xE71C, 0x94B2,
    0x0000, 0xAD75, 0xAD75, 0x10A2, 0x0000, 0x0000, 0x0000, 0x0000, 0x0000, 0x4A69, 0xE71C, 0x8C71,
    0x0000, 0x632C, 0xE71C, 0x9492, 0x10A2, 0x0000, 0x0000, 0x0000, 0x31A6, 0xD69A, 0xE71C, 0x7BEF,
    0x0000, 0x0000, 0x7BCF, 0xE71C, 0xB5B6, 0x7BEF, 0x7BCF, 0x8C71, 0xD69A, 0xC618, 0xCE59, 0x7BEF,
    0x0000, 0x0000, 0x0000, 0x5ACB, 0x94B2, 0xCE59, 0xDEDB, 0xBDD7, 0x8430, 0x18E3, 0xC618, 0x7BCF,
    0x0000, 0x0000, 0x0000, 0x0000, 0x0000, 0x0000, 0x0000, 0x0000, 0x0000, 0x18C3, 0xE71C, 0x4A69,
    0x0000, 0x73AE, 0x4A49, 0x0000, 0x0000, 0x0000, 0x0000, 0x0000, 0x0000, 0x8430, 0xE71C, 0x18E3,
    0x0000, 0xA534, 0xE71C, 0x6B6D, 0x2104, 0x0000, 0x0000, 0x18E3, 0x8430, 0xE71C, 0x7BEF, 0x0000,
    0x0000, 0x10A2, 0x8C71, 0xE71C, 0xE71C, 0xC638, 0xBDF7, 0xDEFB, 0xE71C, 0x738E, 0x0000, 0x0000,
    0x0000, 0x0000, 0x0000, 0x2124, 0x528A, 0x6B6D, 0x6B6D, 0x4228, 0x18C3, 0x0000, 0x0000, 0x0000,
};
const uint16_t Outfit_13px_Light_100_e3e3e3_Lowercase_h[] = {
    0x0000, 0x0000, 0x0000, 0x0000, 0x0000, 0x0000, 0x0000, 0x0000, 0x0000, 0x0000,
    0x0000, 0x0000, 0x0000, 0x0000, 0x0000, 0x0000, 0x0000, 0x0000, 0x0000, 0x0000,
    0x0000, 0x0000, 0x0000, 0x0000, 0x0000, 0x0000, 0x0000, 0x0000, 0x0000, 0x0000,
    0x73AE, 0x7BCF, 0x0000, 0x0000, 0x0000, 0x0000, 0x0000, 0x0000, 0x0000, 0x0000,
    0x8410, 0xAD75, 0x0000, 0x0000, 0x0000, 0x0000, 0x0000, 0x0000, 0x0000, 0x0000,
    0x8410, 0xAD75, 0x0000, 0x0000, 0x0000, 0x0000, 0x0000, 0x0000, 0x0000, 0x0000,
    0x8410, 0xAD75, 0x0000, 0x0000, 0x0000, 0x0000, 0x0000, 0x0000, 0x0000, 0x0000,
    0x8410, 0xAD75, 0x0000, 0x0000, 0x0000, 0x0000, 0x0000, 0x0000, 0x0000, 0x0000,
    0x8410, 0xAD75, 0x39C7, 0x8C51, 0xBDF7, 0xCE79, 0x9CF3, 0x5AEB, 0x0000, 0x0000,
    0x8410, 0xDEFB, 0xDEDB, 0xBDF7, 0x7BEF, 0x6B4D, 0xAD55, 0xE71C, 0x738E, 0x0000,
    0x8410, 0xE71C, 0xAD55, 0x18C3, 0x0000, 0x0000, 0x0000, 0x8430, 0xE71C, 0x3186,
    0xA514, 0xE71C, 0x2124, 0x0000, 0x0000, 0x0000, 0x0000, 0x18C3, 0xD6BA, 0x630C,
    0xB596, 0xE71C, 0x0000, 0x0000, 0x0000, 0x0000, 0x0000, 0x0000, 0xB5B6, 0x8430,
    0x8410, 0xAD75, 0x0000, 0x0000, 0x0000, 0x0000, 0x0000, 0x0000, 0xA534, 0x8C51,
    0x8410, 0xAD75, 0x0000, 0x0000, 0x0000, 0x0000, 0x0000, 0x0000, 0xA534, 0x8C51,
    0x8410, 0xAD75, 0x0000, 0x0000, 0x0000, 0x0000, 0x0000, 0x0000, 0xA534, 0x8C51,
    0x8410, 0xAD75, 0x0000, 0x0000, 0x0000, 0x0000, 0x0000, 0x0000, 0xA534, 0x8C51,
    0x8410, 0xAD75, 0x0000, 0x0000, 0x0000, 0x0000, 0x0000, 0x0000, 0xA534, 0x8C51,
    0x8410, 0xAD75, 0x0000, 0x0000, 0x0000, 0x0000, 0x0000, 0x0000, 0x9492, 0x73AE,
    0x0000, 0x0000, 0x0000, 0x0000, 0x0000, 0x0000, 0x0000, 0x0000, 0x0000, 0x0000,
    0x0000, 0x0000, 0x0000, 0x0000, 0x0000, 0x0000, 0x0000, 0x0000, 0x0000, 0x0000,
    0x0000, 0x0000, 0x0000, 0x0000, 0x0000, 0x0000, 0x0000, 0x0000, 0x0000, 0x0000,
    0x0000, 0x0000, 0x0000, 0x0000, 0x0000, 0x0000, 0x0000, 0x0000, 0x0000, 0x0000,
    0x0000, 0x0000, 0x0000, 0x0000, 0x0000, 0x0000, 0x0000, 0x0000, 0x0000, 0x0000,
};
const uint16_t Outfit_13px_Light_100_e3e3e3_Lowercase_i[] = {
    0x0000, 0x0000, 0x0000,
    0x0000, 0x0000, 0x0000,
    0x0000, 0x0000, 0x0000,
    0x0000, 0x0000, 0x0000,
    0x3186, 0x9CD3, 0x4A49,
    0x5AEB, 0xE71C, 0x8C71,
    0x18C3, 0x4228, 0x2124,
    0x0000, 0x0000, 0x0000,
    0x10A2, 0x8430, 0x31A6,
    0x18C3, 0xE71C, 0x4228,
    0x18C3, 0xE71C, 0x4228,
    0x18C3, 0xE71C, 0x4228,
    0x18C3, 0xE71C, 0x4228,
    0x18C3, 0xE71C, 0x4228,
    0x18C3, 0xE71C, 0x4228,
    0x18C3, 0xE71C, 0x4228,
    0x18C3, 0xE71C, 0x4228,
    0x18C3, 0xE71C, 0x4228,
    0x18C3, 0xE71C, 0x4228,
    0x0000, 0x0000, 0x0000,
    0x0000, 0x0861, 0x0861,
    0x0861, 0x0000, 0x0000,
    0x0000, 0x0000, 0x0000,
    0x0861, 0x0000, 0x0000,
};
const uint16_t Outfit_13px_Light_100_e3e3e3_Lowercase_j[] = {
    0x0000, 0x0000, 0x0000, 0x0000, 0x0000, 0x0000, 0x0000,
    0x0000, 0x0000, 0x0000, 0x0000, 0x0000, 0x0000, 0x0000,
    0x0000, 0x0000, 0x0000, 0x0000, 0x0000, 0x0000, 0x0000,
    0x0000, 0x0000, 0x0000, 0x0000, 0x0000, 0x0000, 0x0000,
    0x0000, 0x0000, 0x0000, 0x0000, 0x6B6D, 0x8C71, 0x10A2,
    0x0000, 0x0000, 0x0000, 0x0000, 0xC618, 0xE71C, 0x2945,
    0x0000, 0x0000, 0x0861, 0x0000, 0x31A6, 0x39E7, 0x0000,
    0x0000, 0x0000, 0x0861, 0x0000, 0x0000, 0x0000, 0x0000,
    0x0000, 0x0000, 0x0861, 0x0000, 0x5ACB, 0x8430, 0x0000,
    0x0000, 0x0000, 0x0861, 0x0000, 0x7BCF, 0xB5B6, 0x0000,
    0x0000, 0x0000, 0x0000, 0x0000, 0x7BCF, 0xB5B6, 0x0000,
    0x0000, 0x0000, 0x0000, 0x0000, 0x7BCF, 0xB5B6, 0x0000,
    0x0000, 0x0000, 0x0000, 0x0000, 0x7BCF, 0xB5B6, 0x0000,
    0x0000, 0x0000, 0x0000, 0x0000, 0x7BCF, 0xB5B6, 0x0000,
    0x0000, 0x0000, 0x0000, 0x0000, 0x7BCF, 0xB5B6, 0x0000,
    0x0000, 0x0000, 0x0000, 0x0000, 0x7BCF, 0xB5B6, 0x0000,
    0x0000, 0x0000, 0x0000, 0x0000, 0x7BCF, 0xB5B6, 0x0000,
    0x0000, 0x0000, 0x0861, 0x0000, 0x7BCF, 0xB5B6, 0x0000,
    0x0000, 0x0000, 0x0861, 0x0000, 0x7BCF, 0xB5B6, 0x0000,
    0x0000, 0x0000, 0x0000, 0x0000, 0x7BCF, 0xB5B6, 0x0000,
    0x0000, 0x0000, 0x0000, 0x0000, 0x94B2, 0xB596, 0x0000,
    0x630C, 0x39C7, 0x0000, 0x2124, 0xDEDB, 0x8C51, 0x0000,
    0xC638, 0xDEFB, 0xC618, 0xE71C, 0xD69A, 0x31A6, 0x0000,
    0x18E3, 0x630C, 0x6B6D, 0x632C, 0x2945, 0x0000, 0x0000,
};
const uint16_t Outfit_13px_Light_100_e3e3e3_Lowercase_k[] = {
    0x0000, 0x0000, 0x0000, 0x0000, 0x0000, 0x0000, 0x0000, 0x0000, 0x0000,
    0x0000, 0x0000, 0x0000, 0x0000, 0x0000, 0x0000, 0x0000, 0x0000, 0x0000,
    0x0000, 0x0000, 0x0000, 0x0000, 0x0000, 0x0000, 0x0000, 0x0000, 0x0000,
    0x73AE, 0x7BCF, 0x0000, 0x0000, 0x0000, 0x0000, 0x0000, 0x0000, 0x0000,
    0x8410, 0xAD75, 0x0000, 0x0000, 0x0000, 0x0000, 0x0000, 0x0000, 0x0000,
    0x8410, 0xAD75, 0x0000, 0x0000, 0x0000, 0x0000, 0x0000, 0x0000, 0x0000,
    0x8410, 0xAD75, 0x0000, 0x0000, 0x0000, 0x0000, 0x0000, 0x0000, 0x0000,
    0x8410, 0xAD75, 0x0000, 0x0000, 0x0000, 0x0000, 0x0000, 0x0000, 0x0000,
    0x8410, 0xAD75, 0x0000, 0x0000, 0x0000, 0x0000, 0x5ACB, 0xA534, 0x5ACB,
    0x8410, 0xAD75, 0x0000, 0x0000, 0x10A2, 0x7BEF, 0xE71C, 0xA514, 0x18E3,
    0x8410, 0xAD75, 0x0000, 0x18E3, 0xA514, 0xE71C, 0x7BEF, 0x10A2, 0x0000,
    0x8410, 0xAD75, 0x2965, 0xBDF7, 0xDEDB, 0x5ACB, 0x0000, 0x0000, 0x0000,
    0x8410, 0xDEFB, 0xD69A, 0xCE59, 0x39C7, 0x0000, 0x0000, 0x0000, 0x0000,
    0x8410, 0xE71C, 0xE71C, 0x39C7, 0x0000, 0x0000, 0x0000, 0x0000, 0x0000,
    0x8410, 0xDEFB, 0xD69A, 0xCE59, 0x39C7, 0x0000, 0x0000, 0x0000, 0x0000,
    0x8410, 0xAD75, 0x3186, 0xC638, 0xDEDB, 0x4A69, 0x0000, 0x0000, 0x0000,
    0x8410, 0xAD75, 0x0000, 0x2104, 0xB596, 0xE71C, 0x6B6D, 0x0000, 0x0000,
    0x8410, 0xAD75, 0x0000, 0x0000, 0x18C3, 0x94B2, 0xE71C, 0x8C71, 0x10A2,
    0x8410, 0xAD75, 0x0000, 0x0000, 0x0000, 0x0000, 0x73AE, 0xE71C, 0x7BCF,
    0x0000, 0x0000, 0x0000, 0x0000, 0x0000, 0x0000, 0x0000, 0x0000, 0x0000,
    0x0000, 0x0000, 0x0000, 0x0000, 0x0000, 0x0000, 0x0000, 0x0000, 0x0000,
    0x0000, 0x0000, 0x0000, 0x0000, 0x0000, 0x0000, 0x0000, 0x0000, 0x0000,
    0x0000, 0x0000, 0x0000, 0x0000, 0x0000, 0x0000, 0x0000, 0x0000, 0x0000,
    0x0000, 0x0000, 0x0000, 0x0000, 0x0000, 0x0000, 0x0000, 0x0000, 0x0000,
};
const uint16_t Outfit_13px_Light_100_e3e3e3_Lowercase_l[] = {
    0x0000, 0x0000,
    0x0000, 0x0000,
    0x0000, 0x0000,
    0x73AE, 0x7BCF,
    0x8410, 0xAD75,
    0x8410, 0xAD75,
    0x8410, 0xAD75,
    0x8410, 0xAD75,
    0x8410, 0xAD75,
    0x8410, 0xAD75,
    0x8410, 0xAD75,
    0x8410, 0xAD75,
    0x8410, 0xAD75,
    0x8410, 0xAD75,
    0x8410, 0xAD75,
    0x8410, 0xAD75,
    0x8410, 0xAD75,
    0x8410, 0xAD75,
    0x8410, 0xAD75,
    0x0000, 0x0000,
    0x0000, 0x0000,
    0x0000, 0x0000,
    0x0000, 0x0000,
    0x0000, 0x0000,
};
const uint16_t Outfit_13px_Light_100_e3e3e3_Lowercase_m[] = {
    0x0000, 0x0000, 0x0000, 0x0000, 0x0000, 0x0000, 0x0000, 0x0000, 0x0000, 0x0000, 0x0000, 0x0000, 0x0000, 0x0000, 0x0000, 0x0000,
    0x0000, 0x0000, 0x0000, 0x0000, 0x0000, 0x0000, 0x0000, 0x0000, 0x0000, 0x0000, 0x0000, 0x0000, 0x0000, 0x0000, 0x0000, 0x0000,
    0x0000, 0x0000, 0x0000, 0x0000, 0x0000, 0x0000, 0x0000, 0x0000, 0x0000, 0x0000, 0x0000, 0x0000, 0x0000, 0x0000, 0x0000, 0x0000,
    0x0000, 0x0000, 0x0000, 0x0000, 0x0000, 0x0000, 0x0000, 0x0000, 0x0000, 0x0000, 0x0000, 0x0000, 0x0000, 0x0000, 0x0000, 0x0000,
    0x0000, 0x0000, 0x0000, 0x0000, 0x0000, 0x0000, 0x0000, 0x0000, 0x0000, 0x0000, 0x0000, 0x0000, 0x0000, 0x0000, 0x0000, 0x0000,
    0x0000, 0x0000, 0x0000, 0x0000, 0x0000, 0x0000, 0x0000, 0x0000, 0x0000, 0x0000, 0x0000, 0x0000, 0x0000, 0x0000, 0x0000, 0x0000,
    0x0000, 0x0000, 0x0000, 0x0000, 0x0000, 0x0000, 0x0000, 0x0000, 0x0000, 0x0000, 0x0000, 0x0000, 0x0000, 0x0000, 0x0000, 0x0000,
    0x0000, 0x0000, 0x0000, 0x0000, 0x0000, 0x0000, 0x0000, 0x0000, 0x0000, 0x0000, 0x0000, 0x0000, 0x0000, 0x0000, 0x0000, 0x0000,
    0x8430, 0x4208, 0x8410, 0xB5B6, 0xD69A, 0xAD55, 0x6B4D, 0x0000, 0x10A2, 0x6B6D, 0xAD55, 0xD69A, 0xB5B6, 0x7BEF, 0x18C3, 0x0000,
    0xE71C, 0xE71C, 0xD6BA, 0x8430, 0x6B4D, 0x9CF3, 0xE71C, 0x8430, 0x94B2, 0xE71C, 0x9492, 0x6B4D, 0x8C51, 0xE71C, 0xAD55, 0x18C3,
    0xE71C, 0xE71C, 0x31A6, 0x0000, 0x0000, 0x0000, 0x8410, 0xE71C, 0xE71C, 0x52AA, 0x0000, 0x0000, 0x0000, 0x528A, 0xE71C, 0x528A,
    0xE71C, 0xB596, 0x0000, 0x0000, 0x0000, 0x0000, 0x18C3, 0xE71C, 0xE71C, 0x0000, 0x0000, 0x0000, 0x0000, 0x0000, 0xBDD7, 0x8430,
    0xE71C, 0x6B4D, 0x0000, 0x0000, 0x0000, 0x0000, 0x0000, 0xE71C, 0xB596, 0x0000, 0x0000, 0x0000, 0x0000, 0x0000, 0x94B2, 0x9CF3,
    0xE71C, 0x4228, 0x0000, 0x0000, 0x0000, 0x0000, 0x0000, 0xBDF7, 0x738E, 0x0000, 0x0000, 0x0000, 0x0000, 0x0000, 0x9492, 0x9CF3,
    0xE71C, 0x4228, 0x0000, 0x0000, 0x0000, 0x0000, 0x0000, 0xBDF7, 0x738E, 0x0000, 0x0000, 0x0000, 0x0000, 0x0000, 0x9492, 0x9CF3,
    0xE71C, 0x4228, 0x0000, 0x0000, 0x0000, 0x0000, 0x0000, 0xBDF7, 0x738E, 0x0000, 0x0000, 0x0000, 0x0000, 0x0000, 0x9492, 0x9CF3,
    0xE71C, 0x4228, 0x0000, 0x0000, 0x0000, 0x0000, 0x0000, 0xBDF7, 0x738E, 0x0000, 0x0000, 0x0000, 0x0000, 0x0000, 0x9492, 0x9CF3,
    0xE71C, 0x4228, 0x0000, 0x0000, 0x0000, 0x0000, 0x0000, 0xBDF7, 0x738E, 0x0000, 0x0000, 0x0000, 0x0000, 0x0000, 0x9492, 0x9CF3,
    0xE71C, 0x4228, 0x0000, 0x0000, 0x0000, 0x0000, 0x0000, 0xBDF7, 0x738E, 0x0000, 0x0000, 0x0000, 0x0000, 0x0000, 0x9492, 0x8C71,
    0x0000, 0x0000, 0x0000, 0x0000, 0x0000, 0x0000, 0x0000, 0x0000, 0x0000, 0x0000, 0x0000, 0x0000, 0x0000, 0x0000, 0x0000, 0x0000,
    0x0000, 0x0000, 0x0000, 0x0000, 0x0000, 0x0000, 0x0000, 0x0000, 0x0000, 0x0000, 0x0000, 0x0000, 0x0000, 0x0000, 0x0000, 0x0000,
    0x0000, 0x0000, 0x0000, 0x0000, 0x0000, 0x0000, 0x0000, 0x0000, 0x0000, 0x0000, 0x0000, 0x0000, 0x0000, 0x0000, 0x0000, 0x0000,
    0x0000, 0x0000, 0x0000, 0x0000, 0x0000, 0x0000, 0x0000, 0x0000, 0x0000, 0x0000, 0x0000, 0x0000, 0x0000, 0x0000, 0x0000, 0x0000,
    0x0000, 0x0000, 0x0000, 0x0000, 0x0000, 0x0000, 0x0000, 0x0000, 0x0000, 0x0000, 0x0000, 0x0000, 0x0000, 0x0000, 0x0000, 0x0000,
};
const uint16_t Outfit_13px_Light_100_e3e3e3_Lowercase_n[] = {
    0x0000, 0x0000, 0x0000, 0x0000, 0x0000, 0x0000, 0x0000, 0x0000, 0x0000, 0x0000, 0x0000,
    0x0000, 0x0000, 0x0000, 0x0000, 0x0000, 0x0000, 0x0000, 0x0000, 0x0000, 0x0000, 0x0000,
    0x0000, 0x0000, 0x0000, 0x0000, 0x0000, 0x0000, 0x0000, 0x0000, 0x0000, 0x0000, 0x0000,
    0x0000, 0x0000, 0x0000, 0x0000, 0x0000, 0x0000, 0x0000, 0x0000, 0x0000, 0x0000, 0x0000,
    0x0000, 0x0000, 0x0000, 0x0000, 0x0000, 0x0000, 0x0000, 0x0000, 0x0000, 0x0000, 0x0000,
    0x0000, 0x0000, 0x0000, 0x0000, 0x0000, 0x0000, 0x0000, 0x0000, 0x0000, 0x0000, 0x0000,
    0x0000, 0x0000, 0x0000, 0x0000, 0x0000, 0x0000, 0x0000, 0x0000, 0x0000, 0x0000, 0x0000,
    0x0000, 0x0000, 0x0000, 0x0000, 0x0000, 0x0000, 0x0000, 0x0000, 0x0000, 0x0000, 0x0000,
    0x10A2, 0x8430, 0x39C7, 0x6B6D, 0xA534, 0xCE79, 0xBDD7, 0x8430, 0x2965, 0x0000, 0x0000,
    0x18C3, 0xE71C, 0xCE79, 0xDEFB, 0x94B2, 0x6B4D, 0x7BCF, 0xD6BA, 0xC638, 0x2124, 0x0000,
    0x18C3, 0xE71C, 0xE71C, 0x4A69, 0x0000, 0x0000, 0x0000, 0x2945, 0xD6BA, 0x94B2, 0x0000,
    0x18C3, 0xE71C, 0xBDF7, 0x0000, 0x0000, 0x0000, 0x0000, 0x0000, 0x73AE, 0xCE59, 0x0000,
    0x18C3, 0xE71C, 0x8C51, 0x0000, 0x0000, 0x0000, 0x0000, 0x0000, 0x4A49, 0xE71C, 0x18E3,
    0x18C3, 0xE71C, 0x4228, 0x0000, 0x0000, 0x0000, 0x0000, 0x0000, 0x39E7, 0xE71C, 0x2104,
    0x18C3, 0xE71C, 0x4228, 0x0000, 0x0000, 0x0000, 0x0000, 0x0000, 0x39E7, 0xE71C, 0x2104,
    0x18C3, 0xE71C, 0x4228, 0x0000, 0x0000, 0x0000, 0x0000, 0x0000, 0x39E7, 0xE71C, 0x2104,
    0x18C3, 0xE71C, 0x4228, 0x0000, 0x0000, 0x0000, 0x0000, 0x0000, 0x39E7, 0xE71C, 0x2104,
    0x18C3, 0xE71C, 0x4228, 0x0000, 0x0000, 0x0000, 0x0000, 0x0000, 0x39E7, 0xE71C, 0x2104,
    0x18C3, 0xE71C, 0x4228, 0x0000, 0x0000, 0x0000, 0x0000, 0x0000, 0x2965, 0xD6BA, 0x18C3,
    0x0000, 0x0000, 0x0000, 0x0000, 0x0000, 0x0000, 0x0000, 0x0000, 0x0000, 0x0000, 0x0000,
    0x0000, 0x0000, 0x0000, 0x0000, 0x0000, 0x0000, 0x0000, 0x0000, 0x0000, 0x0000, 0x0000,
    0x0000, 0x0000, 0x0000, 0x0000, 0x0000, 0x0000, 0x0000, 0x0000, 0x0000, 0x0000, 0x0000,
    0x0000, 0x0000, 0x0000, 0x0000, 0x0000, 0x0000, 0x0000, 0x0000, 0x0000, 0x0000, 0x0000,
    0x0000, 0x0000, 0x0000, 0x0000, 0x0000, 0x0000, 0x0000, 0x0000, 0x0000, 0x0000, 0x0000,
};
const uint16_t Outfit_13px_Light_100_e3e3e3_Lowercase_o[] = {
    0x0000, 0x0000, 0x0000, 0x0000, 0x0000, 0x0000, 0x0000, 0x0000, 0x0000, 0x0000, 0x0000, 0x0000,
    0x0000, 0x0000, 0x0000, 0x0000, 0x0000, 0x0000, 0x0000, 0x0000, 0x0000, 0x0000, 0x0000, 0x0000,
    0x0000, 0x0000, 0x0000, 0x0000, 0x0000, 0x0000, 0x0000, 0x0000, 0x0000, 0x0000, 0x0000, 0x0000,
    0x0000, 0x0000, 0x0000, 0x0000, 0x0000, 0x0000, 0x0000, 0x0000, 0x0000, 0x0000, 0x0000, 0x0000,
    0x0000, 0x0000, 0x0000, 0x0000, 0x0000, 0x0000, 0x0000, 0x0000, 0x0000, 0x0000, 0x0000, 0x0000,
    0x0000, 0x0000, 0x0000, 0x0000, 0x0000, 0x0000, 0x0000, 0x0000, 0x0000, 0x0000, 0x0000, 0x0000,
    0x0000, 0x0000, 0x0000, 0x0000, 0x0000, 0x0000, 0x0000, 0x0000, 0x0000, 0x0000, 0x0000, 0x0000,
    0x0000, 0x0000, 0x0000, 0x0000, 0x0000, 0x0000, 0x0000, 0x0000, 0x0000, 0x0000, 0x0000, 0x0000,
    0x0000, 0x0000, 0x18E3, 0x632C, 0x9CF3, 0xCE79, 0xBDF7, 0x8C51, 0x4A49, 0x0000, 0x0000, 0x0000,
    0x0000, 0x2104, 0xBDD7, 0xDEFB, 0xAD55, 0x7BCF, 0x8C51, 0xC618, 0xE71C, 0x738E, 0x0000, 0x0000,
    0x10A2, 0xBDD7, 0xDEFB, 0x4A49, 0x0000, 0x0000, 0x0000, 0x10A2, 0x9492, 0xE71C, 0x6B4D, 0x0000,
    0x4208, 0xE71C, 0x528A, 0x0000, 0x0000, 0x0000, 0x0000, 0x0000, 0x10A2, 0xA514, 0xBDF7, 0x0000,
    0x73AE, 0xD6BA, 0x10A2, 0x0000, 0x0000, 0x0000, 0x0000, 0x0000, 0x0000, 0x5ACB, 0xE71C, 0x2124,
    0xA514, 0xB596, 0x0000, 0x0000, 0x0000, 0x0000, 0x0000, 0x0000, 0x0000, 0x3186, 0xE71C, 0x4A69,
    0x8410, 0xCE79, 0x0000, 0x0000, 0x0000, 0x0000, 0x0000, 0x0000, 0x0000, 0x4A69, 0xE71C, 0x3186,
    0x4A69, 0xE71C, 0x31A6, 0x0000, 0x0000, 0x0000, 0x0000, 0x0000, 0x0000, 0x8C51, 0xCE79, 0x0000,
    0x18E3, 0xD69A, 0xC638, 0x2124, 0x0000, 0x0000, 0x0000, 0x0000, 0x5AEB, 0xE71C, 0x8C71, 0x0000,
    0x0000, 0x39C7, 0xD6BA, 0xC638, 0x6B6D, 0x39E7, 0x4A49, 0x8430, 0xE71C, 0xA534, 0x18C3, 0x0000,
    0x0000, 0x0000, 0x39E7, 0xA514, 0xD6BA, 0xE71C, 0xE71C, 0xC618, 0x8430, 0x18C3, 0x0000, 0x0000,
    0x0000, 0x0000, 0x0000, 0x0000, 0x10A2, 0x2945, 0x2945, 0x0000, 0x0000, 0x0000, 0x0000, 0x0000,
    0x0000, 0x0000, 0x0000, 0x0000, 0x0000, 0x0000, 0x0000, 0x0000, 0x0000, 0x0000, 0x0000, 0x0000,
    0x0000, 0x0000, 0x0000, 0x0000, 0x0000, 0x0000, 0x0000, 0x0000, 0x0000, 0x0000, 0x0000, 0x0000,
    0x0000, 0x0000, 0x0000, 0x0000, 0x0000, 0x0000, 0x0000, 0x0000, 0x0000, 0x0000, 0x0000, 0x0000,
    0x0000, 0x0000, 0x0000, 0x0000, 0x0000, 0x0000, 0x0000, 0x0000, 0x0000, 0x0000, 0x0000, 0x0000,
};
const uint16_t Outfit_13px_Light_100_e3e3e3_Lowercase_ouml[] = {
    0x0000, 0x0000, 0x0000, 0x0000, 0x0000, 0x0000, 0x0000, 0x0000, 0x0000, 0x0000, 0x0000, 0x0000,
    0x0000, 0x0000, 0x0000, 0x0000, 0x0000, 0x0000, 0x0000, 0x0000, 0x0000, 0x0000, 0x0000, 0x0000,
    0x0000, 0x0000, 0x0000, 0x0000, 0x0000, 0x0000, 0x0000, 0x0000, 0x0000, 0x0000, 0x0000, 0x0000,
    0x0000, 0x0000, 0x0000, 0x0000, 0x0000, 0x0000, 0x0000, 0x0000, 0x0000, 0x0000, 0x0000, 0x0000,
    0x0000, 0x0000, 0x0000, 0x0000, 0x0000, 0x0000, 0x0000, 0x0000, 0x0000, 0x0000, 0x0000, 0x0000,
    0x0000, 0x0000, 0x0000, 0x6B4D, 0xE71C, 0x52AA, 0x0000, 0xA514, 0xDEDB, 0x2124, 0x0000, 0x0000,
    0x0000, 0x0000, 0x0000, 0x6B4D, 0xCE79, 0x528A, 0x0000, 0x9CF3, 0xCE59, 0x2124, 0x0000, 0x0000,
    0x0000, 0x0000, 0x0000, 0x0000, 0x0000, 0x0000, 0x0000, 0x0000, 0x0000, 0x0000, 0x0000, 0x0000,
    0x0000, 0x0000, 0x0000, 0x4208, 0x8410, 0xB5B6, 0xCE79, 0xA514, 0x6B6D, 0x2124, 0x0000, 0x0000,
    0x0000, 0x0000, 0x630C, 0xE71C, 0xC638, 0x8C71, 0x73AE, 0xA514, 0xDEDB, 0xC638, 0x2945, 0x0000,
    0x0000, 0x52AA, 0xE71C, 0xA534, 0x10A2, 0x0000, 0x0000, 0x0000, 0x39C7, 0xD69A, 0xC638, 0x18E3,
    0x0000, 0xAD55, 0xB5B6, 0x18C3, 0x0000, 0x0000, 0x0000, 0x0000, 0x0000, 0x39E7, 0xE71C, 0x52AA,
    0x18C3, 0xDEDB, 0x738E, 0x0000, 0x0000, 0x0000, 0x0000, 0x0000, 0x0000, 0x0000, 0xC618, 0x8C71,
    0x39C7, 0xE71C, 0x4A49, 0x0000, 0x0000, 0x0000, 0x0000, 0x0000, 0x0000, 0x0000, 0x9CD3, 0xB5B6,
    0x18E3, 0xE71C, 0x632C, 0x0000, 0x0000, 0x0000, 0x0000, 0x0000, 0x0000, 0x0000, 0xBDD7, 0x9CD3,
    0x0000, 0xB5B6, 0x9CF3, 0x0000, 0x0000, 0x0000, 0x0000, 0x0000, 0x0000, 0x2124, 0xE71C, 0x632C,
    0x0000, 0x73AE, 0xE71C, 0x738E, 0x0000, 0x0000, 0x0000, 0x0000, 0x18E3, 0xBDD7, 0xDEFB, 0x2945,
    0x0000, 0x10A2, 0x9492, 0xE71C, 0x9492, 0x528A, 0x39C7, 0x632C, 0xBDD7, 0xDEFB, 0x4A49, 0x0000,
    0x0000, 0x0000, 0x10A2, 0x7BCF, 0xBDF7, 0xE71C, 0xE71C, 0xDEDB, 0xA534, 0x4A49, 0x0000, 0x0000,
    0x0000, 0x0000, 0x0000, 0x0000, 0x0000, 0x2124, 0x2945, 0x18C3, 0x0000, 0x0000, 0x0000, 0x0000,
    0x0000, 0x0000, 0x0000, 0x0000, 0x0000, 0x0000, 0x0000, 0x0000, 0x0000, 0x0000, 0x0000, 0x0000,
    0x0000, 0x0000, 0x0000, 0x0000, 0x0000, 0x0000, 0x0000, 0x0000, 0x0000, 0x0000, 0x0000, 0x0000,
    0x0000, 0x0000, 0x0000, 0x0000, 0x0000, 0x0000, 0x0000, 0x0000, 0x0000, 0x0000, 0x0000, 0x0000,
    0x0000, 0x0000, 0x0000, 0x0000, 0x0000, 0x0000, 0x0000, 0x0000, 0x0000, 0x0000, 0x0000, 0x0000,
};
const uint16_t Outfit_13px_Light_100_e3e3e3_Lowercase_p[] = {
    0x0000, 0x0000, 0x0000, 0x0000, 0x0000, 0x0000, 0x0000, 0x0000, 0x0000, 0x0000, 0x0000, 0x0000,
    0x0000, 0x0000, 0x0000, 0x0000, 0x0000, 0x0000, 0x0000, 0x0000, 0x0000, 0x0000, 0x0000, 0x0000,
    0x0000, 0x0000, 0x0000, 0x0000, 0x0000, 0x0000, 0x0000, 0x0000, 0x0000, 0x0000, 0x0000, 0x0000,
    0x0000, 0x0000, 0x0000, 0x0000, 0x0000, 0x0000, 0x0000, 0x0000, 0x0000, 0x0000, 0x0000, 0x0000,
    0x0000, 0x0000, 0x0000, 0x0000, 0x0000, 0x0000, 0x0000, 0x0000, 0x0000, 0x0000, 0x0000, 0x0000,
    0x0000, 0x0000, 0x0000, 0x0000, 0x0000, 0x0000, 0x0000, 0x0000, 0x0000, 0x0000, 0x0000, 0x0000,
    0x0000, 0x0000, 0x0000, 0x0000, 0x0000, 0x0000, 0x0000, 0x0000, 0x0000, 0x0000, 0x0000, 0x0000,
    0x0000, 0x0000, 0x0000, 0x0000, 0x0000, 0x0000, 0x0000, 0x0000, 0x0000, 0x0000, 0x0000, 0x0000,
    0x39E7, 0x7BEF, 0x18C3, 0x73AE, 0xAD55, 0xCE79, 0xBDF7, 0x8430, 0x4228, 0x0000, 0x0000, 0x0000,
    0x8410, 0xC618, 0xBDD7, 0xDEFB, 0xA534, 0x73AE, 0x8C51, 0xC638, 0xE71C, 0x630C, 0x0000, 0x0000,
    0x8410, 0xE71C, 0xDEFB, 0x4228, 0x0000, 0x0000, 0x0000, 0x10A2, 0xA534, 0xE71C, 0x4A69, 0x0000,
    0x94B2, 0xE71C, 0x630C, 0x0000, 0x0000, 0x0000, 0x0000, 0x0000, 0x18C3, 0xBDF7, 0x9CF3, 0x0000,
    0xA514, 0xE71C, 0x18E3, 0x0000, 0x0000, 0x0000, 0x0000, 0x0000, 0x0000, 0x7BCF, 0xD69A, 0x0000,
    0xA514, 0xE71C, 0x0000, 0x0000, 0x0000, 0x0000, 0x0000, 0x0000, 0x0000, 0x52AA, 0xE71C, 0x2945,
    0xA514, 0xE71C, 0x10A2, 0x0000, 0x0000, 0x0000, 0x0000, 0x0000, 0x0000, 0x6B6D, 0xDEFB, 0x18C3,
    0x9CF3, 0xE71C, 0x39E7, 0x0000, 0x0000, 0x0000, 0x0000, 0x0000, 0x0000, 0xA514, 0xB596, 0x0000,
    0x8410, 0xE71C, 0xC618, 0x2104, 0x0000, 0x0000, 0x0000, 0x0000, 0x738E, 0xE71C, 0x73AE, 0x0000,
    0x8410, 0xDEDB, 0xDEDB, 0xBDF7, 0x632C, 0x39C7, 0x4A69, 0x8C71, 0xE71C, 0x9CD3, 0x10A2, 0x0000,
    0x8410, 0xAD75, 0x3186, 0xB596, 0xDEFB, 0xE71C, 0xE71C, 0xC618, 0x8410, 0x10A2, 0x0000, 0x0000,
    0x8410, 0xAD75, 0x0000, 0x0000, 0x18C3, 0x2945, 0x2945, 0x0000, 0x0000, 0x0000, 0x0000, 0x0000,
    0x8410, 0xAD75, 0x0000, 0x0000, 0x0000, 0x0000, 0x0000, 0x0000, 0x0000, 0x0000, 0x0000, 0x0000,
    0x8410, 0xAD75, 0x0000, 0x0000, 0x0000, 0x0000, 0x0000, 0x0000, 0x0000, 0x0000, 0x0000, 0x0000,
    0x8410, 0xAD75, 0x0000, 0x0000, 0x0000, 0x0000, 0x0000, 0x0000, 0x0000, 0x0000, 0x0000, 0x0000,
    0x31A6, 0x4208, 0x0000, 0x0000, 0x0000, 0x0000, 0x0000, 0x0000, 0x0000, 0x0000, 0x0000, 0x0000,
};
const uint16_t Outfit_13px_Light_100_e3e3e3_Lowercase_q[] = {
    0x0000, 0x0000, 0x0000, 0x0000, 0x0000, 0x0000, 0x0000, 0x0000, 0x0000, 0x0000, 0x0000, 0x0000,
    0x0000, 0x0000, 0x0000, 0x0000, 0x0000, 0x0000, 0x0000, 0x0000, 0x0000, 0x0000, 0x0000, 0x0000,
    0x0000, 0x0000, 0x0000, 0x0000, 0x0000, 0x0000, 0x0000, 0x0000, 0x0000, 0x0000, 0x0000, 0x0000,
    0x0000, 0x0000, 0x0000, 0x0000, 0x0000, 0x0000, 0x0000, 0x0000, 0x0000, 0x0000, 0x0000, 0x0000,
    0x0000, 0x0000, 0x0000, 0x0000, 0x0000, 0x0000, 0x0000, 0x0000, 0x0000, 0x0000, 0x0000, 0x0000,
    0x0000, 0x0000, 0x0000, 0x0000, 0x0000, 0x0000, 0x0000, 0x0000, 0x0000, 0x0000, 0x0000, 0x0000,
    0x0000, 0x0000, 0x0000, 0x0000, 0x0000, 0x0000, 0x0000, 0x0000, 0x0000, 0x0000, 0x0000, 0x0000,
    0x0000, 0x0000, 0x0000, 0x0000, 0x0000, 0x0000, 0x0000, 0x0000, 0x0000, 0x0000, 0x0000, 0x0000,
    0x0000, 0x0000, 0x0000, 0x4208, 0x8410, 0xBDD7, 0xD69A, 0xAD75, 0x7BEF, 0x18C3, 0x8410, 0x5AEB,
    0x0000, 0x0000, 0x5AEB, 0xE71C, 0xCE59, 0x9492, 0x73AE, 0x9CF3, 0xDEDB, 0xBDF7, 0xC638, 0x7BEF,
    0x0000, 0x4A69, 0xE71C, 0xAD55, 0x18C3, 0x0000, 0x0000, 0x0000, 0x39E7, 0xDEDB, 0xE71C, 0x7BEF,
    0x0000, 0xA534, 0xBDD7, 0x18C3, 0x0000, 0x0000, 0x0000, 0x0000, 0x0000, 0x5ACB, 0xE71C, 0x8C51,
    0x10A2, 0xD6BA, 0x73AE, 0x0000, 0x0000, 0x0000, 0x0000, 0x0000, 0x0000, 0x18E3, 0xE71C, 0x94B2,
    0x3186, 0xE71C, 0x4A69, 0x0000, 0x0000, 0x0000, 0x0000, 0x0000, 0x0000, 0x0000, 0xE71C, 0x94B2,
    0x18E3, 0xE71C, 0x632C, 0x0000, 0x0000, 0x0000, 0x0000, 0x0000, 0x0000, 0x0000, 0xE71C, 0x94B2,
    0x0000, 0xB5B6, 0xA514, 0x0000, 0x0000, 0x0000, 0x0000, 0x0000, 0x0000, 0x31A6, 0xE71C, 0x9492,
    0x0000, 0x73AE, 0xE71C, 0x73AE, 0x0000, 0x0000, 0x0000, 0x0000, 0x10A2, 0xAD75, 0xE71C, 0x7BEF,
    0x0000, 0x10A2, 0x94B2, 0xE71C, 0x9492, 0x52AA, 0x3186, 0x4A49, 0xB5B6, 0xDEDB, 0xDEFB, 0x7BEF,
    0x0000, 0x0000, 0x10A2, 0x7BEF, 0xBDF7, 0xE71C, 0xE71C, 0xE71C, 0xBDD7, 0x39C7, 0xB596, 0x7BEF,
    0x0000, 0x0000, 0x0000, 0x0000, 0x0000, 0x2124, 0x2965, 0x18E3, 0x0000, 0x0000, 0xB596, 0x7BEF,
    0x0000, 0x0000, 0x0000, 0x0000, 0x0000, 0x0000, 0x0000, 0x0000, 0x0000, 0x0000, 0xB596, 0x7BEF,
    0x0000, 0x0000, 0x0000, 0x0000, 0x0000, 0x0000, 0x0000, 0x0000, 0x0000, 0x0000, 0xB596, 0x7BEF,
    0x0000, 0x0000, 0x0000, 0x0000, 0x0000, 0x0000, 0x0000, 0x0000, 0x0000, 0x0000, 0xAD75, 0x7BCF,
    0x0000, 0x0000, 0x0000, 0x0000, 0x0000, 0x0000, 0x0000, 0x0000, 0x0000, 0x0000, 0x31A6, 0x2124,
};
const uint16_t Outfit_13px_Light_100_e3e3e3_Lowercase_r[] = {
    0x0000, 0x0000, 0x0000, 0x0000, 0x0000, 0x0000, 0x0000, 0x0000,
    0x0000, 0x0000, 0x0000, 0x0000, 0x0000, 0x0000, 0x0000, 0x0000,
    0x0000, 0x0000, 0x0000, 0x0000, 0x0000, 0x0000, 0x0000, 0x0000,
    0x0000, 0x0000, 0x0000, 0x0000, 0x0000, 0x0000, 0x0000, 0x0000,
    0x0000, 0x0000, 0x0000, 0x0000, 0x0000, 0x0000, 0x0000, 0x0000,
    0x0000, 0x0000, 0x0000, 0x0000, 0x0000, 0x0000, 0x0000, 0x0000,
    0x0000, 0x0000, 0x0000, 0x0000, 0x0000, 0x0000, 0x0000, 0x0000,
    0x0000, 0x0000, 0x0000, 0x0000, 0x0000, 0x0000, 0x0000, 0x0000,
    0x39E7, 0x7BEF, 0x6B4D, 0xB5B6, 0xD69A, 0xBDD7, 0x73AE, 0x10A2,
    0x8410, 0xE71C, 0xE71C, 0x94B2, 0x6B6D, 0x9CD3, 0xE71C, 0x6B4D,
    0x9492, 0xE71C, 0x6B6D, 0x0000, 0x0000, 0x0000, 0x39E7, 0x18C3,
    0xB596, 0xE71C, 0x10A2, 0x0000, 0x0000, 0x0000, 0x0000, 0x0000,
    0xB596, 0xE71C, 0x0000, 0x0000, 0x0000, 0x0000, 0x0000, 0x0000,
    0x8410, 0xAD75, 0x0000, 0x0000, 0x0000, 0x0000, 0x0000, 0x0000,
    0x8410, 0xAD75, 0x0000, 0x0000, 0x0000, 0x0000, 0x0000, 0x0000,
    0x8410, 0xAD75, 0x0000, 0x0000, 0x0000, 0x0000, 0x0000, 0x0000,
    0x8410, 0xAD75, 0x0000, 0x0000, 0x0000, 0x0000, 0x0000, 0x0000,
    0x8410, 0xAD75, 0x0000, 0x0000, 0x0000, 0x0000, 0x0000, 0x0000,
    0x8410, 0xAD75, 0x0000, 0x0000, 0x0000, 0x0000, 0x0000, 0x0000,
    0x0000, 0x0000, 0x0000, 0x0000, 0x0000, 0x0000, 0x0000, 0x0000,
    0x0000, 0x0000, 0x0000, 0x0000, 0x0000, 0x0000, 0x0000, 0x0000,
    0x0000, 0x0000, 0x0000, 0x0000, 0x0000, 0x0000, 0x0000, 0x0000,
    0x0000, 0x0000, 0x0000, 0x0000, 0x0000, 0x0000, 0x0000, 0x0000,
    0x0000, 0x0000, 0x0000, 0x0000, 0x0000, 0x0000, 0x0000, 0x0000,
};
const uint16_t Outfit_13px_Light_100_e3e3e3_Lowercase_s[] = {
    0x0000, 0x0000, 0x0000, 0x0000, 0x0000, 0x0000, 0x0000, 0x0000,
    0x0000, 0x0000, 0x0000, 0x0000, 0x0000, 0x0000, 0x0000, 0x0000,
    0x0000, 0x0000, 0x0000, 0x0000, 0x0000, 0x0000, 0x0000, 0x0000,
    0x0000, 0x0000, 0x0000, 0x0000, 0x0000, 0x0000, 0x0000, 0x0000,
    0x0000, 0x0000, 0x0000, 0x0000, 0x0000, 0x0000, 0x0000, 0x0000,
    0x0000, 0x0000, 0x0000, 0x0000, 0x0000, 0x0000, 0x0000, 0x0000,
    0x0000, 0x0000, 0x0000, 0x0000, 0x0000, 0x0000, 0x0000, 0x0000,
    0x0000, 0x0000, 0x0000, 0x0000, 0x0000, 0x0000, 0x0000, 0x0000,
    0x0000, 0x2945, 0x9CD3, 0xC618, 0xCE79, 0xAD75, 0x738E, 0x10A2,
    0x18C3, 0xD69A, 0xCE79, 0x8430, 0x6B6D, 0x9CF3, 0xE71C, 0xA514,
    0x4A49, 0xE71C, 0x4A49, 0x0000, 0x0000, 0x0000, 0x5ACB, 0x6B6D,
    0x4208, 0xE71C, 0x4A49, 0x0000, 0x0000, 0x0000, 0x0000, 0x0000,
    0x10A2, 0xCE59, 0xDEFB, 0x8410, 0x39C7, 0x0000, 0x0000, 0x0000,
    0x0000, 0x2104, 0x9492, 0xD6BA, 0xE71C, 0xC618, 0x630C, 0x0000,
    0x0000, 0x0000, 0x0000, 0x18C3, 0x528A, 0xB5B6, 0xE71C, 0x6B6D,
    0x0000, 0x0000, 0x0000, 0x0000, 0x0000, 0x10A2, 0xAD75, 0xB5B6,
    0x7BEF, 0x52AA, 0x0000, 0x0000, 0x0000, 0x0000, 0x9CF3, 0xCE59,
    0xB5B6, 0xE71C, 0x8410, 0x39C7, 0x31A6, 0x6B4D, 0xE71C, 0x8430,
    0x18E3, 0x8C51, 0xDEFB, 0xE71C, 0xE71C, 0xCE79, 0x9492, 0x18E3,
    0x0000, 0x0000, 0x18C3, 0x3186, 0x2945, 0x10A2, 0x0000, 0x0000,
    0x0000, 0x0000, 0x0000, 0x0000, 0x0000, 0x0000, 0x0000, 0x0000,
    0x0000, 0x0000, 0x0000, 0x0000, 0x0000, 0x0000, 0x0000, 0x0000,
    0x0000, 0x0000, 0x0000, 0x0000, 0x0000, 0x0000, 0x0000, 0x0000,
    0x0000, 0x0000, 0x0000, 0x0000, 0x0000, 0x0000, 0x0000, 0x0000,
};
const uint16_t Outfit_13px_Light_100_e3e3e3_Lowercase_szlig[] = {
    0x0000, 0x0000, 0x0000, 0x0000, 0x0000, 0x0000, 0x0000, 0x0000, 0x0000, 0x0000, 0x0000,
    0x0000, 0x0000, 0x0000, 0x0000, 0x0000, 0x0000, 0x0000, 0x0000, 0x0000, 0x0000, 0x0000,
    0x0000, 0x0000, 0x0000, 0x0000, 0x2124, 0x18C3, 0x0000, 0x0000, 0x0000, 0x0000, 0x0000,
    0x0000, 0x18C3, 0x8C71, 0xCE59, 0xE71C, 0xE71C, 0xBDD7, 0x5AEB, 0x0000, 0x0000, 0x0000,
    0x10A2, 0xAD55, 0xDEDB, 0x738E, 0x39C7, 0x528A, 0xAD55, 0xE71C, 0x630C, 0x0000, 0x0000,
    0x39E7, 0xE71C, 0x5ACB, 0x0000, 0x0000, 0x0000, 0x10A2, 0xAD75, 0xBDF7, 0x0000, 0x0000,
    0x738E, 0xD69A, 0x0000, 0x0000, 0x0000, 0x0000, 0x0000, 0x632C, 0xE71C, 0x18E3, 0x0000,
    0x8410, 0xB596, 0x0000, 0x0000, 0x0000, 0x0000, 0x0000, 0x6B6D, 0xE71C, 0x18C3, 0x0000,
    0x8410, 0xB596, 0x0000, 0x0000, 0x0000, 0x0000, 0x18E3, 0xC618, 0xBDD7, 0x0000, 0x0000,
    0x8410, 0xB596, 0x0000, 0x10A2, 0x3186, 0x630C, 0xB5B6, 0xDEFB, 0x4A49, 0x0000, 0x0000,
    0x8410, 0xB596, 0x0000, 0x18C3, 0xE71C, 0xE71C, 0xE71C, 0xC618, 0x528A, 0x0000, 0x0000,
    0x8410, 0xB596, 0x0000, 0x0000, 0x18E3, 0x2945, 0x5ACB, 0xA534, 0xE71C, 0x632C, 0x0000,
    0x8410, 0xB596, 0x0000, 0x0000, 0x0000, 0x0000, 0x0000, 0x10A2, 0x9CD3, 0xE71C, 0x2104,
    0x8410, 0xB596, 0x0000, 0x0000, 0x0000, 0x0000, 0x0000, 0x0000, 0x2945, 0xE71C, 0x52AA,
    0x8410, 0xB596, 0x0000, 0x0000, 0x0000, 0x0000, 0x0000, 0x0000, 0x0000, 0xD69A, 0x7BCF,
    0x8410, 0xB596, 0x0000, 0x0000, 0x0000, 0x0000, 0x0000, 0x0000, 0x2104, 0xE71C, 0x632C,
    0x8410, 0xB596, 0x18C3, 0x18E3, 0x0000, 0x0000, 0x0000, 0x0000, 0x8430, 0xE71C, 0x39C7,
    0x8410, 0xB596, 0x9CF3, 0xD6BA, 0x632C, 0x3186, 0x4228, 0x8C51, 0xE71C, 0x9CD3, 0x0000,
    0x8410, 0xB596, 0x2965, 0xA534, 0xE71C, 0xE71C, 0xE71C, 0xDEDB, 0x8410, 0x18C3, 0x0000,
    0x0000, 0x0000, 0x0000, 0x0000, 0x18C3, 0x2945, 0x3186, 0x10A2, 0x0000, 0x0000, 0x0000,
    0x0000, 0x0000, 0x0000, 0x0000, 0x0000, 0x0000, 0x0000, 0x0000, 0x0000, 0x0000, 0x0000,
    0x0000, 0x0000, 0x0000, 0x0000, 0x0000, 0x0000, 0x0000, 0x0000, 0x0000, 0x0000, 0x0000,
    0x0000, 0x0000, 0x0000, 0x0000, 0x0000, 0x0000, 0x0000, 0x0000, 0x0000, 0x0000, 0x0000,
    0x0000, 0x0000, 0x0000, 0x0000, 0x0000, 0x0000, 0x0000, 0x0000, 0x0000, 0x0000, 0x0000,
};
const uint16_t Outfit_13px_Light_100_e3e3e3_Lowercase_t[] = {
    0x0000, 0x0000, 0x0000, 0x0000, 0x0000, 0x0000, 0x0000, 0x0000,
    0x0000, 0x0000, 0x0000, 0x0000, 0x0000, 0x0000, 0x0000, 0x0000,
    0x0000, 0x0000, 0x0000, 0x0000, 0x0000, 0x0000, 0x0000, 0x0000,
    0x0000, 0x0000, 0x0000, 0x10A2, 0x10A2, 0x0000, 0x0000, 0x0000,
    0x0000, 0x0000, 0x0000, 0x6B6D, 0xA514, 0x0000, 0x0000, 0x0000,
    0x0000, 0x0000, 0x0000, 0x6B6D, 0xC618, 0x0000, 0x0000, 0x0000,
    0x0000, 0x0000, 0x0000, 0x6B6D, 0xC618, 0x0000, 0x0000, 0x0000,
    0x0000, 0x0000, 0x0000, 0x6B6D, 0xC618, 0x0000, 0x0000, 0x0000,
    0x2104, 0xA534, 0xA534, 0xE71C, 0xE71C, 0xA534, 0xA534, 0x5AEB,
    0x0000, 0x6B6D, 0x73AE, 0xCE79, 0xE71C, 0x73AE, 0x73AE, 0x3186,
    0x0000, 0x0000, 0x0000, 0x6B6D, 0xC618, 0x0000, 0x0000, 0x0000,
    0x0000, 0x0000, 0x0000, 0x6B6D, 0xC618, 0x0000, 0x0000, 0x0000,
    0x0000, 0x0000, 0x0000, 0x6B6D, 0xC618, 0x0000, 0x0000, 0x0000,
    0x0000, 0x0000, 0x0000, 0x6B6D, 0xC618, 0x0000, 0x0000, 0x0000,
    0x0000, 0x0000, 0x0000, 0x6B6D, 0xC618, 0x0000, 0x0000, 0x0000,
    0x0000, 0x0000, 0x0000, 0x6B6D, 0xC618, 0x0000, 0x0000, 0x0000,
    0x0000, 0x0000, 0x0000, 0x6B6D, 0xC618, 0x0000, 0x0000, 0x0000,
    0x0000, 0x0000, 0x0000, 0x6B6D, 0xC618, 0x0000, 0x0000, 0x0000,
    0x0000, 0x0000, 0x0000, 0x6B6D, 0xC618, 0x0000, 0x0000, 0x0000,
    0x0000, 0x0000, 0x0000, 0x0000, 0x0000, 0x0000, 0x0000, 0x0000,
    0x0000, 0x0000, 0x0000, 0x0000, 0x0000, 0x0000, 0x0000, 0x0000,
    0x0000, 0x0000, 0x0000, 0x0000, 0x0000, 0x0000, 0x0000, 0x0000,
    0x0000, 0x0000, 0x0000, 0x0000, 0x0000, 0x0000, 0x0000, 0x0000,
    0x0000, 0x0000, 0x0000, 0x0000, 0x0000, 0x0000, 0x0000, 0x0000,
};
const uint16_t Outfit_13px_Light_100_e3e3e3_Lowercase_u[] = {
    0x0000, 0x0000, 0x0000, 0x0000, 0x0000, 0x0000, 0x0000, 0x0000, 0x0000, 0x0000,
    0x0000, 0x0000, 0x0000, 0x0000, 0x0000, 0x0000, 0x0000, 0x0000, 0x0000, 0x0000,
    0x0000, 0x0000, 0x0000, 0x0000, 0x0000, 0x0000, 0x0000, 0x0000, 0x0000, 0x0000,
    0x0000, 0x0000, 0x0000, 0x0000, 0x0000, 0x0000, 0x0000, 0x0000, 0x0000, 0x0000,
    0x0000, 0x0000, 0x0000, 0x0000, 0x0000, 0x0000, 0x0000, 0x0000, 0x0000, 0x0000,
    0x0000, 0x0000, 0x0000, 0x0000, 0x0000, 0x0000, 0x0000, 0x0000, 0x0000, 0x0000,
    0x0000, 0x0000, 0x0000, 0x0000, 0x0000, 0x0000, 0x0000, 0x0000, 0x0000, 0x0000,
    0x0000, 0x0000, 0x0000, 0x0000, 0x0000, 0x0000, 0x0000, 0x0000, 0x0000, 0x0000,
    0x8430, 0x5AEB, 0x0000, 0x0000, 0x0000, 0x0000, 0x0000, 0x31A6, 0xA534, 0x18C3,
    0xB5B6, 0x7BCF, 0x0000, 0x0000, 0x0000, 0x0000, 0x0000, 0x4208, 0xE71C, 0x18C3,
    0xB5B6, 0x7BCF, 0x0000, 0x0000, 0x0000, 0x0000, 0x0000, 0x4208, 0xE71C, 0x18C3,
    0xB5B6, 0x7BCF, 0x0000, 0x0000, 0x0000, 0x0000, 0x0000, 0x4208, 0xE71C, 0x18C3,
    0xB5B6, 0x7BCF, 0x0000, 0x0000, 0x0000, 0x0000, 0x0000, 0x4208, 0xE71C, 0x18C3,
    0xB5B6, 0x7BCF, 0x0000, 0x0000, 0x0000, 0x0000, 0x0000, 0x4208, 0xE71C, 0x18C3,
    0xB596, 0x8C51, 0x0000, 0x0000, 0x0000, 0x0000, 0x0000, 0x4A69, 0xE71C, 0x18C3,
    0x9492, 0xB5B6, 0x0000, 0x0000, 0x0000, 0x0000, 0x0000, 0x738E, 0xCE59, 0x0000,
    0x630C, 0xE71C, 0x4228, 0x0000, 0x0000, 0x0000, 0x18C3, 0xCE59, 0x9CD3, 0x0000,
    0x18E3, 0xBDD7, 0xD6BA, 0x630C, 0x2965, 0x4208, 0xBDD7, 0xD6BA, 0x39C7, 0x0000,
    0x0000, 0x2124, 0xAD55, 0xDEFB, 0xE71C, 0xE71C, 0xBDD7, 0x4228, 0x0000, 0x0000,
    0x0000, 0x0000, 0x0000, 0x18C3, 0x2965, 0x2104, 0x0000, 0x0000, 0x0000, 0x0000,
    0x0000, 0x0000, 0x0000, 0x0000, 0x0000, 0x0000, 0x0000, 0x0000, 0x0000, 0x0000,
    0x0000, 0x0000, 0x0000, 0x0000, 0x0000, 0x0000, 0x0000, 0x0000, 0x0000, 0x0000,
    0x0000, 0x0000, 0x0000, 0x0000, 0x0000, 0x0000, 0x0000, 0x0000, 0x0000, 0x0000,
    0x0000, 0x0000, 0x0000, 0x0000, 0x0000, 0x0000, 0x0000, 0x0000, 0x0000, 0x0000,
};
const uint16_t Outfit_13px_Light_100_e3e3e3_Lowercase_uuml[] = {
    0x0000, 0x0000, 0x0000, 0x0000, 0x0000, 0x0000, 0x0000, 0x0000, 0x0000, 0x0000,
    0x0000, 0x0000, 0x0000, 0x0000, 0x0000, 0x0000, 0x0000, 0x0000, 0x0000, 0x0000,
    0x0000, 0x0000, 0x0000, 0x0000, 0x0000, 0x0000, 0x0000, 0x0000, 0x0000, 0x0000,
    0x0000, 0x0000, 0x0000, 0x0000, 0x0000, 0x0000, 0x0000, 0x0000, 0x0000, 0x0000,
    0x0000, 0x0000, 0x0000, 0x0000, 0x0000, 0x0000, 0x0000, 0x0000, 0x0000, 0x0000,
    0x0000, 0x0000, 0x9492, 0xDEDB, 0x31A6, 0x0000, 0xC638, 0xC638, 0x0000, 0x0000,
    0x0000, 0x0000, 0x8C71, 0xCE59, 0x3186, 0x0000, 0xBDF7, 0xBDF7, 0x0000, 0x0000,
    0x0000, 0x0000, 0x0000, 0x0000, 0x0000, 0x0000, 0x0000, 0x0000, 0x0000, 0x0000,
    0x2104, 0x9CD3, 0x0000, 0x0000, 0x0000, 0x0000, 0x0000, 0x0000, 0x7BEF, 0x630C,
    0x4A69, 0xE71C, 0x0000, 0x0000, 0x0000, 0x0000, 0x0000, 0x0000, 0xAD55, 0x8410,
    0x4A69, 0xE71C, 0x0000, 0x0000, 0x0000, 0x0000, 0x0000, 0x0000, 0xAD55, 0x8410,
    0x4A69, 0xE71C, 0x0000, 0x0000, 0x0000, 0x0000, 0x0000, 0x0000, 0xAD55, 0x8410,
    0x4A69, 0xE71C, 0x0000, 0x0000, 0x0000, 0x0000, 0x0000, 0x0000, 0xAD55, 0x8410,
    0x4A69, 0xE71C, 0x0000, 0x0000, 0x0000, 0x0000, 0x0000, 0x0000, 0xAD55, 0x8410,
    0x4A49, 0xE71C, 0x2104, 0x0000, 0x0000, 0x0000, 0x0000, 0x0000, 0xB5B6, 0x8410,
    0x2945, 0xE71C, 0x4A69, 0x0000, 0x0000, 0x0000, 0x0000, 0x10A2, 0xD6BA, 0x630C,
    0x0000, 0xCE59, 0xAD55, 0x10A2, 0x0000, 0x0000, 0x0000, 0x6B4D, 0xE71C, 0x3186,
    0x0000, 0x630C, 0xE71C, 0x9CF3, 0x4228, 0x2965, 0x738E, 0xDEFB, 0x94B2, 0x0000,
    0x0000, 0x0000, 0x632C, 0xC638, 0xE71C, 0xE71C, 0xD6BA, 0x8C71, 0x10A2, 0x0000,
    0x0000, 0x0000, 0x0000, 0x0000, 0x2945, 0x2945, 0x10A2, 0x0000, 0x0000, 0x0000,
    0x0000, 0x0000, 0x0000, 0x0000, 0x0000, 0x0000, 0x0000, 0x0000, 0x0000, 0x0000,
    0x0000, 0x0000, 0x0000, 0x0000, 0x0000, 0x0000, 0x0000, 0x0000, 0x0000, 0x0000,
    0x0000, 0x0000, 0x0000, 0x0000, 0x0000, 0x0000, 0x0000, 0x0000, 0x0000, 0x0000,
    0x0000, 0x0000, 0x0000, 0x0000, 0x0000, 0x0000, 0x0000, 0x0000, 0x0000, 0x0000,
};
const uint16_t Outfit_13px_Light_100_e3e3e3_Lowercase_v[] = {
    0x0000, 0x0000, 0x0000, 0x0000, 0x0000, 0x0000, 0x0000, 0x0000, 0x0000, 0x0000, 0x0000,
    0x0000, 0x0000, 0x0000, 0x0000, 0x0000, 0x0000, 0x0000, 0x0000, 0x0000, 0x0000, 0x0000,
    0x0000, 0x0000, 0x0000, 0x0000, 0x0000, 0x0000, 0x0000, 0x0000, 0x0000, 0x0000, 0x0000,
    0x0000, 0x0000, 0x0000, 0x0000, 0x0000, 0x0000, 0x0000, 0x0000, 0x0000, 0x0000, 0x0000,
    0x0000, 0x0000, 0x0000, 0x0000, 0x0000, 0x0000, 0x0000, 0x0000, 0x0000, 0x0000, 0x0000,
    0x0000, 0x0000, 0x0000, 0x0000, 0x0000, 0x0000, 0x0000, 0x0000, 0x0000, 0x0000, 0x0000,
    0x0000, 0x0000, 0x0000, 0x0000, 0x0000, 0x0000, 0x0000, 0x0000, 0x0000, 0x0000, 0x0000,
    0x0000, 0x0000, 0x0000, 0x0000, 0x0000, 0x0000, 0x0000, 0x0000, 0x0000, 0x0000, 0x0000,
    0x4A49, 0x94B2, 0x0000, 0x0000, 0x0000, 0x0000, 0x0000, 0x0000, 0x0000, 0x6B4D, 0x9CD3,
    0x52AA, 0xE71C, 0x4A69, 0x0000, 0x0000, 0x0000, 0x0000, 0x0000, 0x18E3, 0xD6BA, 0x94B2,
    0x10A2, 0xC618, 0xAD75, 0x0000, 0x0000, 0x0000, 0x0000, 0x0000, 0x6B6D, 0xE71C, 0x31A6,
    0x0000, 0x630C, 0xE71C, 0x39E7, 0x0000, 0x0000, 0x0000, 0x10A2, 0xCE59, 0xA514, 0x0000,
    0x0000, 0x10A2, 0xCE79, 0x9CF3, 0x0000, 0x0000, 0x0000, 0x630C, 0xE71C, 0x39E7, 0x0000,
    0x0000, 0x0000, 0x6B6D, 0xE71C, 0x3186, 0x0000, 0x10A2, 0xC618, 0xAD55, 0x0000, 0x0000,
    0x0000, 0x0000, 0x18E3, 0xD6BA, 0x8C71, 0x0000, 0x528A, 0xE71C, 0x4A49, 0x0000, 0x0000,
    0x0000, 0x0000, 0x0000, 0x7BCF, 0xDEFB, 0x2124, 0xB596, 0xB5B6, 0x0000, 0x0000, 0x0000,
    0x0000, 0x0000, 0x0000, 0x2104, 0xDEDB, 0xB596, 0xE71C, 0x528A, 0x0000, 0x0000, 0x0000,
    0x0000, 0x0000, 0x0000, 0x0000, 0x8C51, 0xE71C, 0xCE59, 0x10A2, 0x0000, 0x0000, 0x0000,
    0x0000, 0x0000, 0x0000, 0x0000, 0x2945, 0xE71C, 0x6B4D, 0x0000, 0x0000, 0x0000, 0x0000,
    0x0000, 0x0000, 0x0000, 0x0000, 0x0000, 0x0000, 0x0000, 0x0000, 0x0000, 0x0000, 0x0000,
    0x0000, 0x0000, 0x0000, 0x0000, 0x0000, 0x0000, 0x0000, 0x0000, 0x0000, 0x0000, 0x0000,
    0x0000, 0x0000, 0x0000, 0x0000, 0x0000, 0x0000, 0x0000, 0x0000, 0x0000, 0x0000, 0x0000,
    0x0000, 0x0000, 0x0000, 0x0000, 0x0000, 0x0000, 0x0000, 0x0000, 0x0000, 0x0000, 0x0000,
    0x0000, 0x0000, 0x0000, 0x0000, 0x0000, 0x0000, 0x0000, 0x0000, 0x0000, 0x0000, 0x0000,
};
const uint16_t Outfit_13px_Light_100_e3e3e3_Lowercase_w[] = {
    0x0000, 0x0000, 0x0000, 0x0000, 0x0000, 0x0000, 0x0000, 0x0000, 0x0000, 0x0000, 0x0000, 0x0000, 0x0000, 0x0000, 0x0000, 0x0000,
    0x0000, 0x0000, 0x0000, 0x0000, 0x0000, 0x0000, 0x0000, 0x0000, 0x0000, 0x0000, 0x0000, 0x0000, 0x0000, 0x0000, 0x0000, 0x0000,
    0x0000, 0x0000, 0x0000, 0x0000, 0x0000, 0x0000, 0x0000, 0x0000, 0x0000, 0x0000, 0x0000, 0x0000, 0x0000, 0x0000, 0x0000, 0x0000,
    0x0000, 0x0000, 0x0000, 0x0000, 0x0000, 0x0000, 0x0000, 0x0000, 0x0000, 0x0000, 0x0000, 0x0000, 0x0000, 0x0000, 0x0000, 0x0000,
    0x0000, 0x0000, 0x0000, 0x0000, 0x0000, 0x0000, 0x0000, 0x0000, 0x0000, 0x0000, 0x0000, 0x0000, 0x0000, 0x0000, 0x0000, 0x0000,
    0x0000, 0x0000, 0x0000, 0x0000, 0x0000, 0x0000, 0x0000, 0x0000, 0x0000, 0x0000, 0x0000, 0x0000, 0x0000, 0x0000, 0x0000, 0x0000,
    0x0000, 0x0000, 0x0000, 0x0000, 0x0000, 0x0000, 0x0000, 0x0000, 0x0000, 0x0000, 0x0000, 0x0000, 0x0000, 0x0000, 0x0000, 0x0000,
    0x0000, 0x0000, 0x0000, 0x0000, 0x0000, 0x0000, 0x0000, 0x0000, 0x0000, 0x0000, 0x0000, 0x0000, 0x0000, 0x0000, 0x0000, 0x0000,
    0x4208, 0x9492, 0x0000, 0x0000, 0x0000, 0x0000, 0x0000, 0x5AEB, 0x9CF3, 0x0000, 0x0000, 0x0000, 0x0000, 0x0000, 0x738E, 0x8C51,
    0x5ACB, 0xE71C, 0x39C7, 0x0000, 0x0000, 0x0000, 0x0000, 0xE71C, 0xE71C, 0x2104, 0x0000, 0x0000, 0x0000, 0x10A2, 0xD69A, 0x8C51,
    0x18C3, 0xD6BA, 0x8410, 0x0000, 0x0000, 0x0000, 0x31A6, 0xE71C, 0xE71C, 0x6B4D, 0x0000, 0x0000, 0x0000, 0x528A, 0xE71C, 0x39E7,
    0x0000, 0x9492, 0xCE79, 0x10A2, 0x0000, 0x0000, 0x8410, 0xCE79, 0x9CF3, 0xB5B6, 0x0000, 0x0000, 0x0000, 0x9CF3, 0xC618, 0x0000,
    0x0000, 0x4208, 0xE71C, 0x4228, 0x0000, 0x10A2, 0xCE79, 0x8410, 0x528A, 0xE71C, 0x3186, 0x0000, 0x18E3, 0xDEFB, 0x738E, 0x0000,
    0x0000, 0x0000, 0xC638, 0x9492, 0x0000, 0x4A49, 0xE71C, 0x31A6, 0x10A2, 0xD69A, 0x7BCF, 0x0000, 0x630C, 0xE71C, 0x2945, 0x0000,
    0x0000, 0x0000, 0x7BCF, 0xD6BA, 0x18C3, 0x94B2, 0xBDF7, 0x0000, 0x0000, 0x8C51, 0xC638, 0x0000, 0xAD75, 0xAD55, 0x0000, 0x0000,
    0x0000, 0x0000, 0x2965, 0xE71C, 0x630C, 0xDEDB, 0x738E, 0x0000, 0x0000, 0x39E7, 0xE71C, 0x5ACB, 0xE71C, 0x5AEB, 0x0000, 0x0000,
    0x0000, 0x0000, 0x0000, 0xB596, 0xE71C, 0xE71C, 0x2124, 0x0000, 0x0000, 0x0000, 0xC618, 0xE71C, 0xDEDB, 0x18C3, 0x0000, 0x0000,
    0x0000, 0x0000, 0x0000, 0x630C, 0xE71C, 0xB5B6, 0x0000, 0x0000, 0x0000, 0x0000, 0x7BCF, 0xE71C, 0x94B2, 0x0000, 0x0000, 0x0000,
    0x0000, 0x0000, 0x0000, 0x18E3, 0xE71C, 0x6B4D, 0x0000, 0x0000, 0x0000, 0x0000, 0x2965, 0xE71C, 0x4A49, 0x0000, 0x0000, 0x0000,
    0x0000, 0x0000, 0x0000, 0x0000, 0x0000, 0x0000, 0x0000, 0x0000, 0x0000, 0x0000, 0x0000, 0x0000, 0x0000, 0x0000, 0x0000, 0x0000,
    0x0000, 0x0000, 0x0000, 0x0000, 0x0000, 0x0000, 0x0000, 0x0000, 0x0000, 0x0000, 0x0000, 0x0000, 0x0000, 0x0000, 0x0000, 0x0000,
    0x0000, 0x0000, 0x0000, 0x0000, 0x0000, 0x0000, 0x0000, 0x0000, 0x0000, 0x0000, 0x0000, 0x0000, 0x0000, 0x0000, 0x0000, 0x0000,
    0x0000, 0x0000, 0x0000, 0x0000, 0x0000, 0x0000, 0x0000, 0x0000, 0x0000, 0x0000, 0x0000, 0x0000, 0x0000, 0x0000, 0x0000, 0x0000,
    0x0000, 0x0000, 0x0000, 0x0000, 0x0000, 0x0000, 0x0000, 0x0000, 0x0000, 0x0000, 0x0000, 0x0000, 0x0000, 0x0000, 0x0000, 0x0000,
};
const uint16_t Outfit_13px_Light_100_e3e3e3_Lowercase_x[] = {
    0x0000, 0x0000, 0x0000, 0x0000, 0x0000, 0x0000, 0x0000, 0x0000, 0x0000, 0x0000, 0x0000,
    0x0000, 0x0000, 0x0000, 0x0000, 0x0000, 0x0000, 0x0000, 0x0000, 0x0000, 0x0000, 0x0000,
    0x0000, 0x0000, 0x0000, 0x0000, 0x0000, 0x0000, 0x0000, 0x0000, 0x0000, 0x0000, 0x0000,
    0x0000, 0x0000, 0x0000, 0x0000, 0x0000, 0x0000, 0x0000, 0x0000, 0x0000, 0x0000, 0x0000,
    0x0000, 0x0000, 0x0000, 0x0000, 0x0000, 0x0000, 0x0000, 0x0000, 0x0000, 0x0000, 0x0000,
    0x0000, 0x0000, 0x0000, 0x0000, 0x0000, 0x0000, 0x0000, 0x0000, 0x0000, 0x0000, 0x0000,
    0x0000, 0x0000, 0x0000, 0x0000, 0x0000, 0x0000, 0x0000, 0x0000, 0x0000, 0x0000, 0x0000,
    0x0000, 0x0000, 0x0000, 0x0000, 0x0000, 0x0000, 0x0000, 0x0000, 0x0000, 0x0000, 0x0000,
    0x3186, 0xA514, 0x4208, 0x0000, 0x0000, 0x0000, 0x0000, 0x0000, 0x632C, 0xA534, 0x2965,
    0x2104, 0xC638, 0xD69A, 0x2945, 0x0000, 0x0000, 0x0000, 0x4A49, 0xE71C, 0x9CD3, 0x0000,
    0x0000, 0x3186, 0xD6BA, 0xBDD7, 0x18C3, 0x0000, 0x2965, 0xD6BA, 0xB5B6, 0x18C3, 0x0000,
    0x0000, 0x0000, 0x4A49, 0xDEFB, 0x9CF3, 0x18E3, 0xBDF7, 0xCE59, 0x2124, 0x0000, 0x0000,
    0x0000, 0x0000, 0x0000, 0x632C, 0xE71C, 0xE71C, 0xDEDB, 0x39C7, 0x0000, 0x0000, 0x0000,
    0x0000, 0x0000, 0x0000, 0x0000, 0xE71C, 0xE71C, 0xA514, 0x0000, 0x0000, 0x0000, 0x0000,
    0x0000, 0x0000, 0x0000, 0x6B4D, 0xE71C, 0xE71C, 0xDEFB, 0x4208, 0x0000, 0x0000, 0x0000,
    0x0000, 0x0000, 0x4228, 0xDEFB, 0x94B2, 0x18E3, 0xC618, 0xCE79, 0x2124, 0x0000, 0x0000,
    0x0000, 0x2965, 0xD69A, 0xBDD7, 0x18C3, 0x0000, 0x3186, 0xDEDB, 0xB5B6, 0x18C3, 0x0000,
    0x18E3, 0xBDF7, 0xD69A, 0x2945, 0x0000, 0x0000, 0x0000, 0x528A, 0xE71C, 0x9492, 0x0000,
    0x738E, 0xE71C, 0x4228, 0x0000, 0x0000, 0x0000, 0x0000, 0x0000, 0x7BEF, 0xE71C, 0x39C7,
    0x0000, 0x0000, 0x0000, 0x0000, 0x0000, 0x0000, 0x0000, 0x0000, 0x0000, 0x0000, 0x0000,
    0x0000, 0x0000, 0x0000, 0x0000, 0x0000, 0x0000, 0x0000, 0x0000, 0x0000, 0x0000, 0x0000,
    0x0000, 0x0000, 0x0000, 0x0000, 0x0000, 0x0000, 0x0000, 0x0000, 0x0000, 0x0000, 0x0000,
    0x0000, 0x0000, 0x0000, 0x0000, 0x0000, 0x0000, 0x0000, 0x0000, 0x0000, 0x0000, 0x0000,
    0x0000, 0x0000, 0x0000, 0x0000, 0x0000, 0x0000, 0x0000, 0x0000, 0x0000, 0x0000, 0x0000,
};
const uint16_t Outfit_13px_Light_100_e3e3e3_Lowercase_y[] = {
    0x0000, 0x0000, 0x0000, 0x0000, 0x0000, 0x0000, 0x0000, 0x0000, 0x0000, 0x0000, 0x0000,
    0x0000, 0x0000, 0x0000, 0x0000, 0x0000, 0x0000, 0x0000, 0x0000, 0x0000, 0x0000, 0x0000,
    0x0000, 0x0000, 0x0000, 0x0000, 0x0000, 0x0000, 0x0000, 0x0000, 0x0000, 0x0000, 0x0000,
    0x0000, 0x0000, 0x0000, 0x0000, 0x0000, 0x0000, 0x0000, 0x0000, 0x0000, 0x0000, 0x0000,
    0x0000, 0x0000, 0x0000, 0x0000, 0x0000, 0x0000, 0x0000, 0x0000, 0x0000, 0x0000, 0x0000,
    0x0000, 0x0000, 0x0000, 0x0000, 0x0000, 0x0000, 0x0000, 0x0000, 0x0000, 0x0000, 0x0000,
    0x0000, 0x0000, 0x0000, 0x0000, 0x0000, 0x0000, 0x0000, 0x0000, 0x0000, 0x0000, 0x0000,
    0x0000, 0x0000, 0x0000, 0x0000, 0x0000, 0x0000, 0x0000, 0x0000, 0x0000, 0x0000, 0x0000,
    0x2965, 0x8C71, 0x4A69, 0x0000, 0x0000, 0x0000, 0x0000, 0x0000, 0x0000, 0x4A49, 0xA534,
    0x0000, 0xBDD7, 0xB5B6, 0x0000, 0x0000, 0x0000, 0x0000, 0x0000, 0x0000, 0xB596, 0xC618,
    0x0000, 0x5AEB, 0xE71C, 0x4208, 0x0000, 0x0000, 0x0000, 0x0000, 0x4208, 0xE71C, 0x5AEB,
    0x0000, 0x10A2, 0xCE59, 0x9CF3, 0x0000, 0x0000, 0x0000, 0x0000, 0xA514, 0xCE59, 0x10A2,
    0x0000, 0x0000, 0x738E, 0xE71C, 0x2965, 0x0000, 0x0000, 0x31A6, 0xE71C, 0x6B4D, 0x0000,
    0x0000, 0x0000, 0x18E3, 0xDEDB, 0x8430, 0x0000, 0x0000, 0x94B2, 0xD69A, 0x18C3, 0x0000,
    0x0000, 0x0000, 0x0000, 0x8430, 0xDEDB, 0x18E3, 0x2945, 0xDEFB, 0x73AE, 0x0000, 0x0000,
    0x0000, 0x0000, 0x0000, 0x2945, 0xE71C, 0x738E, 0x8430, 0xD6BA, 0x18E3, 0x0000, 0x0000,
    0x0000, 0x0000, 0x0000, 0x0000, 0x9CD3, 0xDEDB, 0xDEFB, 0x7BEF, 0x0000, 0x0000, 0x0000,
    0x0000, 0x0000, 0x0000, 0x0000, 0x39C7, 0xE71C, 0xE71C, 0x2124, 0x0000, 0x0000, 0x0000,
    0x39C7, 0x0000, 0x0000, 0x0000, 0x18E3, 0xE71C, 0xE71C, 0x0000, 0x0000, 0x0000, 0x0000,
    0x0000, 0x0000, 0x0000, 0x0000, 0x738E, 0xDEFB, 0x2945, 0x0000, 0x0000, 0x0000, 0x0000,
    0x0000, 0x0000, 0x0000, 0x18C3, 0xCE79, 0x94B2, 0x0000, 0x0000, 0x0000, 0x0000, 0x0000,
    0x0000, 0x0000, 0x0000, 0x6B4D, 0xE71C, 0x31A6, 0x0000, 0x0000, 0x0000, 0x0000, 0x0000,
    0x0000, 0x0000, 0x0000, 0xCE59, 0xA514, 0x0000, 0x0000, 0x0000, 0x0000, 0x0000, 0x0000,
    0x0000, 0x0000, 0x0000, 0x4228, 0x2945, 0x0000, 0x0000, 0x0000, 0x0000, 0x0000, 0x0000,
};
const uint16_t Outfit_13px_Light_100_e3e3e3_Lowercase_z[] = {
    0x0000, 0x0000, 0x0000, 0x0000, 0x0000, 0x0000, 0x0000, 0x0000, 0x0000,
    0x0000, 0x0000, 0x0000, 0x0000, 0x0000, 0x0000, 0x0000, 0x0000, 0x0000,
    0x0000, 0x0000, 0x0000, 0x0000, 0x0000, 0x0000, 0x0000, 0x0000, 0x0000,
    0x0000, 0x0000, 0x0000, 0x0000, 0x0000, 0x0000, 0x0000, 0x0000, 0x0000,
    0x0000, 0x0000, 0x0000, 0x0000, 0x0000, 0x0000, 0x0000, 0x0000, 0x0000,
    0x0000, 0x0000, 0x0000, 0x0000, 0x0000, 0x0000, 0x0000, 0x0000, 0x0000,
    0x0000, 0x0000, 0x0000, 0x0000, 0x0000, 0x0000, 0x0000, 0x0000, 0x0000,
    0x0000, 0x0000, 0x0000, 0x0000, 0x0000, 0x0000, 0x0000, 0x0000, 0x0000,
    0x2965, 0x94B2, 0xA534, 0xA534, 0xA534, 0xA534, 0xA534, 0xCE59, 0xD69A,
    0x2124, 0x73AE, 0x73AE, 0x73AE, 0x73AE, 0x73AE, 0x8C51, 0xE71C, 0xE71C,
    0x0000, 0x0000, 0x0000, 0x0000, 0x0000, 0x10A2, 0xB596, 0xD6BA, 0x3186,
    0x0000, 0x0000, 0x0000, 0x0000, 0x0000, 0x8410, 0xE71C, 0x52AA, 0x0000,
    0x0000, 0x0000, 0x0000, 0x0000, 0x528A, 0xE71C, 0x8430, 0x0000, 0x0000,
    0x0000, 0x0000, 0x0000, 0x2965, 0xD6BA, 0xB596, 0x10A2, 0x0000, 0x0000,
    0x0000, 0x0000, 0x18C3, 0xBDD7, 0xD69A, 0x2945, 0x0000, 0x0000, 0x0000,
    0x0000, 0x0000, 0x8C71, 0xE71C, 0x4A49, 0x0000, 0x0000, 0x0000, 0x0000,
    0x0000, 0x5AEB, 0xE71C, 0x7BCF, 0x0000, 0x0000, 0x0000, 0x0000, 0x0000,
    0x39E7, 0xE71C, 0xCE79, 0x39C7, 0x39C7, 0x39C7, 0x39C7, 0x39C7, 0x31A6,
    0xB596, 0xE71C, 0xE71C, 0xE71C, 0xE71C, 0xE71C, 0xE71C, 0xE71C, 0xD69A,
    0x0000, 0x0000, 0x0000, 0x0000, 0x0000, 0x0000, 0x0000, 0x0000, 0x0000,
    0x0000, 0x0000, 0x0000, 0x0000, 0x0000, 0x0000, 0x0000, 0x0000, 0x0000,
    0x0000, 0x0000, 0x0000, 0x0000, 0x0000, 0x0000, 0x0000, 0x0000, 0x0000,
    0x0000, 0x0000, 0x0000, 0x0000, 0x0000, 0x0000, 0x0000, 0x0000, 0x0000,
    0x0000, 0x0000, 0x0000, 0x0000, 0x0000, 0x0000, 0x0000, 0x0000, 0x0000,
};
const uint16_t Outfit_13px_Light_100_e3e3e3_Number_0[] = {
    0x0000, 0x0000, 0x0000, 0x0000, 0x0000, 0x0000, 0x0000, 0x0000, 0x0000, 0x0000, 0x0000, 0x0000, 0x0000,
    0x0000, 0x0000, 0x0000, 0x0000, 0x0000, 0x0000, 0x0000, 0x0000, 0x0000, 0x0000, 0x0000, 0x0000, 0x0000,
    0x0000, 0x0000, 0x0000, 0x0000, 0x0000, 0x0000, 0x0000, 0x0000, 0x0000, 0x0000, 0x0000, 0x0000, 0x0000,
    0x0000, 0x0000, 0x0000, 0x18E3, 0x6B6D, 0x9492, 0x9CF3, 0x8410, 0x4208, 0x0000, 0x0000, 0x0000, 0x0000,
    0x0000, 0x0000, 0x39E7, 0xD6BA, 0xE71C, 0xAD75, 0x9CF3, 0xCE59, 0xE71C, 0x94B2, 0x0000, 0x0000, 0x0000,
    0x0000, 0x2124, 0xCE59, 0xC618, 0x3186, 0x0000, 0x0000, 0x10A2, 0x73AE, 0xE71C, 0x738E, 0x0000, 0x0000,
    0x10A2, 0xAD75, 0xDEDB, 0x31A6, 0x0000, 0x0000, 0x0000, 0x0000, 0x0000, 0x94B2, 0xE71C, 0x4A49, 0x0000,
    0x39E7, 0xE71C, 0x5AEB, 0x0000, 0x0000, 0x0000, 0x0000, 0x0000, 0x0000, 0x18C3, 0xC618, 0xA514, 0x0000,
    0x632C, 0xDEFB, 0x10A2, 0x0000, 0x0000, 0x0000, 0x0000, 0x0000, 0x0000, 0x0000, 0x7BCF, 0xCE59, 0x0000,
    0x8C71, 0xBDD7, 0x0000, 0x0000, 0x0000, 0x0000, 0x0000, 0x0000, 0x0000, 0x0000, 0x528A, 0xE71C, 0x2104,
    0xB5B6, 0x94B2, 0x0000, 0x0000, 0x0000, 0x0000, 0x0000, 0x0000, 0x0000, 0x0000, 0x2945, 0xE71C, 0x4A49,
    0xC618, 0x8430, 0x0000, 0x0000, 0x0000, 0x0000, 0x0000, 0x0000, 0x0000, 0x0000, 0x18C3, 0xE71C, 0x5ACB,
    0xA514, 0xA534, 0x0000, 0x0000, 0x0000, 0x0000, 0x0000, 0x0000, 0x0000, 0x0000, 0x39E7, 0xE71C, 0x39C7,
    0x73AE, 0xCE79, 0x0000, 0x0000, 0x0000, 0x0000, 0x0000, 0x0000, 0x0000, 0x0000, 0x632C, 0xDEFB, 0x10A2,
    0x4A69, 0xE71C, 0x2124, 0x0000, 0x0000, 0x0000, 0x0000, 0x0000, 0x0000, 0x0000, 0x9492, 0xBDD7, 0x0000,
    0x2104, 0xDEFB, 0xA534, 0x10A2, 0x0000, 0x0000, 0x0000, 0x0000, 0x0000, 0x4208, 0xE71C, 0x8C51, 0x0000,
    0x0000, 0x5AEB, 0xE71C, 0x73AE, 0x0000, 0x0000, 0x0000, 0x0000, 0x2104, 0xCE79, 0xC618, 0x18E3, 0x0000,
    0x0000, 0x0000, 0x8C51, 0xE71C, 0x8C71, 0x39C7, 0x3186, 0x5ACB, 0xC618, 0xDEDB, 0x31A6, 0x0000, 0x0000,
    0x0000, 0x0000, 0x10A2, 0x7BCF, 0xD6BA, 0xE71C, 0xE71C, 0xE71C, 0xB5B6, 0x4208, 0x0000, 0x0000, 0x0000,
    0x0000, 0x0000, 0x0000, 0x0000, 0x10A2, 0x3186, 0x2965, 0x2104, 0x0000, 0x0000, 0x0000, 0x0000, 0x0000,
    0x0000, 0x0000, 0x0000, 0x0000, 0x0000, 0x0000, 0x0000, 0x0000, 0x0000, 0x0000, 0x0000, 0x0000, 0x0000,
    0x0000, 0x0000, 0x0000, 0x0000, 0x0000, 0x0000, 0x0000, 0x0000, 0x0000, 0x0000, 0x0000, 0x0000, 0x0000,
    0x0000, 0x0000, 0x0000, 0x0000, 0x0000, 0x0000, 0x0000, 0x0000, 0x0000, 0x0000, 0x0000, 0x0000, 0x0000,
    0x0000, 0x0000, 0x0000, 0x0000, 0x0000, 0x0000, 0x0000, 0x0000, 0x0000, 0x0000, 0x0000, 0x0000, 0x0000,
};
const uint16_t Outfit_13px_Light_100_e3e3e3_Number_1[] = {
    0x0000, 0x0000, 0x0000, 0x0000, 0x0000,
    0x0000, 0x0000, 0x0000, 0x0000, 0x0000,
    0x0000, 0x0000, 0x0000, 0x0000, 0x0000,
    0x630C, 0x738E, 0x738E, 0x8410, 0x8C71,
    0x7BEF, 0xAD75, 0xAD75, 0xE71C, 0xE71C,
    0x0000, 0x0000, 0x0000, 0x7BCF, 0xB596,
    0x0000, 0x0000, 0x0000, 0x7BCF, 0xB596,
    0x0000, 0x0000, 0x0000, 0x7BCF, 0xB596,
    0x0000, 0x0000, 0x0000, 0x7BCF, 0xB596,
    0x0000, 0x0000, 0x0000, 0x7BCF, 0xB596,
    0x0000, 0x0000, 0x0000, 0x7BCF, 0xB596,
    0x0000, 0x0000, 0x0000, 0x7BCF, 0xB596,
    0x0000, 0x0000, 0x0000, 0x7BCF, 0xB596,
    0x0000, 0x0000, 0x0000, 0x7BCF, 0xB596,
    0x0000, 0x0000, 0x0000, 0x7BCF, 0xB596,
    0x0000, 0x0000, 0x0000, 0x7BCF, 0xB596,
    0x0000, 0x0000, 0x0000, 0x7BCF, 0xB596,
    0x0000, 0x0000, 0x0000, 0x7BCF, 0xB596,
    0x0000, 0x0000, 0x0000, 0x7BCF, 0xA514,
    0x0000, 0x0000, 0x0000, 0x0000, 0x0000,
    0x0000, 0x0000, 0x0000, 0x0000, 0x0000,
    0x0000, 0x0000, 0x0000, 0x0000, 0x0000,
    0x0000, 0x0000, 0x0000, 0x0000, 0x0000,
    0x0000, 0x0000, 0x0000, 0x0000, 0x0000,
};
const uint16_t Outfit_13px_Light_100_e3e3e3_Number_2[] = {
    0x0000, 0x0000, 0x0000, 0x0000, 0x0000, 0x0000, 0x0000, 0x0000, 0x0000, 0x0000, 0x0000,
    0x0000, 0x0000, 0x0000, 0x0000, 0x0000, 0x0000, 0x0000, 0x0000, 0x0000, 0x0000, 0x0000,
    0x0000, 0x0000, 0x0000, 0x0000, 0x0000, 0x0000, 0x0000, 0x0000, 0x0000, 0x0000, 0x0000,
    0x0000, 0x0000, 0x18C3, 0x4A49, 0x7BEF, 0x9CF3, 0x7BEF, 0x528A, 0x18C3, 0x0000, 0x0000,
    0x0000, 0x3186, 0xCE59, 0xE71C, 0xCE79, 0xA514, 0xBDD7, 0xE71C, 0xAD55, 0x18C3, 0x0000,
    0x39C7, 0xD69A, 0xCE79, 0x39E7, 0x0000, 0x0000, 0x0000, 0x528A, 0xDEFB, 0x8C51, 0x0000,
    0x5ACB, 0xC638, 0x3186, 0x0000, 0x0000, 0x0000, 0x0000, 0x0000, 0x8430, 0xC618, 0x0000,
    0x0000, 0x0000, 0x0000, 0x0000, 0x0000, 0x0000, 0x0000, 0x0000, 0x5AEB, 0xE71C, 0x18C3,
    0x0000, 0x0000, 0x0000, 0x0000, 0x0000, 0x0000, 0x0000, 0x0000, 0x738E, 0xDEDB, 0x10A2,
    0x0000, 0x0000, 0x0000, 0x0000, 0x0000, 0x0000, 0x0000, 0x18E3, 0xCE79, 0xAD75, 0x0000,
    0x0000, 0x0000, 0x0000, 0x0000, 0x0000, 0x0000, 0x10A2, 0x9CD3, 0xE71C, 0x4208, 0x0000,
    0x0000, 0x0000, 0x0000, 0x0000, 0x0000, 0x0000, 0x8410, 0xE71C, 0x7BEF, 0x0000, 0x0000,
    0x0000, 0x0000, 0x0000, 0x0000, 0x0000, 0x738E, 0xE71C, 0x9492, 0x0000, 0x0000, 0x0000,
    0x0000, 0x0000, 0x0000, 0x0000, 0x6B6D, 0xE71C, 0x9CF3, 0x10A2, 0x0000, 0x0000, 0x0000,
    0x0000, 0x0000, 0x0000, 0x632C, 0xE71C, 0xA514, 0x10A2, 0x0000, 0x0000, 0x0000, 0x0000,
    0x0000, 0x0000, 0x630C, 0xE71C, 0xA534, 0x18C3, 0x0000, 0x0000, 0x0000, 0x0000, 0x0000,
    0x0000, 0x5AEB, 0xE71C, 0xAD55, 0x18C3, 0x0000, 0x0000, 0x0000, 0x0000, 0x0000, 0x0000,
    0x738E, 0xE71C, 0xD6BA, 0x4228, 0x39E7, 0x39E7, 0x39E7, 0x39E7, 0x39E7, 0x39E7, 0x2124,
    0xDEDB, 0xE71C, 0xE71C, 0xE71C, 0xE71C, 0xE71C, 0xE71C, 0xE71C, 0xE71C, 0xE71C, 0x632C,
    0x0000, 0x0000, 0x0000, 0x0000, 0x0000, 0x0000, 0x0000, 0x0000, 0x0000, 0x0000, 0x0000,
    0x0000, 0x0000, 0x0000, 0x0000, 0x0000, 0x0000, 0x0000, 0x0000, 0x0000, 0x0000, 0x0000,
    0x0000, 0x0000, 0x0000, 0x0000, 0x0000, 0x0000, 0x0000, 0x0000, 0x0000, 0x0000, 0x0000,
    0x0000, 0x0000, 0x0000, 0x0000, 0x0000, 0x0000, 0x0000, 0x0000, 0x0000, 0x0000, 0x0000,
    0x0000, 0x0000, 0x0000, 0x0000, 0x0000, 0x0000, 0x0000, 0x0000, 0x0000, 0x0000, 0x0000,
};
const uint16_t Outfit_13px_Light_100_e3e3e3_Number_3[] = {
    0x0000, 0x0000, 0x0000, 0x0000, 0x0000, 0x0000, 0x0000, 0x0000, 0x0000, 0x0000,
    0x0000, 0x0000, 0x0000, 0x0000, 0x0000, 0x0000, 0x0000, 0x0000, 0x0000, 0x0000,
    0x0000, 0x0000, 0x0000, 0x0000, 0x0000, 0x0000, 0x0000, 0x0000, 0x0000, 0x0000,
    0x0000, 0x630C, 0x738E, 0x738E, 0x738E, 0x738E, 0x738E, 0x738E, 0x7BEF, 0x7BEF,
    0x2965, 0xAD75, 0xAD75, 0xAD75, 0xAD75, 0xAD75, 0xAD75, 0xC618, 0xE71C, 0xE71C,
    0x0000, 0x0000, 0x0000, 0x0000, 0x0000, 0x0000, 0x18E3, 0xBDD7, 0xDEDB, 0x39E7,
    0x0000, 0x0000, 0x0000, 0x0000, 0x0000, 0x18C3, 0xAD75, 0xDEFB, 0x4A49, 0x0000,
    0x0000, 0x0000, 0x0000, 0x0000, 0x10A2, 0xA514, 0xE71C, 0x52AA, 0x0000, 0x0000,
    0x0000, 0x0000, 0x0000, 0x0000, 0x9492, 0xE71C, 0x632C, 0x0000, 0x0000, 0x0000,
    0x0000, 0x0000, 0x0000, 0x9CF3, 0xE71C, 0xD69A, 0x39E7, 0x10A2, 0x0000, 0x0000,
    0x0000, 0x0000, 0x0000, 0xE71C, 0xE71C, 0xCE79, 0xE71C, 0xD6BA, 0x4A49, 0x0000,
    0x0000, 0x0000, 0x0000, 0x0000, 0x0000, 0x0000, 0x2965, 0xB5B6, 0xDEFB, 0x4A49,
    0x0000, 0x0000, 0x0000, 0x0000, 0x0000, 0x0000, 0x0000, 0x18E3, 0xBDD7, 0xAD55,
    0x0000, 0x0000, 0x0000, 0x0000, 0x0000, 0x0000, 0x0000, 0x0000, 0x738E, 0xDEDB,
    0x0000, 0x0000, 0x0000, 0x0000, 0x0000, 0x0000, 0x0000, 0x0000, 0x52AA, 0xE71C,
    0x10A2, 0x10A2, 0x0000, 0x0000, 0x0000, 0x0000, 0x0000, 0x0000, 0x7BEF, 0xD69A,
    0x9CF3, 0xBDD7, 0x2124, 0x0000, 0x0000, 0x0000, 0x0000, 0x31A6, 0xD69A, 0x9CD3,
    0x4228, 0xD6BA, 0xCE59, 0x6B4D, 0x39E7, 0x39C7, 0x6B4D, 0xD69A, 0xCE59, 0x2965,
    0x0000, 0x3186, 0xA534, 0xD6BA, 0xE71C, 0xE71C, 0xD6BA, 0xA514, 0x2945, 0x0000,
    0x0000, 0x0000, 0x0000, 0x10A2, 0x2965, 0x2965, 0x10A2, 0x0000, 0x0000, 0x0000,
    0x0000, 0x0000, 0x0000, 0x0000, 0x0000, 0x0000, 0x0000, 0x0000, 0x0000, 0x0000,
    0x0000, 0x0000, 0x0000, 0x0000, 0x0000, 0x0000, 0x0000, 0x0000, 0x0000, 0x0000,
    0x0000, 0x0000, 0x0000, 0x0000, 0x0000, 0x0000, 0x0000, 0x0000, 0x0000, 0x0000,
    0x0000, 0x0000, 0x0000, 0x0000, 0x0000, 0x0000, 0x0000, 0x0000, 0x0000, 0x0000,
};
const uint16_t Outfit_13px_Light_100_e3e3e3_Number_4[] = {
    0x0000, 0x0000, 0x0000, 0x0000, 0x0000, 0x0000, 0x0000, 0x0000, 0x0000, 0x0000, 0x0000, 0x0000, 0x0000,
    0x0000, 0x0000, 0x0000, 0x0000, 0x0000, 0x0000, 0x0000, 0x0000, 0x0000, 0x0000, 0x0000, 0x0000, 0x0000,
    0x0000, 0x0000, 0x0000, 0x0000, 0x0000, 0x0000, 0x0000, 0x0000, 0x0000, 0x0000, 0x0000, 0x0000, 0x0000,
    0x0000, 0x0000, 0x0000, 0x0000, 0x0000, 0x0000, 0x4A49, 0x6B4D, 0x0000, 0x0000, 0x0000, 0x0000, 0x0000,
    0x0000, 0x0000, 0x0000, 0x0000, 0x0000, 0x18E3, 0xD69A, 0xA534, 0x0000, 0x0000, 0x0000, 0x0000, 0x0000,
    0x0000, 0x0000, 0x0000, 0x0000, 0x0000, 0x8410, 0xE71C, 0x31A6, 0x0000, 0x0000, 0x0000, 0x0000, 0x0000,
    0x0000, 0x0000, 0x0000, 0x0000, 0x2965, 0xDEFB, 0x8C51, 0x0000, 0x0000, 0x0000, 0x0000, 0x0000, 0x0000,
    0x0000, 0x0000, 0x0000, 0x0000, 0x9CD3, 0xD6BA, 0x2104, 0x0000, 0x0000, 0x0000, 0x0000, 0x0000, 0x0000,
    0x0000, 0x0000, 0x0000, 0x4208, 0xE71C, 0x6B6D, 0x0000, 0x0000, 0x39E7, 0xA514, 0x0000, 0x0000, 0x0000,
    0x0000, 0x0000, 0x0000, 0xB5B6, 0xC618, 0x10A2, 0x0000, 0x0000, 0x528A, 0xDEFB, 0x0000, 0x0000, 0x0000,
    0x0000, 0x0000, 0x5ACB, 0xE71C, 0x528A, 0x0000, 0x0000, 0x0000, 0x528A, 0xDEFB, 0x0000, 0x0000, 0x0000,
    0x0000, 0x18C3, 0xCE59, 0xAD55, 0x0000, 0x0000, 0x0000, 0x0000, 0x528A, 0xDEFB, 0x0000, 0x0000, 0x0000,
    0x0000, 0x738E, 0xE71C, 0x31A6, 0x0000, 0x0000, 0x0000, 0x0000, 0x528A, 0xDEFB, 0x0000, 0x0000, 0x0000,
    0x2945, 0xE71C, 0xC618, 0x4228, 0x4228, 0x4228, 0x4228, 0x4228, 0x8430, 0xE71C, 0x4228, 0x4228, 0x2104,
    0x4A49, 0xE71C, 0xE71C, 0xDEDB, 0xDEDB, 0xDEDB, 0xDEDB, 0xDEDB, 0xE71C, 0xE71C, 0xDEDB, 0xDEDB, 0x4208,
    0x0000, 0x0000, 0x0000, 0x0000, 0x0000, 0x0000, 0x0000, 0x0000, 0x528A, 0xDEFB, 0x0000, 0x0000, 0x0000,
    0x0000, 0x0000, 0x0000, 0x0000, 0x0000, 0x0000, 0x0000, 0x0000, 0x528A, 0xDEFB, 0x0000, 0x0000, 0x0000,
    0x0000, 0x0000, 0x0000, 0x0000, 0x0000, 0x0000, 0x0000, 0x0000, 0x528A, 0xDEFB, 0x0000, 0x0000, 0x0000,
    0x0000, 0x0000, 0x0000, 0x0000, 0x0000, 0x0000, 0x0000, 0x0000, 0x39E7, 0xCE79, 0x0000, 0x0000, 0x0000,
    0x0000, 0x0000, 0x0000, 0x0000, 0x0000, 0x0000, 0x0000, 0x0000, 0x0000, 0x0000, 0x0000, 0x0000, 0x0000,
    0x0000, 0x0000, 0x0000, 0x0000, 0x0000, 0x0000, 0x0000, 0x0000, 0x0000, 0x0000, 0x0000, 0x0000, 0x0000,
    0x0000, 0x0000, 0x0000, 0x0000, 0x0000, 0x0000, 0x0000, 0x0000, 0x0000, 0x0000, 0x0000, 0x0000, 0x0000,
    0x0000, 0x0000, 0x0000, 0x0000, 0x0000, 0x0000, 0x0000, 0x0000, 0x0000, 0x0000, 0x0000, 0x0000, 0x0000,
    0x0000, 0x0000, 0x0000, 0x0000, 0x0000, 0x0000, 0x0000, 0x0000, 0x0000, 0x0000, 0x0000, 0x0000, 0x0000,
};
const uint16_t Outfit_13px_Light_100_e3e3e3_Number_5[] = {
    0x0000, 0x0000, 0x0000, 0x0000, 0x0000, 0x0000, 0x0000, 0x0000, 0x0000, 0x0000, 0x0000,
    0x0000, 0x0000, 0x0000, 0x0000, 0x0000, 0x0000, 0x0000, 0x0000, 0x0000, 0x0000, 0x0000,
    0x0000, 0x0000, 0x0000, 0x0000, 0x0000, 0x0000, 0x0000, 0x0000, 0x0000, 0x0000, 0x0000,
    0x0000, 0x0000, 0x8C51, 0x9CF3, 0x738E, 0x738E, 0x738E, 0x738E, 0x738E, 0x738E, 0x2104,
    0x0000, 0x0000, 0xE71C, 0xE71C, 0xAD75, 0xAD75, 0xAD75, 0xAD75, 0xAD75, 0xAD75, 0x2945,
    0x0000, 0x0000, 0xDEDB, 0x5ACB, 0x0000, 0x0000, 0x0000, 0x0000, 0x0000, 0x0000, 0x0000,
    0x0000, 0x18E3, 0xE71C, 0x4208, 0x0000, 0x0000, 0x0000, 0x0000, 0x0000, 0x0000, 0x0000,
    0x0000, 0x3186, 0xE71C, 0x3186, 0x0000, 0x0000, 0x0000, 0x0000, 0x0000, 0x0000, 0x0000,
    0x0000, 0x4208, 0xE71C, 0x18E3, 0x0000, 0x0000, 0x0000, 0x0000, 0x0000, 0x0000, 0x0000,
    0x0000, 0x52AA, 0xE71C, 0x6B6D, 0x9CD3, 0xAD75, 0x8C71, 0x5ACB, 0x2104, 0x0000, 0x0000,
    0x0000, 0x7BEF, 0xE71C, 0xDEDB, 0x9CF3, 0x8C51, 0xAD75, 0xDEFB, 0xCE59, 0x2965, 0x0000,
    0x0000, 0x52AA, 0xE71C, 0x2124, 0x0000, 0x0000, 0x0000, 0x3186, 0xCE79, 0xCE59, 0x18E3,
    0x0000, 0x0000, 0x0000, 0x0000, 0x0000, 0x0000, 0x0000, 0x0000, 0x39C7, 0xE71C, 0x4A69,
    0x0000, 0x0000, 0x0000, 0x0000, 0x0000, 0x0000, 0x0000, 0x0000, 0x0000, 0xCE79, 0x8410,
    0x0000, 0x0000, 0x0000, 0x0000, 0x0000, 0x0000, 0x0000, 0x0000, 0x0000, 0xBDD7, 0x94B2,
    0x0000, 0x18C3, 0x0000, 0x0000, 0x0000, 0x0000, 0x0000, 0x0000, 0x18E3, 0xDEFB, 0x6B4D,
    0x31A6, 0xDEFB, 0x6B4D, 0x0000, 0x0000, 0x0000, 0x0000, 0x10A2, 0x9492, 0xE71C, 0x3186,
    0x18C3, 0x94B2, 0xE71C, 0x9492, 0x528A, 0x3186, 0x528A, 0xA514, 0xE71C, 0x73AE, 0x0000,
    0x0000, 0x0000, 0x73AE, 0xC618, 0xE71C, 0xE71C, 0xE71C, 0xBDF7, 0x632C, 0x0000, 0x0000,
    0x0000, 0x0000, 0x0000, 0x0000, 0x2104, 0x2965, 0x18E3, 0x0000, 0x0000, 0x0000, 0x0000,
    0x0000, 0x0000, 0x0000, 0x0000, 0x0000, 0x0000, 0x0000, 0x0000, 0x0000, 0x0000, 0x0000,
    0x0000, 0x0000, 0x0000, 0x0000, 0x0000, 0x0000, 0x0000, 0x0000, 0x0000, 0x0000, 0x0000,
    0x0000, 0x0000, 0x0000, 0x0000, 0x0000, 0x0000, 0x0000, 0x0000, 0x0000, 0x0000, 0x0000,
    0x0000, 0x0000, 0x0000, 0x0000, 0x0000, 0x0000, 0x0000, 0x0000, 0x0000, 0x0000, 0x0000,
};
const uint16_t Outfit_13px_Light_100_e3e3e3_Number_6[] = {
    0x0000, 0x0000, 0x0000, 0x0000, 0x0000, 0x0000, 0x0000, 0x0000, 0x0000, 0x0000, 0x0000,
    0x0000, 0x0000, 0x0000, 0x0000, 0x0000, 0x0000, 0x0000, 0x0000, 0x0000, 0x0000, 0x0000,
    0x0000, 0x0000, 0x0000, 0x0000, 0x0000, 0x0000, 0x0000, 0x0000, 0x0000, 0x0000, 0x0000,
    0x0000, 0x0000, 0x0000, 0x0000, 0x0000, 0x0000, 0x2124, 0x738E, 0x39E7, 0x0000, 0x0000,
    0x0000, 0x0000, 0x0000, 0x0000, 0x0000, 0x10A2, 0xAD75, 0xDEDB, 0x39C7, 0x0000, 0x0000,
    0x0000, 0x0000, 0x0000, 0x0000, 0x0000, 0x8410, 0xE71C, 0x5ACB, 0x0000, 0x0000, 0x0000,
    0x0000, 0x0000, 0x0000, 0x0000, 0x528A, 0xE71C, 0x8430, 0x0000, 0x0000, 0x0000, 0x0000,
    0x0000, 0x0000, 0x0000, 0x3186, 0xD6BA, 0xAD55, 0x10A2, 0x0000, 0x0000, 0x0000, 0x0000,
    0x0000, 0x0000, 0x18C3, 0xBDF7, 0xE71C, 0x5AEB, 0x39E7, 0x10A2, 0x0000, 0x0000, 0x0000,
    0x0000, 0x0000, 0xB5B6, 0xE71C, 0xE71C, 0xE71C, 0xE71C, 0xD69A, 0x8C71, 0x10A2, 0x0000,
    0x0000, 0x630C, 0xE71C, 0xDEFB, 0x4A69, 0x18C3, 0x31A6, 0x7BCF, 0xE71C, 0xA514, 0x10A2,
    0x18E3, 0xD69A, 0xB5B6, 0x18E3, 0x0000, 0x0000, 0x0000, 0x0000, 0x632C, 0xE71C, 0x6B6D,
    0x5ACB, 0xE71C, 0x39E7, 0x0000, 0x0000, 0x0000, 0x0000, 0x0000, 0x0000, 0xAD55, 0xAD55,
    0x7BCF, 0xDEDB, 0x10A2, 0x0000, 0x0000, 0x0000, 0x0000, 0x0000, 0x0000, 0x73AE, 0xDEFB,
    0x73AE, 0xDEDB, 0x10A2, 0x0000, 0x0000, 0x0000, 0x0000, 0x0000, 0x0000, 0x7BCF, 0xDEDB,
    0x39E7, 0xE71C, 0x4208, 0x0000, 0x0000, 0x0000, 0x0000, 0x0000, 0x0000, 0xB596, 0xA514,
    0x10A2, 0xD69A, 0xC618, 0x2124, 0x0000, 0x0000, 0x0000, 0x0000, 0x73AE, 0xE71C, 0x632C,
    0x0000, 0x39E7, 0xD6BA, 0xC618, 0x630C, 0x2965, 0x4A49, 0x8C71, 0xE71C, 0x8C71, 0x10A2,
    0x0000, 0x0000, 0x39E7, 0xA534, 0xDEDB, 0xE71C, 0xE71C, 0xBDF7, 0x73AE, 0x10A2, 0x0000,
    0x0000, 0x0000, 0x0000, 0x0000, 0x10A2, 0x2945, 0x2124, 0x0000, 0x0000, 0x0000, 0x0000,
    0x0000, 0x0000, 0x0000, 0x0000, 0x0000, 0x0000, 0x0000, 0x0000, 0x0000, 0x0000, 0x0000,
    0x0000, 0x0000, 0x0000, 0x0000, 0x0000, 0x0000, 0x0000, 0x0000, 0x0000, 0x0000, 0x0000,
    0x0000, 0x0000, 0x0000, 0x0000, 0x0000, 0x0000, 0x0000, 0x0000, 0x0000, 0x0000, 0x0000,
    0x0000, 0x0000, 0x0000, 0x0000, 0x0000, 0x0000, 0x0000, 0x0000, 0x0000, 0x0000, 0x0000,
};
const uint16_t Outfit_13px_Light_100_e3e3e3_Number_7[] = {
    0x0000, 0x0000, 0x0000, 0x0000, 0x0000, 0x0000, 0x0000, 0x0000, 0x0000, 0x0000, 0x0000,
    0x0000, 0x0000, 0x0000, 0x0000, 0x0000, 0x0000, 0x0000, 0x0000, 0x0000, 0x0000, 0x0000,
    0x0000, 0x0000, 0x0000, 0x0000, 0x0000, 0x0000, 0x0000, 0x0000, 0x0000, 0x0000, 0x0000,
    0x3186, 0x738E, 0x738E, 0x738E, 0x738E, 0x738E, 0x738E, 0x738E, 0x738E, 0x7BEF, 0x8C51,
    0x3186, 0xAD75, 0xAD75, 0xAD75, 0xAD75, 0xAD75, 0xAD75, 0xAD75, 0xAD75, 0xE71C, 0xE71C,
    0x0000, 0x0000, 0x0000, 0x0000, 0x0000, 0x0000, 0x0000, 0x0000, 0x18C3, 0xD69A, 0x8C71,
    0x0000, 0x0000, 0x0000, 0x0000, 0x0000, 0x0000, 0x0000, 0x0000, 0x5AEB, 0xE71C, 0x39C7,
    0x0000, 0x0000, 0x0000, 0x0000, 0x0000, 0x0000, 0x0000, 0x0000, 0xB596, 0xB5B6, 0x0000,
    0x0000, 0x0000, 0x0000, 0x0000, 0x0000, 0x0000, 0x0000, 0x39C7, 0xE71C, 0x5AEB, 0x0000,
    0x0000, 0x0000, 0x0000, 0x0000, 0x0000, 0x0000, 0x0000, 0x8C71, 0xD69A, 0x18C3, 0x0000,
    0x0000, 0x0000, 0x0000, 0x0000, 0x0000, 0x0000, 0x18E3, 0xDEDB, 0x8430, 0x0000, 0x0000,
    0x0000, 0x0000, 0x0000, 0x0000, 0x0000, 0x0000, 0x6B4D, 0xE71C, 0x2965, 0x0000, 0x0000,
    0x0000, 0x0000, 0x0000, 0x0000, 0x0000, 0x0000, 0xBDF7, 0xAD55, 0x0000, 0x0000, 0x0000,
    0x10A2, 0x0000, 0x0000, 0x0000, 0x0000, 0x4228, 0xE71C, 0x528A, 0x0000, 0x0000, 0x0000,
    0x10A2, 0x0000, 0x0000, 0x0000, 0x0000, 0x9CD3, 0xCE59, 0x10A2, 0x0000, 0x0000, 0x0000,
    0x0000, 0x0000, 0x0000, 0x0000, 0x2124, 0xDEFB, 0x7BCF, 0x0000, 0x0000, 0x0000, 0x0000,
    0x0000, 0x0000, 0x0000, 0x0000, 0x73AE, 0xDEFB, 0x2124, 0x0000, 0x0000, 0x0000, 0x0000,
    0x0000, 0x0000, 0x0000, 0x10A2, 0xCE59, 0x9CF3, 0x0000, 0x0000, 0x0000, 0x0000, 0x0000,
    0x0000, 0x0000, 0x0000, 0x3186, 0xE71C, 0x4228, 0x0000, 0x0000, 0x0000, 0x0000, 0x0000,
    0x0000, 0x0000, 0x0000, 0x0000, 0x0000, 0x0000, 0x0000, 0x0000, 0x0000, 0x0000, 0x0000,
    0x0000, 0x0000, 0x0000, 0x0000, 0x0000, 0x0000, 0x0000, 0x0000, 0x0000, 0x0000, 0x0000,
    0x0000, 0x0000, 0x0000, 0x0000, 0x0000, 0x0000, 0x0000, 0x0000, 0x0000, 0x0000, 0x0000,
    0x0000, 0x0000, 0x0000, 0x0000, 0x0000, 0x0000, 0x0000, 0x0000, 0x0000, 0x0000, 0x0000,
    0x0000, 0x0000, 0x0000, 0x0000, 0x0000, 0x0000, 0x0000, 0x0000, 0x0000, 0x0000, 0x0000,
};
const uint16_t Outfit_13px_Light_100_e3e3e3_Number_8[] = {
    0x0000, 0x0000, 0x0000, 0x0000, 0x0000, 0x0000, 0x0000, 0x0000, 0x0000, 0x0000,
    0x0000, 0x0000, 0x0000, 0x0000, 0x0000, 0x0000, 0x0000, 0x0000, 0x0000, 0x0000,
    0x0000, 0x0000, 0x0000, 0x0000, 0x0000, 0x0000, 0x0000, 0x0000, 0x0000, 0x0000,
    0x0000, 0x0000, 0x2124, 0x630C, 0x9492, 0x9CD3, 0x6B6D, 0x31A6, 0x0000, 0x0000,
    0x0000, 0x39C7, 0xCE79, 0xDEDB, 0x9CD3, 0x94B2, 0xCE59, 0xDEFB, 0x5ACB, 0x0000,
    0x0000, 0xC638, 0xBDF7, 0x2124, 0x0000, 0x0000, 0x18C3, 0x9CD3, 0xE71C, 0x2124,
    0x2965, 0xE71C, 0x4228, 0x0000, 0x0000, 0x0000, 0x0000, 0x18E3, 0xDEFB, 0x630C,
    0x4228, 0xE71C, 0x3186, 0x0000, 0x0000, 0x0000, 0x0000, 0x0000, 0xD69A, 0x73AE,
    0x2104, 0xE71C, 0x73AE, 0x0000, 0x0000, 0x0000, 0x0000, 0x4228, 0xE71C, 0x528A,
    0x0000, 0x9492, 0xDEFB, 0x738E, 0x2104, 0x18C3, 0x5ACB, 0xCE79, 0xBDF7, 0x18C3,
    0x0000, 0x2104, 0xDEFB, 0xE71C, 0xE71C, 0xE71C, 0xE71C, 0xE71C, 0x39E7, 0x0000,
    0x18C3, 0xBDD7, 0xE71C, 0x9CD3, 0x630C, 0x5ACB, 0x8C51, 0xDEDB, 0xD6BA, 0x2965,
    0x8430, 0xE71C, 0x5AEB, 0x0000, 0x0000, 0x0000, 0x0000, 0x39E7, 0xD69A, 0xB596,
    0xBDF7, 0xA514, 0x0000, 0x0000, 0x0000, 0x0000, 0x0000, 0x0000, 0x6B6D, 0xE71C,
    0xE71C, 0x73AE, 0x0000, 0x0000, 0x0000, 0x0000, 0x0000, 0x0000, 0x4228, 0xE71C,
    0xBDF7, 0x94B2, 0x0000, 0x0000, 0x0000, 0x0000, 0x0000, 0x0000, 0x632C, 0xE71C,
    0x8410, 0xD6BA, 0x39C7, 0x0000, 0x0000, 0x0000, 0x0000, 0x2104, 0xBDF7, 0xB596,
    0x2124, 0xBDF7, 0xDEDB, 0x6B4D, 0x31A6, 0x2945, 0x5ACB, 0xC618, 0xD6BA, 0x4208,
    0x0000, 0x18E3, 0x9CD3, 0xD69A, 0xE71C, 0xE71C, 0xDEDB, 0xAD75, 0x31A6, 0x0000,
    0x0000, 0x0000, 0x0000, 0x0000, 0x2965, 0x2945, 0x10A2, 0x0000, 0x0000, 0x0000,
    0x0000, 0x0000, 0x0000, 0x0000, 0x0000, 0x0000, 0x0000, 0x0000, 0x0000, 0x0000,
    0x0000, 0x0000, 0x0000, 0x0000, 0x0000, 0x0000, 0x0000, 0x0000, 0x0000, 0x0000,
    0x0000, 0x0000, 0x0000, 0x0000, 0x0000, 0x0000, 0x0000, 0x0000, 0x0000, 0x0000,
    0x0000, 0x0000, 0x0000, 0x0000, 0x0000, 0x0000, 0x0000, 0x0000, 0x0000, 0x0000,
};
const uint16_t Outfit_13px_Light_100_e3e3e3_Number_9[] = {
    0x0000, 0x0000, 0x0000, 0x0000, 0x0000, 0x0000, 0x0000, 0x0000, 0x0000, 0x0000, 0x0000,
    0x0000, 0x0000, 0x0000, 0x0000, 0x0000, 0x0000, 0x0000, 0x0000, 0x0000, 0x0000, 0x0000,
    0x0000, 0x0000, 0x0000, 0x0000, 0x0000, 0x0000, 0x0000, 0x0000, 0x0000, 0x0000, 0x0000,
    0x0000, 0x0000, 0x0000, 0x3186, 0x6B4D, 0x9CD3, 0x8C51, 0x528A, 0x18E3, 0x0000, 0x0000,
    0x0000, 0x0000, 0x8430, 0xE71C, 0xD69A, 0xA514, 0xB5B6, 0xE71C, 0xD69A, 0x39C7, 0x0000,
    0x0000, 0x8430, 0xE71C, 0x7BEF, 0x10A2, 0x0000, 0x0000, 0x2945, 0xC638, 0xD69A, 0x31A6,
    0x2104, 0xE71C, 0x8430, 0x0000, 0x0000, 0x0000, 0x0000, 0x0000, 0x2945, 0xD69A, 0x8C51,
    0x52AA, 0xE71C, 0x2945, 0x0000, 0x0000, 0x0000, 0x0000, 0x0000, 0x0000, 0x9492, 0xC618,
    0x8410, 0xD69A, 0x0000, 0x0000, 0x0000, 0x0000, 0x0000, 0x0000, 0x0000, 0x6B4D, 0xE71C,
    0x630C, 0xE71C, 0x2104, 0x0000, 0x0000, 0x0000, 0x0000, 0x0000, 0x0000, 0x8C51, 0xD69A,
    0x2945, 0xE71C, 0x6B6D, 0x0000, 0x0000, 0x0000, 0x0000, 0x0000, 0x18E3, 0xC638, 0xA534,
    0x0000, 0xA514, 0xE71C, 0x5AEB, 0x0000, 0x0000, 0x0000, 0x18E3, 0xB596, 0xE71C, 0x39E7,
    0x0000, 0x18C3, 0xAD55, 0xE71C, 0xB596, 0x9492, 0x9492, 0xE71C, 0xE71C, 0x8430, 0x0000,
    0x0000, 0x0000, 0x18C3, 0x5ACB, 0x9492, 0xC618, 0xCE79, 0xE71C, 0xCE79, 0x10A2, 0x0000,
    0x0000, 0x0000, 0x0000, 0x0000, 0x0000, 0x18C3, 0xB5B6, 0xCE79, 0x2124, 0x0000, 0x0000,
    0x0000, 0x0000, 0x0000, 0x0000, 0x0000, 0x9492, 0xE71C, 0x4228, 0x0000, 0x0000, 0x0000,
    0x0000, 0x0000, 0x0000, 0x0000, 0x6B4D, 0xE71C, 0x738E, 0x0000, 0x0000, 0x0000, 0x0000,
    0x0000, 0x0000, 0x0000, 0x4208, 0xDEFB, 0x9CF3, 0x0000, 0x0000, 0x0000, 0x0000, 0x0000,
    0x0000, 0x0000, 0x0000, 0xB5B6, 0xC618, 0x18E3, 0x0000, 0x0000, 0x0000, 0x0000, 0x0000,
    0x0000, 0x0000, 0x0000, 0x0000, 0x0000, 0x0000, 0x0000, 0x0000, 0x0000, 0x0000, 0x0000,
    0x0000, 0x0000, 0x0000, 0x0000, 0x0000, 0x0000, 0x0000, 0x0000, 0x0000, 0x0000, 0x0000,
    0x0000, 0x0000, 0x0000, 0x0000, 0x0000, 0x0000, 0x0000, 0x0000, 0x0000, 0x0000, 0x0000,
    0x0000, 0x0000, 0x0000, 0x0000, 0x0000, 0x0000, 0x0000, 0x0000, 0x0000, 0x0000, 0x0000,
    0x0000, 0x0000, 0x0000, 0x0000, 0x0000, 0x0000, 0x0000, 0x0000, 0x0000, 0x0000, 0x0000,
};
const uint16_t Outfit_13px_Light_100_e3e3e3_Uppercase_A[] = {
    0x0000, 0x0000, 0x0000, 0x0000, 0x0000, 0x0000, 0x0000, 0x0000, 0x0000, 0x0000, 0x0000, 0x0000, 0x0000, 0x0000,
    0x0000, 0x0000, 0x0000, 0x0000, 0x0000, 0x0000, 0x0000, 0x0000, 0x0000, 0x0000, 0x0000, 0x0000, 0x0000, 0x0000,
    0x0000, 0x0000, 0x0000, 0x0000, 0x0000, 0x0000, 0x0000, 0x0000, 0x0000, 0x0000, 0x0000, 0x0000, 0x0000, 0x0000,
    0x0000, 0x0000, 0x0000, 0x0000, 0x0000, 0x0000, 0x2945, 0x738E, 0x2124, 0x0000, 0x0000, 0x0000, 0x0000, 0x0000,
    0x0000, 0x0000, 0x0000, 0x0000, 0x0000, 0x0000, 0x8410, 0xE71C, 0x7BCF, 0x0000, 0x0000, 0x0000, 0x0000, 0x0000,
    0x0000, 0x0000, 0x0000, 0x0000, 0x0000, 0x18C3, 0xD69A, 0xE71C, 0xCE59, 0x10A2, 0x0000, 0x0000, 0x0000, 0x0000,
    0x0000, 0x0000, 0x0000, 0x0000, 0x0000, 0x5ACB, 0xE71C, 0x7BCF, 0xE71C, 0x528A, 0x0000, 0x0000, 0x0000, 0x0000,
    0x0000, 0x0000, 0x0000, 0x0000, 0x0000, 0xB596, 0xBDD7, 0x10A2, 0xCE59, 0xA534, 0x0000, 0x0000, 0x0000, 0x0000,
    0x0000, 0x0000, 0x0000, 0x0000, 0x31A6, 0xE71C, 0x632C, 0x0000, 0x73AE, 0xE71C, 0x2945, 0x0000, 0x0000, 0x0000,
    0x0000, 0x0000, 0x0000, 0x0000, 0x8C51, 0xDEDB, 0x18E3, 0x0000, 0x2124, 0xDEFB, 0x7BEF, 0x0000, 0x0000, 0x0000,
    0x0000, 0x0000, 0x0000, 0x18C3, 0xD6BA, 0x8C71, 0x0000, 0x0000, 0x0000, 0x9CF3, 0xCE79, 0x10A2, 0x0000, 0x0000,
    0x0000, 0x0000, 0x0000, 0x630C, 0xE71C, 0x39C7, 0x0000, 0x0000, 0x0000, 0x4A49, 0xE71C, 0x52AA, 0x0000, 0x0000,
    0x0000, 0x0000, 0x0000, 0xCE59, 0xD69A, 0x2965, 0x2965, 0x2965, 0x2965, 0x2965, 0xE71C, 0xAD55, 0x0000, 0x0000,
    0x0000, 0x0000, 0x39C7, 0xE71C, 0xE71C, 0xE71C, 0xE71C, 0xE71C, 0xE71C, 0xE71C, 0xE71C, 0xE71C, 0x2965, 0x0000,
    0x0000, 0x0000, 0x9492, 0xDEFB, 0x2965, 0x2124, 0x2124, 0x2124, 0x2124, 0x2124, 0x39C7, 0xE71C, 0x8410, 0x0000,
    0x0000, 0x18E3, 0xDEDB, 0x8C51, 0x0000, 0x0000, 0x0000, 0x0000, 0x0000, 0x0000, 0x0000, 0x9CF3, 0xD69A, 0x10A2,
    0x0000, 0x6B4D, 0xE71C, 0x31A6, 0x0000, 0x0000, 0x0000, 0x0000, 0x0000, 0x0000, 0x0000, 0x4A49, 0xE71C, 0x5ACB,
    0x0000, 0xBDF7, 0xB596, 0x0000, 0x0000, 0x0000, 0x0000, 0x0000, 0x0000, 0x0000, 0x0000, 0x10A2, 0xC638, 0xAD75,
    0x2124, 0xE71C, 0x5ACB, 0x0000, 0x0000, 0x0000, 0x0000, 0x0000, 0x0000, 0x0000, 0x0000, 0x0000, 0x738E, 0xDEFB,
    0x0000, 0x0000, 0x0000, 0x0000, 0x0000, 0x0000, 0x0000, 0x0000, 0x0000, 0x0000, 0x0000, 0x0000, 0x0000, 0x0000,
    0x0000, 0x0000, 0x0000, 0x0000, 0x0000, 0x0000, 0x0000, 0x0000, 0x0000, 0x0000, 0x0000, 0x0000, 0x0000, 0x0000,
    0x0000, 0x0000, 0x0000, 0x0000, 0x0000, 0x0000, 0x0000, 0x0000, 0x0000, 0x0000, 0x0000, 0x0000, 0x0000, 0x0000,
    0x0000, 0x0000, 0x0000, 0x0000, 0x0000, 0x0000, 0x0000, 0x0000, 0x0000, 0x0000, 0x0000, 0x0000, 0x0000, 0x0000,
    0x0000, 0x0000, 0x0000, 0x0000, 0x0000, 0x0000, 0x0000, 0x0000, 0x0000, 0x0000, 0x0000, 0x0000, 0x0000, 0x0000,
};
const uint16_t Outfit_13px_Light_100_e3e3e3_Uppercase_Auml[] = {
    0x0000, 0x0000, 0x0000, 0x0000, 0x8430, 0x9CF3, 0x10A2, 0x18E3, 0xA534, 0x73AE, 0x0000, 0x0000, 0x0000, 0x0000,
    0x0000, 0x0000, 0x0000, 0x0000, 0xC638, 0xE71C, 0x18E3, 0x2965, 0xE71C, 0xB5B6, 0x0000, 0x0000, 0x0000, 0x0000,
    0x0000, 0x0000, 0x0000, 0x0000, 0x2945, 0x2945, 0x0000, 0x0000, 0x2945, 0x2124, 0x0000, 0x0000, 0x0000, 0x0000,
    0x0000, 0x0000, 0x0000, 0x0000, 0x0000, 0x0000, 0x5ACB, 0x52AA, 0x0000, 0x0000, 0x0000, 0x0000, 0x0000, 0x0000,
    0x0000, 0x0000, 0x0000, 0x0000, 0x0000, 0x2104, 0xE71C, 0xE71C, 0x18E3, 0x0000, 0x0000, 0x0000, 0x0000, 0x0000,
    0x0000, 0x0000, 0x0000, 0x0000, 0x0000, 0x6B6D, 0xE71C, 0xE71C, 0x632C, 0x0000, 0x0000, 0x0000, 0x0000, 0x0000,
    0x0000, 0x0000, 0x0000, 0x0000, 0x0000, 0xC618, 0xA534, 0xB5B6, 0xBDD7, 0x0000, 0x0000, 0x0000, 0x0000, 0x0000,
    0x0000, 0x0000, 0x0000, 0x0000, 0x4228, 0xE71C, 0x528A, 0x630C, 0xE71C, 0x39E7, 0x0000, 0x0000, 0x0000, 0x0000,
    0x0000, 0x0000, 0x0000, 0x0000, 0x9CF3, 0xCE79, 0x10A2, 0x18C3, 0xD6BA, 0x9492, 0x0000, 0x0000, 0x0000, 0x0000,
    0x0000, 0x0000, 0x0000, 0x2124, 0xDEFB, 0x7BCF, 0x0000, 0x0000, 0x8C51, 0xDEDB, 0x18E3, 0x0000, 0x0000, 0x0000,
    0x0000, 0x0000, 0x0000, 0x73AE, 0xE71C, 0x2945, 0x0000, 0x0000, 0x31A6, 0xE71C, 0x6B4D, 0x0000, 0x0000, 0x0000,
    0x0000, 0x0000, 0x10A2, 0xCE59, 0xA514, 0x0000, 0x0000, 0x0000, 0x0000, 0xB596, 0xBDF7, 0x0000, 0x0000, 0x0000,
    0x0000, 0x0000, 0x528A, 0xE71C, 0x6B4D, 0x2965, 0x2965, 0x2965, 0x2965, 0x7BCF, 0xE71C, 0x4208, 0x0000, 0x0000,
    0x0000, 0x0000, 0xBDD7, 0xE71C, 0xE71C, 0xE71C, 0xE71C, 0xE71C, 0xE71C, 0xE71C, 0xE71C, 0xA514, 0x0000, 0x0000,
    0x0000, 0x2945, 0xE71C, 0x8430, 0x2124, 0x2124, 0x2124, 0x2124, 0x2124, 0x2124, 0x9CD3, 0xDEFB, 0x2104, 0x0000,
    0x0000, 0x7BEF, 0xDEFB, 0x2124, 0x0000, 0x0000, 0x0000, 0x0000, 0x0000, 0x0000, 0x31A6, 0xE71C, 0x6B6D, 0x0000,
    0x10A2, 0xCE79, 0x9CD3, 0x0000, 0x0000, 0x0000, 0x0000, 0x0000, 0x0000, 0x0000, 0x0000, 0xB596, 0xC618, 0x0000,
    0x52AA, 0xE71C, 0x4228, 0x0000, 0x0000, 0x0000, 0x0000, 0x0000, 0x0000, 0x0000, 0x0000, 0x5AEB, 0xE71C, 0x4228,
    0x8C51, 0xC618, 0x0000, 0x0000, 0x0000, 0x0000, 0x0000, 0x0000, 0x0000, 0x0000, 0x0000, 0x18C3, 0xD69A, 0x7BCF,
    0x0000, 0x0000, 0x0000, 0x0000, 0x0000, 0x0000, 0x0000, 0x0000, 0x0000, 0x0000, 0x0000, 0x0000, 0x0000, 0x0000,
    0x0000, 0x0000, 0x0000, 0x0000, 0x0000, 0x0000, 0x0000, 0x0000, 0x0000, 0x0000, 0x0000, 0x0000, 0x0000, 0x0000,
    0x0000, 0x0000, 0x0000, 0x0000, 0x0000, 0x0000, 0x0000, 0x0000, 0x0000, 0x0000, 0x0000, 0x0000, 0x0000, 0x0000,
    0x0000, 0x0000, 0x0000, 0x0000, 0x0000, 0x0000, 0x0000, 0x0000, 0x0000, 0x0000, 0x0000, 0x0000, 0x0000, 0x0000,
    0x0000, 0x0000, 0x0000, 0x0000, 0x0000, 0x0000, 0x0000, 0x0000, 0x0000, 0x0000, 0x0000, 0x0000, 0x0000, 0x0000,
};
const uint16_t Outfit_13px_Light_100_e3e3e3_Uppercase_B[] = {
    0x0000, 0x0000, 0x0000, 0x0000, 0x0000, 0x0000, 0x0000, 0x0000, 0x0000, 0x0000, 0x0000, 0x0000,
    0x0000, 0x0000, 0x0000, 0x0000, 0x0000, 0x0000, 0x0000, 0x0000, 0x0000, 0x0000, 0x0000, 0x0000,
    0x0000, 0x0000, 0x0000, 0x0000, 0x0000, 0x0000, 0x0000, 0x0000, 0x0000, 0x0000, 0x0000, 0x0000,
    0x2965, 0xA534, 0x738E, 0x738E, 0x738E, 0x738E, 0x6B4D, 0x4208, 0x18C3, 0x0000, 0x0000, 0x0000,
    0xBDD7, 0xE71C, 0xB596, 0xB596, 0xB596, 0xB5B6, 0xCE59, 0xE71C, 0xCE79, 0x39E7, 0x0000, 0x0000,
    0x9492, 0x9CF3, 0x0000, 0x0000, 0x0000, 0x0000, 0x0000, 0x39C7, 0xBDF7, 0xDEDB, 0x18E3, 0x0000,
    0x9492, 0x9CF3, 0x0000, 0x0000, 0x0000, 0x0000, 0x0000, 0x0000, 0x3186, 0xE71C, 0x4A69, 0x0000,
    0x9492, 0x9CF3, 0x0000, 0x0000, 0x0000, 0x0000, 0x0000, 0x0000, 0x0000, 0xD6BA, 0x738E, 0x0000,
    0x9492, 0x9CF3, 0x0000, 0x0000, 0x0000, 0x0000, 0x0000, 0x0000, 0x2124, 0xE71C, 0x4A49, 0x0000,
    0x9492, 0x9CF3, 0x0000, 0x0000, 0x0000, 0x0000, 0x0000, 0x2104, 0xAD55, 0xDEDB, 0x10A2, 0x0000,
    0xBDD7, 0xE71C, 0xA534, 0xA534, 0xA534, 0xA534, 0xB5B6, 0xE71C, 0xE71C, 0x5ACB, 0x0000, 0x0000,
    0xAD75, 0xE71C, 0x73AE, 0x73AE, 0x73AE, 0x73AE, 0x8430, 0xC638, 0xE71C, 0x9CF3, 0x2945, 0x0000,
    0x9492, 0x9CF3, 0x0000, 0x0000, 0x0000, 0x0000, 0x0000, 0x0000, 0x528A, 0xDEFB, 0xAD55, 0x0000,
    0x9492, 0x9CF3, 0x0000, 0x0000, 0x0000, 0x0000, 0x0000, 0x0000, 0x0000, 0x7BCF, 0xE71C, 0x2104,
    0x9492, 0x9CF3, 0x0000, 0x0000, 0x0000, 0x0000, 0x0000, 0x0000, 0x0000, 0x4A49, 0xE71C, 0x39C7,
    0x9492, 0x9CF3, 0x0000, 0x0000, 0x0000, 0x0000, 0x0000, 0x0000, 0x0000, 0x5AEB, 0xE71C, 0x18E3,
    0x9492, 0x9CF3, 0x0000, 0x0000, 0x0000, 0x0000, 0x0000, 0x0000, 0x2124, 0xCE59, 0xB596, 0x0000,
    0x9CF3, 0xCE79, 0x4208, 0x4208, 0x4208, 0x4208, 0x528A, 0x7BCF, 0xD6BA, 0xCE79, 0x39E7, 0x0000,
    0xCE59, 0xE71C, 0xE71C, 0xE71C, 0xE71C, 0xE71C, 0xDEFB, 0xB5B6, 0x8C71, 0x2945, 0x0000, 0x0000,
    0x0000, 0x0000, 0x0000, 0x0000, 0x0000, 0x0000, 0x0000, 0x0000, 0x0000, 0x0000, 0x0000, 0x0000,
    0x0000, 0x0000, 0x0000, 0x0000, 0x0000, 0x0000, 0x0000, 0x0000, 0x0000, 0x0000, 0x0000, 0x0000,
    0x0000, 0x0000, 0x0000, 0x0000, 0x0000, 0x0000, 0x0000, 0x0000, 0x0000, 0x0000, 0x0000, 0x0000,
    0x0000, 0x0000, 0x0000, 0x0000, 0x0000, 0x0000, 0x0000, 0x0000, 0x0000, 0x0000, 0x0000, 0x0000,
    0x0000, 0x0000, 0x0000, 0x0000, 0x0000, 0x0000, 0x0000, 0x0000, 0x0000, 0x0000, 0x0000, 0x0000,
};
const uint16_t Outfit_13px_Light_100_e3e3e3_Uppercase_C[] = {
    0x0000, 0x0000, 0x0000, 0x0000, 0x0000, 0x0000, 0x0000, 0x0000, 0x0000, 0x0000, 0x0000, 0x0000, 0x0000, 0x0000, 0x0000,
    0x0000, 0x0000, 0x0000, 0x0000, 0x0000, 0x0000, 0x0000, 0x0000, 0x0000, 0x0000, 0x0000, 0x0000, 0x0000, 0x0000, 0x0000,
    0x0000, 0x0000, 0x0000, 0x0000, 0x0000, 0x0000, 0x0000, 0x0000, 0x0000, 0x0000, 0x0000, 0x0000, 0x0000, 0x0000, 0x0000,
    0x0000, 0x0000, 0x0000, 0x0000, 0x0000, 0x31A6, 0x630C, 0x8C51, 0x9CF3, 0x7BCF, 0x4A69, 0x2104, 0x0000, 0x0000, 0x0000,
    0x0000, 0x0000, 0x0000, 0x2104, 0xA514, 0xE71C, 0xE71C, 0xBDF7, 0xAD55, 0xCE79, 0xE71C, 0xDEFB, 0x6B4D, 0x0000, 0x0000,
    0x0000, 0x0000, 0x39E7, 0xD69A, 0xDEFB, 0x738E, 0x18C3, 0x0000, 0x0000, 0x0000, 0x2965, 0xA534, 0xE71C, 0xA514, 0x0000,
    0x0000, 0x18C3, 0xC618, 0xCE79, 0x39C7, 0x0000, 0x0000, 0x0000, 0x0000, 0x0000, 0x0000, 0x10A2, 0x738E, 0x9492, 0x0000,
    0x0000, 0x7BEF, 0xE71C, 0x528A, 0x0000, 0x0000, 0x0000, 0x0000, 0x0000, 0x0000, 0x0000, 0x0000, 0x0000, 0x0000, 0x0000,
    0x0000, 0xCE79, 0xA514, 0x0000, 0x0000, 0x0000, 0x0000, 0x0000, 0x0000, 0x0000, 0x0000, 0x0000, 0x0000, 0x0000, 0x0000,
    0x2104, 0xE71C, 0x5AEB, 0x0000, 0x0000, 0x0000, 0x0000, 0x0000, 0x0000, 0x0000, 0x0000, 0x0000, 0x0000, 0x0000, 0x0000,
    0x4A49, 0xE71C, 0x39C7, 0x0000, 0x0000, 0x0000, 0x0000, 0x0000, 0x0000, 0x0000, 0x0000, 0x0000, 0x0000, 0x0000, 0x0000,
    0x52AA, 0xE71C, 0x2945, 0x0000, 0x0000, 0x0000, 0x0000, 0x0000, 0x0000, 0x0000, 0x0000, 0x0000, 0x0000, 0x0000, 0x0000,
    0x31A6, 0xE71C, 0x4A69, 0x0000, 0x0000, 0x0000, 0x0000, 0x0000, 0x0000, 0x0000, 0x0000, 0x0000, 0x0000, 0x0000, 0x0000,
    0x10A2, 0xDEFB, 0x73AE, 0x0000, 0x0000, 0x0000, 0x0000, 0x0000, 0x0000, 0x0000, 0x0000, 0x0000, 0x0000, 0x0000, 0x0000,
    0x0000, 0xAD75, 0xD69A, 0x2104, 0x0000, 0x0000, 0x0000, 0x0000, 0x0000, 0x0000, 0x0000, 0x0000, 0x0000, 0x0000, 0x0000,
    0x0000, 0x39C7, 0xE71C, 0x94B2, 0x0000, 0x0000, 0x0000, 0x0000, 0x0000, 0x0000, 0x0000, 0x0000, 0x18C3, 0x31A6, 0x0000,
    0x0000, 0x0000, 0x8410, 0xE71C, 0x94B2, 0x18E3, 0x0000, 0x0000, 0x0000, 0x0000, 0x0000, 0x31A6, 0xBDF7, 0xDEFB, 0x18E3,
    0x0000, 0x0000, 0x10A2, 0x7BCF, 0xDEFB, 0xCE59, 0x73AE, 0x4A69, 0x39E7, 0x5AEB, 0x8C51, 0xDEDB, 0xD69A, 0x528A, 0x0000,
    0x0000, 0x0000, 0x0000, 0x0000, 0x39E7, 0xA534, 0xCE79, 0xE71C, 0xE71C, 0xE71C, 0xC618, 0x94B2, 0x2945, 0x0000, 0x0000,
    0x0000, 0x0000, 0x0000, 0x0000, 0x0000, 0x0000, 0x0000, 0x2124, 0x2965, 0x18E3, 0x0000, 0x0000, 0x0000, 0x0000, 0x0000,
    0x0000, 0x0000, 0x0000, 0x0000, 0x0000, 0x0000, 0x0000, 0x0000, 0x0000, 0x0000, 0x0000, 0x0000, 0x0000, 0x0000, 0x0000,
    0x0000, 0x0000, 0x0000, 0x0000, 0x0000, 0x0000, 0x0000, 0x0000, 0x0000, 0x0000, 0x0000, 0x0000, 0x0000, 0x0000, 0x0000,
    0x0000, 0x0000, 0x0000, 0x0000, 0x0000, 0x0000, 0x0000, 0x0000, 0x0000, 0x0000, 0x0000, 0x0000, 0x0000, 0x0000, 0x0000,
    0x0000, 0x0000, 0x0000, 0x0000, 0x0000, 0x0000, 0x0000, 0x0000, 0x0000, 0x0000, 0x0000, 0x0000, 0x0000, 0x0000, 0x0000,
};
const uint16_t Outfit_13px_Light_100_e3e3e3_Uppercase_D[] = {
    0x0000, 0x0000, 0x0000, 0x0000, 0x0000, 0x0000, 0x0000, 0x0000, 0x0000, 0x0000, 0x0000, 0x0000, 0x0000, 0x0000, 0x0000,
    0x0000, 0x0000, 0x0000, 0x0000, 0x0000, 0x0000, 0x0000, 0x0000, 0x0000, 0x0000, 0x0000, 0x0000, 0x0000, 0x0000, 0x0000,
    0x0000, 0x0000, 0x0000, 0x0000, 0x0000, 0x0000, 0x0000, 0x0000, 0x0000, 0x0000, 0x0000, 0x0000, 0x0000, 0x0000, 0x0000,
    0x0000, 0x8430, 0x8410, 0x738E, 0x738E, 0x738E, 0x6B6D, 0x4A69, 0x2945, 0x0000, 0x0000, 0x0000, 0x0000, 0x0000, 0x0000,
    0x2945, 0xE71C, 0xDEFB, 0xB5B6, 0xB5B6, 0xB5B6, 0xC638, 0xDEFB, 0xE71C, 0xCE59, 0x52AA, 0x0000, 0x0000, 0x0000, 0x0000,
    0x2945, 0xE71C, 0x31A6, 0x0000, 0x0000, 0x0000, 0x0000, 0x10A2, 0x4A49, 0xAD55, 0xE71C, 0x9CF3, 0x18C3, 0x0000, 0x0000,
    0x2945, 0xE71C, 0x31A6, 0x0000, 0x0000, 0x0000, 0x0000, 0x0000, 0x0000, 0x10A2, 0x9CD3, 0xE71C, 0x8430, 0x0000, 0x0000,
    0x2945, 0xE71C, 0x31A6, 0x0000, 0x0000, 0x0000, 0x0000, 0x0000, 0x0000, 0x0000, 0x10A2, 0x9CD3, 0xE71C, 0x4208, 0x0000,
    0x2945, 0xE71C, 0x31A6, 0x0000, 0x0000, 0x0000, 0x0000, 0x0000, 0x0000, 0x0000, 0x0000, 0x18C3, 0xD69A, 0x94B2, 0x0000,
    0x2945, 0xE71C, 0x31A6, 0x0000, 0x0000, 0x0000, 0x0000, 0x0000, 0x0000, 0x0000, 0x0000, 0x0000, 0x8C51, 0xBDD7, 0x0000,
    0x2945, 0xE71C, 0x31A6, 0x0000, 0x0000, 0x0000, 0x0000, 0x0000, 0x0000, 0x0000, 0x0000, 0x0000, 0x630C, 0xDEFB, 0x10A2,
    0x2945, 0xE71C, 0x31A6, 0x0000, 0x0000, 0x0000, 0x0000, 0x0000, 0x0000, 0x0000, 0x0000, 0x0000, 0x5ACB, 0xE71C, 0x18E3,
    0x2945, 0xE71C, 0x31A6, 0x0000, 0x0000, 0x0000, 0x0000, 0x0000, 0x0000, 0x0000, 0x0000, 0x0000, 0x6B6D, 0xCE79, 0x0000,
    0x2945, 0xE71C, 0x31A6, 0x0000, 0x0000, 0x0000, 0x0000, 0x0000, 0x0000, 0x0000, 0x0000, 0x0000, 0xAD75, 0xAD55, 0x0000,
    0x2945, 0xE71C, 0x31A6, 0x0000, 0x0000, 0x0000, 0x0000, 0x0000, 0x0000, 0x0000, 0x0000, 0x4208, 0xE71C, 0x73AE, 0x0000,
    0x2945, 0xE71C, 0x31A6, 0x0000, 0x0000, 0x0000, 0x0000, 0x0000, 0x0000, 0x0000, 0x39E7, 0xD6BA, 0xC638, 0x18C3, 0x0000,
    0x2945, 0xE71C, 0x31A6, 0x0000, 0x0000, 0x0000, 0x0000, 0x0000, 0x0000, 0x39E7, 0xD6BA, 0xE71C, 0x4228, 0x0000, 0x0000,
    0x2945, 0xE71C, 0x6B4D, 0x4228, 0x4228, 0x4228, 0x528A, 0x6B6D, 0xAD55, 0xE71C, 0xC618, 0x4208, 0x0000, 0x0000, 0x0000,
    0x2945, 0xE71C, 0xE71C, 0xE71C, 0xE71C, 0xE71C, 0xE71C, 0xC618, 0x9CD3, 0x6B6D, 0x18C3, 0x0000, 0x0000, 0x0000, 0x0000,
    0x0000, 0x0000, 0x0000, 0x0000, 0x0000, 0x0000, 0x0000, 0x0000, 0x0000, 0x0000, 0x0000, 0x0000, 0x0000, 0x0000, 0x0000,
    0x0000, 0x0000, 0x0000, 0x0000, 0x0000, 0x0000, 0x0000, 0x0000, 0x0000, 0x0000, 0x0000, 0x0000, 0x0000, 0x0000, 0x0000,
    0x0000, 0x0000, 0x0000, 0x0000, 0x0000, 0x0000, 0x0000, 0x0000, 0x0000, 0x0000, 0x0000, 0x0000, 0x0000, 0x0000, 0x0000,
    0x0000, 0x0000, 0x0000, 0x0000, 0x0000, 0x0000, 0x0000, 0x0000, 0x0000, 0x0000, 0x0000, 0x0000, 0x0000, 0x0000, 0x0000,
    0x0000, 0x0000, 0x0000, 0x0000, 0x0000, 0x0000, 0x0000, 0x0000, 0x0000, 0x0000, 0x0000, 0x0000, 0x0000, 0x0000, 0x0000,
};
const uint16_t Outfit_13px_Light_100_e3e3e3_Uppercase_E[] = {
    0x0000, 0x0000, 0x0000, 0x0000, 0x0000, 0x0000, 0x0000, 0x0000, 0x0000, 0x0000, 0x0000,
    0x0000, 0x0000, 0x0000, 0x0000, 0x0000, 0x0000, 0x0000, 0x0000, 0x0000, 0x0000, 0x0000,
    0x0000, 0x0000, 0x0000, 0x0000, 0x0000, 0x0000, 0x0000, 0x0000, 0x0000, 0x0000, 0x0000,
    0x0000, 0x7BEF, 0x8410, 0x738E, 0x738E, 0x738E, 0x738E, 0x738E, 0x738E, 0x738E, 0x6B4D,
    0x2945, 0xE71C, 0xD6BA, 0xB596, 0xB596, 0xB596, 0xB596, 0xB596, 0xB596, 0xB596, 0x9492,
    0x2945, 0xE71C, 0x31A6, 0x0000, 0x0000, 0x0000, 0x0000, 0x0000, 0x0000, 0x0000, 0x0000,
    0x2945, 0xE71C, 0x31A6, 0x0000, 0x0000, 0x0000, 0x0000, 0x0000, 0x0000, 0x0000, 0x0000,
    0x2945, 0xE71C, 0x31A6, 0x0000, 0x0000, 0x0000, 0x0000, 0x0000, 0x0000, 0x0000, 0x0000,
    0x2945, 0xE71C, 0x31A6, 0x0000, 0x0000, 0x0000, 0x0000, 0x0000, 0x0000, 0x0000, 0x0000,
    0x2945, 0xE71C, 0x31A6, 0x0000, 0x0000, 0x0000, 0x0000, 0x0000, 0x0000, 0x0000, 0x0000,
    0x2945, 0xE71C, 0xA534, 0x8410, 0x8410, 0x8410, 0x8410, 0x8410, 0x8410, 0x8410, 0x39E7,
    0x2945, 0xE71C, 0xC638, 0x9CF3, 0x9CF3, 0x9CF3, 0x9CF3, 0x9CF3, 0x9CF3, 0x9CF3, 0x31A6,
    0x2945, 0xE71C, 0x31A6, 0x0000, 0x0000, 0x0000, 0x0000, 0x0000, 0x0000, 0x0000, 0x0000,
    0x2945, 0xE71C, 0x31A6, 0x0000, 0x0000, 0x0000, 0x0000, 0x0000, 0x0000, 0x0000, 0x0000,
    0x2945, 0xE71C, 0x31A6, 0x0000, 0x0000, 0x0000, 0x0000, 0x0000, 0x0000, 0x0000, 0x0000,
    0x2945, 0xE71C, 0x31A6, 0x0000, 0x0000, 0x0000, 0x0000, 0x0000, 0x0000, 0x0000, 0x0000,
    0x2945, 0xE71C, 0x31A6, 0x0000, 0x0000, 0x0000, 0x0000, 0x0000, 0x0000, 0x0000, 0x0000,
    0x2945, 0xE71C, 0x632C, 0x4208, 0x4208, 0x4208, 0x4208, 0x4208, 0x4208, 0x4208, 0x4208,
    0x2945, 0xE71C, 0xE71C, 0xE71C, 0xE71C, 0xE71C, 0xE71C, 0xE71C, 0xE71C, 0xE71C, 0xD6BA,
    0x0000, 0x0000, 0x0000, 0x0000, 0x0000, 0x0000, 0x0000, 0x0000, 0x0000, 0x0000, 0x0000,
    0x0000, 0x0000, 0x0000, 0x0000, 0x0000, 0x0000, 0x0000, 0x0000, 0x0000, 0x0000, 0x0000,
    0x0000, 0x0000, 0x0000, 0x0000, 0x0000, 0x0000, 0x0000, 0x0000, 0x0000, 0x0000, 0x0000,
    0x0000, 0x0000, 0x0000, 0x0000, 0x0000, 0x0000, 0x0000, 0x0000, 0x0000, 0x0000, 0x0000,
    0x0000, 0x0000, 0x0000, 0x0000, 0x0000, 0x0000, 0x0000, 0x0000, 0x0000, 0x0000, 0x0000,
};
const uint16_t Outfit_13px_Light_100_e3e3e3_Uppercase_F[] = {
    0x0000, 0x0000, 0x0000, 0x0000, 0x0000, 0x0000, 0x0000, 0x0000, 0x0000, 0x0000, 0x0000,
    0x0000, 0x0000, 0x0000, 0x0000, 0x0000, 0x0000, 0x0000, 0x0000, 0x0000, 0x0000, 0x0000,
    0x0000, 0x0000, 0x0000, 0x0000, 0x0000, 0x0000, 0x0000, 0x0000, 0x0000, 0x0000, 0x0000,
    0x0000, 0x7BEF, 0x8410, 0x738E, 0x738E, 0x738E, 0x738E, 0x738E, 0x738E, 0x738E, 0x4A69,
    0x2945, 0xE71C, 0xD6BA, 0xB596, 0xB596, 0xB596, 0xB596, 0xB596, 0xB596, 0xB596, 0x73AE,
    0x2945, 0xE71C, 0x31A6, 0x0000, 0x0000, 0x0000, 0x0000, 0x0000, 0x0000, 0x0000, 0x0000,
    0x2945, 0xE71C, 0x31A6, 0x0000, 0x0000, 0x0000, 0x0000, 0x0000, 0x0000, 0x0000, 0x0000,
    0x2945, 0xE71C, 0x31A6, 0x0000, 0x0000, 0x0000, 0x0000, 0x0000, 0x0000, 0x0000, 0x0000,
    0x2945, 0xE71C, 0x31A6, 0x0000, 0x0000, 0x0000, 0x0000, 0x0000, 0x0000, 0x0000, 0x0000,
    0x2945, 0xE71C, 0x31A6, 0x0000, 0x0000, 0x0000, 0x0000, 0x0000, 0x0000, 0x0000, 0x0000,
    0x2945, 0xE71C, 0x738E, 0x4A69, 0x4A69, 0x4A69, 0x4A69, 0x4A69, 0x4A69, 0x4A69, 0x2104,
    0x2945, 0xE71C, 0xE71C, 0xD6BA, 0xD6BA, 0xD6BA, 0xD6BA, 0xD6BA, 0xD6BA, 0xD6BA, 0x3186,
    0x2945, 0xE71C, 0x31A6, 0x0000, 0x0000, 0x0000, 0x0000, 0x0000, 0x0000, 0x0000, 0x0000,
    0x2945, 0xE71C, 0x31A6, 0x0000, 0x0000, 0x0000, 0x0000, 0x0000, 0x0000, 0x0000, 0x0000,
    0x2945, 0xE71C, 0x31A6, 0x0000, 0x0000, 0x0000, 0x0000, 0x0000, 0x0000, 0x0000, 0x0000,
    0x2945, 0xE71C, 0x31A6, 0x0000, 0x0000, 0x0000, 0x0000, 0x0000, 0x0000, 0x0000, 0x0000,
    0x2945, 0xE71C, 0x31A6, 0x0000, 0x0000, 0x0000, 0x0000, 0x0000, 0x0000, 0x0000, 0x0000,
    0x2945, 0xE71C, 0x31A6, 0x0000, 0x0000, 0x0000, 0x0000, 0x0000, 0x0000, 0x0000, 0x0000,
    0x2945, 0xE71C, 0x31A6, 0x0000, 0x0000, 0x0000, 0x0000, 0x0000, 0x0000, 0x0000, 0x0000,
    0x0000, 0x0000, 0x0000, 0x0000, 0x0000, 0x0000, 0x0000, 0x0000, 0x0000, 0x0000, 0x0000,
    0x0000, 0x0000, 0x0000, 0x0000, 0x0000, 0x0000, 0x0000, 0x0000, 0x0000, 0x0000, 0x0000,
    0x0000, 0x0000, 0x0000, 0x0000, 0x0000, 0x0000, 0x0000, 0x0000, 0x0000, 0x0000, 0x0000,
    0x0000, 0x0000, 0x0000, 0x0000, 0x0000, 0x0000, 0x0000, 0x0000, 0x0000, 0x0000, 0x0000,
    0x0000, 0x0000, 0x0000, 0x0000, 0x0000, 0x0000, 0x0000, 0x0000, 0x0000, 0x0000, 0x0000,
};
const uint16_t Outfit_13px_Light_100_e3e3e3_Uppercase_G[] = {
    0x0000, 0x0000, 0x0000, 0x0000, 0x0000, 0x0000, 0x0000, 0x0000, 0x0000, 0x0000, 0x0000, 0x0000, 0x0000, 0x0000, 0x0000,
    0x0000, 0x0000, 0x0000, 0x0000, 0x0000, 0x0000, 0x0000, 0x0000, 0x0000, 0x0000, 0x0000, 0x0000, 0x0000, 0x0000, 0x0000,
    0x0000, 0x0000, 0x0000, 0x0000, 0x0000, 0x0000, 0x0000, 0x0000, 0x0000, 0x0000, 0x0000, 0x0000, 0x0000, 0x0000, 0x0000,
    0x0000, 0x0000, 0x0000, 0x0000, 0x2104, 0x4A69, 0x73AE, 0x9CF3, 0x94B2, 0x6B4D, 0x39E7, 0x10A2, 0x0000, 0x0000, 0x0000,
    0x0000, 0x0000, 0x0000, 0x5ACB, 0xD69A, 0xE71C, 0xBDD7, 0x9CF3, 0xB596, 0xDEFB, 0xE71C, 0xCE79, 0x39E7, 0x0000, 0x0000,
    0x0000, 0x0000, 0x9492, 0xE71C, 0xAD75, 0x31A6, 0x0000, 0x0000, 0x0000, 0x18C3, 0x4A49, 0xCE79, 0xDEDB, 0x528A, 0x0000,
    0x0000, 0x5AEB, 0xE71C, 0xAD75, 0x18C3, 0x0000, 0x0000, 0x0000, 0x0000, 0x0000, 0x0000, 0x2945, 0xC618, 0xD6BA, 0x0000,
    0x2104, 0xD69A, 0xB5B6, 0x18E3, 0x0000, 0x0000, 0x0000, 0x0000, 0x0000, 0x0000, 0x0000, 0x0000, 0x2104, 0x3186, 0x0000,
    0x630C, 0xE71C, 0x31A6, 0x0000, 0x0000, 0x0000, 0x0000, 0x0000, 0x0000, 0x0000, 0x0000, 0x0000, 0x0000, 0x0000, 0x0000,
    0x8C51, 0xBDD7, 0x0000, 0x0000, 0x0000, 0x0000, 0x0000, 0x0000, 0x0000, 0x0000, 0x0000, 0x0000, 0x0000, 0x0000, 0x0000,
    0xB596, 0x9492, 0x0000, 0x0000, 0x0000, 0x0000, 0x0000, 0x10A2, 0x2124, 0x2124, 0x2124, 0x2124, 0x2124, 0x2124, 0x2124,
    0xBDF7, 0x8C51, 0x0000, 0x0000, 0x0000, 0x0000, 0x0000, 0x8430, 0xE71C, 0xE71C, 0xE71C, 0xE71C, 0xE71C, 0xE71C, 0xE71C,
    0x9CF3, 0x9CF3, 0x0000, 0x0000, 0x0000, 0x0000, 0x0000, 0x2124, 0x2965, 0x2965, 0x2965, 0x2965, 0x2965, 0xA514, 0xE71C,
    0x7BCF, 0xD69A, 0x10A2, 0x0000, 0x0000, 0x0000, 0x0000, 0x0000, 0x0000, 0x0000, 0x0000, 0x0000, 0x0000, 0xB596, 0xC618,
    0x4A69, 0xE71C, 0x630C, 0x0000, 0x0000, 0x0000, 0x0000, 0x0000, 0x0000, 0x0000, 0x0000, 0x0000, 0x18C3, 0xDEFB, 0x8C71,
    0x0000, 0xAD55, 0xDEFB, 0x4A49, 0x0000, 0x0000, 0x0000, 0x0000, 0x0000, 0x0000, 0x0000, 0x10A2, 0x9CD3, 0xE71C, 0x4208,
    0x0000, 0x2965, 0xDEDB, 0xDEDB, 0x4228, 0x0000, 0x0000, 0x0000, 0x0000, 0x0000, 0x0000, 0x8C71, 0xE71C, 0x738E, 0x0000,
    0x0000, 0x0000, 0x39E7, 0xC618, 0xDEFB, 0x9CD3, 0x4A69, 0x31A6, 0x528A, 0x8410, 0xBDD7, 0xE71C, 0x8430, 0x0000, 0x0000,
    0x0000, 0x0000, 0x0000, 0x18C3, 0x7BCF, 0xBDD7, 0xDEFB, 0xE71C, 0xE71C, 0xE71C, 0xC618, 0x6B4D, 0x10A2, 0x0000, 0x0000,
    0x0000, 0x0000, 0x0000, 0x0000, 0x0000, 0x0000, 0x10A2, 0x2945, 0x3186, 0x18E3, 0x0000, 0x0000, 0x0000, 0x0000, 0x0000,
    0x0000, 0x0000, 0x0000, 0x0000, 0x0000, 0x0000, 0x0000, 0x0000, 0x0000, 0x0000, 0x0000, 0x0000, 0x0000, 0x0000, 0x0000,
    0x0000, 0x0000, 0x0000, 0x0000, 0x0000, 0x0000, 0x0000, 0x0000, 0x0000, 0x0000, 0x0000, 0x0000, 0x0000, 0x0000, 0x0000,
    0x0000, 0x0000, 0x0000, 0x0000, 0x0000, 0x0000, 0x0000, 0x0000, 0x0000, 0x0000, 0x0000, 0x0000, 0x0000, 0x0000, 0x0000,
    0x0000, 0x0000, 0x0000, 0x0000, 0x0000, 0x0000, 0x0000, 0x0000, 0x0000, 0x0000, 0x0000, 0x0000, 0x0000, 0x0000, 0x0000,
};
const uint16_t Outfit_13px_Light_100_e3e3e3_Uppercase_H[] = {
    0x0000, 0x0000, 0x0000, 0x0000, 0x0000, 0x0000, 0x0000, 0x0000, 0x0000, 0x0000, 0x0000, 0x0000, 0x0000,
    0x0000, 0x0000, 0x0000, 0x0000, 0x0000, 0x0000, 0x0000, 0x0000, 0x0000, 0x0000, 0x0000, 0x0000, 0x0000,
    0x0000, 0x0000, 0x0000, 0x0000, 0x0000, 0x0000, 0x0000, 0x0000, 0x0000, 0x0000, 0x0000, 0x0000, 0x0000,
    0x0000, 0x5ACB, 0x2104, 0x0000, 0x0000, 0x0000, 0x0000, 0x0000, 0x0000, 0x0000, 0x18C3, 0x738E, 0x2945,
    0x2945, 0xE71C, 0x31A6, 0x0000, 0x0000, 0x0000, 0x0000, 0x0000, 0x0000, 0x0000, 0x18E3, 0xE71C, 0x4208,
    0x2945, 0xE71C, 0x31A6, 0x0000, 0x0000, 0x0000, 0x0000, 0x0000, 0x0000, 0x0000, 0x18E3, 0xE71C, 0x4208,
    0x2945, 0xE71C, 0x31A6, 0x0000, 0x0000, 0x0000, 0x0000, 0x0000, 0x0000, 0x0000, 0x18E3, 0xE71C, 0x4208,
    0x2945, 0xE71C, 0x31A6, 0x0000, 0x0000, 0x0000, 0x0000, 0x0000, 0x0000, 0x0000, 0x18E3, 0xE71C, 0x4208,
    0x2945, 0xE71C, 0x31A6, 0x0000, 0x0000, 0x0000, 0x0000, 0x0000, 0x0000, 0x0000, 0x18E3, 0xE71C, 0x4208,
    0x2945, 0xE71C, 0x31A6, 0x0000, 0x0000, 0x0000, 0x0000, 0x0000, 0x0000, 0x0000, 0x18E3, 0xE71C, 0x4208,
    0x2945, 0xE71C, 0xAD55, 0x8430, 0x8430, 0x8430, 0x8430, 0x8430, 0x8430, 0x8430, 0x9492, 0xE71C, 0x4208,
    0x2945, 0xE71C, 0xC638, 0x9CF3, 0x9CF3, 0x9CF3, 0x9CF3, 0x9CF3, 0x9CF3, 0x9CF3, 0xAD75, 0xE71C, 0x4208,
    0x2945, 0xE71C, 0x31A6, 0x0000, 0x0000, 0x0000, 0x0000, 0x0000, 0x0000, 0x0000, 0x18E3, 0xE71C, 0x4208,
    0x2945, 0xE71C, 0x31A6, 0x0000, 0x0000, 0x0000, 0x0000, 0x0000, 0x0000, 0x0000, 0x18E3, 0xE71C, 0x4208,
    0x2945, 0xE71C, 0x31A6, 0x0000, 0x0000, 0x0000, 0x0000, 0x0000, 0x0000, 0x0000, 0x18E3, 0xE71C, 0x4208,
    0x2945, 0xE71C, 0x31A6, 0x0000, 0x0000, 0x0000, 0x0000, 0x0000, 0x0000, 0x0000, 0x18E3, 0xE71C, 0x4208,
    0x2945, 0xE71C, 0x31A6, 0x0000, 0x0000, 0x0000, 0x0000, 0x0000, 0x0000, 0x0000, 0x18E3, 0xE71C, 0x4208,
    0x2945, 0xE71C, 0x31A6, 0x0000, 0x0000, 0x0000, 0x0000, 0x0000, 0x0000, 0x0000, 0x18E3, 0xE71C, 0x4208,
    0x2945, 0xE71C, 0x31A6, 0x0000, 0x0000, 0x0000, 0x0000, 0x0000, 0x0000, 0x0000, 0x18C3, 0xDEDB, 0x4208,
    0x0000, 0x0000, 0x0000, 0x0000, 0x0000, 0x0000, 0x0000, 0x0000, 0x0000, 0x0000, 0x0000, 0x0000, 0x0000,
    0x0000, 0x0000, 0x0000, 0x0000, 0x0000, 0x0000, 0x0000, 0x0000, 0x0000, 0x0000, 0x0000, 0x0000, 0x0000,
    0x0000, 0x0000, 0x0000, 0x0000, 0x0000, 0x0000, 0x0000, 0x0000, 0x0000, 0x0000, 0x0000, 0x0000, 0x0000,
    0x0000, 0x0000, 0x0000, 0x0000, 0x0000, 0x0000, 0x0000, 0x0000, 0x0000, 0x0000, 0x0000, 0x0000, 0x0000,
    0x0000, 0x0000, 0x0000, 0x0000, 0x0000, 0x0000, 0x0000, 0x0000, 0x0000, 0x0000, 0x0000, 0x0000, 0x0000,
};
const uint16_t Outfit_13px_Light_100_e3e3e3_Uppercase_I[] = {
    0x0000, 0x0000, 0x0000,
    0x0000, 0x0000, 0x0000,
    0x0000, 0x0000, 0x0000,
    0x0000, 0x5ACB, 0x2104,
    0x2945, 0xE71C, 0x31A6,
    0x2945, 0xE71C, 0x31A6,
    0x2945, 0xE71C, 0x31A6,
    0x2945, 0xE71C, 0x31A6,
    0x2945, 0xE71C, 0x31A6,
    0x2945, 0xE71C, 0x31A6,
    0x2945, 0xE71C, 0x31A6,
    0x2945, 0xE71C, 0x31A6,
    0x2945, 0xE71C, 0x31A6,
    0x2945, 0xE71C, 0x31A6,
    0x2945, 0xE71C, 0x31A6,
    0x2945, 0xE71C, 0x31A6,
    0x2945, 0xE71C, 0x31A6,
    0x2945, 0xE71C, 0x31A6,
    0x2945, 0xE71C, 0x31A6,
    0x0000, 0x0000, 0x0000,
    0x0000, 0x0000, 0x0000,
    0x0000, 0x0000, 0x0000,
    0x0000, 0x0000, 0x0000,
    0x0000, 0x0000, 0x0000,
};
const uint16_t Outfit_13px_Light_100_e3e3e3_Uppercase_J[] = {
    0x0000, 0x0000, 0x0000, 0x0000, 0x0000, 0x0000, 0x0000, 0x0000, 0x0000, 0x0000,
    0x0000, 0x0000, 0x0000, 0x0000, 0x0000, 0x0000, 0x0000, 0x0000, 0x0000, 0x0000,
    0x0000, 0x0000, 0x0000, 0x0000, 0x0000, 0x0000, 0x0000, 0x0000, 0x0000, 0x0000,
    0x0000, 0x0000, 0x0000, 0x0000, 0x0000, 0x0000, 0x0000, 0x18E3, 0x738E, 0x2124,
    0x0000, 0x0000, 0x0000, 0x0000, 0x0000, 0x0000, 0x0000, 0x2945, 0xE71C, 0x39C7,
    0x0000, 0x0000, 0x0000, 0x0000, 0x0000, 0x0000, 0x0000, 0x2945, 0xE71C, 0x39C7,
    0x0000, 0x0000, 0x0000, 0x0000, 0x0000, 0x0000, 0x0000, 0x2945, 0xE71C, 0x39C7,
    0x0000, 0x0000, 0x0000, 0x0000, 0x0000, 0x0000, 0x0000, 0x2945, 0xE71C, 0x39C7,
    0x0000, 0x0000, 0x0000, 0x0000, 0x0000, 0x0000, 0x0000, 0x2945, 0xE71C, 0x39C7,
    0x0000, 0x0000, 0x0000, 0x0000, 0x0000, 0x0000, 0x0000, 0x2945, 0xE71C, 0x39C7,
    0x0000, 0x0000, 0x0000, 0x0000, 0x0000, 0x0000, 0x0000, 0x2945, 0xE71C, 0x39C7,
    0x0000, 0x0000, 0x0000, 0x0000, 0x0000, 0x0000, 0x0000, 0x2945, 0xE71C, 0x39C7,
    0x0000, 0x0000, 0x0000, 0x0000, 0x0000, 0x0000, 0x0000, 0x2945, 0xE71C, 0x39C7,
    0x0000, 0x0000, 0x0000, 0x0000, 0x0000, 0x0000, 0x0000, 0x2945, 0xE71C, 0x39C7,
    0x0000, 0x0000, 0x0000, 0x0000, 0x0000, 0x0000, 0x0000, 0x39E7, 0xE71C, 0x31A6,
    0x0000, 0x0000, 0x0000, 0x0000, 0x0000, 0x0000, 0x0000, 0x6B6D, 0xDEFB, 0x18C3,
    0x18C3, 0x7BEF, 0x2945, 0x0000, 0x0000, 0x0000, 0x18E3, 0xBDD7, 0xB596, 0x0000,
    0x2965, 0xD6BA, 0xD69A, 0x630C, 0x39E7, 0x528A, 0xBDD7, 0xDEFB, 0x528A, 0x0000,
    0x0000, 0x3186, 0xB596, 0xE71C, 0xE71C, 0xE71C, 0xC638, 0x4A69, 0x0000, 0x0000,
    0x0000, 0x0000, 0x0000, 0x18C3, 0x2945, 0x2945, 0x0000, 0x0000, 0x0000, 0x0000,
    0x0000, 0x0000, 0x0000, 0x0000, 0x0000, 0x0000, 0x0000, 0x0000, 0x0000, 0x0000,
    0x0000, 0x0000, 0x0000, 0x0000, 0x0000, 0x0000, 0x0000, 0x0000, 0x0000, 0x0000,
    0x0000, 0x0000, 0x0000, 0x0000, 0x0000, 0x0000, 0x0000, 0x0000, 0x0000, 0x0000,
    0x0000, 0x0000, 0x0000, 0x0000, 0x0000, 0x0000, 0x0000, 0x0000, 0x0000, 0x0000,
};
const uint16_t Outfit_13px_Light_100_e3e3e3_Uppercase_K[] = {
    0x0000, 0x0000, 0x0000, 0x0000, 0x0000, 0x0000, 0x0000, 0x0000, 0x0000, 0x0000, 0x0000, 0x0000, 0x0000,
    0x0000, 0x0000, 0x0000, 0x0000, 0x0000, 0x0000, 0x0000, 0x0000, 0x0000, 0x0000, 0x0000, 0x0000, 0x0000,
    0x0000, 0x0000, 0x0000, 0x0000, 0x0000, 0x0000, 0x0000, 0x0000, 0x0000, 0x0000, 0x0000, 0x0000, 0x0000,
    0x0000, 0x5ACB, 0x2104, 0x0000, 0x0000, 0x0000, 0x0000, 0x0000, 0x0000, 0x0000, 0x5ACB, 0x738E, 0x2945,
    0x2945, 0xE71C, 0x31A6, 0x0000, 0x0000, 0x0000, 0x0000, 0x0000, 0x18C3, 0x94B2, 0xE71C, 0xA514, 0x18E3,
    0x2945, 0xE71C, 0x31A6, 0x0000, 0x0000, 0x0000, 0x0000, 0x3186, 0xBDF7, 0xE71C, 0x738E, 0x0000, 0x0000,
    0x2945, 0xE71C, 0x31A6, 0x0000, 0x0000, 0x0000, 0x52AA, 0xDEDB, 0xCE79, 0x4228, 0x0000, 0x0000, 0x0000,
    0x2945, 0xE71C, 0x31A6, 0x0000, 0x10A2, 0x8430, 0xE71C, 0xB596, 0x2124, 0x0000, 0x0000, 0x0000, 0x0000,
    0x2945, 0xE71C, 0x31A6, 0x2124, 0xB596, 0xE71C, 0x8430, 0x10A2, 0x0000, 0x0000, 0x0000, 0x0000, 0x0000,
    0x2945, 0xE71C, 0x6B4D, 0xCE79, 0xDEDB, 0x52AA, 0x0000, 0x0000, 0x0000, 0x0000, 0x0000, 0x0000, 0x0000,
    0x2945, 0xE71C, 0xE71C, 0xCE79, 0x3186, 0x0000, 0x0000, 0x0000, 0x0000, 0x0000, 0x0000, 0x0000, 0x0000,
    0x2945, 0xE71C, 0xE71C, 0xCE79, 0x31A6, 0x0000, 0x0000, 0x0000, 0x0000, 0x0000, 0x0000, 0x0000, 0x0000,
    0x2945, 0xE71C, 0x632C, 0xD69A, 0xD6BA, 0x4A69, 0x0000, 0x0000, 0x0000, 0x0000, 0x0000, 0x0000, 0x0000,
    0x2945, 0xE71C, 0x31A6, 0x2945, 0xBDD7, 0xE71C, 0x738E, 0x0000, 0x0000, 0x0000, 0x0000, 0x0000, 0x0000,
    0x2945, 0xE71C, 0x31A6, 0x0000, 0x18C3, 0x9CF3, 0xE71C, 0x9CD3, 0x18C3, 0x0000, 0x0000, 0x0000, 0x0000,
    0x2945, 0xE71C, 0x31A6, 0x0000, 0x0000, 0x10A2, 0x7BCF, 0xE71C, 0xB5B6, 0x2945, 0x0000, 0x0000, 0x0000,
    0x2945, 0xE71C, 0x31A6, 0x0000, 0x0000, 0x0000, 0x0000, 0x52AA, 0xDEDB, 0xCE79, 0x39E7, 0x0000, 0x0000,
    0x2945, 0xE71C, 0x31A6, 0x0000, 0x0000, 0x0000, 0x0000, 0x0000, 0x39C7, 0xCE59, 0xDEFB, 0x5AEB, 0x0000,
    0x2945, 0xE71C, 0x31A6, 0x0000, 0x0000, 0x0000, 0x0000, 0x0000, 0x0000, 0x2124, 0xB596, 0xE71C, 0x4A49,
    0x0000, 0x0000, 0x0000, 0x0000, 0x0000, 0x0000, 0x0000, 0x0000, 0x0000, 0x0000, 0x0000, 0x0000, 0x0000,
    0x0000, 0x0000, 0x0000, 0x0000, 0x0000, 0x0000, 0x0000, 0x0000, 0x0000, 0x0000, 0x0000, 0x0000, 0x0000,
    0x0000, 0x0000, 0x0000, 0x0000, 0x0000, 0x0000, 0x0000, 0x0000, 0x0000, 0x0000, 0x0000, 0x0000, 0x0000,
    0x0000, 0x0000, 0x0000, 0x0000, 0x0000, 0x0000, 0x0000, 0x0000, 0x0000, 0x0000, 0x0000, 0x0000, 0x0000,
    0x0000, 0x0000, 0x0000, 0x0000, 0x0000, 0x0000, 0x0000, 0x0000, 0x0000, 0x0000, 0x0000, 0x0000, 0x0000,
};
const uint16_t Outfit_13px_Light_100_e3e3e3_Uppercase_L[] = {
    0x0000, 0x0000, 0x0000, 0x0000, 0x0000, 0x0000, 0x0000, 0x0000, 0x0000, 0x0000, 0x0000,
    0x0000, 0x0000, 0x0000, 0x0000, 0x0000, 0x0000, 0x0000, 0x0000, 0x0000, 0x0000, 0x0000,
    0x0000, 0x0000, 0x0000, 0x0000, 0x0000, 0x0000, 0x0000, 0x0000, 0x0000, 0x0000, 0x0000,
    0x0000, 0x5ACB, 0x2104, 0x0000, 0x0000, 0x0000, 0x0000, 0x0000, 0x0000, 0x0000, 0x0000,
    0x2945, 0xE71C, 0x31A6, 0x0000, 0x0000, 0x0000, 0x0000, 0x0000, 0x0000, 0x0000, 0x0000,
    0x2945, 0xE71C, 0x31A6, 0x0000, 0x0000, 0x0000, 0x0000, 0x0000, 0x0000, 0x0000, 0x0000,
    0x2945, 0xE71C, 0x31A6, 0x0000, 0x0000, 0x0000, 0x0000, 0x0000, 0x0000, 0x0000, 0x0000,
    0x2945, 0xE71C, 0x31A6, 0x0000, 0x0000, 0x0000, 0x0000, 0x0000, 0x0000, 0x0000, 0x0000,
    0x2945, 0xE71C, 0x31A6, 0x0000, 0x0000, 0x0000, 0x0000, 0x0000, 0x0000, 0x0000, 0x0000,
    0x2945, 0xE71C, 0x31A6, 0x0000, 0x0000, 0x0000, 0x0000, 0x0000, 0x0000, 0x0000, 0x0000,
    0x2945, 0xE71C, 0x31A6, 0x0000, 0x0000, 0x0000, 0x0000, 0x0000, 0x0000, 0x0000, 0x0000,
    0x2945, 0xE71C, 0x31A6, 0x0000, 0x0000, 0x0000, 0x0000, 0x0000, 0x0000, 0x0000, 0x0000,
    0x2945, 0xE71C, 0x31A6, 0x0000, 0x0000, 0x0000, 0x0000, 0x0000, 0x0000, 0x0000, 0x0000,
    0x2945, 0xE71C, 0x31A6, 0x0000, 0x0000, 0x0000, 0x0000, 0x0000, 0x0000, 0x0000, 0x0000,
    0x2945, 0xE71C, 0x31A6, 0x0000, 0x0000, 0x0000, 0x0000, 0x0000, 0x0000, 0x0000, 0x0000,
    0x2945, 0xE71C, 0x31A6, 0x0000, 0x0000, 0x0000, 0x0000, 0x0000, 0x0000, 0x0000, 0x0000,
    0x2945, 0xE71C, 0x31A6, 0x0000, 0x0000, 0x0000, 0x0000, 0x0000, 0x0000, 0x0000, 0x0000,
    0x2945, 0xE71C, 0x632C, 0x4208, 0x4208, 0x4208, 0x4208, 0x4208, 0x4208, 0x4208, 0x10A2,
    0x2945, 0xE71C, 0xE71C, 0xE71C, 0xE71C, 0xE71C, 0xE71C, 0xE71C, 0xE71C, 0xE71C, 0x6B4D,
    0x0000, 0x0000, 0x0000, 0x0000, 0x0000, 0x0000, 0x0000, 0x0000, 0x0000, 0x0000, 0x0000,
    0x0000, 0x0000, 0x0000, 0x0000, 0x0000, 0x0000, 0x0000, 0x0000, 0x0000, 0x0000, 0x0000,
    0x0000, 0x0000, 0x0000, 0x0000, 0x0000, 0x0000, 0x0000, 0x0000, 0x0000, 0x0000, 0x0000,
    0x0000, 0x0000, 0x0000, 0x0000, 0x0000, 0x0000, 0x0000, 0x0000, 0x0000, 0x0000, 0x0000,
    0x0000, 0x0000, 0x0000, 0x0000, 0x0000, 0x0000, 0x0000, 0x0000, 0x0000, 0x0000, 0x0000,
};
const uint16_t Outfit_13px_Light_100_e3e3e3_Uppercase_M[] = {
    0x0000, 0x0000, 0x0000, 0x0000, 0x0000, 0x0000, 0x0000, 0x0000, 0x0000, 0x0000, 0x0000, 0x0000, 0x0000, 0x0000, 0x0000, 0x0000,
    0x0000, 0x0000, 0x0000, 0x0000, 0x0000, 0x0000, 0x0000, 0x0000, 0x0000, 0x0000, 0x0000, 0x0000, 0x0000, 0x0000, 0x0000, 0x0000,
    0x0000, 0x0000, 0x0000, 0x0000, 0x0000, 0x0000, 0x0000, 0x0000, 0x0000, 0x0000, 0x0000, 0x0000, 0x0000, 0x0000, 0x0000, 0x0000,
    0x0000, 0x5ACB, 0x2104, 0x0000, 0x0000, 0x0000, 0x0000, 0x0000, 0x0000, 0x0000, 0x0000, 0x0000, 0x0000, 0x0000, 0x632C, 0x31A6,
    0x2945, 0xE71C, 0x8C71, 0x0000, 0x0000, 0x0000, 0x0000, 0x0000, 0x0000, 0x0000, 0x0000, 0x0000, 0x0000, 0x52AA, 0xE71C, 0x630C,
    0x2945, 0xE71C, 0xE71C, 0x39E7, 0x0000, 0x0000, 0x0000, 0x0000, 0x0000, 0x0000, 0x0000, 0x0000, 0x18E3, 0xCE79, 0xE71C, 0x630C,
    0x2945, 0xE71C, 0xE71C, 0xBDD7, 0x10A2, 0x0000, 0x0000, 0x0000, 0x0000, 0x0000, 0x0000, 0x0000, 0x8430, 0xE71C, 0xE71C, 0x630C,
    0x2945, 0xE71C, 0x738E, 0xE71C, 0x6B4D, 0x0000, 0x0000, 0x0000, 0x0000, 0x0000, 0x0000, 0x31A6, 0xE71C, 0x8430, 0xD69A, 0x630C,
    0x2945, 0xE71C, 0x31A6, 0x9CF3, 0xD6BA, 0x2124, 0x0000, 0x0000, 0x0000, 0x0000, 0x10A2, 0xB596, 0xCE59, 0x18E3, 0xD69A, 0x630C,
    0x2945, 0xE71C, 0x31A6, 0x2945, 0xDEDB, 0x9CD3, 0x0000, 0x0000, 0x0000, 0x0000, 0x630C, 0xE71C, 0x52AA, 0x0000, 0xD69A, 0x630C,
    0x2945, 0xE71C, 0x31A6, 0x0000, 0x738E, 0xE71C, 0x4228, 0x0000, 0x0000, 0x2104, 0xD69A, 0xA534, 0x0000, 0x0000, 0xD69A, 0x630C,
    0x2945, 0xE71C, 0x31A6, 0x0000, 0x10A2, 0xBDF7, 0xC618, 0x10A2, 0x0000, 0x9492, 0xDEFB, 0x2965, 0x0000, 0x0000, 0xD69A, 0x630C,
    0x2945, 0xE71C, 0x31A6, 0x0000, 0x0000, 0x4228, 0xE71C, 0x73AE, 0x4208, 0xE71C, 0x7BCF, 0x0000, 0x0000, 0x0000, 0xD69A, 0x630C,
    0x2945, 0xE71C, 0x31A6, 0x0000, 0x0000, 0x0000, 0x94B2, 0xDEFB, 0xD6BA, 0xC638, 0x18C3, 0x0000, 0x0000, 0x0000, 0xD69A, 0x630C,
    0x2945, 0xE71C, 0x31A6, 0x0000, 0x0000, 0x0000, 0x2124, 0xE71C, 0xE71C, 0x4A49, 0x0000, 0x0000, 0x0000, 0x0000, 0xD69A, 0x630C,
    0x2945, 0xE71C, 0x31A6, 0x0000, 0x0000, 0x0000, 0x0000, 0x4A69, 0x630C, 0x0000, 0x0000, 0x0000, 0x0000, 0x0000, 0xD69A, 0x630C,
    0x2945, 0xE71C, 0x31A6, 0x0000, 0x0000, 0x0000, 0x0000, 0x0000, 0x0000, 0x0000, 0x0000, 0x0000, 0x0000, 0x0000, 0xD69A, 0x630C,
    0x2945, 0xE71C, 0x31A6, 0x0000, 0x0000, 0x0000, 0x0000, 0x0000, 0x0000, 0x0000, 0x0000, 0x0000, 0x0000, 0x0000, 0xD69A, 0x630C,
    0x2945, 0xE71C, 0x31A6, 0x0000, 0x0000, 0x0000, 0x0000, 0x0000, 0x0000, 0x0000, 0x0000, 0x0000, 0x0000, 0x0000, 0xC618, 0x4A69,
    0x0000, 0x0000, 0x0000, 0x0000, 0x0000, 0x0000, 0x0000, 0x0000, 0x0000, 0x0000, 0x0000, 0x0000, 0x0000, 0x0000, 0x0000, 0x0000,
    0x0000, 0x0000, 0x0000, 0x0000, 0x0000, 0x0000, 0x0000, 0x0000, 0x0000, 0x0000, 0x0000, 0x0000, 0x0000, 0x0000, 0x0000, 0x0000,
    0x0000, 0x0000, 0x0000, 0x0000, 0x0000, 0x0000, 0x0000, 0x0000, 0x0000, 0x0000, 0x0000, 0x0000, 0x0000, 0x0000, 0x0000, 0x0000,
    0x0000, 0x0000, 0x0000, 0x0000, 0x0000, 0x0000, 0x0000, 0x0000, 0x0000, 0x0000, 0x0000, 0x0000, 0x0000, 0x0000, 0x0000, 0x0000,
    0x0000, 0x0000, 0x0000, 0x0000, 0x0000, 0x0000, 0x0000, 0x0000, 0x0000, 0x0000, 0x0000, 0x0000, 0x0000, 0x0000, 0x0000, 0x0000,
};
const uint16_t Outfit_13px_Light_100_e3e3e3_Uppercase_N[] = {
    0x0000, 0x0000, 0x0000, 0x0000, 0x0000, 0x0000, 0x0000, 0x0000, 0x0000, 0x0000, 0x0000, 0x0000,
    0x0000, 0x0000, 0x0000, 0x0000, 0x0000, 0x0000, 0x0000, 0x0000, 0x0000, 0x0000, 0x0000, 0x0000,
    0x0000, 0x0000, 0x0000, 0x0000, 0x0000, 0x0000, 0x0000, 0x0000, 0x0000, 0x0000, 0x0000, 0x0000,
    0x31A6, 0x8430, 0x0000, 0x0000, 0x0000, 0x0000, 0x0000, 0x0000, 0x0000, 0x0000, 0x4228, 0x5AEB,
    0xC618, 0xE71C, 0x39E7, 0x0000, 0x0000, 0x0000, 0x0000, 0x0000, 0x0000, 0x0000, 0x7BEF, 0xB5B6,
    0x9CF3, 0xE71C, 0xC618, 0x18C3, 0x0000, 0x0000, 0x0000, 0x0000, 0x0000, 0x0000, 0x7BEF, 0xB5B6,
    0x9492, 0xD69A, 0xE71C, 0x9492, 0x0000, 0x0000, 0x0000, 0x0000, 0x0000, 0x0000, 0x7BEF, 0xB5B6,
    0x9492, 0x9CF3, 0x7BEF, 0xE71C, 0x52AA, 0x0000, 0x0000, 0x0000, 0x0000, 0x0000, 0x7BEF, 0xB5B6,
    0x9492, 0x9CF3, 0x10A2, 0xB5B6, 0xD69A, 0x2124, 0x0000, 0x0000, 0x0000, 0x0000, 0x7BEF, 0xB5B6,
    0x9492, 0x9CF3, 0x0000, 0x3186, 0xDEDB, 0xAD55, 0x10A2, 0x0000, 0x0000, 0x0000, 0x7BEF, 0xB5B6,
    0x9492, 0x9CF3, 0x0000, 0x0000, 0x630C, 0xE71C, 0x6B6D, 0x0000, 0x0000, 0x0000, 0x7BEF, 0xB5B6,
    0x9492, 0x9CF3, 0x0000, 0x0000, 0x0000, 0x9CF3, 0xDEFB, 0x39C7, 0x0000, 0x0000, 0x7BEF, 0xB5B6,
    0x9492, 0x9CF3, 0x0000, 0x0000, 0x0000, 0x2104, 0xCE79, 0xC618, 0x18C3, 0x0000, 0x7BEF, 0xB5B6,
    0x9492, 0x9CF3, 0x0000, 0x0000, 0x0000, 0x0000, 0x4A49, 0xE71C, 0x8C51, 0x0000, 0x7BEF, 0xB5B6,
    0x9492, 0x9CF3, 0x0000, 0x0000, 0x0000, 0x0000, 0x0000, 0x8430, 0xE71C, 0x4A69, 0x7BEF, 0xB5B6,
    0x9492, 0x9CF3, 0x0000, 0x0000, 0x0000, 0x0000, 0x0000, 0x18C3, 0xBDD7, 0xD69A, 0x9492, 0xB5B6,
    0x9492, 0x9CF3, 0x0000, 0x0000, 0x0000, 0x0000, 0x0000, 0x0000, 0x31A6, 0xDEDB, 0xE71C, 0xB5B6,
    0x9492, 0x9CF3, 0x0000, 0x0000, 0x0000, 0x0000, 0x0000, 0x0000, 0x0000, 0x6B4D, 0xE71C, 0xE71C,
    0x9492, 0x9CF3, 0x0000, 0x0000, 0x0000, 0x0000, 0x0000, 0x0000, 0x0000, 0x0000, 0xE71C, 0xE71C,
    0x0000, 0x0000, 0x0000, 0x0000, 0x0000, 0x0000, 0x0000, 0x0000, 0x0000, 0x0000, 0x0000, 0x0000,
    0x0000, 0x0000, 0x0000, 0x0000, 0x0000, 0x0000, 0x0000, 0x0000, 0x0000, 0x0000, 0x0000, 0x0000,
    0x0000, 0x0000, 0x0000, 0x0000, 0x0000, 0x0000, 0x0000, 0x0000, 0x0000, 0x0000, 0x0000, 0x0000,
    0x0000, 0x0000, 0x0000, 0x0000, 0x0000, 0x0000, 0x0000, 0x0000, 0x0000, 0x0000, 0x0000, 0x0000,
    0x0000, 0x0000, 0x0000, 0x0000, 0x0000, 0x0000, 0x0000, 0x0000, 0x0000, 0x0000, 0x0000, 0x0000,
};
const uint16_t Outfit_13px_Light_100_e3e3e3_Uppercase_O[] = {
    0x0000, 0x0000, 0x0000, 0x0000, 0x0000, 0x0000, 0x0000, 0x0000, 0x0000, 0x0000, 0x0000, 0x0000, 0x0000, 0x0000, 0x0000, 0x0000,
    0x0000, 0x0000, 0x0000, 0x0000, 0x0000, 0x0000, 0x0000, 0x0000, 0x0000, 0x0000, 0x0000, 0x0000, 0x0000, 0x0000, 0x0000, 0x0000,
    0x0000, 0x0000, 0x0000, 0x0000, 0x0000, 0x0000, 0x0000, 0x0000, 0x0000, 0x0000, 0x0000, 0x0000, 0x0000, 0x0000, 0x0000, 0x0000,
    0x0000, 0x0000, 0x0000, 0x0000, 0x0000, 0x39C7, 0x632C, 0x8C71, 0x9CD3, 0x73AE, 0x4A69, 0x18E3, 0x0000, 0x0000, 0x0000, 0x0000,
    0x0000, 0x0000, 0x0000, 0x2124, 0xAD55, 0xE71C, 0xD69A, 0xAD55, 0xAD55, 0xD69A, 0xE71C, 0xD69A, 0x52AA, 0x0000, 0x0000, 0x0000,
    0x0000, 0x0000, 0x4208, 0xD69A, 0xDEDB, 0x5AEB, 0x10A2, 0x0000, 0x0000, 0x0000, 0x31A6, 0xBDD7, 0xE71C, 0x8C71, 0x0000, 0x0000,
    0x0000, 0x18C3, 0xC638, 0xDEFB, 0x4A49, 0x0000, 0x0000, 0x0000, 0x0000, 0x0000, 0x0000, 0x10A2, 0x8C71, 0xE71C, 0x52AA, 0x0000,
    0x0000, 0x7BEF, 0xE71C, 0x528A, 0x0000, 0x0000, 0x0000, 0x0000, 0x0000, 0x0000, 0x0000, 0x0000, 0x10A2, 0xC618, 0xCE79, 0x18E3,
    0x0000, 0xCE79, 0x9CD3, 0x0000, 0x0000, 0x0000, 0x0000, 0x0000, 0x0000, 0x0000, 0x0000, 0x0000, 0x0000, 0x4228, 0xE71C, 0x5ACB,
    0x2104, 0xE71C, 0x4A69, 0x0000, 0x0000, 0x0000, 0x0000, 0x0000, 0x0000, 0x0000, 0x0000, 0x0000, 0x0000, 0x0000, 0xD69A, 0x7BEF,
    0x4A49, 0xE71C, 0x2945, 0x0000, 0x0000, 0x0000, 0x0000, 0x0000, 0x0000, 0x0000, 0x0000, 0x0000, 0x0000, 0x0000, 0xAD75, 0xA534,
    0x52AA, 0xE71C, 0x2945, 0x0000, 0x0000, 0x0000, 0x0000, 0x0000, 0x0000, 0x0000, 0x0000, 0x0000, 0x0000, 0x0000, 0x94B2, 0xB5B6,
    0x31A6, 0xE71C, 0x4A49, 0x0000, 0x0000, 0x0000, 0x0000, 0x0000, 0x0000, 0x0000, 0x0000, 0x0000, 0x0000, 0x0000, 0xAD55, 0x94B2,
    0x10A2, 0xDEFB, 0x73AE, 0x0000, 0x0000, 0x0000, 0x0000, 0x0000, 0x0000, 0x0000, 0x0000, 0x0000, 0x0000, 0x18E3, 0xDEDB, 0x6B6D,
    0x0000, 0xB596, 0xD69A, 0x2104, 0x0000, 0x0000, 0x0000, 0x0000, 0x0000, 0x0000, 0x0000, 0x0000, 0x0000, 0x738E, 0xE71C, 0x4208,
    0x0000, 0x39E7, 0xE71C, 0x8C71, 0x0000, 0x0000, 0x0000, 0x0000, 0x0000, 0x0000, 0x0000, 0x0000, 0x52AA, 0xE71C, 0x9CF3, 0x0000,
    0x0000, 0x0000, 0x8C51, 0xE71C, 0x9492, 0x18C3, 0x0000, 0x0000, 0x0000, 0x0000, 0x0000, 0x4A49, 0xDEFB, 0xD6BA, 0x2124, 0x0000,
    0x0000, 0x0000, 0x10A2, 0x8410, 0xE71C, 0xC618, 0x738E, 0x4A49, 0x31A6, 0x4A49, 0x94B2, 0xDEFB, 0xC618, 0x39C7, 0x0000, 0x0000,
    0x0000, 0x0000, 0x0000, 0x0000, 0x4228, 0xAD55, 0xD69A, 0xE71C, 0xE71C, 0xE71C, 0xBDF7, 0x8410, 0x18C3, 0x0000, 0x0000, 0x0000,
    0x0000, 0x0000, 0x0000, 0x0000, 0x0000, 0x0000, 0x0000, 0x2965, 0x2945, 0x18C3, 0x0000, 0x0000, 0x0000, 0x0000, 0x0000, 0x0000,
    0x0000, 0x0000, 0x0000, 0x0000, 0x0000, 0x0000, 0x0000, 0x0000, 0x0000, 0x0000, 0x0000, 0x0000, 0x0000, 0x0000, 0x0000, 0x0000,
    0x0000, 0x0000, 0x0000, 0x0000, 0x0000, 0x0000, 0x0000, 0x0000, 0x0000, 0x0000, 0x0000, 0x0000, 0x0000, 0x0000, 0x0000, 0x0000,
    0x0000, 0x0000, 0x0000, 0x0000, 0x0000, 0x0000, 0x0000, 0x0000, 0x0000, 0x0000, 0x0000, 0x0000, 0x0000, 0x0000, 0x0000, 0x0000,
    0x0000, 0x0000, 0x0000, 0x0000, 0x0000, 0x0000, 0x0000, 0x0000, 0x0000, 0x0000, 0x0000, 0x0000, 0x0000, 0x0000, 0x0000, 0x0000,
};
const uint16_t Outfit_13px_Light_100_e3e3e3_Uppercase_Ouml[] = {
    0x0000, 0x0000, 0x0000, 0x0000, 0x18C3, 0xA514, 0x7BEF, 0x0000, 0x39C7, 0xAD75, 0x528A, 0x0000, 0x0000, 0x0000, 0x0000, 0x0000,
    0x0000, 0x0000, 0x0000, 0x0000, 0x2124, 0xE71C, 0xBDF7, 0x0000, 0x5AEB, 0xE71C, 0x8430, 0x0000, 0x0000, 0x0000, 0x0000, 0x0000,
    0x0000, 0x0000, 0x0000, 0x0000, 0x0000, 0x2945, 0x2945, 0x0000, 0x10A2, 0x3186, 0x18E3, 0x0000, 0x0000, 0x0000, 0x0000, 0x0000,
    0x0000, 0x0000, 0x0000, 0x0000, 0x2104, 0x4A69, 0x7BCF, 0x9CF3, 0x8C51, 0x630C, 0x31A6, 0x0000, 0x0000, 0x0000, 0x0000, 0x0000,
    0x0000, 0x0000, 0x0000, 0x630C, 0xDEDB, 0xE71C, 0xBDD7, 0xA514, 0xBDF7, 0xE71C, 0xE71C, 0x9CF3, 0x2104, 0x0000, 0x0000, 0x0000,
    0x0000, 0x10A2, 0x9CD3, 0xE71C, 0xA514, 0x3186, 0x0000, 0x0000, 0x0000, 0x18C3, 0x738E, 0xDEFB, 0xCE79, 0x39C7, 0x0000, 0x0000,
    0x0000, 0x632C, 0xE71C, 0xA534, 0x10A2, 0x0000, 0x0000, 0x0000, 0x0000, 0x0000, 0x0000, 0x39E7, 0xD69A, 0xBDD7, 0x10A2, 0x0000,
    0x2124, 0xD6BA, 0xB596, 0x18C3, 0x0000, 0x0000, 0x0000, 0x0000, 0x0000, 0x0000, 0x0000, 0x0000, 0x5AEB, 0xE71C, 0x738E, 0x0000,
    0x632C, 0xE71C, 0x3186, 0x0000, 0x0000, 0x0000, 0x0000, 0x0000, 0x0000, 0x0000, 0x0000, 0x0000, 0x0000, 0xAD75, 0xC618, 0x0000,
    0x8C71, 0xB5B6, 0x0000, 0x0000, 0x0000, 0x0000, 0x0000, 0x0000, 0x0000, 0x0000, 0x0000, 0x0000, 0x0000, 0x6B4D, 0xE71C, 0x18C3,
    0xB596, 0x9492, 0x0000, 0x0000, 0x0000, 0x0000, 0x0000, 0x0000, 0x0000, 0x0000, 0x0000, 0x0000, 0x0000, 0x4228, 0xE71C, 0x39E7,
    0xBDF7, 0x9492, 0x0000, 0x0000, 0x0000, 0x0000, 0x0000, 0x0000, 0x0000, 0x0000, 0x0000, 0x0000, 0x0000, 0x2965, 0xE71C, 0x4A49,
    0x9CF3, 0xB5B6, 0x0000, 0x0000, 0x0000, 0x0000, 0x0000, 0x0000, 0x0000, 0x0000, 0x0000, 0x0000, 0x0000, 0x4208, 0xE71C, 0x2945,
    0x73AE, 0xDEDB, 0x10A2, 0x0000, 0x0000, 0x0000, 0x0000, 0x0000, 0x0000, 0x0000, 0x0000, 0x0000, 0x0000, 0x7BEF, 0xD6BA, 0x0000,
    0x4228, 0xE71C, 0x73AE, 0x0000, 0x0000, 0x0000, 0x0000, 0x0000, 0x0000, 0x0000, 0x0000, 0x0000, 0x2104, 0xCE79, 0xAD55, 0x0000,
    0x0000, 0xA514, 0xDEFB, 0x2965, 0x0000, 0x0000, 0x0000, 0x0000, 0x0000, 0x0000, 0x0000, 0x18C3, 0xB5B6, 0xE71C, 0x39C7, 0x0000,
    0x0000, 0x2945, 0xDEDB, 0xCE79, 0x4228, 0x0000, 0x0000, 0x0000, 0x0000, 0x0000, 0x18C3, 0xAD55, 0xE71C, 0x8410, 0x0000, 0x0000,
    0x0000, 0x0000, 0x39E7, 0xC618, 0xE71C, 0x9492, 0x5AEB, 0x39E7, 0x39C7, 0x6B4D, 0xC638, 0xE71C, 0x7BEF, 0x10A2, 0x0000, 0x0000,
    0x0000, 0x0000, 0x0000, 0x18C3, 0x8430, 0xBDF7, 0xE71C, 0xE71C, 0xE71C, 0xD69A, 0xAD55, 0x4228, 0x0000, 0x0000, 0x0000, 0x0000,
    0x0000, 0x0000, 0x0000, 0x0000, 0x0000, 0x0000, 0x18C3, 0x2945, 0x2965, 0x0000, 0x0000, 0x0000, 0x0000, 0x0000, 0x0000, 0x0000,
    0x0000, 0x0000, 0x0000, 0x0000, 0x0000, 0x0000, 0x0000, 0x0000, 0x0000, 0x0000, 0x0000, 0x0000, 0x0000, 0x0000, 0x0000, 0x0000,
    0x0000, 0x0000, 0x0000, 0x0000, 0x0000, 0x0000, 0x0000, 0x0000, 0x0000, 0x0000, 0x0000, 0x0000, 0x0000, 0x0000, 0x0000, 0x0000,
    0x0000, 0x0000, 0x0000, 0x0000, 0x0000, 0x0000, 0x0000, 0x0000, 0x0000, 0x0000, 0x0000, 0x0000, 0x0000, 0x0000, 0x0000, 0x0000,
    0x0000, 0x0000, 0x0000, 0x0000, 0x0000, 0x0000, 0x0000, 0x0000, 0x0000, 0x0000, 0x0000, 0x0000, 0x0000, 0x0000, 0x0000, 0x0000,
};
const uint16_t Outfit_13px_Light_100_e3e3e3_Uppercase_P[] = {
    0x0000, 0x0000, 0x0000, 0x0000, 0x0000, 0x0000, 0x0000, 0x0000, 0x0000, 0x0000, 0x0000, 0x0000,
    0x0000, 0x0000, 0x0000, 0x0000, 0x0000, 0x0000, 0x0000, 0x0000, 0x0000, 0x0000, 0x0000, 0x0000,
    0x0000, 0x0000, 0x0000, 0x0000, 0x0000, 0x0000, 0x0000, 0x0000, 0x0000, 0x0000, 0x0000, 0x0000,
    0x0000, 0x8410, 0x8410, 0x738E, 0x738E, 0x738E, 0x738E, 0x5ACB, 0x2945, 0x0000, 0x0000, 0x0000,
    0x2945, 0xE71C, 0xD6BA, 0xB596, 0xB596, 0xB596, 0xBDF7, 0xE71C, 0xE71C, 0xA514, 0x18C3, 0x0000,
    0x2945, 0xE71C, 0x31A6, 0x0000, 0x0000, 0x0000, 0x0000, 0x18E3, 0x738E, 0xE71C, 0xA514, 0x0000,
    0x2945, 0xE71C, 0x31A6, 0x0000, 0x0000, 0x0000, 0x0000, 0x0000, 0x0000, 0x73AE, 0xE71C, 0x2104,
    0x2945, 0xE71C, 0x31A6, 0x0000, 0x0000, 0x0000, 0x0000, 0x0000, 0x0000, 0x2965, 0xE71C, 0x5ACB,
    0x2945, 0xE71C, 0x31A6, 0x0000, 0x0000, 0x0000, 0x0000, 0x0000, 0x0000, 0x2104, 0xE71C, 0x630C,
    0x2945, 0xE71C, 0x31A6, 0x0000, 0x0000, 0x0000, 0x0000, 0x0000, 0x0000, 0x5AEB, 0xE71C, 0x2965,
    0x2945, 0xE71C, 0x31A6, 0x0000, 0x0000, 0x0000, 0x0000, 0x0000, 0x4A49, 0xDEDB, 0xBDF7, 0x0000,
    0x2945, 0xE71C, 0xAD75, 0x8C51, 0x8C51, 0x8C51, 0x9492, 0xC618, 0xE71C, 0xC618, 0x2124, 0x0000,
    0x2945, 0xE71C, 0xC618, 0x9CF3, 0x9CF3, 0x9CF3, 0x9CF3, 0x8430, 0x52AA, 0x18E3, 0x0000, 0x0000,
    0x2945, 0xE71C, 0x31A6, 0x0000, 0x0000, 0x0000, 0x0000, 0x0000, 0x0000, 0x0000, 0x0000, 0x0000,
    0x2945, 0xE71C, 0x31A6, 0x0000, 0x0000, 0x0000, 0x0000, 0x0000, 0x0000, 0x0000, 0x0000, 0x0000,
    0x2945, 0xE71C, 0x31A6, 0x0000, 0x0000, 0x0000, 0x0000, 0x0000, 0x0000, 0x0000, 0x0000, 0x0000,
    0x2945, 0xE71C, 0x31A6, 0x0000, 0x0000, 0x0000, 0x0000, 0x0000, 0x0000, 0x0000, 0x0000, 0x0000,
    0x2945, 0xE71C, 0x31A6, 0x0000, 0x0000, 0x0000, 0x0000, 0x0000, 0x0000, 0x0000, 0x0000, 0x0000,
    0x2945, 0xE71C, 0x31A6, 0x0000, 0x0000, 0x0000, 0x0000, 0x0000, 0x0000, 0x0000, 0x0000, 0x0000,
    0x0000, 0x0000, 0x0000, 0x0000, 0x0000, 0x0000, 0x0000, 0x0000, 0x0000, 0x0000, 0x0000, 0x0000,
    0x0000, 0x0000, 0x0000, 0x0000, 0x0000, 0x0000, 0x0000, 0x0000, 0x0000, 0x0000, 0x0000, 0x0000,
    0x0000, 0x0000, 0x0000, 0x0000, 0x0000, 0x0000, 0x0000, 0x0000, 0x0000, 0x0000, 0x0000, 0x0000,
    0x0000, 0x0000, 0x0000, 0x0000, 0x0000, 0x0000, 0x0000, 0x0000, 0x0000, 0x0000, 0x0000, 0x0000,
    0x0000, 0x0000, 0x0000, 0x0000, 0x0000, 0x0000, 0x0000, 0x0000, 0x0000, 0x0000, 0x0000, 0x0000,
};
const uint16_t Outfit_13px_Light_100_e3e3e3_Uppercase_Q[] = {
    0x0000, 0x0000, 0x0000, 0x0000, 0x0000, 0x0000, 0x0000, 0x0000, 0x0000, 0x0000, 0x0000, 0x0000, 0x0000, 0x0000, 0x0000, 0x0000, 0x0000, 0x0000,
    0x0000, 0x0000, 0x0000, 0x0000, 0x0000, 0x0000, 0x0000, 0x0000, 0x0000, 0x0000, 0x0000, 0x0000, 0x0000, 0x0000, 0x0000, 0x0000, 0x0000, 0x0000,
    0x0000, 0x0000, 0x0000, 0x0000, 0x0000, 0x0000, 0x0000, 0x0000, 0x0000, 0x0000, 0x0000, 0x0000, 0x0000, 0x0000, 0x0000, 0x0000, 0x0000, 0x0000,
    0x0000, 0x0000, 0x0000, 0x0000, 0x0000, 0x39C7, 0x632C, 0x8C71, 0x9CD3, 0x73AE, 0x4A69, 0x18E3, 0x0000, 0x0000, 0x0000, 0x0000, 0x0000, 0x0000,
    0x0000, 0x0000, 0x0000, 0x2124, 0xAD55, 0xE71C, 0xD69A, 0xAD55, 0xAD55, 0xD69A, 0xE71C, 0xD69A, 0x52AA, 0x0000, 0x0000, 0x0000, 0x0000, 0x0000,
    0x0000, 0x0000, 0x4208, 0xD69A, 0xDEDB, 0x5AEB, 0x10A2, 0x0000, 0x0000, 0x0000, 0x31A6, 0xBDD7, 0xE71C, 0x8C71, 0x0000, 0x0000, 0x0000, 0x0000,
    0x0000, 0x18C3, 0xC638, 0xDEFB, 0x4A49, 0x0000, 0x0000, 0x0000, 0x0000, 0x0000, 0x0000, 0x10A2, 0x8C71, 0xE71C, 0x52AA, 0x0000, 0x0000, 0x0000,
    0x0000, 0x7BEF, 0xE71C, 0x528A, 0x0000, 0x0000, 0x0000, 0x0000, 0x0000, 0x0000, 0x0000, 0x0000, 0x10A2, 0xC618, 0xCE79, 0x18E3, 0x0000, 0x0000,
    0x0000, 0xCE79, 0x9CD3, 0x0000, 0x0000, 0x0000, 0x0000, 0x0000, 0x0000, 0x0000, 0x0000, 0x0000, 0x0000, 0x4228, 0xE71C, 0x5ACB, 0x0000, 0x0000,
    0x2104, 0xE71C, 0x4A69, 0x0000, 0x0000, 0x0000, 0x0000, 0x0000, 0x0000, 0x0000, 0x0000, 0x0000, 0x0000, 0x0000, 0xD69A, 0x7BEF, 0x0000, 0x0000,
    0x4A49, 0xE71C, 0x2945, 0x0000, 0x0000, 0x0000, 0x0000, 0x0000, 0x0000, 0x0000, 0x0000, 0x0000, 0x0000, 0x0000, 0xAD75, 0xA534, 0x0000, 0x0000,
    0x52AA, 0xE71C, 0x2945, 0x0000, 0x0000, 0x0000, 0x0000, 0x0000, 0x6B4D, 0x6B6D, 0x0000, 0x0000, 0x0000, 0x0000, 0x94B2, 0xB5B6, 0x0000, 0x0000,
    0x31A6, 0xE71C, 0x4A49, 0x0000, 0x0000, 0x0000, 0x0000, 0x0000, 0x7BEF, 0xE71C, 0x7BCF, 0x0000, 0x0000, 0x0000, 0xAD55, 0x94B2, 0x0000, 0x0000,
    0x10A2, 0xDEFB, 0x73AE, 0x0000, 0x0000, 0x0000, 0x0000, 0x0000, 0x0000, 0x8C51, 0xE71C, 0x7BCF, 0x0000, 0x18E3, 0xDEDB, 0x6B6D, 0x0000, 0x0000,
    0x0000, 0xB596, 0xD69A, 0x2104, 0x0000, 0x0000, 0x0000, 0x0000, 0x0000, 0x0000, 0x8C51, 0xE71C, 0x7BCF, 0x738E, 0xE71C, 0x4208, 0x0000, 0x0000,
    0x0000, 0x39E7, 0xE71C, 0x8C71, 0x0000, 0x0000, 0x0000, 0x0000, 0x0000, 0x0000, 0x0000, 0x8C51, 0xE71C, 0xE71C, 0x9CF3, 0x0000, 0x0000, 0x0000,
    0x0000, 0x0000, 0x8C51, 0xE71C, 0x9492, 0x18C3, 0x0000, 0x0000, 0x0000, 0x0000, 0x0000, 0x4A49, 0xE71C, 0xE71C, 0x8C71, 0x0000, 0x0000, 0x0000,
    0x0000, 0x0000, 0x10A2, 0x8410, 0xE71C, 0xC618, 0x738E, 0x4A49, 0x31A6, 0x4A49, 0x94B2, 0xDEFB, 0xC618, 0xB596, 0xE71C, 0x7BCF, 0x0000, 0x0000,
    0x0000, 0x0000, 0x0000, 0x0000, 0x4228, 0xAD55, 0xD69A, 0xE71C, 0xE71C, 0xE71C, 0xBDF7, 0x8410, 0x18C3, 0x0000, 0x8C51, 0xE71C, 0x7BCF, 0x0000,
    0x0000, 0x0000, 0x0000, 0x0000, 0x0000, 0x0000, 0x0000, 0x2965, 0x2945, 0x18C3, 0x0000, 0x0000, 0x0000, 0x0000, 0x0000, 0x8C51, 0xDEFB, 0x18E3,
    0x0000, 0x0000, 0x0000, 0x0000, 0x0000, 0x0000, 0x0000, 0x0000, 0x0000, 0x0000, 0x0000, 0x0000, 0x0000, 0x0000, 0x0000, 0x0000, 0x2124, 0x0000,
    0x0000, 0x0000, 0x0000, 0x0000, 0x0000, 0x0000, 0x0000, 0x0000, 0x0000, 0x0000, 0x0000, 0x0000, 0x0000, 0x0000, 0x0000, 0x0000, 0x0000, 0x0000,
    0x0000, 0x0000, 0x0000, 0x0000, 0x0000, 0x0000, 0x0000, 0x0000, 0x0000, 0x0000, 0x0000, 0x0000, 0x0000, 0x0000, 0x0000, 0x0000, 0x0000, 0x0000,
    0x0000, 0x0000, 0x0000, 0x0000, 0x0000, 0x0000, 0x0000, 0x0000, 0x0000, 0x0000, 0x0000, 0x0000, 0x0000, 0x0000, 0x0000, 0x0000, 0x0000, 0x0000,
};
const uint16_t Outfit_13px_Light_100_e3e3e3_Uppercase_R[] = {
    0x0000, 0x0000, 0x0000, 0x0000, 0x0000, 0x0000, 0x0000, 0x0000, 0x0000, 0x0000, 0x0000, 0x0000,
    0x0000, 0x0000, 0x0000, 0x0000, 0x0000, 0x0000, 0x0000, 0x0000, 0x0000, 0x0000, 0x0000, 0x0000,
    0x0000, 0x0000, 0x0000, 0x0000, 0x0000, 0x0000, 0x0000, 0x0000, 0x0000, 0x0000, 0x0000, 0x0000,
    0x2965, 0xA534, 0x738E, 0x738E, 0x738E, 0x738E, 0x630C, 0x39C7, 0x10A2, 0x0000, 0x0000, 0x0000,
    0xBDD7, 0xE71C, 0xB596, 0xB596, 0xB596, 0xB5B6, 0xCE79, 0xE71C, 0xCE79, 0x39C7, 0x0000, 0x0000,
    0x9492, 0x9CF3, 0x0000, 0x0000, 0x0000, 0x0000, 0x0000, 0x31A6, 0xB5B6, 0xDEDB, 0x2945, 0x0000,
    0x9492, 0x9CF3, 0x0000, 0x0000, 0x0000, 0x0000, 0x0000, 0x0000, 0x2945, 0xDEDB, 0x632C, 0x0000,
    0x9492, 0x9CF3, 0x0000, 0x0000, 0x0000, 0x0000, 0x0000, 0x0000, 0x0000, 0xB5B6, 0x94B2, 0x0000,
    0x9492, 0x9CF3, 0x0000, 0x0000, 0x0000, 0x0000, 0x0000, 0x0000, 0x0000, 0xC638, 0x8430, 0x0000,
    0x9492, 0x9CF3, 0x0000, 0x0000, 0x0000, 0x0000, 0x0000, 0x0000, 0x630C, 0xE71C, 0x4A69, 0x0000,
    0x9492, 0xC618, 0x4208, 0x4208, 0x4208, 0x4228, 0x5ACB, 0x94B2, 0xE71C, 0x9CF3, 0x18C3, 0x0000,
    0xBDF7, 0xE71C, 0xE71C, 0xE71C, 0xE71C, 0xE71C, 0xE71C, 0xAD55, 0x738E, 0x10A2, 0x0000, 0x0000,
    0x9492, 0xA514, 0x0000, 0x0000, 0x3186, 0xD6BA, 0xC618, 0x18E3, 0x0000, 0x0000, 0x0000, 0x0000,
    0x9492, 0x9CF3, 0x0000, 0x0000, 0x0000, 0x4A49, 0xE71C, 0xA534, 0x10A2, 0x0000, 0x0000, 0x0000,
    0x9492, 0x9CF3, 0x0000, 0x0000, 0x0000, 0x0000, 0x6B6D, 0xE71C, 0x8430, 0x0000, 0x0000, 0x0000,
    0x9492, 0x9CF3, 0x0000, 0x0000, 0x0000, 0x0000, 0x0000, 0x9492, 0xE71C, 0x630C, 0x0000, 0x0000,
    0x9492, 0x9CF3, 0x0000, 0x0000, 0x0000, 0x0000, 0x0000, 0x18C3, 0xB5B6, 0xDEFB, 0x4208, 0x0000,
    0x9492, 0x9CF3, 0x0000, 0x0000, 0x0000, 0x0000, 0x0000, 0x0000, 0x2124, 0xCE79, 0xCE79, 0x2945,
    0x9492, 0x9CF3, 0x0000, 0x0000, 0x0000, 0x0000, 0x0000, 0x0000, 0x0000, 0x39E7, 0xDEFB, 0x9492,
    0x0000, 0x0000, 0x0000, 0x0000, 0x0000, 0x0000, 0x0000, 0x0000, 0x0000, 0x0000, 0x0000, 0x0000,
    0x0000, 0x0000, 0x0000, 0x0000, 0x0000, 0x0000, 0x0000, 0x0000, 0x0000, 0x0000, 0x0000, 0x0000,
    0x0000, 0x0000, 0x0000, 0x0000, 0x0000, 0x0000, 0x0000, 0x0000, 0x0000, 0x0000, 0x0000, 0x0000,
    0x0000, 0x0000, 0x0000, 0x0000, 0x0000, 0x0000, 0x0000, 0x0000, 0x0000, 0x0000, 0x0000, 0x0000,
    0x0000, 0x0000, 0x0000, 0x0000, 0x0000, 0x0000, 0x0000, 0x0000, 0x0000, 0x0000, 0x0000, 0x0000,
};
const uint16_t Outfit_13px_Light_100_e3e3e3_Uppercase_S[] = {
    0x0000, 0x0000, 0x0000, 0x0000, 0x0000, 0x0000, 0x0000, 0x0000, 0x0000, 0x0000, 0x0000,
    0x0000, 0x0000, 0x0000, 0x0000, 0x0000, 0x0000, 0x0000, 0x0000, 0x0000, 0x0000, 0x0000,
    0x0000, 0x0000, 0x0000, 0x0000, 0x0000, 0x0000, 0x0000, 0x0000, 0x0000, 0x0000, 0x0000,
    0x0000, 0x0000, 0x0000, 0x4228, 0x73AE, 0x9CD3, 0x8C71, 0x5AEB, 0x2965, 0x0000, 0x0000,
    0x0000, 0x10A2, 0x8410, 0xE71C, 0xE71C, 0xB5B6, 0xBDD7, 0xE71C, 0xDEFB, 0x630C, 0x0000,
    0x0000, 0x4A49, 0xE71C, 0x8430, 0x2104, 0x0000, 0x0000, 0x2104, 0xAD55, 0xE71C, 0x630C,
    0x0000, 0x8430, 0xC638, 0x10A2, 0x0000, 0x0000, 0x0000, 0x0000, 0x10A2, 0x738E, 0x3186,
    0x0000, 0x94B2, 0xC618, 0x0000, 0x0000, 0x0000, 0x0000, 0x0000, 0x0000, 0x0000, 0x0000,
    0x0000, 0x6B6D, 0xE71C, 0x39C7, 0x0000, 0x0000, 0x0000, 0x0000, 0x0000, 0x0000, 0x0000,
    0x0000, 0x2965, 0xD6BA, 0xD6BA, 0x5ACB, 0x10A2, 0x0000, 0x0000, 0x0000, 0x0000, 0x0000,
    0x0000, 0x0000, 0x4208, 0xCE59, 0xE71C, 0xC638, 0x73AE, 0x2945, 0x0000, 0x0000, 0x0000,
    0x0000, 0x0000, 0x0000, 0x10A2, 0x630C, 0xB5B6, 0xE71C, 0xDEFB, 0x8C51, 0x18C3, 0x0000,
    0x0000, 0x0000, 0x0000, 0x0000, 0x0000, 0x0000, 0x39E7, 0xA534, 0xE71C, 0xA534, 0x10A2,
    0x0000, 0x0000, 0x0000, 0x0000, 0x0000, 0x0000, 0x0000, 0x0000, 0x8C51, 0xE71C, 0x4208,
    0x0000, 0x0000, 0x0000, 0x0000, 0x0000, 0x0000, 0x0000, 0x0000, 0x18E3, 0xE71C, 0x738E,
    0x2965, 0x4208, 0x0000, 0x0000, 0x0000, 0x0000, 0x0000, 0x0000, 0x0000, 0xD6BA, 0x7BEF,
    0x94B2, 0xE71C, 0x6B4D, 0x0000, 0x0000, 0x0000, 0x0000, 0x0000, 0x4A69, 0xE71C, 0x4A69,
    0x18E3, 0xA534, 0xE71C, 0x9CD3, 0x5AEB, 0x39C7, 0x52AA, 0x9492, 0xDEDB, 0xAD75, 0x0000,
    0x0000, 0x10A2, 0x73AE, 0xB5B6, 0xDEFB, 0xE71C, 0xE71C, 0xE71C, 0xA514, 0x2965, 0x0000,
    0x0000, 0x0000, 0x0000, 0x0000, 0x18C3, 0x2945, 0x31A6, 0x18C3, 0x0000, 0x0000, 0x0000,
    0x0000, 0x0000, 0x0000, 0x0000, 0x0000, 0x0000, 0x0000, 0x0000, 0x0000, 0x0000, 0x0000,
    0x0000, 0x0000, 0x0000, 0x0000, 0x0000, 0x0000, 0x0000, 0x0000, 0x0000, 0x0000, 0x0000,
    0x0000, 0x0000, 0x0000, 0x0000, 0x0000, 0x0000, 0x0000, 0x0000, 0x0000, 0x0000, 0x0000,
    0x0000, 0x0000, 0x0000, 0x0000, 0x0000, 0x0000, 0x0000, 0x0000, 0x0000, 0x0000, 0x0000,
};
const uint16_t Outfit_13px_Light_100_e3e3e3_Uppercase_T[] = {
    0x0000, 0x0000, 0x0000, 0x0000, 0x0000, 0x0000, 0x0000, 0x0000, 0x0000, 0x0000, 0x0000, 0x0000, 0x0000,
    0x0000, 0x0000, 0x0000, 0x0000, 0x0000, 0x0000, 0x0000, 0x0000, 0x0000, 0x0000, 0x0000, 0x0000, 0x0000,
    0x0000, 0x0000, 0x0000, 0x0000, 0x0000, 0x0000, 0x0000, 0x0000, 0x0000, 0x0000, 0x0000, 0x0000, 0x0000,
    0x31A6, 0x738E, 0x738E, 0x738E, 0x738E, 0x738E, 0x73AE, 0x738E, 0x738E, 0x738E, 0x738E, 0x738E, 0x632C,
    0x8430, 0xB596, 0xB596, 0xB596, 0xB596, 0xBDF7, 0xE71C, 0xCE79, 0xB596, 0xB596, 0xB596, 0xB596, 0x8C71,
    0x0000, 0x0000, 0x0000, 0x0000, 0x0000, 0x18E3, 0xE71C, 0x4208, 0x0000, 0x0000, 0x0000, 0x0000, 0x0000,
    0x0000, 0x0000, 0x0000, 0x0000, 0x0000, 0x18E3, 0xE71C, 0x4208, 0x0000, 0x0000, 0x0000, 0x0000, 0x0000,
    0x0000, 0x0000, 0x0000, 0x0000, 0x0000, 0x18E3, 0xE71C, 0x4208, 0x0000, 0x0000, 0x0000, 0x0000, 0x0000,
    0x0000, 0x0000, 0x0000, 0x0000, 0x0000, 0x18E3, 0xE71C, 0x4208, 0x0000, 0x0000, 0x0000, 0x0000, 0x0000,
    0x0000, 0x0000, 0x0000, 0x0000, 0x0000, 0x18E3, 0xE71C, 0x4208, 0x0000, 0x0000, 0x0000, 0x0000, 0x0000,
    0x0000, 0x0000, 0x0000, 0x0000, 0x0000, 0x18E3, 0xE71C, 0x4208, 0x0000, 0x0000, 0x0000, 0x0000, 0x0000,
    0x0000, 0x0000, 0x0000, 0x0000, 0x0000, 0x18E3, 0xE71C, 0x4208, 0x0000, 0x0000, 0x0000, 0x0000, 0x0000,
    0x0000, 0x0000, 0x0000, 0x0000, 0x0000, 0x18E3, 0xE71C, 0x4208, 0x0000, 0x0000, 0x0000, 0x0000, 0x0000,
    0x0000, 0x0000, 0x0000, 0x0000, 0x0000, 0x18E3, 0xE71C, 0x4208, 0x0000, 0x0000, 0x0000, 0x0000, 0x0000,
    0x0000, 0x0000, 0x0000, 0x0000, 0x0000, 0x18E3, 0xE71C, 0x4208, 0x0000, 0x0000, 0x0000, 0x0000, 0x0000,
    0x0000, 0x0000, 0x0000, 0x0000, 0x0000, 0x18E3, 0xE71C, 0x4208, 0x0000, 0x0000, 0x0000, 0x0000, 0x0000,
    0x0000, 0x0000, 0x0000, 0x0000, 0x0000, 0x18E3, 0xE71C, 0x4208, 0x0000, 0x0000, 0x0000, 0x0000, 0x0000,
    0x0000, 0x0000, 0x0000, 0x0000, 0x0000, 0x18E3, 0xE71C, 0x4208, 0x0000, 0x0000, 0x0000, 0x0000, 0x0000,
    0x0000, 0x0000, 0x0000, 0x0000, 0x0000, 0x18E3, 0xE71C, 0x4208, 0x0000, 0x0000, 0x0000, 0x0000, 0x0000,
    0x0000, 0x0000, 0x0000, 0x0000, 0x0000, 0x0000, 0x0000, 0x0000, 0x0000, 0x0000, 0x0000, 0x0000, 0x0000,
    0x0000, 0x0000, 0x0000, 0x0000, 0x0000, 0x0000, 0x0000, 0x0000, 0x0000, 0x0000, 0x0000, 0x0000, 0x0000,
    0x0000, 0x0000, 0x0000, 0x0000, 0x0000, 0x0000, 0x0000, 0x0000, 0x0000, 0x0000, 0x0000, 0x0000, 0x0000,
    0x0000, 0x0000, 0x0000, 0x0000, 0x0000, 0x0000, 0x0000, 0x0000, 0x0000, 0x0000, 0x0000, 0x0000, 0x0000,
    0x0000, 0x0000, 0x0000, 0x0000, 0x0000, 0x0000, 0x0000, 0x0000, 0x0000, 0x0000, 0x0000, 0x0000, 0x0000,
};
const uint16_t Outfit_13px_Light_100_e3e3e3_Uppercase_U[] = {
    0x0000, 0x0000, 0x0000, 0x0000, 0x0000, 0x0000, 0x0000, 0x0000, 0x0000, 0x0000, 0x0000, 0x0000,
    0x0000, 0x0000, 0x0000, 0x0000, 0x0000, 0x0000, 0x0000, 0x0000, 0x0000, 0x0000, 0x0000, 0x0000,
    0x0000, 0x0000, 0x0000, 0x0000, 0x0000, 0x0000, 0x0000, 0x0000, 0x0000, 0x0000, 0x0000, 0x0000,
    0x630C, 0x4208, 0x0000, 0x0000, 0x0000, 0x0000, 0x0000, 0x0000, 0x0000, 0x0000, 0x6B4D, 0x31A6,
    0xBDF7, 0x73AE, 0x0000, 0x0000, 0x0000, 0x0000, 0x0000, 0x0000, 0x0000, 0x0000, 0xD69A, 0x630C,
    0xBDF7, 0x73AE, 0x0000, 0x0000, 0x0000, 0x0000, 0x0000, 0x0000, 0x0000, 0x0000, 0xD69A, 0x630C,
    0xBDF7, 0x73AE, 0x0000, 0x0000, 0x0000, 0x0000, 0x0000, 0x0000, 0x0000, 0x0000, 0xD69A, 0x630C,
    0xBDF7, 0x73AE, 0x0000, 0x0000, 0x0000, 0x0000, 0x0000, 0x0000, 0x0000, 0x0000, 0xD69A, 0x630C,
    0xBDF7, 0x73AE, 0x0000, 0x0000, 0x0000, 0x0000, 0x0000, 0x0000, 0x0000, 0x0000, 0xD69A, 0x630C,
    0xBDF7, 0x73AE, 0x0000, 0x0000, 0x0000, 0x0000, 0x0000, 0x0000, 0x0000, 0x0000, 0xD69A, 0x630C,
    0xBDF7, 0x73AE, 0x0000, 0x0000, 0x0000, 0x0000, 0x0000, 0x0000, 0x0000, 0x0000, 0xD69A, 0x630C,
    0xBDF7, 0x73AE, 0x0000, 0x0000, 0x0000, 0x0000, 0x0000, 0x0000, 0x0000, 0x0000, 0xD69A, 0x630C,
    0xBDF7, 0x73AE, 0x0000, 0x0000, 0x0000, 0x0000, 0x0000, 0x0000, 0x0000, 0x0000, 0xD69A, 0x630C,
    0xBDF7, 0x8430, 0x0000, 0x0000, 0x0000, 0x0000, 0x0000, 0x0000, 0x0000, 0x10A2, 0xDEDB, 0x630C,
    0xA514, 0xB5B6, 0x0000, 0x0000, 0x0000, 0x0000, 0x0000, 0x0000, 0x0000, 0x39E7, 0xE71C, 0x4228,
    0x6B4D, 0xDEFB, 0x2104, 0x0000, 0x0000, 0x0000, 0x0000, 0x0000, 0x0000, 0x73AE, 0xDEFB, 0x18C3,
    0x3186, 0xDEFB, 0xB5B6, 0x18E3, 0x0000, 0x0000, 0x0000, 0x0000, 0x528A, 0xDEFB, 0xA514, 0x0000,
    0x0000, 0x528A, 0xDEFB, 0xBDF7, 0x6B6D, 0x4208, 0x528A, 0x8430, 0xDEFB, 0xB5B6, 0x2104, 0x0000,
    0x0000, 0x0000, 0x4A69, 0xAD55, 0xDEDB, 0xE71C, 0xE71C, 0xC638, 0x8C71, 0x18E3, 0x0000, 0x0000,
    0x0000, 0x0000, 0x0000, 0x0000, 0x10A2, 0x2945, 0x2945, 0x0000, 0x0000, 0x0000, 0x0000, 0x0000,
    0x0000, 0x0000, 0x0000, 0x0000, 0x0000, 0x0000, 0x0000, 0x0000, 0x0000, 0x0000, 0x0000, 0x0000,
    0x0000, 0x0000, 0x0000, 0x0000, 0x0000, 0x0000, 0x0000, 0x0000, 0x0000, 0x0000, 0x0000, 0x0000,
    0x0000, 0x0000, 0x0000, 0x0000, 0x0000, 0x0000, 0x0000, 0x0000, 0x0000, 0x0000, 0x0000, 0x0000,
    0x0000, 0x0000, 0x0000, 0x0000, 0x0000, 0x0000, 0x0000, 0x0000, 0x0000, 0x0000, 0x0000, 0x0000,
};
const uint16_t Outfit_13px_Light_100_e3e3e3_Uppercase_Uuml[] = {
    0x0000, 0x0000, 0x10A2, 0x9CF3, 0x8430, 0x0000, 0x3186, 0xAD75, 0x5ACB, 0x0000, 0x0000, 0x0000,
    0x0000, 0x0000, 0x18E3, 0xE71C, 0xC638, 0x0000, 0x528A, 0xE71C, 0x9492, 0x0000, 0x0000, 0x0000,
    0x0000, 0x0000, 0x0000, 0x2945, 0x2945, 0x0000, 0x10A2, 0x3186, 0x18E3, 0x0000, 0x0000, 0x0000,
    0x630C, 0x4208, 0x0000, 0x0000, 0x0000, 0x0000, 0x0000, 0x0000, 0x0000, 0x0000, 0x6B4D, 0x31A6,
    0xBDF7, 0x73AE, 0x0000, 0x0000, 0x0000, 0x0000, 0x0000, 0x0000, 0x0000, 0x0000, 0xD69A, 0x630C,
    0xBDF7, 0x73AE, 0x0000, 0x0000, 0x0000, 0x0000, 0x0000, 0x0000, 0x0000, 0x0000, 0xD69A, 0x630C,
    0xBDF7, 0x73AE, 0x0000, 0x0000, 0x0000, 0x0000, 0x0000, 0x0000, 0x0000, 0x0000, 0xD69A, 0x630C,
    0xBDF7, 0x73AE, 0x0000, 0x0000, 0x0000, 0x0000, 0x0000, 0x0000, 0x0000, 0x0000, 0xD69A, 0x630C,
    0xBDF7, 0x73AE, 0x0000, 0x0000, 0x0000, 0x0000, 0x0000, 0x0000, 0x0000, 0x0000, 0xD69A, 0x630C,
    0xBDF7, 0x73AE, 0x0000, 0x0000, 0x0000, 0x0000, 0x0000, 0x0000, 0x0000, 0x0000, 0xD69A, 0x630C,
    0xBDF7, 0x73AE, 0x0000, 0x0000, 0x0000, 0x0000, 0x0000, 0x0000, 0x0000, 0x0000, 0xD69A, 0x630C,
    0xBDF7, 0x73AE, 0x0000, 0x0000, 0x0000, 0x0000, 0x0000, 0x0000, 0x0000, 0x0000, 0xD69A, 0x630C,
    0xBDF7, 0x73AE, 0x0000, 0x0000, 0x0000, 0x0000, 0x0000, 0x0000, 0x0000, 0x0000, 0xD69A, 0x630C,
    0xBDF7, 0x8430, 0x0000, 0x0000, 0x0000, 0x0000, 0x0000, 0x0000, 0x0000, 0x10A2, 0xDEDB, 0x630C,
    0xA514, 0xB5B6, 0x0000, 0x0000, 0x0000, 0x0000, 0x0000, 0x0000, 0x0000, 0x39E7, 0xE71C, 0x4228,
    0x6B4D, 0xDEFB, 0x2104, 0x0000, 0x0000, 0x0000, 0x0000, 0x0000, 0x0000, 0x73AE, 0xDEFB, 0x18C3,
    0x3186, 0xDEFB, 0xB5B6, 0x18E3, 0x0000, 0x0000, 0x0000, 0x0000, 0x528A, 0xDEFB, 0xA514, 0x0000,
    0x0000, 0x528A, 0xDEFB, 0xBDF7, 0x6B6D, 0x4208, 0x528A, 0x8430, 0xDEFB, 0xB5B6, 0x2104, 0x0000,
    0x0000, 0x0000, 0x4A69, 0xAD55, 0xDEDB, 0xE71C, 0xE71C, 0xC638, 0x8C71, 0x18E3, 0x0000, 0x0000,
    0x0000, 0x0000, 0x0000, 0x0000, 0x10A2, 0x2945, 0x2945, 0x0000, 0x0000, 0x0000, 0x0000, 0x0000,
    0x0000, 0x0000, 0x0000, 0x0000, 0x0000, 0x0000, 0x0000, 0x0000, 0x0000, 0x0000, 0x0000, 0x0000,
    0x0000, 0x0000, 0x0000, 0x0000, 0x0000, 0x0000, 0x0000, 0x0000, 0x0000, 0x0000, 0x0000, 0x0000,
    0x0000, 0x0000, 0x0000, 0x0000, 0x0000, 0x0000, 0x0000, 0x0000, 0x0000, 0x0000, 0x0000, 0x0000,
    0x0000, 0x0000, 0x0000, 0x0000, 0x0000, 0x0000, 0x0000, 0x0000, 0x0000, 0x0000, 0x0000, 0x0000,
};
const uint16_t Outfit_13px_Light_100_e3e3e3_Uppercase_V[] = {
    0x0000, 0x0000, 0x0000, 0x0000, 0x0000, 0x0000, 0x0000, 0x0000, 0x0000, 0x0000, 0x0000, 0x0000, 0x0000, 0x0000, 0x0000,
    0x0000, 0x0000, 0x0000, 0x0000, 0x0000, 0x0000, 0x0000, 0x0000, 0x0000, 0x0000, 0x0000, 0x0000, 0x0000, 0x0000, 0x0000,
    0x0000, 0x0000, 0x0000, 0x0000, 0x0000, 0x0000, 0x0000, 0x0000, 0x0000, 0x0000, 0x0000, 0x0000, 0x0000, 0x0000, 0x0000,
    0x0000, 0x630C, 0x2945, 0x0000, 0x0000, 0x0000, 0x0000, 0x0000, 0x0000, 0x0000, 0x0000, 0x0000, 0x528A, 0x5ACB, 0x0000,
    0x2104, 0xDEFB, 0x8410, 0x0000, 0x0000, 0x0000, 0x0000, 0x0000, 0x0000, 0x0000, 0x0000, 0x18C3, 0xD69A, 0x9492, 0x18E3,
    0x0000, 0x9CD3, 0xD69A, 0x10A2, 0x0000, 0x0000, 0x0000, 0x0000, 0x0000, 0x0000, 0x0000, 0x5AEB, 0xE71C, 0x39E7, 0x0000,
    0x0000, 0x4A49, 0xE71C, 0x52AA, 0x0000, 0x0000, 0x0000, 0x0000, 0x0000, 0x0000, 0x0000, 0xAD75, 0xBDF7, 0x0000, 0x0000,
    0x0000, 0x10A2, 0xC638, 0xA534, 0x0000, 0x0000, 0x0000, 0x0000, 0x0000, 0x0000, 0x3186, 0xE71C, 0x6B4D, 0x0000, 0x0000,
    0x0000, 0x0000, 0x73AE, 0xE71C, 0x2945, 0x0000, 0x0000, 0x0000, 0x0000, 0x0000, 0x8410, 0xDEFB, 0x2104, 0x0000, 0x0000,
    0x0000, 0x0000, 0x2945, 0xE71C, 0x7BCF, 0x0000, 0x0000, 0x0000, 0x0000, 0x10A2, 0xCE79, 0x94B2, 0x0000, 0x0000, 0x0000,
    0x0000, 0x0000, 0x0000, 0xA514, 0xCE59, 0x10A2, 0x0000, 0x0000, 0x0000, 0x52AA, 0xE71C, 0x4228, 0x0000, 0x0000, 0x0000,
    0x0000, 0x0000, 0x0000, 0x528A, 0xE71C, 0x4A69, 0x0000, 0x0000, 0x0000, 0xA534, 0xC618, 0x0000, 0x0000, 0x0000, 0x0000,
    0x0000, 0x0000, 0x0000, 0x10A2, 0xCE79, 0x9CF3, 0x0000, 0x0000, 0x2945, 0xE71C, 0x738E, 0x0000, 0x0000, 0x0000, 0x0000,
    0x0000, 0x0000, 0x0000, 0x0000, 0x7BEF, 0xDEFB, 0x2104, 0x0000, 0x7BCF, 0xDEFB, 0x2104, 0x0000, 0x0000, 0x0000, 0x0000,
    0x0000, 0x0000, 0x0000, 0x0000, 0x2965, 0xE71C, 0x738E, 0x10A2, 0xCE59, 0x9CF3, 0x0000, 0x0000, 0x0000, 0x0000, 0x0000,
    0x0000, 0x0000, 0x0000, 0x0000, 0x0000, 0xAD75, 0xC618, 0x4A69, 0xE71C, 0x4A49, 0x0000, 0x0000, 0x0000, 0x0000, 0x0000,
    0x0000, 0x0000, 0x0000, 0x0000, 0x0000, 0x5ACB, 0xE71C, 0xD69A, 0xC638, 0x10A2, 0x0000, 0x0000, 0x0000, 0x0000, 0x0000,
    0x0000, 0x0000, 0x0000, 0x0000, 0x0000, 0x18C3, 0xE71C, 0xE71C, 0x73AE, 0x0000, 0x0000, 0x0000, 0x0000, 0x0000, 0x0000,
    0x0000, 0x0000, 0x0000, 0x0000, 0x0000, 0x0000, 0x94B2, 0xE71C, 0x2124, 0x0000, 0x0000, 0x0000, 0x0000, 0x0000, 0x0000,
    0x0000, 0x0000, 0x0000, 0x0000, 0x0000, 0x0000, 0x0000, 0x0000, 0x0000, 0x0000, 0x0000, 0x0000, 0x0000, 0x0000, 0x0000,
    0x0000, 0x0000, 0x0000, 0x0000, 0x0000, 0x0000, 0x0000, 0x0000, 0x0000, 0x0000, 0x0000, 0x0000, 0x0000, 0x0000, 0x0000,
    0x0000, 0x0000, 0x0000, 0x0000, 0x0000, 0x0000, 0x0000, 0x0000, 0x0000, 0x0000, 0x0000, 0x0000, 0x0000, 0x0000, 0x0000,
    0x0000, 0x0000, 0x0000, 0x0000, 0x0000, 0x0000, 0x0000, 0x0000, 0x0000, 0x0000, 0x0000, 0x0000, 0x0000, 0x0000, 0x0000,
    0x0000, 0x0000, 0x0000, 0x0000, 0x0000, 0x0000, 0x0000, 0x0000, 0x0000, 0x0000, 0x0000, 0x0000, 0x0000, 0x0000, 0x0000,
};
const uint16_t Outfit_13px_Light_100_e3e3e3_Uppercase_W[] = {
    0x0000, 0x0000, 0x0000, 0x0000, 0x0000, 0x0000, 0x0000, 0x0000, 0x0000, 0x0000, 0x0000, 0x0000, 0x0000, 0x0000, 0x0000, 0x0000, 0x0000, 0x0000, 0x0000, 0x0000, 0x0000, 0x0000,
    0x0000, 0x0000, 0x0000, 0x0000, 0x0000, 0x0000, 0x0000, 0x0000, 0x0000, 0x0000, 0x0000, 0x0000, 0x0000, 0x0000, 0x0000, 0x0000, 0x0000, 0x0000, 0x0000, 0x0000, 0x0000, 0x0000,
    0x0000, 0x0000, 0x0000, 0x0000, 0x0000, 0x0000, 0x0000, 0x0000, 0x0000, 0x0000, 0x0000, 0x0000, 0x0000, 0x0000, 0x0000, 0x0000, 0x0000, 0x0000, 0x0000, 0x0000, 0x0000, 0x0000,
    0x0000, 0x630C, 0x2945, 0x0000, 0x0000, 0x0000, 0x0000, 0x0000, 0x0000, 0x10A2, 0x6B6D, 0x39E7, 0x0000, 0x0000, 0x0000, 0x0000, 0x0000, 0x0000, 0x0000, 0x5AEB, 0x528A, 0x0000,
    0x18E3, 0xE71C, 0x738E, 0x0000, 0x0000, 0x0000, 0x0000, 0x0000, 0x0000, 0x39E7, 0xE71C, 0xA514, 0x0000, 0x0000, 0x0000, 0x0000, 0x0000, 0x0000, 0x18C3, 0xDEDB, 0x7BEF, 0x0000,
    0x0000, 0xAD75, 0xB5B6, 0x0000, 0x0000, 0x0000, 0x0000, 0x0000, 0x0000, 0x7BEF, 0xE71C, 0xDEFB, 0x18C3, 0x0000, 0x0000, 0x0000, 0x0000, 0x0000, 0x528A, 0xE71C, 0x39E7, 0x0000,
    0x0000, 0x6B4D, 0xE71C, 0x2124, 0x0000, 0x0000, 0x0000, 0x0000, 0x0000, 0xC618, 0xC618, 0xE71C, 0x4A69, 0x0000, 0x0000, 0x0000, 0x0000, 0x0000, 0x9492, 0xCE59, 0x0000, 0x0000,
    0x0000, 0x2945, 0xE71C, 0x632C, 0x0000, 0x0000, 0x0000, 0x0000, 0x3186, 0xE71C, 0x5ACB, 0xCE59, 0x8C71, 0x0000, 0x0000, 0x0000, 0x0000, 0x10A2, 0xD69A, 0x8C51, 0x0000, 0x0000,
    0x0000, 0x0000, 0xB5B6, 0xA534, 0x0000, 0x0000, 0x0000, 0x0000, 0x738E, 0xDEFB, 0x18E3, 0x8C51, 0xCE79, 0x10A2, 0x0000, 0x0000, 0x0000, 0x4228, 0xE71C, 0x4228, 0x0000, 0x0000,
    0x0000, 0x0000, 0x738E, 0xDEFB, 0x18E3, 0x0000, 0x0000, 0x0000, 0xB596, 0xA534, 0x0000, 0x4228, 0xE71C, 0x4208, 0x0000, 0x0000, 0x0000, 0x8430, 0xD69A, 0x10A2, 0x0000, 0x0000,
    0x0000, 0x0000, 0x3186, 0xE71C, 0x52AA, 0x0000, 0x0000, 0x2124, 0xE71C, 0x632C, 0x0000, 0x10A2, 0xD6BA, 0x8410, 0x0000, 0x0000, 0x0000, 0xC638, 0x9492, 0x0000, 0x0000, 0x0000,
    0x0000, 0x0000, 0x0000, 0xBDF7, 0x9CD3, 0x0000, 0x0000, 0x630C, 0xE71C, 0x2124, 0x0000, 0x0000, 0x94B2, 0xC618, 0x0000, 0x0000, 0x39C7, 0xE71C, 0x528A, 0x0000, 0x0000, 0x0000,
    0x0000, 0x0000, 0x0000, 0x7BEF, 0xD6BA, 0x10A2, 0x0000, 0xA534, 0xB5B6, 0x0000, 0x0000, 0x0000, 0x52AA, 0xE71C, 0x31A6, 0x0000, 0x7BCF, 0xDEDB, 0x18C3, 0x0000, 0x0000, 0x0000,
    0x0000, 0x0000, 0x0000, 0x39C7, 0xE71C, 0x4A49, 0x18C3, 0xDEFB, 0x73AE, 0x0000, 0x0000, 0x0000, 0x18C3, 0xDEFB, 0x73AE, 0x0000, 0xBDD7, 0x9CF3, 0x0000, 0x0000, 0x0000, 0x0000,
    0x0000, 0x0000, 0x0000, 0x0000, 0xCE59, 0x8C51, 0x52AA, 0xE71C, 0x31A6, 0x0000, 0x0000, 0x0000, 0x0000, 0xA514, 0xB5B6, 0x2945, 0xE71C, 0x5ACB, 0x0000, 0x0000, 0x0000, 0x0000,
    0x0000, 0x0000, 0x0000, 0x0000, 0x8430, 0xCE59, 0x94B2, 0xC638, 0x0000, 0x0000, 0x0000, 0x0000, 0x0000, 0x630C, 0xE71C, 0x8410, 0xDEFB, 0x18E3, 0x0000, 0x0000, 0x0000, 0x0000,
    0x0000, 0x0000, 0x0000, 0x0000, 0x4228, 0xE71C, 0xE71C, 0x8410, 0x0000, 0x0000, 0x0000, 0x0000, 0x0000, 0x2124, 0xE71C, 0xE71C, 0xA534, 0x0000, 0x0000, 0x0000, 0x0000, 0x0000,
    0x0000, 0x0000, 0x0000, 0x0000, 0x10A2, 0xE71C, 0xE71C, 0x4208, 0x0000, 0x0000, 0x0000, 0x0000, 0x0000, 0x0000, 0xBDF7, 0xE71C, 0x632C, 0x0000, 0x0000, 0x0000, 0x0000, 0x0000,
    0x0000, 0x0000, 0x0000, 0x0000, 0x0000, 0xA534, 0xDEFB, 0x10A2, 0x0000, 0x0000, 0x0000, 0x0000, 0x0000, 0x0000, 0x7BCF, 0xE71C, 0x2124, 0x0000, 0x0000, 0x0000, 0x0000, 0x0000,
    0x0000, 0x0000, 0x0000, 0x0000, 0x0000, 0x0000, 0x0000, 0x0000, 0x0000, 0x0000, 0x0000, 0x0000, 0x0000, 0x0000, 0x0000, 0x0000, 0x0000, 0x0000, 0x0000, 0x0000, 0x0000, 0x0000,
    0x0000, 0x0000, 0x0000, 0x0000, 0x0000, 0x0000, 0x0000, 0x0000, 0x0000, 0x0000, 0x0000, 0x0000, 0x0000, 0x0000, 0x0000, 0x0000, 0x0000, 0x0000, 0x0000, 0x0000, 0x0000, 0x0000,
    0x0000, 0x0000, 0x0000, 0x0000, 0x0000, 0x0000, 0x0000, 0x0000, 0x0000, 0x0000, 0x0000, 0x0000, 0x0000, 0x0000, 0x0000, 0x0000, 0x0000, 0x0000, 0x0000, 0x0000, 0x0000, 0x0000,
    0x0000, 0x0000, 0x0000, 0x0000, 0x0000, 0x0000, 0x0000, 0x0000, 0x0000, 0x0000, 0x0000, 0x0000, 0x0000, 0x0000, 0x0000, 0x0000, 0x0000, 0x0000, 0x0000, 0x0000, 0x0000, 0x0000,
    0x0000, 0x0000, 0x0000, 0x0000, 0x0000, 0x0000, 0x0000, 0x0000, 0x0000, 0x0000, 0x0000, 0x0000, 0x0000, 0x0000, 0x0000, 0x0000, 0x0000, 0x0000, 0x0000, 0x0000, 0x0000, 0x0000,
};
const uint16_t Outfit_13px_Light_100_e3e3e3_Uppercase_X[] = {
    0x0000, 0x0000, 0x0000, 0x0000, 0x0000, 0x0000, 0x0000, 0x0000, 0x0000, 0x0000, 0x0000, 0x0000, 0x0000,
    0x0000, 0x0000, 0x0000, 0x0000, 0x0000, 0x0000, 0x0000, 0x0000, 0x0000, 0x0000, 0x0000, 0x0000, 0x0000,
    0x0000, 0x0000, 0x0000, 0x0000, 0x0000, 0x0000, 0x0000, 0x0000, 0x0000, 0x0000, 0x0000, 0x0000, 0x0000,
    0x4A69, 0x528A, 0x0000, 0x0000, 0x0000, 0x0000, 0x0000, 0x0000, 0x0000, 0x0000, 0x0000, 0x630C, 0x5ACB,
    0x9CF3, 0xDEFB, 0x4208, 0x0000, 0x0000, 0x0000, 0x0000, 0x0000, 0x0000, 0x0000, 0x630C, 0xE71C, 0x738E,
    0x18E3, 0xC618, 0xCE79, 0x2124, 0x0000, 0x0000, 0x0000, 0x0000, 0x0000, 0x31A6, 0xDEDB, 0xA534, 0x10A2,
    0x0000, 0x31A6, 0xDEDB, 0xAD75, 0x10A2, 0x0000, 0x0000, 0x0000, 0x18E3, 0xC618, 0xC638, 0x2104, 0x0000,
    0x0000, 0x0000, 0x5ACB, 0xE71C, 0x8410, 0x0000, 0x0000, 0x0000, 0x9CD3, 0xDEFB, 0x39C7, 0x0000, 0x0000,
    0x0000, 0x0000, 0x0000, 0x8C51, 0xE71C, 0x528A, 0x0000, 0x632C, 0xE71C, 0x632C, 0x0000, 0x0000, 0x0000,
    0x0000, 0x0000, 0x0000, 0x10A2, 0xB596, 0xD6BA, 0x5ACB, 0xDEFB, 0x94B2, 0x0000, 0x0000, 0x0000, 0x0000,
    0x0000, 0x0000, 0x0000, 0x0000, 0x2124, 0xE71C, 0xE71C, 0xCE79, 0x18C3, 0x0000, 0x0000, 0x0000, 0x0000,
    0x0000, 0x0000, 0x0000, 0x0000, 0x10A2, 0xE71C, 0xE71C, 0xC638, 0x10A2, 0x0000, 0x0000, 0x0000, 0x0000,
    0x0000, 0x0000, 0x0000, 0x0000, 0x8C51, 0xE71C, 0x9492, 0xE71C, 0x73AE, 0x0000, 0x0000, 0x0000, 0x0000,
    0x0000, 0x0000, 0x0000, 0x5AEB, 0xE71C, 0x738E, 0x0000, 0x9492, 0xE71C, 0x4228, 0x0000, 0x0000, 0x0000,
    0x0000, 0x0000, 0x39C7, 0xDEFB, 0x9CF3, 0x0000, 0x0000, 0x18C3, 0xBDF7, 0xCE79, 0x2124, 0x0000, 0x0000,
    0x0000, 0x2104, 0xC638, 0xC638, 0x18E3, 0x0000, 0x0000, 0x0000, 0x31A6, 0xDEDB, 0xAD75, 0x10A2, 0x0000,
    0x10A2, 0xA534, 0xDEDB, 0x31A6, 0x0000, 0x0000, 0x0000, 0x0000, 0x0000, 0x5AEB, 0xE71C, 0x7BEF, 0x0000,
    0x7BCF, 0xE71C, 0x5AEB, 0x0000, 0x0000, 0x0000, 0x0000, 0x0000, 0x0000, 0x0000, 0x9492, 0xE71C, 0x4A69,
    0xE71C, 0x8C51, 0x0000, 0x0000, 0x0000, 0x0000, 0x0000, 0x0000, 0x0000, 0x0000, 0x18C3, 0xBDF7, 0xBDF7,
    0x0000, 0x0000, 0x0000, 0x0000, 0x0000, 0x0000, 0x0000, 0x0000, 0x0000, 0x0000, 0x0000, 0x0000, 0x0000,
    0x0000, 0x0000, 0x0000, 0x0000, 0x0000, 0x0000, 0x0000, 0x0000, 0x0000, 0x0000, 0x0000, 0x0000, 0x0000,
    0x0000, 0x0000, 0x0000, 0x0000, 0x0000, 0x0000, 0x0000, 0x0000, 0x0000, 0x0000, 0x0000, 0x0000, 0x0000,
    0x0000, 0x0000, 0x0000, 0x0000, 0x0000, 0x0000, 0x0000, 0x0000, 0x0000, 0x0000, 0x0000, 0x0000, 0x0000,
    0x0000, 0x0000, 0x0000, 0x0000, 0x0000, 0x0000, 0x0000, 0x0000, 0x0000, 0x0000, 0x0000, 0x0000, 0x0000,
};
const uint16_t Outfit_13px_Light_100_e3e3e3_Uppercase_Y[] = {
    0x0000, 0x0000, 0x0000, 0x0000, 0x0000, 0x0000, 0x0000, 0x0000, 0x0000, 0x0000, 0x0000, 0x0000, 0x0000, 0x0000,
    0x0000, 0x0000, 0x0000, 0x0000, 0x0000, 0x0000, 0x0000, 0x0000, 0x0000, 0x0000, 0x0000, 0x0000, 0x0000, 0x0000,
    0x0000, 0x0000, 0x0000, 0x0000, 0x0000, 0x0000, 0x0000, 0x0000, 0x0000, 0x0000, 0x0000, 0x0000, 0x0000, 0x0000,
    0x10A2, 0x632C, 0x31A6, 0x0000, 0x0000, 0x0000, 0x0000, 0x0000, 0x0000, 0x0000, 0x0000, 0x18E3, 0x738E, 0x39E7,
    0x18E3, 0xCE79, 0xC618, 0x18C3, 0x0000, 0x0000, 0x0000, 0x0000, 0x0000, 0x0000, 0x0000, 0x9492, 0xDEFB, 0x39E7,
    0x0000, 0x4A69, 0xE71C, 0x8C71, 0x0000, 0x0000, 0x0000, 0x0000, 0x0000, 0x0000, 0x52AA, 0xE71C, 0x73AE, 0x0000,
    0x0000, 0x0000, 0x8C51, 0xE71C, 0x4A69, 0x0000, 0x0000, 0x0000, 0x0000, 0x2945, 0xD6BA, 0xB596, 0x10A2, 0x0000,
    0x0000, 0x0000, 0x18C3, 0xC618, 0xCE79, 0x2104, 0x0000, 0x0000, 0x10A2, 0xAD75, 0xD6BA, 0x2945, 0x0000, 0x0000,
    0x0000, 0x0000, 0x0000, 0x39C7, 0xDEFB, 0xA514, 0x0000, 0x0000, 0x738E, 0xE71C, 0x5AEB, 0x0000, 0x0000, 0x0000,
    0x0000, 0x0000, 0x0000, 0x0000, 0x738E, 0xE71C, 0x632C, 0x39C7, 0xDEFB, 0x9CD3, 0x0000, 0x0000, 0x0000, 0x0000,
    0x0000, 0x0000, 0x0000, 0x0000, 0x10A2, 0xAD75, 0xE71C, 0xDEFB, 0xCE59, 0x18E3, 0x0000, 0x0000, 0x0000, 0x0000,
    0x0000, 0x0000, 0x0000, 0x0000, 0x0000, 0x2945, 0xE71C, 0xE71C, 0x4228, 0x0000, 0x0000, 0x0000, 0x0000, 0x0000,
    0x0000, 0x0000, 0x0000, 0x0000, 0x0000, 0x0000, 0xC638, 0xE71C, 0x0000, 0x0000, 0x0000, 0x0000, 0x0000, 0x0000,
    0x0000, 0x0000, 0x0000, 0x0000, 0x0000, 0x0000, 0x8410, 0xB596, 0x0000, 0x0000, 0x0000, 0x0000, 0x0000, 0x0000,
    0x0000, 0x0000, 0x0000, 0x0000, 0x0000, 0x0000, 0x8410, 0xB596, 0x0000, 0x0000, 0x0000, 0x0000, 0x0000, 0x0000,
    0x0000, 0x0000, 0x0000, 0x0000, 0x0000, 0x0000, 0x8410, 0xB596, 0x0000, 0x0000, 0x0000, 0x0000, 0x0000, 0x0000,
    0x0000, 0x0000, 0x0000, 0x0000, 0x0000, 0x0000, 0x8410, 0xB596, 0x0000, 0x0000, 0x0000, 0x0000, 0x0000, 0x0000,
    0x0000, 0x0000, 0x0000, 0x0000, 0x0000, 0x0000, 0x8410, 0xB596, 0x0000, 0x0000, 0x0000, 0x0000, 0x0000, 0x0000,
    0x0000, 0x0000, 0x0000, 0x0000, 0x0000, 0x0000, 0x738E, 0x9CF3, 0x0000, 0x0000, 0x0000, 0x0000, 0x0000, 0x0000,
    0x0000, 0x0000, 0x0000, 0x0000, 0x0000, 0x0000, 0x0000, 0x0000, 0x0000, 0x0000, 0x0000, 0x0000, 0x0000, 0x0000,
    0x0000, 0x0000, 0x0000, 0x0000, 0x0000, 0x0000, 0x0000, 0x0000, 0x0000, 0x0000, 0x0000, 0x0000, 0x0000, 0x0000,
    0x0000, 0x0000, 0x0000, 0x0000, 0x0000, 0x0000, 0x0000, 0x0000, 0x0000, 0x0000, 0x0000, 0x0000, 0x0000, 0x0000,
    0x0000, 0x0000, 0x0000, 0x0000, 0x0000, 0x0000, 0x0000, 0x0000, 0x0000, 0x0000, 0x0000, 0x0000, 0x0000, 0x0000,
    0x0000, 0x0000, 0x0000, 0x0000, 0x0000, 0x0000, 0x0000, 0x0000, 0x0000, 0x0000, 0x0000, 0x0000, 0x0000, 0x0000,
};
const uint16_t Outfit_13px_Light_100_e3e3e3_Uppercase_Z[] = {
    0x0000, 0x0000, 0x0000, 0x0000, 0x0000, 0x0000, 0x0000, 0x0000, 0x0000, 0x0000, 0x0000, 0x0000,
    0x0000, 0x0000, 0x0000, 0x0000, 0x0000, 0x0000, 0x0000, 0x0000, 0x0000, 0x0000, 0x0000, 0x0000,
    0x0000, 0x0000, 0x0000, 0x0000, 0x0000, 0x0000, 0x0000, 0x0000, 0x0000, 0x0000, 0x0000, 0x0000,
    0x10A2, 0x6B4D, 0x738E, 0x738E, 0x738E, 0x738E, 0x738E, 0x738E, 0x738E, 0x73AE, 0x7BEF, 0x18C3,
    0x4228, 0xB596, 0xB596, 0xB596, 0xB596, 0xB596, 0xB596, 0xB596, 0xB5B6, 0xE71C, 0xE71C, 0x2104,
    0x0000, 0x0000, 0x0000, 0x0000, 0x0000, 0x0000, 0x0000, 0x0000, 0x632C, 0xE71C, 0x6B4D, 0x0000,
    0x0000, 0x0000, 0x0000, 0x0000, 0x0000, 0x0000, 0x0000, 0x2945, 0xDEDB, 0xAD75, 0x10A2, 0x0000,
    0x0000, 0x0000, 0x0000, 0x0000, 0x0000, 0x0000, 0x0000, 0xA534, 0xDEDB, 0x2965, 0x0000, 0x0000,
    0x0000, 0x0000, 0x0000, 0x0000, 0x0000, 0x0000, 0x630C, 0xE71C, 0x6B6D, 0x0000, 0x0000, 0x0000,
    0x0000, 0x0000, 0x0000, 0x0000, 0x0000, 0x2124, 0xD6BA, 0xB596, 0x10A2, 0x0000, 0x0000, 0x0000,
    0x0000, 0x0000, 0x0000, 0x0000, 0x0000, 0xA514, 0xDEFB, 0x3186, 0x0000, 0x0000, 0x0000, 0x0000,
    0x0000, 0x0000, 0x0000, 0x0000, 0x5AEB, 0xE71C, 0x738E, 0x0000, 0x0000, 0x0000, 0x0000, 0x0000,
    0x0000, 0x0000, 0x0000, 0x2124, 0xD69A, 0xB5B6, 0x10A2, 0x0000, 0x0000, 0x0000, 0x0000, 0x0000,
    0x0000, 0x0000, 0x0000, 0x9CF3, 0xDEFB, 0x31A6, 0x0000, 0x0000, 0x0000, 0x0000, 0x0000, 0x0000,
    0x0000, 0x0000, 0x5ACB, 0xE71C, 0x73AE, 0x0000, 0x0000, 0x0000, 0x0000, 0x0000, 0x0000, 0x0000,
    0x0000, 0x2104, 0xD69A, 0xBDD7, 0x10A2, 0x0000, 0x0000, 0x0000, 0x0000, 0x0000, 0x0000, 0x0000,
    0x0000, 0x9CD3, 0xDEFB, 0x39C7, 0x0000, 0x0000, 0x0000, 0x0000, 0x0000, 0x0000, 0x0000, 0x0000,
    0x630C, 0xE71C, 0xAD55, 0x4208, 0x4208, 0x4208, 0x4208, 0x4208, 0x4208, 0x4208, 0x2124, 0x0000,
    0xCE59, 0xE71C, 0xE71C, 0xE71C, 0xE71C, 0xE71C, 0xE71C, 0xE71C, 0xE71C, 0xE71C, 0xC618, 0x0000,
    0x0000, 0x0000, 0x0000, 0x0000, 0x0000, 0x0000, 0x0000, 0x0000, 0x0000, 0x0000, 0x0000, 0x0000,
    0x0000, 0x0000, 0x0000, 0x0000, 0x0000, 0x0000, 0x0000, 0x0000, 0x0000, 0x0000, 0x0000, 0x0000,
    0x0000, 0x0000, 0x0000, 0x0000, 0x0000, 0x0000, 0x0000, 0x0000, 0x0000, 0x0000, 0x0000, 0x0000,
    0x0000, 0x0000, 0x0000, 0x0000, 0x0000, 0x0000, 0x0000, 0x0000, 0x0000, 0x0000, 0x0000, 0x0000,
    0x0000, 0x0000, 0x0000, 0x0000, 0x0000, 0x0000, 0x0000, 0x0000, 0x0000, 0x0000, 0x0000, 0x0000,
};

// Dimensions

#define OUTFIT_13PX_LIGHT_100_E3E3E3_LOWERCASE_A_WIDTH 12
#define OUTFIT_13PX_LIGHT_100_E3E3E3_LOWERCASE_A_HEIGHT 24
#define OUTFIT_13PX_LIGHT_100_E3E3E3_LOWERCASE_AUML_WIDTH 12
#define OUTFIT_13PX_LIGHT_100_E3E3E3_LOWERCASE_AUML_HEIGHT 24
#define OUTFIT_13PX_LIGHT_100_E3E3E3_LOWERCASE_B_WIDTH 12
#define OUTFIT_13PX_LIGHT_100_E3E3E3_LOWERCASE_B_HEIGHT 24
#define OUTFIT_13PX_LIGHT_100_E3E3E3_LOWERCASE_C_WIDTH 11
#define OUTFIT_13PX_LIGHT_100_E3E3E3_LOWERCASE_C_HEIGHT 24
#define OUTFIT_13PX_LIGHT_100_E3E3E3_LOWERCASE_D_WIDTH 11
#define OUTFIT_13PX_LIGHT_100_E3E3E3_LOWERCASE_D_HEIGHT 24
#define OUTFIT_13PX_LIGHT_100_E3E3E3_LOWERCASE_E_WIDTH 11
#define OUTFIT_13PX_LIGHT_100_E3E3E3_LOWERCASE_E_HEIGHT 24
#define OUTFIT_13PX_LIGHT_100_E3E3E3_LOWERCASE_F_WIDTH 10
#define OUTFIT_13PX_LIGHT_100_E3E3E3_LOWERCASE_F_HEIGHT 24
#define OUTFIT_13PX_LIGHT_100_E3E3E3_LOWERCASE_G_WIDTH 12
#define OUTFIT_13PX_LIGHT_100_E3E3E3_LOWERCASE_G_HEIGHT 24
#define OUTFIT_13PX_LIGHT_100_E3E3E3_LOWERCASE_H_WIDTH 10
#define OUTFIT_13PX_LIGHT_100_E3E3E3_LOWERCASE_H_HEIGHT 24
#define OUTFIT_13PX_LIGHT_100_E3E3E3_LOWERCASE_I_WIDTH 3
#define OUTFIT_13PX_LIGHT_100_E3E3E3_LOWERCASE_I_HEIGHT 24
#define OUTFIT_13PX_LIGHT_100_E3E3E3_LOWERCASE_J_WIDTH 7
#define OUTFIT_13PX_LIGHT_100_E3E3E3_LOWERCASE_J_HEIGHT 24
#define OUTFIT_13PX_LIGHT_100_E3E3E3_LOWERCASE_K_WIDTH 9
#define OUTFIT_13PX_LIGHT_100_E3E3E3_LOWERCASE_K_HEIGHT 24
#define OUTFIT_13PX_LIGHT_100_E3E3E3_LOWERCASE_L_WIDTH 2
#define OUTFIT_13PX_LIGHT_100_E3E3E3_LOWERCASE_L_HEIGHT 24
#define OUTFIT_13PX_LIGHT_100_E3E3E3_LOWERCASE_M_WIDTH 16
#define OUTFIT_13PX_LIGHT_100_E3E3E3_LOWERCASE_M_HEIGHT 24
#define OUTFIT_13PX_LIGHT_100_E3E3E3_LOWERCASE_N_WIDTH 11
#define OUTFIT_13PX_LIGHT_100_E3E3E3_LOWERCASE_N_HEIGHT 24
#define OUTFIT_13PX_LIGHT_100_E3E3E3_LOWERCASE_O_WIDTH 12
#define OUTFIT_13PX_LIGHT_100_E3E3E3_LOWERCASE_O_HEIGHT 24
#define OUTFIT_13PX_LIGHT_100_E3E3E3_LOWERCASE_OUML_WIDTH 12
#define OUTFIT_13PX_LIGHT_100_E3E3E3_LOWERCASE_OUML_HEIGHT 24
#define OUTFIT_13PX_LIGHT_100_E3E3E3_LOWERCASE_P_WIDTH 12
#define OUTFIT_13PX_LIGHT_100_E3E3E3_LOWERCASE_P_HEIGHT 24
#define OUTFIT_13PX_LIGHT_100_E3E3E3_LOWERCASE_Q_WIDTH 12
#define OUTFIT_13PX_LIGHT_100_E3E3E3_LOWERCASE_Q_HEIGHT 24
#define OUTFIT_13PX_LIGHT_100_E3E3E3_LOWERCASE_R_WIDTH 8
#define OUTFIT_13PX_LIGHT_100_E3E3E3_LOWERCASE_R_HEIGHT 24
#define OUTFIT_13PX_LIGHT_100_E3E3E3_LOWERCASE_S_WIDTH 8
#define OUTFIT_13PX_LIGHT_100_E3E3E3_LOWERCASE_S_HEIGHT 24
#define OUTFIT_13PX_LIGHT_100_E3E3E3_LOWERCASE_SZLIG_WIDTH 11
#define OUTFIT_13PX_LIGHT_100_E3E3E3_LOWERCASE_SZLIG_HEIGHT 24
#define OUTFIT_13PX_LIGHT_100_E3E3E3_LOWERCASE_T_WIDTH 8
#define OUTFIT_13PX_LIGHT_100_E3E3E3_LOWERCASE_T_HEIGHT 24
#define OUTFIT_13PX_LIGHT_100_E3E3E3_LOWERCASE_U_WIDTH 10
#define OUTFIT_13PX_LIGHT_100_E3E3E3_LOWERCASE_U_HEIGHT 24
#define OUTFIT_13PX_LIGHT_100_E3E3E3_LOWERCASE_UUML_WIDTH 10
#define OUTFIT_13PX_LIGHT_100_E3E3E3_LOWERCASE_UUML_HEIGHT 24
#define OUTFIT_13PX_LIGHT_100_E3E3E3_LOWERCASE_V_WIDTH 11
#define OUTFIT_13PX_LIGHT_100_E3E3E3_LOWERCASE_V_HEIGHT 24
#define OUTFIT_13PX_LIGHT_100_E3E3E3_LOWERCASE_W_WIDTH 16
#define OUTFIT_13PX_LIGHT_100_E3E3E3_LOWERCASE_W_HEIGHT 24
#define OUTFIT_13PX_LIGHT_100_E3E3E3_LOWERCASE_X_WIDTH 11
#define OUTFIT_13PX_LIGHT_100_E3E3E3_LOWERCASE_X_HEIGHT 24
#define OUTFIT_13PX_LIGHT_100_E3E3E3_LOWERCASE_Y_WIDTH 11
#define OUTFIT_13PX_LIGHT_100_E3E3E3_LOWERCASE_Y_HEIGHT 24
#define OUTFIT_13PX_LIGHT_100_E3E3E3_LOWERCASE_Z_WIDTH 9
#define OUTFIT_13PX_LIGHT_100_E3E3E3_LOWERCASE_Z_HEIGHT 24
#define OUTFIT_13PX_LIGHT_100_E3E3E3_NUMBER_0_WIDTH 13
#define OUTFIT_13PX_LIGHT_100_E3E3E3_NUMBER_0_HEIGHT 24
#define OUTFIT_13PX_LIGHT_100_E3E3E3_NUMBER_1_WIDTH 5
#define OUTFIT_13PX_LIGHT_100_E3E3E3_NUMBER_1_HEIGHT 24
#define OUTFIT_13PX_LIGHT_100_E3E3E3_NUMBER_2_WIDTH 11
#define OUTFIT_13PX_LIGHT_100_E3E3E3_NUMBER_2_HEIGHT 24
#define OUTFIT_13PX_LIGHT_100_E3E3E3_NUMBER_3_WIDTH 10
#define OUTFIT_13PX_LIGHT_100_E3E3E3_NUMBER_3_HEIGHT 24
#define OUTFIT_13PX_LIGHT_100_E3E3E3_NUMBER_4_WIDTH 13
#define OUTFIT_13PX_LIGHT_100_E3E3E3_NUMBER_4_HEIGHT 24
#define OUTFIT_13PX_LIGHT_100_E3E3E3_NUMBER_5_WIDTH 11
#define OUTFIT_13PX_LIGHT_100_E3E3E3_NUMBER_5_HEIGHT 24
#define OUTFIT_13PX_LIGHT_100_E3E3E3_NUMBER_6_WIDTH 11
#define OUTFIT_13PX_LIGHT_100_E3E3E3_NUMBER_6_HEIGHT 24
#define OUTFIT_13PX_LIGHT_100_E3E3E3_NUMBER_7_WIDTH 11
#define OUTFIT_13PX_LIGHT_100_E3E3E3_NUMBER_7_HEIGHT 24
#define OUTFIT_13PX_LIGHT_100_E3E3E3_NUMBER_8_WIDTH 10
#define OUTFIT_13PX_LIGHT_100_E3E3E3_NUMBER_8_HEIGHT 24
#define OUTFIT_13PX_LIGHT_100_E3E3E3_NUMBER_9_WIDTH 11
#define OUTFIT_13PX_LIGHT_100_E3E3E3_NUMBER_9_HEIGHT 24
#define OUTFIT_13PX_LIGHT_100_E3E3E3_UPPERCASE_A_WIDTH 14
#define OUTFIT_13PX_LIGHT_100_E3E3E3_UPPERCASE_A_HEIGHT 24
#define OUTFIT_13PX_LIGHT_100_E3E3E3_UPPERCASE_AUML_WIDTH 14
#define OUTFIT_13PX_LIGHT_100_E3E3E3_UPPERCASE_AUML_HEIGHT 24
#define OUTFIT_13PX_LIGHT_100_E3E3E3_UPPERCASE_B_WIDTH 12
#define OUTFIT_13PX_LIGHT_100_E3E3E3_UPPERCASE_B_HEIGHT 24
#define OUTFIT_13PX_LIGHT_100_E3E3E3_UPPERCASE_C_WIDTH 15
#define OUTFIT_13PX_LIGHT_100_E3E3E3_UPPERCASE_C_HEIGHT 24
#define OUTFIT_13PX_LIGHT_100_E3E3E3_UPPERCASE_D_WIDTH 15
#define OUTFIT_13PX_LIGHT_100_E3E3E3_UPPERCASE_D_HEIGHT 24
#define OUTFIT_13PX_LIGHT_100_E3E3E3_UPPERCASE_E_WIDTH 11
#define OUTFIT_13PX_LIGHT_100_E3E3E3_UPPERCASE_E_HEIGHT 24
#define OUTFIT_13PX_LIGHT_100_E3E3E3_UPPERCASE_F_WIDTH 11
#define OUTFIT_13PX_LIGHT_100_E3E3E3_UPPERCASE_F_HEIGHT 24
#define OUTFIT_13PX_LIGHT_100_E3E3E3_UPPERCASE_G_WIDTH 15
#define OUTFIT_13PX_LIGHT_100_E3E3E3_UPPERCASE_G_HEIGHT 24
#define OUTFIT_13PX_LIGHT_100_E3E3E3_UPPERCASE_H_WIDTH 13
#define OUTFIT_13PX_LIGHT_100_E3E3E3_UPPERCASE_H_HEIGHT 24
#define OUTFIT_13PX_LIGHT_100_E3E3E3_UPPERCASE_I_WIDTH 3
#define OUTFIT_13PX_LIGHT_100_E3E3E3_UPPERCASE_I_HEIGHT 24
#define OUTFIT_13PX_LIGHT_100_E3E3E3_UPPERCASE_J_WIDTH 10
#define OUTFIT_13PX_LIGHT_100_E3E3E3_UPPERCASE_J_HEIGHT 24
#define OUTFIT_13PX_LIGHT_100_E3E3E3_UPPERCASE_K_WIDTH 13
#define OUTFIT_13PX_LIGHT_100_E3E3E3_UPPERCASE_K_HEIGHT 24
#define OUTFIT_13PX_LIGHT_100_E3E3E3_UPPERCASE_L_WIDTH 11
#define OUTFIT_13PX_LIGHT_100_E3E3E3_UPPERCASE_L_HEIGHT 24
#define OUTFIT_13PX_LIGHT_100_E3E3E3_UPPERCASE_M_WIDTH 16
#define OUTFIT_13PX_LIGHT_100_E3E3E3_UPPERCASE_M_HEIGHT 24
#define OUTFIT_13PX_LIGHT_100_E3E3E3_UPPERCASE_N_WIDTH 12
#define OUTFIT_13PX_LIGHT_100_E3E3E3_UPPERCASE_N_HEIGHT 24
#define OUTFIT_13PX_LIGHT_100_E3E3E3_UPPERCASE_O_WIDTH 16
#define OUTFIT_13PX_LIGHT_100_E3E3E3_UPPERCASE_O_HEIGHT 24
#define OUTFIT_13PX_LIGHT_100_E3E3E3_UPPERCASE_OUML_WIDTH 16
#define OUTFIT_13PX_LIGHT_100_E3E3E3_UPPERCASE_OUML_HEIGHT 24
#define OUTFIT_13PX_LIGHT_100_E3E3E3_UPPERCASE_P_WIDTH 12
#define OUTFIT_13PX_LIGHT_100_E3E3E3_UPPERCASE_P_HEIGHT 24
#define OUTFIT_13PX_LIGHT_100_E3E3E3_UPPERCASE_Q_WIDTH 18
#define OUTFIT_13PX_LIGHT_100_E3E3E3_UPPERCASE_Q_HEIGHT 24
#define OUTFIT_13PX_LIGHT_100_E3E3E3_UPPERCASE_R_WIDTH 12
#define OUTFIT_13PX_LIGHT_100_E3E3E3_UPPERCASE_R_HEIGHT 24
#define OUTFIT_13PX_LIGHT_100_E3E3E3_UPPERCASE_S_WIDTH 11
#define OUTFIT_13PX_LIGHT_100_E3E3E3_UPPERCASE_S_HEIGHT 24
#define OUTFIT_13PX_LIGHT_100_E3E3E3_UPPERCASE_T_WIDTH 13
#define OUTFIT_13PX_LIGHT_100_E3E3E3_UPPERCASE_T_HEIGHT 24
#define OUTFIT_13PX_LIGHT_100_E3E3E3_UPPERCASE_U_WIDTH 12
#define OUTFIT_13PX_LIGHT_100_E3E3E3_UPPERCASE_U_HEIGHT 24
#define OUTFIT_13PX_LIGHT_100_E3E3E3_UPPERCASE_UUML_WIDTH 12
#define OUTFIT_13PX_LIGHT_100_E3E3E3_UPPERCASE_UUML_HEIGHT 24
#define OUTFIT_13PX_LIGHT_100_E3E3E3_UPPERCASE_V_WIDTH 15
#define OUTFIT_13PX_LIGHT_100_E3E3E3_UPPERCASE_V_HEIGHT 24
#define OUTFIT_13PX_LIGHT_100_E3E3E3_UPPERCASE_W_WIDTH 22
#define OUTFIT_13PX_LIGHT_100_E3E3E3_UPPERCASE_W_HEIGHT 24
#define OUTFIT_13PX_LIGHT_100_E3E3E3_UPPERCASE_X_WIDTH 13
#define OUTFIT_13PX_LIGHT_100_E3E3E3_UPPERCASE_X_HEIGHT 24
#define OUTFIT_13PX_LIGHT_100_E3E3E3_UPPERCASE_Y_WIDTH 14
#define OUTFIT_13PX_LIGHT_100_E3E3E3_UPPERCASE_Y_HEIGHT 24
#define OUTFIT_13PX_LIGHT_100_E3E3E3_UPPERCASE_Z_WIDTH 12
#define OUTFIT_13PX_LIGHT_100_E3E3E3_UPPERCASE_Z_HEIGHT 24


// Mapping
const FontGlyph outfit13_glyphs[128] = {
    ['a'] = {
        .data = Outfit_13px_Light_100_e3e3e3_Lowercase_a,
        .width = OUTFIT_13PX_LIGHT_100_E3E3E3_LOWERCASE_A_WIDTH,
        .height = OUTFIT_13PX_LIGHT_100_E3E3E3_LOWERCASE_A_HEIGHT
    },
    ['b'] = {
        .data = Outfit_13px_Light_100_e3e3e3_Lowercase_b,
        .width = OUTFIT_13PX_LIGHT_100_E3E3E3_LOWERCASE_B_WIDTH,
        .height = OUTFIT_13PX_LIGHT_100_E3E3E3_LOWERCASE_B_HEIGHT
    },
    ['c'] = {
        .data = Outfit_13px_Light_100_e3e3e3_Lowercase_c,
        .width = OUTFIT_13PX_LIGHT_100_E3E3E3_LOWERCASE_C_WIDTH,
        .height = OUTFIT_13PX_LIGHT_100_E3E3E3_LOWERCASE_C_HEIGHT
    },
    ['d'] = {
        .data = Outfit_13px_Light_100_e3e3e3_Lowercase_d,
        .width = OUTFIT_13PX_LIGHT_100_E3E3E3_LOWERCASE_D_WIDTH,
        .height = OUTFIT_13PX_LIGHT_100_E3E3E3_LOWERCASE_D_HEIGHT
    },
    ['e'] = {
        .data = Outfit_13px_Light_100_e3e3e3_Lowercase_e,
        .width = OUTFIT_13PX_LIGHT_100_E3E3E3_LOWERCASE_E_WIDTH,
        .height = OUTFIT_13PX_LIGHT_100_E3E3E3_LOWERCASE_E_HEIGHT
    },
    ['f'] = {
        .data = Outfit_13px_Light_100_e3e3e3_Lowercase_f,
        .width = OUTFIT_13PX_LIGHT_100_E3E3E3_LOWERCASE_F_WIDTH,
        .height = OUTFIT_13PX_LIGHT_100_E3E3E3_LOWERCASE_F_HEIGHT
    },
    ['g'] = {
        .data = Outfit_13px_Light_100_e3e3e3_Lowercase_g,
        .width = OUTFIT_13PX_LIGHT_100_E3E3E3_LOWERCASE_G_WIDTH,
        .height = OUTFIT_13PX_LIGHT_100_E3E3E3_LOWERCASE_G_HEIGHT
    },
    ['h'] = {
        .data = Outfit_13px_Light_100_e3e3e3_Lowercase_h,
        .width = OUTFIT_13PX_LIGHT_100_E3E3E3_LOWERCASE_H_WIDTH,
        .height = OUTFIT_13PX_LIGHT_100_E3E3E3_LOWERCASE_H_HEIGHT
    },
    ['i'] = {
        .data = Outfit_13px_Light_100_e3e3e3_Lowercase_i,
        .width = OUTFIT_13PX_LIGHT_100_E3E3E3_LOWERCASE_I_WIDTH,
        .height = OUTFIT_13PX_LIGHT_100_E3E3E3_LOWERCASE_I_HEIGHT
    },
    ['j'] = {
        .data = Outfit_13px_Light_100_e3e3e3_Lowercase_j,
        .width = OUTFIT_13PX_LIGHT_100_E3E3E3_LOWERCASE_J_WIDTH,
        .height = OUTFIT_13PX_LIGHT_100_E3E3E3_LOWERCASE_J_HEIGHT
    },
    ['k'] = {
        .data = Outfit_13px_Light_100_e3e3e3_Lowercase_k,
        .width = OUTFIT_13PX_LIGHT_100_E3E3E3_LOWERCASE_K_WIDTH,
        .height = OUTFIT_13PX_LIGHT_100_E3E3E3_LOWERCASE_K_HEIGHT
    },
    ['l'] = {
        .data = Outfit_13px_Light_100_e3e3e3_Lowercase_l,
        .width = OUTFIT_13PX_LIGHT_100_E3E3E3_LOWERCASE_L_WIDTH,
        .height = OUTFIT_13PX_LIGHT_100_E3E3E3_LOWERCASE_L_HEIGHT
    },
    ['m'] = {
        .data = Outfit_13px_Light_100_e3e3e3_Lowercase_m,
        .width = OUTFIT_13PX_LIGHT_100_E3E3E3_LOWERCASE_M_WIDTH,
        .height = OUTFIT_13PX_LIGHT_100_E3E3E3_LOWERCASE_M_HEIGHT
    },
    ['n'] = {
        .data = Outfit_13px_Light_100_e3e3e3_Lowercase_n,
        .width = OUTFIT_13PX_LIGHT_100_E3E3E3_LOWERCASE_N_WIDTH,
        .height = OUTFIT_13PX_LIGHT_100_E3E3E3_LOWERCASE_N_HEIGHT
    },
    ['o'] = {
        .data = Outfit_13px_Light_100_e3e3e3_Lowercase_o,
        .width = OUTFIT_13PX_LIGHT_100_E3E3E3_LOWERCASE_O_WIDTH,
        .height = OUTFIT_13PX_LIGHT_100_E3E3E3_LOWERCASE_O_HEIGHT
    },
    ['p'] = {
        .data = Outfit_13px_Light_100_e3e3e3_Lowercase_p,
        .width = OUTFIT_13PX_LIGHT_100_E3E3E3_LOWERCASE_P_WIDTH,
        .height = OUTFIT_13PX_LIGHT_100_E3E3E3_LOWERCASE_P_HEIGHT
    },
    ['q'] = {
        .data = Outfit_13px_Light_100_e3e3e3_Lowercase_q,
        .width = OUTFIT_13PX_LIGHT_100_E3E3E3_LOWERCASE_Q_WIDTH,
        .height = OUTFIT_13PX_LIGHT_100_E3E3E3_LOWERCASE_Q_HEIGHT
    },
    ['r'] = {
        .data = Outfit_13px_Light_100_e3e3e3_Lowercase_r,
        .width = OUTFIT_13PX_LIGHT_100_E3E3E3_LOWERCASE_R_WIDTH,
        .height = OUTFIT_13PX_LIGHT_100_E3E3E3_LOWERCASE_R_HEIGHT
    },
    ['s'] = {
        .data = Outfit_13px_Light_100_e3e3e3_Lowercase_s,
        .width = OUTFIT_13PX_LIGHT_100_E3E3E3_LOWERCASE_S_WIDTH,
        .height = OUTFIT_13PX_LIGHT_100_E3E3E3_LOWERCASE_S_HEIGHT
    },
    ['t'] = {
        .data = Outfit_13px_Light_100_e3e3e3_Lowercase_t,
        .width = OUTFIT_13PX_LIGHT_100_E3E3E3_LOWERCASE_T_WIDTH,
        .height = OUTFIT_13PX_LIGHT_100_E3E3E3_LOWERCASE_T_HEIGHT
    },
    ['u'] = {
        .data = Outfit_13px_Light_100_e3e3e3_Lowercase_u,
        .width = OUTFIT_13PX_LIGHT_100_E3E3E3_LOWERCASE_U_WIDTH,
        .height = OUTFIT_13PX_LIGHT_100_E3E3E3_LOWERCASE_U_HEIGHT
    },
    ['v'] = {
        .data = Outfit_13px_Light_100_e3e3e3_Lowercase_v,
        .width = OUTFIT_13PX_LIGHT_100_E3E3E3_LOWERCASE_V_WIDTH,
        .height = OUTFIT_13PX_LIGHT_100_E3E3E3_LOWERCASE_V_HEIGHT
    },
    ['w'] = {
        .data = Outfit_13px_Light_100_e3e3e3_Lowercase_w,
        .width = OUTFIT_13PX_LIGHT_100_E3E3E3_LOWERCASE_W_WIDTH,
        .height = OUTFIT_13PX_LIGHT_100_E3E3E3_LOWERCASE_W_HEIGHT
    },
    ['x'] = {
        .data = Outfit_13px_Light_100_e3e3e3_Lowercase_x,
        .width = OUTFIT_13PX_LIGHT_100_E3E3E3_LOWERCASE_X_WIDTH,
        .height = OUTFIT_13PX_LIGHT_100_E3E3E3_LOWERCASE_X_HEIGHT
    },
    ['y'] = {
        .data = Outfit_13px_Light_100_e3e3e3_Lowercase_y,
        .width = OUTFIT_13PX_LIGHT_100_E3E3E3_LOWERCASE_Y_WIDTH,
        .height = OUTFIT_13PX_LIGHT_100_E3E3E3_LOWERCASE_Y_HEIGHT
    },
    ['z'] = {
        .data = Outfit_13px_Light_100_e3e3e3_Lowercase_z,
        .width = OUTFIT_13PX_LIGHT_100_E3E3E3_LOWERCASE_Z_WIDTH,
        .height = OUTFIT_13PX_LIGHT_100_E3E3E3_LOWERCASE_Z_HEIGHT
    },
    ['0'] = {
        .data = Outfit_13px_Light_100_e3e3e3_Number_0,
        .width = OUTFIT_13PX_LIGHT_100_E3E3E3_NUMBER_0_WIDTH,
        .height = OUTFIT_13PX_LIGHT_100_E3E3E3_NUMBER_0_HEIGHT
    },
    ['1'] = {
        .data = Outfit_13px_Light_100_e3e3e3_Number_1,
        .width = OUTFIT_13PX_LIGHT_100_E3E3E3_NUMBER_1_WIDTH,
        .height = OUTFIT_13PX_LIGHT_100_E3E3E3_NUMBER_1_HEIGHT
    },
    ['2'] = {
        .data = Outfit_13px_Light_100_e3e3e3_Number_2,
        .width = OUTFIT_13PX_LIGHT_100_E3E3E3_NUMBER_2_WIDTH,
        .height = OUTFIT_13PX_LIGHT_100_E3E3E3_NUMBER_2_HEIGHT
    },
    ['3'] = {
        .data = Outfit_13px_Light_100_e3e3e3_Number_3,
        .width = OUTFIT_13PX_LIGHT_100_E3E3E3_NUMBER_3_WIDTH,
        .height = OUTFIT_13PX_LIGHT_100_E3E3E3_NUMBER_3_HEIGHT
    },
    ['4'] = {
        .data = Outfit_13px_Light_100_e3e3e3_Number_4,
        .width = OUTFIT_13PX_LIGHT_100_E3E3E3_NUMBER_4_WIDTH,
        .height = OUTFIT_13PX_LIGHT_100_E3E3E3_NUMBER_4_HEIGHT
    },
    ['5'] = {
        .data = Outfit_13px_Light_100_e3e3e3_Number_5,
        .width = OUTFIT_13PX_LIGHT_100_E3E3E3_NUMBER_5_WIDTH,
        .height = OUTFIT_13PX_LIGHT_100_E3E3E3_NUMBER_5_HEIGHT
    },
    ['6'] = {
        .data = Outfit_13px_Light_100_e3e3e3_Number_6,
        .width = OUTFIT_13PX_LIGHT_100_E3E3E3_NUMBER_6_WIDTH,
        .height = OUTFIT_13PX_LIGHT_100_E3E3E3_NUMBER_6_HEIGHT
    },
    ['7'] = {
        .data = Outfit_13px_Light_100_e3e3e3_Number_7,
        .width = OUTFIT_13PX_LIGHT_100_E3E3E3_NUMBER_7_WIDTH,
        .height = OUTFIT_13PX_LIGHT_100_E3E3E3_NUMBER_7_HEIGHT
    },
    ['8'] = {
        .data = Outfit_13px_Light_100_e3e3e3_Number_8,
        .width = OUTFIT_13PX_LIGHT_100_E3E3E3_NUMBER_8_WIDTH,
        .height = OUTFIT_13PX_LIGHT_100_E3E3E3_NUMBER_8_HEIGHT
    },
    ['9'] = {
        .data = Outfit_13px_Light_100_e3e3e3_Number_9,
        .width = OUTFIT_13PX_LIGHT_100_E3E3E3_NUMBER_9_WIDTH,
        .height = OUTFIT_13PX_LIGHT_100_E3E3E3_NUMBER_9_HEIGHT
    },
    ['A'] = {
        .data = Outfit_13px_Light_100_e3e3e3_Uppercase_A,
        .width = OUTFIT_13PX_LIGHT_100_E3E3E3_UPPERCASE_A_WIDTH,
        .height = OUTFIT_13PX_LIGHT_100_E3E3E3_UPPERCASE_A_HEIGHT
    },
    ['B'] = {
        .data = Outfit_13px_Light_100_e3e3e3_Uppercase_B,
        .width = OUTFIT_13PX_LIGHT_100_E3E3E3_UPPERCASE_B_WIDTH,
        .height = OUTFIT_13PX_LIGHT_100_E3E3E3_UPPERCASE_B_HEIGHT
    },
    ['C'] = {
        .data = Outfit_13px_Light_100_e3e3e3_Uppercase_C,
        .width = OUTFIT_13PX_LIGHT_100_E3E3E3_UPPERCASE_C_WIDTH,
        .height = OUTFIT_13PX_LIGHT_100_E3E3E3_UPPERCASE_C_HEIGHT
    },
    ['D'] = {
        .data = Outfit_13px_Light_100_e3e3e3_Uppercase_D,
        .width = OUTFIT_13PX_LIGHT_100_E3E3E3_UPPERCASE_D_WIDTH,
        .height = OUTFIT_13PX_LIGHT_100_E3E3E3_UPPERCASE_D_HEIGHT
    },
    ['E'] = {
        .data = Outfit_13px_Light_100_e3e3e3_Uppercase_E,
        .width = OUTFIT_13PX_LIGHT_100_E3E3E3_UPPERCASE_E_WIDTH,
        .height = OUTFIT_13PX_LIGHT_100_E3E3E3_UPPERCASE_E_HEIGHT
    },
    ['F'] = {
        .data = Outfit_13px_Light_100_e3e3e3_Uppercase_F,
        .width = OUTFIT_13PX_LIGHT_100_E3E3E3_UPPERCASE_F_WIDTH,
        .height = OUTFIT_13PX_LIGHT_100_E3E3E3_UPPERCASE_F_HEIGHT
    },
    ['G'] = {
        .data = Outfit_13px_Light_100_e3e3e3_Uppercase_G,
        .width = OUTFIT_13PX_LIGHT_100_E3E3E3_UPPERCASE_G_WIDTH,
        .height = OUTFIT_13PX_LIGHT_100_E3E3E3_UPPERCASE_G_HEIGHT
    },
    ['H'] = {
        .data = Outfit_13px_Light_100_e3e3e3_Uppercase_H,
        .width = OUTFIT_13PX_LIGHT_100_E3E3E3_UPPERCASE_H_WIDTH,
        .height = OUTFIT_13PX_LIGHT_100_E3E3E3_UPPERCASE_H_HEIGHT
    },
    ['I'] = {
        .data = Outfit_13px_Light_100_e3e3e3_Uppercase_I,
        .width = OUTFIT_13PX_LIGHT_100_E3E3E3_UPPERCASE_I_WIDTH,
        .height = OUTFIT_13PX_LIGHT_100_E3E3E3_UPPERCASE_I_HEIGHT
    },
    ['J'] = {
        .data = Outfit_13px_Light_100_e3e3e3_Uppercase_J,
        .width = OUTFIT_13PX_LIGHT_100_E3E3E3_UPPERCASE_J_WIDTH,
        .height = OUTFIT_13PX_LIGHT_100_E3E3E3_UPPERCASE_J_HEIGHT
    },
    ['K'] = {
        .data = Outfit_13px_Light_100_e3e3e3_Uppercase_K,
        .width = OUTFIT_13PX_LIGHT_100_E3E3E3_UPPERCASE_K_WIDTH,
        .height = OUTFIT_13PX_LIGHT_100_E3E3E3_UPPERCASE_K_HEIGHT
    },
    ['L'] = {
        .data = Outfit_13px_Light_100_e3e3e3_Uppercase_L,
        .width = OUTFIT_13PX_LIGHT_100_E3E3E3_UPPERCASE_L_WIDTH,
        .height = OUTFIT_13PX_LIGHT_100_E3E3E3_UPPERCASE_L_HEIGHT
    },
    ['M'] = {
        .data = Outfit_13px_Light_100_e3e3e3_Uppercase_M,
        .width = OUTFIT_13PX_LIGHT_100_E3E3E3_UPPERCASE_M_WIDTH,
        .height = OUTFIT_13PX_LIGHT_100_E3E3E3_UPPERCASE_M_HEIGHT
    },
    ['N'] = {
        .data = Outfit_13px_Light_100_e3e3e3_Uppercase_N,
        .width = OUTFIT_13PX_LIGHT_100_E3E3E3_UPPERCASE_N_WIDTH,
        .height = OUTFIT_13PX_LIGHT_100_E3E3E3_UPPERCASE_N_HEIGHT
    },
    ['O'] = {
        .data = Outfit_13px_Light_100_e3e3e3_Uppercase_O,
        .width = OUTFIT_13PX_LIGHT_100_E3E3E3_UPPERCASE_O_WIDTH,
        .height = OUTFIT_13PX_LIGHT_100_E3E3E3_UPPERCASE_O_HEIGHT
    },
    ['P'] = {
        .data = Outfit_13px_Light_100_e3e3e3_Uppercase_P,
        .width = OUTFIT_13PX_LIGHT_100_E3E3E3_UPPERCASE_P_WIDTH,
        .height = OUTFIT_13PX_LIGHT_100_E3E3E3_UPPERCASE_P_HEIGHT
    },
    ['Q'] = {
        .data = Outfit_13px_Light_100_e3e3e3_Uppercase_Q,
        .width = OUTFIT_13PX_LIGHT_100_E3E3E3_UPPERCASE_Q_WIDTH,
        .height = OUTFIT_13PX_LIGHT_100_E3E3E3_UPPERCASE_Q_HEIGHT
    },
    ['R'] = {
        .data = Outfit_13px_Light_100_e3e3e3_Uppercase_R,
        .width = OUTFIT_13PX_LIGHT_100_E3E3E3_UPPERCASE_R_WIDTH,
        .height = OUTFIT_13PX_LIGHT_100_E3E3E3_UPPERCASE_R_HEIGHT
    },
    ['S'] = {
        .data = Outfit_13px_Light_100_e3e3e3_Uppercase_S,
        .width = OUTFIT_13PX_LIGHT_100_E3E3E3_UPPERCASE_S_WIDTH,
        .height = OUTFIT_13PX_LIGHT_100_E3E3E3_UPPERCASE_S_HEIGHT
    },
    ['T'] = {
        .data = Outfit_13px_Light_100_e3e3e3_Uppercase_T,
        .width = OUTFIT_13PX_LIGHT_100_E3E3E3_UPPERCASE_T_WIDTH,
        .height = OUTFIT_13PX_LIGHT_100_E3E3E3_UPPERCASE_T_HEIGHT
    },
    ['U'] = {
        .data = Outfit_13px_Light_100_e3e3e3_Uppercase_U,
        .width = OUTFIT_13PX_LIGHT_100_E3E3E3_UPPERCASE_U_WIDTH,
        .height = OUTFIT_13PX_LIGHT_100_E3E3E3_UPPERCASE_U_HEIGHT
    },
    ['V'] = {
        .data = Outfit_13px_Light_100_e3e3e3_Uppercase_V,
        .width = OUTFIT_13PX_LIGHT_100_E3E3E3_UPPERCASE_V_WIDTH,
        .height = OUTFIT_13PX_LIGHT_100_E3E3E3_UPPERCASE_V_HEIGHT
    },
    ['W'] = {
        .data = Outfit_13px_Light_100_e3e3e3_Uppercase_W,
        .width = OUTFIT_13PX_LIGHT_100_E3E3E3_UPPERCASE_W_WIDTH,
        .height = OUTFIT_13PX_LIGHT_100_E3E3E3_UPPERCASE_W_HEIGHT
    },
    ['X'] = {
        .data = Outfit_13px_Light_100_e3e3e3_Uppercase_X,
        .width = OUTFIT_13PX_LIGHT_100_E3E3E3_UPPERCASE_X_WIDTH,
        .height = OUTFIT_13PX_LIGHT_100_E3E3E3_UPPERCASE_X_HEIGHT
    },
    ['Y'] = {
        .data = Outfit_13px_Light_100_e3e3e3_Uppercase_Y,
        .width = OUTFIT_13PX_LIGHT_100_E3E3E3_UPPERCASE_Y_WIDTH,
        .height = OUTFIT_13PX_LIGHT_100_E3E3E3_UPPERCASE_Y_HEIGHT
    },
    ['Z'] = {
        .data = Outfit_13px_Light_100_e3e3e3_Uppercase_Z,
        .width = OUTFIT_13PX_LIGHT_100_E3E3E3_UPPERCASE_Z_WIDTH,
        .height = OUTFIT_13PX_LIGHT_100_E3E3E3_UPPERCASE_Z_HEIGHT
    }
};
