#include "font.h"


#define OUTFIT_24PX_LIGHT_300_E3E3E3_AT_HEIGHT 29
#define OUTFIT_24PX_LIGHT_300_E3E3E3_AT_WIDTH 18

// array size is 522
const uint16_t font_outfit24_light300_At[] = {
  0x1082, 0x1082, 0x1082, 0x1082, 0x1082, 0x1082, 0x1082, 0x1082, 0x1082, 0x1082, 0x1082, 0x1082, 0x1082,
  0x1082, 0x1082, 0x1082, 0x1082, 0x1082, 0x1082, 0x1082, 0x1082, 0x1082, 0x1082, 0x1082, 0x1082, 0x1082,
  0x1082, 0x1082, 0x1082, 0x1082, 0x1082, 0x1082, 0x1082, 0x1082, 0x1082, 0x1082, 0x1082, 0x1082, 0x1082,
  0x1082, 0x1082, 0x1082, 0x1082, 0x1082, 0x1082, 0x1082, 0x1082, 0x1082, 0x1082, 0x1082, 0x1082, 0x1082,
  0x1082, 0x1082, 0x1082, 0x1082, 0x1082, 0x1082, 0x1082, 0x1082, 0x1082, 0x1082, 0x1082, 0x1082, 0x1082,
  0x1082, 0x1082, 0x1082, 0x1082, 0x1082, 0x1082, 0x1082, 0x1082, 0x1082, 0x1082, 0x1082, 0x1082, 0x1082,
  0x1082, 0x1082, 0x1082, 0x1082, 0x1082, 0x1082, 0x1082, 0x1082, 0x1082, 0x1082, 0x1082, 0x1082, 0x1082,
  0x1082, 0x1082, 0x1082, 0x1082, 0x1082, 0x1082, 0x1082, 0x1082, 0x1082, 0x1082, 0x1082, 0x1082, 0x1082,
  0x1082, 0x1082, 0x1082, 0x1082, 0x1082, 0x1082, 0x1082, 0x1082, 0x1082, 0x1082, 0x1082, 0x1082, 0x1082,
  0x1082, 0x1082, 0x1082, 0x1082, 0x1082, 0x1082, 0x1082, 0x1082, 0x1082, 0x1082, 0x1082, 0x1082, 0x1082,
  0x1082, 0x1082, 0x1082, 0x1082, 0x2945, 0x31a6, 0x18e4, 0x1082, 0x1082, 0x1082, 0x1082, 0x1082, 0x1082,
  0x1082, 0x1082, 0x1082, 0x1082, 0x1082, 0x18c3, 0x73ae, 0xad75, 0xd69a, 0xe71c, 0xe71c, 0xe71c, 0xd69a,
  0x8c71, 0x31a6, 0x1082, 0x1082, 0x1082, 0x1082, 0x1082, 0x1082, 0x1082, 0x4208, 0xc618, 0xe71c, 0xe71c,
  0xe71c, 0xe71c, 0xdefb, 0xe71c, 0xe71c, 0xe71c, 0xdefb, 0x6b4d, 0x1082, 0x1082, 0x1082, 0x1082, 0x1082,
  0x5acb, 0xe71c, 0xe71c, 0xdedb, 0x8410, 0x31a6, 0x10a2, 0x1082, 0x2104, 0x632c, 0xc638, 0xe71c, 0xe71c,
  0x73ae, 0x1082, 0x1082, 0x1082, 0x2125, 0xd6ba, 0xe71c, 0xdedb, 0x4208, 0x1082, 0x1082, 0x1082, 0x1082,
  0x1082, 0x1082, 0x2124, 0xc618, 0xe71c, 0xe71c, 0x4208, 0x1082, 0x1082, 0xa534, 0xe71c, 0xdedb, 0x4208,
  0x1082, 0x2104, 0x5acb, 0x8410, 0x5acb, 0x39c7, 0x632c, 0x4a49, 0x2125, 0xc638, 0xe71c, 0xad55, 0x1082,
  0x2125, 0xe71c, 0xe71c, 0x5aeb, 0x1082, 0x39c7, 0xd69a, 0xe71c, 0xe71c, 0xe71c, 0xe71c, 0xe71c, 0xa514,
  0x1082, 0x5acb, 0xe71c, 0xe71c, 0x2945, 0x528a, 0xe71c, 0xd6ba, 0x18c3, 0x10a2, 0xce79, 0xe71c, 0xd6ba,
  0x9cd3, 0xc618, 0xe71c, 0xe71c, 0xa514, 0x1082, 0x2945, 0xe71c, 0xe71c, 0x528a, 0x7bcf, 0xe71c, 0xad75,
  0x1082, 0x39c7, 0xe71c, 0xe71c, 0x2966, 0x1082, 0x1082, 0xe71c, 0xe71c, 0xa514, 0x1082, 0x1082, 0xce79,
  0xe71c, 0x6b4d, 0x94b2, 0xe71c, 0x9cd3, 0x1082, 0x630c, 0xe71c, 0xce59, 0x1082, 0x1082, 0x1082, 0xad75,
  0xe71c, 0xa514, 0x1082, 0x1082, 0xa535, 0xe71c, 0x7bcf, 0x7bef, 0xe71c, 0xa535, 0x1082, 0x4208, 0xe71c,
  0xe71c, 0x2945, 0x1082, 0x1082, 0xe71c, 0xe71c, 0xa514, 0x1082, 0x1082, 0xb596, 0xe71c, 0x6b4d, 0x52aa,
  0xe71c, 0xce79, 0x10a2, 0x10a2, 0xd6ba, 0xe71c, 0xce59, 0x9cd3, 0xb5b6, 0xe71c, 0xe71c, 0xe71c, 0x738e,
  0x7bef, 0xe71c, 0xe71c, 0x528a, 0x2965, 0xe71c, 0xe71c, 0x4a69, 0x1082, 0x4208, 0xdedb, 0xe71c, 0xe71c,
  0xe71c, 0xe71c, 0xe71c, 0xe71c, 0xe71c, 0xe71c, 0xe71c, 0xe71c, 0x18c3, 0x1082, 0xb5b6, 0xe71c, 0xce79,
  0x2966, 0x1082, 0x2965, 0x6b4d, 0x9492, 0x6b4d, 0x3186, 0x94b2, 0x9cf3, 0x632c, 0x8c51, 0xb596, 0x6b4d,
  0x1082, 0x1082, 0x3186, 0xdefb, 0xe71c, 0xce59, 0x2965, 0x1082, 0x1082, 0x1082, 0x1082, 0x1082, 0x1082,
  0x18e3, 0x5aeb, 0x10a3, 0x1082, 0x1082, 0x1082, 0x1082, 0x1082, 0x738e, 0xe71c, 0xe71c, 0xce59, 0x632c,
  0x18e3, 0x1082, 0x1082, 0x2124, 0x630c, 0xce79, 0xe71c, 0x9cf3, 0x1082, 0x1082, 0x1082, 0x1082, 0x1082,
  0x1082, 0x5acb, 0xd69a, 0xe71c, 0xe71c, 0xe71c, 0xe71c, 0xdefb, 0xe71c, 0xe71c, 0xe71c, 0xdefb, 0x73ae,
  0x1082, 0x1082, 0x1082, 0x1082, 0x1082, 0x1082, 0x1082, 0x2124, 0x8c71, 0xc618, 0xe71c, 0xe71c, 0xe71c,
  0xe71c, 0xce79, 0x9cd3, 0x2945, 0x1082, 0x1082, 0x1082, 0x1082, 0x1082, 0x1082, 0x1082, 0x1082, 0x1082,
  0x1082, 0x1082, 0x18c3, 0x39e8, 0x4208, 0x2104, 0x1082, 0x1082, 0x1082, 0x1082, 0x1082, 0x1082, 0x1082,
  0x1082, 0x1082, 0x1082, 0x1082, 0x1082, 0x1082, 0x1082, 0x1082, 0x1082, 0x1082, 0x1082, 0x1082, 0x1082,
  0x1082, 0x1082, 0x1082, 0x1082, 0x1082, 0x1082, 0x1082, 0x1082, 0x1082, 0x1082, 0x1082, 0x1082, 0x1082,
  0x1082, 0x1082, 0x1082, 0x1082, 0x1082, 0x1082, 0x1082, 0x1082, 0x1082, 0x1082, 0x1082, 0x1082, 0x1082,
  0x1082, 0x1082, 0x1082, 0x1082, 0x1082, 0x1082, 0x1082, 0x1082, 0x1082, 0x1082, 0x1082, 0x1082, 0x1082,
  0x1082, 0x1082,
};


#define OUTFIT_24PX_LIGHT_300_E3E3E3_COLON_HEIGHT 29
#define OUTFIT_24PX_LIGHT_300_E3E3E3_COLON_WIDTH 4

// array size is 116
const uint16_t font_outfit24_light300_Colon[] = {
  0x1082, 0x1082, 0x1082, 0x1082, 0x1082, 0x1082, 0x1082, 0x1082, 0x1082, 0x1082, 0x1082, 0x1082, 0x1082,
  0x1082, 0x1082, 0x1082, 0x1082, 0x1082, 0x1082, 0x1082, 0x1082, 0x1082, 0x1082, 0x1082, 0x1082, 0x1082,
  0x1082, 0x1082, 0x1082, 0x1082, 0x1082, 0x1082, 0x1082, 0x1082, 0x1082, 0x1082, 0x1082, 0x1082, 0x1082,
  0x1082, 0x1082, 0x1082, 0x1082, 0x1082, 0x18e3, 0x632c, 0x632c, 0x18e3, 0x8c51, 0xe71c, 0xe71c, 0x8c71,
  0xad55, 0xe71c, 0xe71c, 0xad75, 0x5acb, 0xdedb, 0xdedb, 0x5acb, 0x1082, 0x18c3, 0x18c3, 0x1082, 0x1082,
  0x1082, 0x1082, 0x1082, 0x1082, 0x1082, 0x1082, 0x1082, 0x1082, 0x1082, 0x1082, 0x1082, 0x1082, 0x4208,
  0x4208, 0x1082, 0x7bcf, 0xe71c, 0xe71c, 0x7bcf, 0xad75, 0xe71c, 0xe71c, 0xb596, 0x6b6e, 0xe71c, 0xe71c,
  0x738e, 0x1082, 0x2945, 0x2945, 0x1082, 0x1082, 0x1082, 0x1082, 0x1082, 0x1082, 0x1082, 0x1082, 0x1082,
  0x1082, 0x1082, 0x1082, 0x1082, 0x1082, 0x1082, 0x1082, 0x1082, 0x1082, 0x1082, 0x1082, 0x1082,
};


#define OUTFIT_24PX_LIGHT_300_E3E3E3_COMMA_HEIGHT 29
#define OUTFIT_24PX_LIGHT_300_E3E3E3_COMMA_WIDTH 4

// array size is 116
const uint16_t font_outfit24_light300_Comma[] = {
  0x1082, 0x1082, 0x1082, 0x1082, 0x1082, 0x1082, 0x1082, 0x1082, 0x1082, 0x1082, 0x1082, 0x1082, 0x1082,
  0x1082, 0x1082, 0x1082, 0x1082, 0x1082, 0x1082, 0x1082, 0x1082, 0x1082, 0x1082, 0x1082, 0x1082, 0x1082,
  0x1082, 0x1082, 0x1082, 0x1082, 0x1082, 0x1082, 0x1082, 0x1082, 0x1082, 0x1082, 0x1082, 0x1082, 0x1082,
  0x1082, 0x1082, 0x1082, 0x1082, 0x1082, 0x1082, 0x1082, 0x1082, 0x1082, 0x1082, 0x1082, 0x1082, 0x1082,
  0x1082, 0x1082, 0x1082, 0x1082, 0x1082, 0x1082, 0x1082, 0x1082, 0x1082, 0x1082, 0x1082, 0x1082, 0x1082,
  0x1082, 0x1082, 0x1082, 0x1082, 0x1082, 0x1082, 0x1082, 0x1082, 0x1082, 0x1082, 0x1082, 0x1082, 0x3186,
  0x4a49, 0x10a2, 0x528a, 0xe71c, 0xe71c, 0xa534, 0x8c71, 0xe71c, 0xe71c, 0xe71c, 0x528a, 0xe71c, 0xe71c,
  0xce59, 0x10a3, 0xe71c, 0xe71c, 0x738e, 0x6b4d, 0xe71c, 0xce79, 0x18c3, 0x9492, 0xe71c, 0x6b4d, 0x1082,
  0x1082, 0x4208, 0x10a2, 0x1082, 0x1082, 0x1082, 0x1082, 0x1082, 0x1082, 0x1082, 0x1082, 0x1082,
};


#define OUTFIT_24PX_LIGHT_300_E3E3E3_DASH_HEIGHT 29
#define OUTFIT_24PX_LIGHT_300_E3E3E3_DASH_WIDTH 10

// array size is 290
const uint16_t font_outfit24_light300_Dash[] = {
  0x1082, 0x1082, 0x1082, 0x1082, 0x1082, 0x1082, 0x1082, 0x1082, 0x1082, 0x1082, 0x1082, 0x1082, 0x1082,
  0x1082, 0x1082, 0x1082, 0x1082, 0x1082, 0x1082, 0x1082, 0x1082, 0x1082, 0x1082, 0x1082, 0x1082, 0x1082,
  0x1082, 0x1082, 0x1082, 0x1082, 0x1082, 0x1082, 0x1082, 0x1082, 0x1082, 0x1082, 0x1082, 0x1082, 0x1082,
  0x1082, 0x1082, 0x1082, 0x1082, 0x1082, 0x1082, 0x1082, 0x1082, 0x1082, 0x1082, 0x1082, 0x1082, 0x1082,
  0x1082, 0x1082, 0x1082, 0x1082, 0x1082, 0x1082, 0x1082, 0x1082, 0x1082, 0x1082, 0x1082, 0x1082, 0x1082,
  0x1082, 0x1082, 0x1082, 0x1082, 0x1082, 0x1082, 0x1082, 0x1082, 0x1082, 0x1082, 0x1082, 0x1082, 0x1082,
  0x1082, 0x1082, 0x1082, 0x1082, 0x1082, 0x1082, 0x1082, 0x1082, 0x1082, 0x1082, 0x1082, 0x1082, 0x1082,
  0x1082, 0x1082, 0x1082, 0x1082, 0x1082, 0x1082, 0x1082, 0x1082, 0x1082, 0x1082, 0x1082, 0x1082, 0x1082,
  0x1082, 0x1082, 0x1082, 0x1082, 0x1082, 0x1082, 0x1082, 0x1082, 0x1082, 0x1082, 0x1082, 0x1082, 0x1082,
  0x1082, 0x1082, 0x1082, 0x1082, 0x1082, 0x1082, 0x1082, 0x1082, 0x1082, 0x1082, 0x1082, 0x1082, 0x1082,
  0x1082, 0x1082, 0x1082, 0x1082, 0x1082, 0x1082, 0x1082, 0x1082, 0x1082, 0x1082, 0x1082, 0x18e3, 0x18e4,
  0x18e4, 0x18e4, 0x18e4, 0x18e4, 0x18e4, 0x18e4, 0x18c3, 0x52aa, 0xe71c, 0xe71c, 0xe71c, 0xe71c, 0xe71c,
  0xe71c, 0xe71c, 0xe71c, 0x6b6d, 0x73ae, 0xe71c, 0xe71c, 0xe71c, 0xe71c, 0xe71c, 0xe71c, 0xe71c, 0xe71c,
  0x6b6d, 0x2965, 0x4a69, 0x4a69, 0x4a69, 0x4a69, 0x4a69, 0x4a69, 0x4a69, 0x4a69, 0x2945, 0x1082, 0x1082,
  0x1082, 0x1082, 0x1082, 0x1082, 0x1082, 0x1082, 0x1082, 0x1082, 0x1082, 0x1082, 0x1082, 0x1082, 0x1082,
  0x1082, 0x1082, 0x1082, 0x1082, 0x1082, 0x1082, 0x1082, 0x1082, 0x1082, 0x1082, 0x1082, 0x1082, 0x1082,
  0x1082, 0x1082, 0x1082, 0x1082, 0x1082, 0x1082, 0x1082, 0x1082, 0x1082, 0x1082, 0x1082, 0x1082, 0x1082,
  0x1082, 0x1082, 0x1082, 0x1082, 0x1082, 0x1082, 0x1082, 0x1082, 0x1082, 0x1082, 0x1082, 0x1082, 0x1082,
  0x1082, 0x1082, 0x1082, 0x1082, 0x1082, 0x1082, 0x1082, 0x1082, 0x1082, 0x1082, 0x1082, 0x1082, 0x1082,
  0x1082, 0x1082, 0x1082, 0x1082, 0x1082, 0x1082, 0x1082, 0x1082, 0x1082, 0x1082, 0x1082, 0x1082, 0x1082,
  0x1082, 0x1082, 0x1082, 0x1082, 0x1082, 0x1082, 0x1082, 0x1082, 0x1082, 0x1082, 0x1082, 0x1082, 0x1082,
  0x1082, 0x1082, 0x1082, 0x1082, 0x1082, 0x1082, 0x1082, 0x1082, 0x1082, 0x1082, 0x1082, 0x1082, 0x1082,
  0x1082, 0x1082, 0x1082, 0x1082,
};


#define OUTFIT_24PX_LIGHT_300_E3E3E3_DEGREE_HEIGHT 29
#define OUTFIT_24PX_LIGHT_300_E3E3E3_DEGREE_WIDTH 10

// array size is 290
const uint16_t font_outfit24_light300_Degree[] = {
  0x1082, 0x1082, 0x1082, 0x1082, 0x1082, 0x1082, 0x1082, 0x1082, 0x1082, 0x1082, 0x1082, 0x1082, 0x1082,
  0x1082, 0x1082, 0x1082, 0x1082, 0x1082, 0x1082, 0x1082, 0x1082, 0x1082, 0x1082, 0x1082, 0x1082, 0x1082,
  0x1082, 0x1082, 0x1082, 0x1082, 0x1082, 0x1082, 0x1082, 0x1082, 0x1082, 0x1082, 0x1082, 0x1082, 0x1082,
  0x1082, 0x1082, 0x1082, 0x2104, 0x632c, 0x9cd3, 0xa534, 0x73ae, 0x31a6, 0x1082, 0x1082, 0x1082, 0x2124,
  0xbdf7, 0xe71c, 0xe71c, 0xe71c, 0xe71c, 0xdedb, 0x4229, 0x1082, 0x1082, 0x9cf3, 0xe71c, 0xe71c, 0xad55,
  0x94b2, 0xdedb, 0xe71c, 0xdedb, 0x10a3, 0x10a2, 0xd69a, 0xe71c, 0x8c51, 0x1082, 0x1082, 0x4a49, 0xe71c,
  0xe71c, 0x4208, 0x2945, 0xe71c, 0xe71c, 0x5aeb, 0x1082, 0x1082, 0x10a2, 0xe71c, 0xe71c, 0x632d, 0x10a2,
  0xd6ba, 0xe71c, 0x8c51, 0x1082, 0x1082, 0x4a49, 0xe71c, 0xe71c, 0x4228, 0x1082, 0xa514, 0xe71c, 0xe71c,
  0xa534, 0xa514, 0xd6ba, 0xe71c, 0xdedb, 0x18c3, 0x1082, 0x2945, 0xc638, 0xe71c, 0xe71c, 0xe71c, 0xe71c,
  0xdefb, 0x4a69, 0x1082, 0x1082, 0x1082, 0x2124, 0x6b6d, 0x9cf3, 0x9cd3, 0x7bef, 0x39c7, 0x1082, 0x1082,
  0x1082, 0x1082, 0x1082, 0x1082, 0x1082, 0x1082, 0x1082, 0x1082, 0x1082, 0x1082, 0x1082, 0x1082, 0x1082,
  0x1082, 0x1082, 0x1082, 0x1082, 0x1082, 0x1082, 0x1082, 0x1082, 0x1082, 0x1082, 0x1082, 0x1082, 0x1082,
  0x1082, 0x1082, 0x1082, 0x1082, 0x1082, 0x1082, 0x1082, 0x1082, 0x1082, 0x1082, 0x1082, 0x1082, 0x1082,
  0x1082, 0x1082, 0x1082, 0x1082, 0x1082, 0x1082, 0x1082, 0x1082, 0x1082, 0x1082, 0x1082, 0x1082, 0x1082,
  0x1082, 0x1082, 0x1082, 0x1082, 0x1082, 0x1082, 0x1082, 0x1082, 0x1082, 0x1082, 0x1082, 0x1082, 0x1082,
  0x1082, 0x1082, 0x1082, 0x1082, 0x1082, 0x1082, 0x1082, 0x1082, 0x1082, 0x1082, 0x1082, 0x1082, 0x1082,
  0x1082, 0x1082, 0x1082, 0x1082, 0x1082, 0x1082, 0x1082, 0x1082, 0x1082, 0x1082, 0x1082, 0x1082, 0x1082,
  0x1082, 0x1082, 0x1082, 0x1082, 0x1082, 0x1082, 0x1082, 0x1082, 0x1082, 0x1082, 0x1082, 0x1082, 0x1082,
  0x1082, 0x1082, 0x1082, 0x1082, 0x1082, 0x1082, 0x1082, 0x1082, 0x1082, 0x1082, 0x1082, 0x1082, 0x1082,
  0x1082, 0x1082, 0x1082, 0x1082, 0x1082, 0x1082, 0x1082, 0x1082, 0x1082, 0x1082, 0x1082, 0x1082, 0x1082,
  0x1082, 0x1082, 0x1082, 0x1082, 0x1082, 0x1082, 0x1082, 0x1082, 0x1082, 0x1082, 0x1082, 0x1082, 0x1082,
  0x1082, 0x1082, 0x1082, 0x1082, 0x1082, 0x1082, 0x1082, 0x1082, 0x1082, 0x1082, 0x1082, 0x1082, 0x1082,
  0x1082, 0x1082, 0x1082, 0x1082,
};


#define OUTFIT_24PX_LIGHT_300_E3E3E3_DOLLAR_HEIGHT 29
#define OUTFIT_24PX_LIGHT_300_E3E3E3_DOLLAR_WIDTH 13

// array size is 377
const uint16_t font_outfit24_light300_Dollar[] = {
  0x1082, 0x1082, 0x1082, 0x1082, 0x1082, 0x1082, 0x1082, 0x1082, 0x1082, 0x1082, 0x1082, 0x1082, 0x1082,
  0x1082, 0x1082, 0x1082, 0x1082, 0x1082, 0x1082, 0x2104, 0x18e3, 0x1082, 0x1082, 0x1082, 0x1082, 0x1082,
  0x1082, 0x1082, 0x1082, 0x1082, 0x1082, 0x1082, 0xce79, 0xce79, 0x18c3, 0x1082, 0x1082, 0x1082, 0x1082,
  0x1082, 0x1082, 0x1082, 0x1082, 0x1082, 0x1082, 0xce79, 0xe71c, 0x2104, 0x1082, 0x1082, 0x1082, 0x1082,
  0x1082, 0x1082, 0x1082, 0x10a2, 0x4a69, 0x7bcf, 0xe71c, 0xe71c, 0x8c51, 0x4a49, 0x18c3, 0x1082, 0x1082,
  0x1082, 0x1082, 0x18e4, 0xad75, 0xe71c, 0xe71c, 0xe71c, 0xe71c, 0xe71c, 0xe71c, 0xc638, 0x3186, 0x1082,
  0x1082, 0x1082, 0xbdf7, 0xe71c, 0xe71c, 0xe71c, 0xe71c, 0xe71c, 0xe71c, 0xe71c, 0xe71c, 0xd6ba, 0x4228,
  0x1082, 0x39c7, 0xe71c, 0xe71c, 0x9cf3, 0x2124, 0xce79, 0xe71c, 0x2945, 0x9cd3, 0xe71c, 0xe71c, 0x5acb,
  0x1082, 0x738e, 0xe71c, 0xe71c, 0x2104, 0x1082, 0xce79, 0xe71c, 0x2104, 0x10a2, 0x73ae, 0x5aec, 0x1082,
  0x1082, 0x8430, 0xe71c, 0xe71c, 0x2124, 0x1082, 0xce79, 0xe71c, 0x2104, 0x1082, 0x1082, 0x1082, 0x1082,
  0x1082, 0x5aeb, 0xe71c, 0xe71c, 0x8430, 0x1082, 0xce79, 0xe71c, 0x2104, 0x1082, 0x1082, 0x1082, 0x1082,
  0x1082, 0x3186, 0xe71c, 0xe71c, 0xe71c, 0xa514, 0xe71c, 0xe71c, 0x2104, 0x1082, 0x1082, 0x1082, 0x1082,
  0x1082, 0x1082, 0x73ae, 0xe71c, 0xe71c, 0xe71c, 0xe71c, 0xe71c, 0x6b6e, 0x18c3, 0x1082, 0x1082, 0x1082,
  0x1082, 0x1082, 0x1082, 0x632d, 0xd69a, 0xe71c, 0xe71c, 0xe71c, 0xe71c, 0xce79, 0x630c, 0x10a2, 0x1082,
  0x1082, 0x1082, 0x1082, 0x1082, 0x18e3, 0x632d, 0xe71c, 0xe71c, 0xe71c, 0xe71c, 0xe71c, 0x7bcf, 0x1082,
  0x1082, 0x1082, 0x1082, 0x1082, 0x1082, 0x1082, 0xce79, 0xe71c, 0xb5b6, 0xe71c, 0xe71c, 0xe71c, 0x4228,
  0x1082, 0x1082, 0x1082, 0x1082, 0x1082, 0x1082, 0xce79, 0xe71c, 0x2104, 0x8c51, 0xe71c, 0xe71c, 0x7bcf,
  0x1082, 0x1082, 0x1082, 0x1082, 0x1082, 0x1082, 0xce79, 0xe71c, 0x2104, 0x18e3, 0xe71c, 0xe71c, 0xa514,
  0x1082, 0x6b4d, 0x6b4d, 0x1082, 0x1082, 0x1082, 0xce79, 0xe71c, 0x2104, 0x1082, 0xd69a, 0xe71c, 0xad75,
  0x632c, 0xe71c, 0xe71c, 0x7bef, 0x1082, 0x1082, 0xce79, 0xe71c, 0x2104, 0x4a49, 0xe71c, 0xe71c, 0x9492,
  0x528a, 0xdefb, 0xe71c, 0xe71c, 0xa535, 0x6b4d, 0xe71c, 0xe71c, 0xa534, 0xdedb, 0xe71c, 0xe71c, 0x4a69,
  0x1082, 0x4208, 0xd69a, 0xe71c, 0xe71c, 0xe71c, 0xe71c, 0xe71c, 0xe71c, 0xe71c, 0xe71c, 0x8c71, 0x1082,
  0x1082, 0x1082, 0x3186, 0x8c71, 0xbdf7, 0xe71c, 0xe71c, 0xe71c, 0xe71c, 0xc618, 0x5aeb, 0x10a2, 0x1082,
  0x1082, 0x1082, 0x1082, 0x1082, 0x1082, 0x18e4, 0xe71c, 0xe71c, 0x2966, 0x1082, 0x1082, 0x1082, 0x1082,
  0x1082, 0x1082, 0x1082, 0x1082, 0x1082, 0x1082, 0xce79, 0xe71c, 0x2104, 0x1082, 0x1082, 0x1082, 0x1082,
  0x1082, 0x1082, 0x1082, 0x1082, 0x1082, 0x1082, 0x8430, 0x9492, 0x18e3, 0x1082, 0x1082, 0x1082, 0x1082,
  0x1082, 0x1082, 0x1082, 0x1082, 0x1082, 0x1082, 0x1082, 0x1082, 0x1082, 0x1082, 0x1082, 0x1082, 0x1082,
  0x1082, 0x1082, 0x1082, 0x1082, 0x1082, 0x1082, 0x1082, 0x1082, 0x1082, 0x1082, 0x1082, 0x1082, 0x1082,
  0x1082, 0x1082, 0x1082, 0x1082, 0x1082, 0x1082, 0x1082, 0x1082, 0x1082, 0x1082, 0x1082, 0x1082, 0x1082,
};


#define OUTFIT_24PX_LIGHT_300_E3E3E3_DOT_HEIGHT 29
#define OUTFIT_24PX_LIGHT_300_E3E3E3_DOT_WIDTH 4

// array size is 116
const uint16_t font_outfit24_light300_Dot[] = {
  0x1082, 0x1082, 0x1082, 0x1082, 0x1082, 0x1082, 0x1082, 0x1082, 0x1082, 0x1082, 0x1082, 0x1082, 0x1082,
  0x1082, 0x1082, 0x1082, 0x1082, 0x1082, 0x1082, 0x1082, 0x1082, 0x1082, 0x1082, 0x1082, 0x1082, 0x1082,
  0x1082, 0x1082, 0x1082, 0x1082, 0x1082, 0x1082, 0x1082, 0x1082, 0x1082, 0x1082, 0x1082, 0x1082, 0x1082,
  0x1082, 0x1082, 0x1082, 0x1082, 0x1082, 0x1082, 0x1082, 0x1082, 0x1082, 0x1082, 0x1082, 0x1082, 0x1082,
  0x1082, 0x1082, 0x1082, 0x1082, 0x1082, 0x1082, 0x1082, 0x1082, 0x1082, 0x1082, 0x1082, 0x1082, 0x1082,
  0x1082, 0x1082, 0x1082, 0x1082, 0x1082, 0x1082, 0x1082, 0x1082, 0x1082, 0x1082, 0x1082, 0x10a3, 0x4a69,
  0x3186, 0x1082, 0xad75, 0xe71c, 0xe71c, 0x4a49, 0xe71c, 0xe71c, 0xe71c, 0x7bef, 0xa514, 0xe71c, 0xdefb,
  0x4208, 0x10a2, 0x2965, 0x2124, 0x1082, 0x1082, 0x1082, 0x1082, 0x1082, 0x1082, 0x1082, 0x1082, 0x1082,
  0x1082, 0x1082, 0x1082, 0x1082, 0x1082, 0x1082, 0x1082, 0x1082, 0x1082, 0x1082, 0x1082, 0x1082,
};


#define OUTFIT_24PX_LIGHT_300_E3E3E3_DOUBLEQUOTE_HEIGHT 29
#define OUTFIT_24PX_LIGHT_300_E3E3E3_DOUBLEQUOTE_WIDTH 7

// array size is 203
const uint16_t font_outfit24_light300_DoubleQuote[] = {
  0x1082, 0x1082, 0x1082, 0x1082, 0x1082, 0x1082, 0x1082, 0x1082, 0x1082, 0x1082, 0x1082, 0x1082, 0x1082,
  0x1082, 0x1082, 0x1082, 0x1082, 0x1082, 0x1082, 0x1082, 0x1082, 0x10a2, 0x10a2, 0x1082, 0x1082, 0x10a2,
  0x10a2, 0x1082, 0xbdf7, 0xe71c, 0x9cf3, 0x2945, 0xe71c, 0xe71c, 0x5aec, 0xb596, 0xe71c, 0xb5b6, 0x18e3,
  0xe71c, 0xe71c, 0x73ae, 0x9cf4, 0xe71c, 0xa514, 0x1082, 0xdefb, 0xe71c, 0x632c, 0x8c71, 0xe71c, 0x9492,
  0x1082, 0xce79, 0xe71c, 0x52aa, 0x7bef, 0xe71c, 0x8410, 0x1082, 0xbdf7, 0xe71c, 0x4228, 0x6b6d, 0xe71c,
  0x738e, 0x1082, 0xad75, 0xe71c, 0x31a6, 0x3186, 0x5aec, 0x3186, 0x1082, 0x4228, 0x5aec, 0x18c3, 0x1082,
  0x1082, 0x1082, 0x1082, 0x1082, 0x1082, 0x1082, 0x1082, 0x1082, 0x1082, 0x1082, 0x1082, 0x1082, 0x1082,
  0x1082, 0x1082, 0x1082, 0x1082, 0x1082, 0x1082, 0x1082, 0x1082, 0x1082, 0x1082, 0x1082, 0x1082, 0x1082,
  0x1082, 0x1082, 0x1082, 0x1082, 0x1082, 0x1082, 0x1082, 0x1082, 0x1082, 0x1082, 0x1082, 0x1082, 0x1082,
  0x1082, 0x1082, 0x1082, 0x1082, 0x1082, 0x1082, 0x1082, 0x1082, 0x1082, 0x1082, 0x1082, 0x1082, 0x1082,
  0x1082, 0x1082, 0x1082, 0x1082, 0x1082, 0x1082, 0x1082, 0x1082, 0x1082, 0x1082, 0x1082, 0x1082, 0x1082,
  0x1082, 0x1082, 0x1082, 0x1082, 0x1082, 0x1082, 0x1082, 0x1082, 0x1082, 0x1082, 0x1082, 0x1082, 0x1082,
  0x1082, 0x1082, 0x1082, 0x1082, 0x1082, 0x1082, 0x1082, 0x1082, 0x1082, 0x1082, 0x1082, 0x1082, 0x1082,
  0x1082, 0x1082, 0x1082, 0x1082, 0x1082, 0x1082, 0x1082, 0x1082, 0x1082, 0x1082, 0x1082, 0x1082, 0x1082,
  0x1082, 0x1082, 0x1082, 0x1082, 0x1082, 0x1082, 0x1082, 0x1082, 0x1082, 0x1082, 0x1082, 0x1082, 0x1082,
  0x1082, 0x1082, 0x1082, 0x1082, 0x1082, 0x1082, 0x1082, 0x1082,
};


#define OUTFIT_24PX_LIGHT_300_E3E3E3_EUR_HEIGHT 29
#define OUTFIT_24PX_LIGHT_300_E3E3E3_EUR_WIDTH 19

// array size is 551
const uint16_t font_outfit24_light300_EUR[] = {
  0x1082, 0x1082, 0x1082, 0x1082, 0x1082, 0x1082, 0x1082, 0x1082, 0x1082, 0x1082, 0x1082, 0x1082, 0x1082,
  0x1082, 0x1082, 0x1082, 0x1082, 0x1082, 0x1082, 0x1082, 0x1082, 0x1082, 0x1082, 0x1082, 0x1082, 0x1082,
  0x1082, 0x1082, 0x1082, 0x1082, 0x1082, 0x1082, 0x1082, 0x1082, 0x1082, 0x1082, 0x1082, 0x1082, 0x1082,
  0x1082, 0x1082, 0x1082, 0x1082, 0x1082, 0x1082, 0x1082, 0x1082, 0x1082, 0x1082, 0x1082, 0x1082, 0x1082,
  0x1082, 0x1082, 0x1082, 0x1082, 0x1082, 0x1082, 0x1082, 0x1082, 0x1082, 0x1082, 0x1082, 0x1082, 0x1082,
  0x1082, 0x1082, 0x1082, 0x1082, 0x1082, 0x1082, 0x1082, 0x1082, 0x1082, 0x1082, 0x1082, 0x1082, 0x1082,
  0x1082, 0x1082, 0x1082, 0x1082, 0x1082, 0x10a3, 0x39e7, 0x632d, 0x9492, 0xad75, 0x8c71, 0x632c, 0x39c7,
  0x10a2, 0x1082, 0x1082, 0x1082, 0x1082, 0x1082, 0x1082, 0x1082, 0x1082, 0x1082, 0x39c7, 0xc618, 0xe71c,
  0xe71c, 0xe71c, 0xe71c, 0xe71c, 0xe71c, 0xe71c, 0xbdf7, 0x31a6, 0x1082, 0x1082, 0x1082, 0x1082, 0x1082,
  0x1082, 0x1082, 0x6b6d, 0xdefb, 0xe71c, 0xe71c, 0xdefb, 0xbdd7, 0xb596, 0xd6ba, 0xe71c, 0xe71c, 0xe71c,
  0xdefb, 0x632c, 0x1082, 0x1082, 0x1082, 0x1082, 0x1082, 0x5acb, 0xe71c, 0xe71c, 0xe71c, 0x8410, 0x2124,
  0x1082, 0x1082, 0x10a2, 0x3186, 0x9cf3, 0xe71c, 0xe71c, 0xd69a, 0x10a2, 0x1082, 0x1082, 0x1082, 0x18e3,
  0xce79, 0xe71c, 0xe71c, 0x7bcf, 0x1082, 0x1082, 0x1082, 0x1082, 0x1082, 0x1082, 0x1082, 0x6b6d, 0xc618,
  0x39c7, 0x1082, 0x1082, 0x1082, 0x1082, 0x8410, 0xe71c, 0xe71c, 0x94b2, 0x1082, 0x1082, 0x1082, 0x1082,
  0x1082, 0x1082, 0x1082, 0x1082, 0x1082, 0x1082, 0x1082, 0x1082, 0x18e3, 0x9492, 0x9492, 0xe71c, 0xe71c,
  0xe71c, 0x94b2, 0x9492, 0x9492, 0x9492, 0x9492, 0x9492, 0x9492, 0x73ae, 0x1082, 0x1082, 0x1082, 0x1082,
  0x1082, 0x2104, 0xe71c, 0xe71c, 0xe71c, 0xe71c, 0xe71c, 0xe71c, 0xe71c, 0xe71c, 0xe71c, 0xe71c, 0xe71c,
  0xe71c, 0x94b2, 0x1082, 0x1082, 0x1082, 0x1082, 0x1082, 0x1082, 0x73af, 0xad55, 0xe71c, 0xe71c, 0xce59,
  0x8410, 0x8410, 0x8410, 0x8410, 0x8410, 0x8410, 0x8410, 0x39e7, 0x1082, 0x1082, 0x1082, 0x1082, 0x1082,
  0x1082, 0x1082, 0x52aa, 0xe71c, 0xe71c, 0x4a49, 0x1082, 0x1082, 0x1082, 0x1082, 0x1082, 0x1082, 0x1082,
  0x1082, 0x1082, 0x1082, 0x1082, 0x1082, 0x1082, 0x10a2, 0x18e4, 0x52aa, 0xe71c, 0xe71c, 0x5aeb, 0x18e4,
  0x18e4, 0x18e4, 0x18e4, 0x18e4, 0x18e4, 0x18e3, 0x1082, 0x1082, 0x1082, 0x1082, 0x1082, 0x1082, 0x2104,
  0xe71c, 0xe71c, 0xe71c, 0xe71c, 0xe71c, 0xe71c, 0xe71c, 0xe71c, 0xe71c, 0xe71c, 0xe71c, 0xa514, 0x1082,
  0x1082, 0x1082, 0x1082, 0x1082, 0x1082, 0x18c3, 0xdefb, 0xe71c, 0xe71c, 0xe71c, 0xe71c, 0xe71c, 0xe71c,
  0xe71c, 0xe71c, 0xe71c, 0xe71c, 0x6b4d, 0x1082, 0x1082, 0x1082, 0x1082, 0x1082, 0x1082, 0x1082, 0x18e3,
  0x2104, 0xbdd7, 0xe71c, 0xe71c, 0x52aa, 0x2104, 0x2104, 0x2104, 0x2104, 0x2104, 0x10a2, 0x1082, 0x1082,
  0x1082, 0x1082, 0x1082, 0x1082, 0x1082, 0x1082, 0x1082, 0x4208, 0xe71c, 0xe71c, 0xd6ba, 0x31a6, 0x1082,
  0x1082, 0x1082, 0x1082, 0x1082, 0x1082, 0x1082, 0x18c3, 0x630c, 0x18c3, 0x1082, 0x1082, 0x1082, 0x1082,
  0x1082, 0x94b2, 0xe71c, 0xe71c, 0xce59, 0x2124, 0x1082, 0x1082, 0x1082, 0x1082, 0x1082, 0x2966, 0xbdf7,
  0xe71c, 0xa534, 0x18c3, 0x1082, 0x1082, 0x1082, 0x1082, 0x2124, 0xce59, 0xe71c, 0xe71c, 0xdedb, 0x8c51,
  0x528a, 0x4228, 0x6b4d, 0x9492, 0xd6ba, 0xe71c, 0xe71c, 0xce79, 0x2104, 0x1082, 0x1082, 0x1082, 0x1082,
  0x1082, 0x18e4, 0x9cf3, 0xe71c, 0xe71c, 0xe71c, 0xe71c, 0xe71c, 0xe71c, 0xe71c, 0xe71c, 0xe71c, 0xa534,
  0x2104, 0x1082, 0x1082, 0x1082, 0x1082, 0x1082, 0x1082, 0x1082, 0x1082, 0x630c, 0xa535, 0xd69a, 0xe71c,
  0xe71c, 0xe71c, 0xd69a, 0xa534, 0x632c, 0x1082, 0x1082, 0x1082, 0x1082, 0x1082, 0x1082, 0x1082, 0x1082,
  0x1082, 0x1082, 0x1082, 0x1082, 0x1082, 0x2945, 0x31a6, 0x2945, 0x1082, 0x1082, 0x1082, 0x1082, 0x1082,
  0x1082, 0x1082, 0x1082, 0x1082, 0x1082, 0x1082, 0x1082, 0x1082, 0x1082, 0x1082, 0x1082, 0x1082, 0x1082,
  0x1082, 0x1082, 0x1082, 0x1082, 0x1082, 0x1082, 0x1082, 0x1082, 0x1082, 0x1082, 0x1082, 0x1082, 0x1082,
  0x1082, 0x1082, 0x1082, 0x1082, 0x1082, 0x1082, 0x1082, 0x1082, 0x1082, 0x1082, 0x1082, 0x1082, 0x1082,
  0x1082, 0x1082, 0x1082, 0x1082, 0x1082, 0x1082, 0x1082, 0x1082, 0x1082, 0x1082, 0x1082, 0x1082, 0x1082,
  0x1082, 0x1082, 0x1082, 0x1082, 0x1082, 0x1082, 0x1082, 0x1082, 0x1082, 0x1082, 0x1082, 0x1082, 0x1082,
  0x1082, 0x1082, 0x1082, 0x1082, 0x1082, 0x1082, 0x1082, 0x1082, 0x1082, 0x1082, 0x1082, 0x1082, 0x1082,
  0x1082, 0x1082, 0x1082, 0x1082, 0x1082, 0x1082, 0x1082, 0x1082, 0x1082, 0x1082, 0x1082, 0x1082, 0x1082,
  0x1082, 0x1082, 0x1082, 0x1082, 0x1082,
};


#define OUTFIT_24PX_LIGHT_300_E3E3E3_EQUALS_HEIGHT 29
#define OUTFIT_24PX_LIGHT_300_E3E3E3_EQUALS_WIDTH 13

// array size is 377
const uint16_t font_outfit24_light300_Equals[] = {
  0x1082, 0x1082, 0x1082, 0x1082, 0x1082, 0x1082, 0x1082, 0x1082, 0x1082, 0x1082, 0x1082, 0x1082, 0x1082,
  0x1082, 0x1082, 0x1082, 0x1082, 0x1082, 0x1082, 0x1082, 0x1082, 0x1082, 0x1082, 0x1082, 0x1082, 0x1082,
  0x1082, 0x1082, 0x1082, 0x1082, 0x1082, 0x1082, 0x1082, 0x1082, 0x1082, 0x1082, 0x1082, 0x1082, 0x1082,
  0x1082, 0x1082, 0x1082, 0x1082, 0x1082, 0x1082, 0x1082, 0x1082, 0x1082, 0x1082, 0x1082, 0x1082, 0x1082,
  0x1082, 0x1082, 0x1082, 0x1082, 0x1082, 0x1082, 0x1082, 0x1082, 0x1082, 0x1082, 0x1082, 0x1082, 0x1082,
  0x1082, 0x1082, 0x1082, 0x1082, 0x1082, 0x1082, 0x1082, 0x1082, 0x1082, 0x1082, 0x1082, 0x1082, 0x1082,
  0x1082, 0x1082, 0x1082, 0x1082, 0x1082, 0x1082, 0x1082, 0x1082, 0x1082, 0x1082, 0x1082, 0x1082, 0x1082,
  0x1082, 0x1082, 0x1082, 0x1082, 0x1082, 0x1082, 0x1082, 0x1082, 0x1082, 0x1082, 0x1082, 0x1082, 0x1082,
  0x1082, 0x1082, 0x1082, 0x1082, 0x1082, 0x1082, 0x1082, 0x1082, 0x1082, 0x1082, 0x1082, 0x1082, 0x1082,
  0x10a2, 0x2104, 0x2104, 0x2104, 0x2104, 0x2104, 0x2104, 0x2104, 0x2104, 0x2104, 0x2104, 0x2104, 0x10a2,
  0x2966, 0xe71c, 0xe71c, 0xe71c, 0xe71c, 0xe71c, 0xe71c, 0xe71c, 0xe71c, 0xe71c, 0xe71c, 0xe71c, 0x2124,
  0x2124, 0xe71c, 0xe71c, 0xe71c, 0xe71c, 0xe71c, 0xe71c, 0xe71c, 0xe71c, 0xe71c, 0xe71c, 0xe71c, 0x2124,
  0x1082, 0x3186, 0x31a6, 0x31a6, 0x31a6, 0x31a6, 0x31a6, 0x31a6, 0x31a6, 0x31a6, 0x31a6, 0x31a6, 0x10a2,
  0x1082, 0x1082, 0x1082, 0x1082, 0x1082, 0x1082, 0x1082, 0x1082, 0x1082, 0x1082, 0x1082, 0x1082, 0x1082,
  0x1082, 0x1082, 0x1082, 0x1082, 0x1082, 0x1082, 0x1082, 0x1082, 0x1082, 0x1082, 0x1082, 0x1082, 0x1082,
  0x10a2, 0x2125, 0x2125, 0x2125, 0x2125, 0x2125, 0x2125, 0x2125, 0x2125, 0x2125, 0x2125, 0x2125, 0x10a2,
  0x2966, 0xe71c, 0xe71c, 0xe71c, 0xe71c, 0xe71c, 0xe71c, 0xe71c, 0xe71c, 0xe71c, 0xe71c, 0xe71c, 0x2124,
  0x2124, 0xe71c, 0xe71c, 0xe71c, 0xe71c, 0xe71c, 0xe71c, 0xe71c, 0xe71c, 0xe71c, 0xe71c, 0xe71c, 0x2124,
  0x1082, 0x2945, 0x3186, 0x3186, 0x3186, 0x3186, 0x3186, 0x3186, 0x3186, 0x3186, 0x3186, 0x3186, 0x10a2,
  0x1082, 0x1082, 0x1082, 0x1082, 0x1082, 0x1082, 0x1082, 0x1082, 0x1082, 0x1082, 0x1082, 0x1082, 0x1082,
  0x1082, 0x1082, 0x1082, 0x1082, 0x1082, 0x1082, 0x1082, 0x1082, 0x1082, 0x1082, 0x1082, 0x1082, 0x1082,
  0x1082, 0x1082, 0x1082, 0x1082, 0x1082, 0x1082, 0x1082, 0x1082, 0x1082, 0x1082, 0x1082, 0x1082, 0x1082,
  0x1082, 0x1082, 0x1082, 0x1082, 0x1082, 0x1082, 0x1082, 0x1082, 0x1082, 0x1082, 0x1082, 0x1082, 0x1082,
  0x1082, 0x1082, 0x1082, 0x1082, 0x1082, 0x1082, 0x1082, 0x1082, 0x1082, 0x1082, 0x1082, 0x1082, 0x1082,
  0x1082, 0x1082, 0x1082, 0x1082, 0x1082, 0x1082, 0x1082, 0x1082, 0x1082, 0x1082, 0x1082, 0x1082, 0x1082,
  0x1082, 0x1082, 0x1082, 0x1082, 0x1082, 0x1082, 0x1082, 0x1082, 0x1082, 0x1082, 0x1082, 0x1082, 0x1082,
  0x1082, 0x1082, 0x1082, 0x1082, 0x1082, 0x1082, 0x1082, 0x1082, 0x1082, 0x1082, 0x1082, 0x1082, 0x1082,
  0x1082, 0x1082, 0x1082, 0x1082, 0x1082, 0x1082, 0x1082, 0x1082, 0x1082, 0x1082, 0x1082, 0x1082, 0x1082,
  0x1082, 0x1082, 0x1082, 0x1082, 0x1082, 0x1082, 0x1082, 0x1082, 0x1082, 0x1082, 0x1082, 0x1082, 0x1082,
};


#define OUTFIT_24PX_LIGHT_300_E3E3E3_EXCLAMATION_HEIGHT 29
#define OUTFIT_24PX_LIGHT_300_E3E3E3_EXCLAMATION_WIDTH 5

// array size is 145
const uint16_t font_outfit24_light300_Exclamation[] = {
  0x1082, 0x1082, 0x1082, 0x1082, 0x1082, 0x1082, 0x1082, 0x1082, 0x1082, 0x1082, 0x1082, 0x1082, 0x1082,
  0x1082, 0x1082, 0x1082, 0x10a2, 0x10a2, 0x1082, 0x1082, 0x1082, 0xdedb, 0xe71c, 0x73ae, 0x1082, 0x1082,
  0xd6ba, 0xe71c, 0x94b2, 0x1082, 0x1082, 0xd69a, 0xe71c, 0x9492, 0x1082, 0x1082, 0xce79, 0xe71c, 0x8c51,
  0x1082, 0x1082, 0xce59, 0xe71c, 0x8430, 0x1082, 0x1082, 0xc638, 0xe71c, 0x8410, 0x1082, 0x1082, 0xc618,
  0xe71c, 0x7bef, 0x1082, 0x1082, 0xbdd7, 0xe71c, 0x7bcf, 0x1082, 0x1082, 0xb5b6, 0xe71c, 0x73ae, 0x1082,
  0x1082, 0xb596, 0xe71c, 0x738e, 0x1082, 0x1082, 0xad75, 0xe71c, 0x6b4d, 0x1082, 0x1082, 0xad55, 0xe71c,
  0x632c, 0x1082, 0x1082, 0xa534, 0xe71c, 0x630c, 0x1082, 0x1082, 0x632c, 0x8c71, 0x39e7, 0x1082, 0x1082,
  0x1082, 0x1082, 0x1082, 0x1082, 0x1082, 0x2945, 0x4a69, 0x18c3, 0x1082, 0x39c7, 0xe71c, 0xe71c, 0xbdd7,
  0x1082, 0x6b6d, 0xe71c, 0xe71c, 0xe71c, 0x2104, 0x31a6, 0xdefb, 0xe71c, 0xb596, 0x1082, 0x1082, 0x2104,
  0x3186, 0x10a2, 0x1082, 0x1082, 0x1082, 0x1082, 0x1082, 0x1082, 0x1082, 0x1082, 0x1082, 0x1082, 0x1082,
  0x1082, 0x1082, 0x1082, 0x1082, 0x1082, 0x1082, 0x1082, 0x1082, 0x1082, 0x1082, 0x1082, 0x1082, 0x1082,
  0x1082, 0x1082,
};


#define OUTFIT_24PX_LIGHT_300_E3E3E3_HASH_HEIGHT 29
#define OUTFIT_24PX_LIGHT_300_E3E3E3_HASH_WIDTH 15

// array size is 435
const uint16_t font_outfit24_light300_Hash[] = {
  0x1082, 0x1082, 0x1082, 0x1082, 0x1082, 0x1082, 0x1082, 0x1082, 0x1082, 0x1082, 0x1082, 0x1082, 0x1082,
  0x1082, 0x1082, 0x1082, 0x1082, 0x1082, 0x1082, 0x1082, 0x1082, 0x1082, 0x1082, 0x1082, 0x1082, 0x1082,
  0x1082, 0x1082, 0x1082, 0x1082, 0x1082, 0x1082, 0x1082, 0x1082, 0x1082, 0x1082, 0x1082, 0x1082, 0x1082,
  0x1082, 0x1082, 0x1082, 0x1082, 0x1082, 0x1082, 0x1082, 0x1082, 0x1082, 0x1082, 0x1082, 0x1082, 0x1082,
  0x1082, 0x1082, 0x1082, 0x1082, 0x1082, 0x1082, 0x1082, 0x1082, 0x1082, 0x1082, 0x1082, 0x1082, 0x39c7,
  0x7bcf, 0x4228, 0x1082, 0x1082, 0x1082, 0x6b4d, 0x738e, 0x18c3, 0x1082, 0x1082, 0x1082, 0x1082, 0x1082,
  0x1082, 0x73ae, 0xe71c, 0xb5b6, 0x1082, 0x1082, 0x10a2, 0xdefb, 0xe71c, 0x52aa, 0x1082, 0x1082, 0x1082,
  0x1082, 0x1082, 0x1082, 0x94b2, 0xe71c, 0x9cd3, 0x1082, 0x1082, 0x2945, 0xe71c, 0xe71c, 0x31a7, 0x1082,
  0x1082, 0x1082, 0x1082, 0x1082, 0x1082, 0xb5b6, 0xe71c, 0x7bcf, 0x1082, 0x1082, 0x4a49, 0xe71c, 0xe71c,
  0x18c3, 0x1082, 0x1082, 0x1082, 0x1082, 0x1082, 0x1082, 0xd69a, 0xe71c, 0x5aeb, 0x1082, 0x1082, 0x6b4d,
  0xe71c, 0xce59, 0x1082, 0x1082, 0x1082, 0x10a3, 0x3186, 0x3186, 0x4208, 0xe71c, 0xe71c, 0x5acb, 0x3186,
  0x3186, 0xa534, 0xe71c, 0xce59, 0x3186, 0x3186, 0x2104, 0x3186, 0xe71c, 0xe71c, 0xe71c, 0xe71c, 0xe71c,
  0xe71c, 0xe71c, 0xe71c, 0xe71c, 0xe71c, 0xe71c, 0xe71c, 0xe71c, 0x73af, 0x2966, 0xd6ba, 0xd6ba, 0xe71c,
  0xe71c, 0xe71c, 0xd6ba, 0xd6ba, 0xd6ba, 0xe71c, 0xe71c, 0xe71c, 0xd6ba, 0xd6ba, 0x5aec, 0x1082, 0x1082,
  0x1082, 0x7bef, 0xe71c, 0xb596, 0x1082, 0x1082, 0x10a2, 0xe71c, 0xe71c, 0x4a69, 0x1082, 0x1082, 0x1082,
  0x1082, 0x1082, 0x1082, 0x9cf3, 0xe71c, 0x9492, 0x1082, 0x1082, 0x3186, 0xe71c, 0xe71c, 0x2966, 0x1082,
  0x1082, 0x1082, 0x1082, 0x1082, 0x1082, 0xbdf7, 0xe71c, 0x738e, 0x1082, 0x1082, 0x528a, 0xe71c, 0xdefb,
  0x10a2, 0x1082, 0x1082, 0x1082, 0xa514, 0xb596, 0xb596, 0xe71c, 0xe71c, 0xe71c, 0xb596, 0xb596, 0xe71c,
  0xe71c, 0xe71c, 0xb596, 0xb596, 0x8410, 0x1082, 0xce79, 0xe71c, 0xe71c, 0xe71c, 0xe71c, 0xe71c, 0xe71c,
  0xe71c, 0xe71c, 0xe71c, 0xe71c, 0xe71c, 0xe71c, 0xa514, 0x1082, 0x4208, 0x52aa, 0x8c51, 0xe71c, 0xe71c,
  0x5acb, 0x52aa, 0x52aa, 0xe71c, 0xe71c, 0xc638, 0x52aa, 0x52aa, 0x3186, 0x1082, 0x1082, 0x1082, 0x6b4d,
  0xe71c, 0xce59, 0x1082, 0x1082, 0x1082, 0xce59, 0xe71c, 0x632c, 0x1082, 0x1082, 0x1082, 0x1082, 0x1082,
  0x1082, 0x8430, 0xe71c, 0xad55, 0x1082, 0x1082, 0x18c3, 0xe71c, 0xe71c, 0x4228, 0x1082, 0x1082, 0x1082,
  0x1082, 0x1082, 0x1082, 0xa534, 0xe71c, 0x8c51, 0x1082, 0x1082, 0x39c7, 0xe71c, 0xe71c, 0x2124, 0x1082,
  0x1082, 0x1082, 0x1082, 0x1082, 0x1082, 0xc638, 0xe71c, 0x6b4d, 0x1082, 0x1082, 0x52aa, 0xe71c, 0xdedb,
  0x1082, 0x1082, 0x1082, 0x1082, 0x1082, 0x1082, 0x1082, 0xce59, 0xe71c, 0x4a69, 0x1082, 0x1082, 0x5aeb,
  0xe71c, 0xbdd7, 0x1082, 0x1082, 0x1082, 0x1082, 0x1082, 0x1082, 0x1082, 0x1082, 0x1082, 0x1082, 0x1082,
  0x1082, 0x1082, 0x1082, 0x1082, 0x1082, 0x1082, 0x1082, 0x1082, 0x1082, 0x1082, 0x1082, 0x1082, 0x1082,
  0x1082, 0x1082, 0x1082, 0x1082, 0x1082, 0x1082, 0x1082, 0x1082, 0x1082, 0x1082, 0x1082, 0x1082, 0x1082,
  0x1082, 0x1082, 0x1082, 0x1082, 0x1082, 0x1082, 0x1082, 0x1082, 0x1082, 0x1082, 0x1082, 0x1082, 0x1082,
  0x1082, 0x1082, 0x1082, 0x1082, 0x1082, 0x1082, 0x1082, 0x1082, 0x1082, 0x1082, 0x1082, 0x1082, 0x1082,
  0x1082, 0x1082, 0x1082, 0x1082, 0x1082, 0x1082, 0x1082, 0x1082, 0x1082, 0x1082, 0x1082, 0x1082, 0x1082,
  0x1082, 0x1082, 0x1082, 0x1082, 0x1082, 0x1082, 0x1082, 0x1082, 0x1082, 0x1082, 0x1082, 0x1082, 0x1082,
  0x1082, 0x1082, 0x1082, 0x1082, 0x1082, 0x1082,
};


#define OUTFIT_24PX_LIGHT_300_E3E3E3_LEFTPARENT_HEIGHT 29
#define OUTFIT_24PX_LIGHT_300_E3E3E3_LEFTPARENT_WIDTH 7

// array size is 203
const uint16_t font_outfit24_light300_LeftParent[] = {
  0x1082, 0x1082, 0x1082, 0x1082, 0x1082, 0x1082, 0x1082, 0x1082, 0x1082, 0x1082, 0x1082, 0x1082, 0x1082,
  0x1082, 0x1082, 0x1082, 0x1082, 0x1082, 0x1082, 0x1082, 0x1082, 0x1082, 0x1082, 0x1082, 0x1082, 0x2104,
  0x8c51, 0x2124, 0x1082, 0x1082, 0x1082, 0x18c3, 0xb596, 0xe71c, 0xb5b6, 0x1082, 0x1082, 0x1082, 0x9cd3,
  0xe71c, 0xe71c, 0x5aeb, 0x1082, 0x1082, 0x632c, 0xe71c, 0xe71c, 0x6b6d, 0x1082, 0x1082, 0x1082, 0xc618,
  0xe71c, 0xb596, 0x1082, 0x1082, 0x1082, 0x4228, 0xe71c, 0xe71c, 0x39e8, 0x1082, 0x1082, 0x1082, 0x9cf3,
  0xe71c, 0xad75, 0x1082, 0x1082, 0x1082, 0x1082, 0xdedb, 0xe71c, 0x738e, 0x1082, 0x1082, 0x1082, 0x2124,
  0xe71c, 0xe71c, 0x31a6, 0x1082, 0x1082, 0x1082, 0x39e8, 0xe71c, 0xe71c, 0x10a2, 0x1082, 0x1082, 0x1082,
  0x5acb, 0xe71c, 0xce79, 0x1082, 0x1082, 0x1082, 0x1082, 0x6b6d, 0xe71c, 0xc618, 0x1082, 0x1082, 0x1082,
  0x1082, 0x630c, 0xe71c, 0xce59, 0x1082, 0x1082, 0x1082, 0x1082, 0x4229, 0xe71c, 0xdefb, 0x1082, 0x1082,
  0x1082, 0x1082, 0x2965, 0xe71c, 0xe71c, 0x2124, 0x1082, 0x1082, 0x1082, 0x10a2, 0xe71c, 0xe71c, 0x5aeb,
  0x1082, 0x1082, 0x1082, 0x1082, 0xb5b6, 0xe71c, 0x9cd3, 0x1082, 0x1082, 0x1082, 0x1082, 0x630c, 0xe71c,
  0xdedb, 0x2124, 0x1082, 0x1082, 0x1082, 0x18c3, 0xd6ba, 0xe71c, 0x8c51, 0x1082, 0x1082, 0x1082, 0x1082,
  0x8430, 0xe71c, 0xdefb, 0x39c7, 0x1082, 0x1082, 0x1082, 0x2104, 0xc638, 0xe71c, 0xd69a, 0x3186, 0x1082,
  0x1082, 0x1082, 0x3186, 0xd6ba, 0xe71c, 0xb5b6, 0x1082, 0x1082, 0x1082, 0x1082, 0x4228, 0xd69a, 0x528a,
  0x1082, 0x1082, 0x1082, 0x1082, 0x1082, 0x1082, 0x1082, 0x1082, 0x1082, 0x1082, 0x1082, 0x1082, 0x1082,
  0x1082, 0x1082, 0x1082, 0x1082, 0x1082, 0x1082, 0x1082, 0x1082,
};


#define OUTFIT_24PX_LIGHT_300_E3E3E3_PERCENT_HEIGHT 29
#define OUTFIT_24PX_LIGHT_300_E3E3E3_PERCENT_WIDTH 15

// array size is 435
const uint16_t font_outfit24_light300_Percent[] = {
  0x1082, 0x1082, 0x1082, 0x1082, 0x1082, 0x1082, 0x1082, 0x1082, 0x1082, 0x1082, 0x1082, 0x1082, 0x1082,
  0x1082, 0x1082, 0x1082, 0x1082, 0x1082, 0x1082, 0x1082, 0x1082, 0x1082, 0x1082, 0x1082, 0x1082, 0x1082,
  0x1082, 0x1082, 0x1082, 0x1082, 0x1082, 0x1082, 0x1082, 0x1082, 0x1082, 0x1082, 0x1082, 0x1082, 0x1082,
  0x1082, 0x1082, 0x1082, 0x1082, 0x1082, 0x1082, 0x1082, 0x1082, 0x1082, 0x1082, 0x1082, 0x1082, 0x1082,
  0x1082, 0x1082, 0x1082, 0x1082, 0x1082, 0x1082, 0x1082, 0x1082, 0x1082, 0x18c3, 0x630c, 0x9cd3, 0xa534,
  0x738e, 0x2965, 0x1082, 0x1082, 0x1082, 0x1082, 0x18c3, 0x73ae, 0x7bcf, 0x2945, 0x18c3, 0xa534, 0xe71c,
  0xe71c, 0xe71c, 0xe71c, 0xce79, 0x31a6, 0x1082, 0x1082, 0x1082, 0x8410, 0xe71c, 0xe71c, 0x5acb, 0x632c,
  0xe71c, 0xe71c, 0xad75, 0x9cd3, 0xdedb, 0xe71c, 0xad75, 0x1082, 0x1082, 0x39c7, 0xe71c, 0xe71c, 0xa534,
  0x1082, 0x9cf3, 0xe71c, 0xb596, 0x1082, 0x1082, 0x6b6d, 0xe71c, 0xdefb, 0x18c3, 0x10a2, 0xbdd7, 0xe71c,
  0xdedb, 0x2945, 0x1082, 0xad55, 0xe71c, 0xa514, 0x1082, 0x1082, 0x5acb, 0xe71c, 0xe71c, 0x2104, 0x738e,
  0xe71c, 0xe71c, 0x6b4d, 0x1082, 0x1082, 0x7bcf, 0xe71c, 0xdefb, 0x630c, 0x4a69, 0xbdd7, 0xe71c, 0xc618,
  0x3186, 0xdefb, 0xe71c, 0xb596, 0x10a2, 0x1082, 0x1082, 0x2965, 0xd69a, 0xe71c, 0xe71c, 0xe71c, 0xe71c,
  0xe71c, 0x632c, 0xad75, 0xe71c, 0xdefb, 0x31a6, 0x1082, 0x1082, 0x1082, 0x1082, 0x31a6, 0xad75, 0xdefb,
  0xe71c, 0xbdf7, 0x632c, 0x630c, 0xe71c, 0xe71c, 0x7bcf, 0x1082, 0x1082, 0x1082, 0x1082, 0x1082, 0x1082,
  0x1082, 0x18c3, 0x18e4, 0x1082, 0x2124, 0xd6ba, 0xe71c, 0xbdf7, 0x10a3, 0x1082, 0x1082, 0x1082, 0x1082,
  0x1082, 0x1082, 0x1082, 0x1082, 0x1082, 0x1082, 0x9cf3, 0xe71c, 0xe71c, 0x4208, 0x1082, 0x1082, 0x1082,
  0x1082, 0x1082, 0x1082, 0x1082, 0x1082, 0x1082, 0x1082, 0x528a, 0xe71c, 0xe71c, 0x8c51, 0x1082, 0x1082,
  0x1082, 0x1082, 0x1082, 0x1082, 0x1082, 0x1082, 0x1082, 0x1082, 0x18e3, 0xce79, 0xe71c, 0xce59, 0x18e4,
  0x4228, 0x7bcf, 0x7bef, 0x4a49, 0x10a3, 0x1082, 0x1082, 0x1082, 0x1082, 0x1082, 0x8c71, 0xe71c, 0xe71c,
  0x528a, 0xa514, 0xe71c, 0xe71c, 0xe71c, 0xe71c, 0xad55, 0x18c3, 0x1082, 0x1082, 0x1082, 0x4228, 0xe71c,
  0xe71c, 0x9cd3, 0x73ae, 0xe71c, 0xe71c, 0xe71c, 0xce79, 0xe71c, 0xe71c, 0x8430, 0x1082, 0x1082, 0x18c3,
  0xc618, 0xe71c, 0xd69a, 0x2104, 0xb596, 0xe71c, 0xa534, 0x1082, 0x1082, 0x9cd3, 0xe71c, 0xc618, 0x1082,
  0x1082, 0x7bef, 0xe71c, 0xe71c, 0x5aeb, 0x1082, 0xce59, 0xe71c, 0x7bef, 0x1082, 0x1082, 0x6b6d, 0xe71c,
  0xdedb, 0x1082, 0x39c7, 0xdefb, 0xe71c, 0xa535, 0x1082, 0x1082, 0x9cf3, 0xe71c, 0xc618, 0x31a6, 0x3186,
  0xbdd7, 0xe71c, 0xad75, 0x10a2, 0xb5b6, 0xe71c, 0xdedb, 0x2945, 0x1082, 0x1082, 0x528a, 0xe71c, 0xe71c,
  0xe71c, 0xe71c, 0xe71c, 0xe71c, 0x630c, 0x4228, 0xe71c, 0xe71c, 0x6b6d, 0x1082, 0x1082, 0x1082, 0x1082,
  0x630c, 0xd6ba, 0xe71c, 0xe71c, 0xdedb, 0x738e, 0x1082, 0x1082, 0x1082, 0x1082, 0x1082, 0x1082, 0x1082,
  0x1082, 0x1082, 0x1082, 0x10a2, 0x3186, 0x3186, 0x10a2, 0x1082, 0x1082, 0x1082, 0x1082, 0x1082, 0x1082,
  0x1082, 0x1082, 0x1082, 0x1082, 0x1082, 0x1082, 0x1082, 0x1082, 0x1082, 0x1082, 0x1082, 0x1082, 0x1082,
  0x1082, 0x1082, 0x1082, 0x1082, 0x1082, 0x1082, 0x1082, 0x1082, 0x1082, 0x1082, 0x1082, 0x1082, 0x1082,
  0x1082, 0x1082, 0x1082, 0x1082, 0x1082, 0x1082, 0x1082, 0x1082, 0x1082, 0x1082, 0x1082, 0x1082, 0x1082,
  0x1082, 0x1082, 0x1082, 0x1082, 0x1082, 0x1082, 0x1082, 0x1082, 0x1082, 0x1082, 0x1082, 0x1082, 0x1082,
  0x1082, 0x1082, 0x1082, 0x1082, 0x1082, 0x1082, 0x1082, 0x1082, 0x1082, 0x1082, 0x1082, 0x1082, 0x1082,
  0x1082, 0x1082, 0x1082, 0x1082, 0x1082, 0x1082,
};


#define OUTFIT_24PX_LIGHT_300_E3E3E3_PLUS_HEIGHT 29
#define OUTFIT_24PX_LIGHT_300_E3E3E3_PLUS_WIDTH 12

// array size is 348
const uint16_t font_outfit24_light300_Plus[] = {
  0x1082, 0x1082, 0x1082, 0x1082, 0x1082, 0x1082, 0x1082, 0x1082, 0x1082, 0x1082, 0x1082, 0x1082, 0x1082,
  0x1082, 0x1082, 0x1082, 0x1082, 0x1082, 0x1082, 0x1082, 0x1082, 0x1082, 0x1082, 0x1082, 0x1082, 0x1082,
  0x1082, 0x1082, 0x1082, 0x1082, 0x1082, 0x1082, 0x1082, 0x1082, 0x1082, 0x1082, 0x1082, 0x1082, 0x1082,
  0x1082, 0x1082, 0x1082, 0x1082, 0x1082, 0x1082, 0x1082, 0x1082, 0x1082, 0x1082, 0x1082, 0x1082, 0x1082,
  0x1082, 0x1082, 0x1082, 0x1082, 0x1082, 0x1082, 0x1082, 0x1082, 0x1082, 0x1082, 0x1082, 0x1082, 0x1082,
  0x1082, 0x1082, 0x1082, 0x1082, 0x1082, 0x1082, 0x1082, 0x1082, 0x1082, 0x1082, 0x1082, 0x1082, 0x1082,
  0x1082, 0x1082, 0x1082, 0x1082, 0x1082, 0x1082, 0x1082, 0x1082, 0x1082, 0x1082, 0x1082, 0x1082, 0x1082,
  0x1082, 0x1082, 0x1082, 0x1082, 0x1082, 0x1082, 0x1082, 0x1082, 0x1082, 0x3186, 0xc638, 0xc638, 0x2945,
  0x1082, 0x1082, 0x1082, 0x1082, 0x1082, 0x1082, 0x1082, 0x1082, 0x31a6, 0xe71c, 0xe71c, 0x2965, 0x1082,
  0x1082, 0x1082, 0x1082, 0x1082, 0x1082, 0x1082, 0x1082, 0x31a6, 0xe71c, 0xe71c, 0x2965, 0x1082, 0x1082,
  0x1082, 0x1082, 0x1082, 0x1082, 0x1082, 0x1082, 0x31a6, 0xe71c, 0xe71c, 0x2965, 0x1082, 0x1082, 0x1082,
  0x1082, 0x18e3, 0x2124, 0x2124, 0x2124, 0x4a49, 0xe71c, 0xe71c, 0x4208, 0x2124, 0x2124, 0x2124, 0x18e3,
  0x94b3, 0xe71c, 0xe71c, 0xe71c, 0xe71c, 0xe71c, 0xe71c, 0xe71c, 0xe71c, 0xe71c, 0xe71c, 0x8c71, 0x8c71,
  0xe71c, 0xe71c, 0xe71c, 0xe71c, 0xe71c, 0xe71c, 0xe71c, 0xe71c, 0xe71c, 0xe71c, 0x8c71, 0x18e3, 0x3186,
  0x3186, 0x3186, 0x528a, 0xe71c, 0xe71c, 0x4a69, 0x3186, 0x3186, 0x3186, 0x2124, 0x1082, 0x1082, 0x1082,
  0x1082, 0x31a6, 0xe71c, 0xe71c, 0x2965, 0x1082, 0x1082, 0x1082, 0x1082, 0x1082, 0x1082, 0x1082, 0x1082,
  0x31a6, 0xe71c, 0xe71c, 0x2965, 0x1082, 0x1082, 0x1082, 0x1082, 0x1082, 0x1082, 0x1082, 0x1082, 0x31a6,
  0xe71c, 0xe71c, 0x2965, 0x1082, 0x1082, 0x1082, 0x1082, 0x1082, 0x1082, 0x1082, 0x1082, 0x3186, 0xce79,
  0xb5b6, 0x18e3, 0x1082, 0x1082, 0x1082, 0x1082, 0x1082, 0x1082, 0x1082, 0x1082, 0x1082, 0x1082, 0x1082,
  0x1082, 0x1082, 0x1082, 0x1082, 0x1082, 0x1082, 0x1082, 0x1082, 0x1082, 0x1082, 0x1082, 0x1082, 0x1082,
  0x1082, 0x1082, 0x1082, 0x1082, 0x1082, 0x1082, 0x1082, 0x1082, 0x1082, 0x1082, 0x1082, 0x1082, 0x1082,
  0x1082, 0x1082, 0x1082, 0x1082, 0x1082, 0x1082, 0x1082, 0x1082, 0x1082, 0x1082, 0x1082, 0x1082, 0x1082,
  0x1082, 0x1082, 0x1082, 0x1082, 0x1082, 0x1082, 0x1082, 0x1082, 0x1082, 0x1082, 0x1082, 0x1082, 0x1082,
  0x1082, 0x1082, 0x1082, 0x1082, 0x1082, 0x1082, 0x1082, 0x1082, 0x1082, 0x1082, 0x1082, 0x1082, 0x1082,
  0x1082, 0x1082, 0x1082, 0x1082, 0x1082, 0x1082, 0x1082, 0x1082, 0x1082, 0x1082, 0x1082, 0x1082, 0x1082,
  0x1082, 0x1082, 0x1082, 0x1082, 0x1082, 0x1082, 0x1082, 0x1082, 0x1082, 0x1082, 0x1082, 0x1082, 0x1082,
  0x1082, 0x1082, 0x1082, 0x1082, 0x1082, 0x1082, 0x1082, 0x1082, 0x1082, 0x1082,
};


#define OUTFIT_24PX_LIGHT_300_E3E3E3_QUESTION_HEIGHT 29
#define OUTFIT_24PX_LIGHT_300_E3E3E3_QUESTION_WIDTH 12

// array size is 348
const uint16_t font_outfit24_light300_Question[] = {
  0x1082, 0x1082, 0x1082, 0x1082, 0x1082, 0x1082, 0x1082, 0x1082, 0x1082, 0x1082, 0x1082, 0x1082, 0x1082,
  0x1082, 0x1082, 0x1082, 0x1082, 0x1082, 0x1082, 0x1082, 0x1082, 0x1082, 0x1082, 0x1082, 0x1082, 0x1082,
  0x1082, 0x1082, 0x1082, 0x1082, 0x1082, 0x1082, 0x1082, 0x1082, 0x1082, 0x1082, 0x1082, 0x1082, 0x1082,
  0x10a2, 0x2965, 0x4228, 0x39e7, 0x10a3, 0x1082, 0x1082, 0x1082, 0x1082, 0x1082, 0x1082, 0x630c, 0xc638,
  0xe71c, 0xe71c, 0xe71c, 0xdefb, 0xb596, 0x39e7, 0x1082, 0x1082, 0x1082, 0x632c, 0xe71c, 0xe71c, 0xe71c,
  0xe71c, 0xe71c, 0xe71c, 0xe71c, 0xdedb, 0x4208, 0x1082, 0x52aa, 0xe71c, 0xe71c, 0xdedb, 0x9492, 0x5acb,
  0x5acb, 0xa534, 0xe71c, 0xe71c, 0xce79, 0x1082, 0x5acb, 0xe71c, 0xdefb, 0x4a49, 0x1082, 0x1082, 0x1082,
  0x10a2, 0x9cf4, 0xe71c, 0xe71c, 0x31a6, 0x1082, 0x4a49, 0x528a, 0x1082, 0x1082, 0x1082, 0x1082, 0x1082,
  0x4a49, 0xe71c, 0xe71c, 0x632c, 0x1082, 0x1082, 0x1082, 0x1082, 0x1082, 0x1082, 0x1082, 0x1082, 0x4a49,
  0xe71c, 0xe71c, 0x630c, 0x1082, 0x1082, 0x1082, 0x1082, 0x1082, 0x1082, 0x1082, 0x1082, 0x9492, 0xe71c,
  0xe71c, 0x2966, 0x1082, 0x1082, 0x1082, 0x1082, 0x1082, 0x1082, 0x2966, 0x8c51, 0xe71c, 0xe71c, 0xc638,
  0x1082, 0x1082, 0x1082, 0x1082, 0x1082, 0x10a2, 0xd69a, 0xe71c, 0xe71c, 0xe71c, 0xd69a, 0x3186, 0x1082,
  0x1082, 0x1082, 0x1082, 0x1082, 0x10a2, 0xe71c, 0xe71c, 0xe71c, 0xb5b6, 0x39c7, 0x1082, 0x1082, 0x1082,
  0x1082, 0x1082, 0x1082, 0x1082, 0xe71c, 0xe71c, 0x738e, 0x1082, 0x1082, 0x1082, 0x1082, 0x1082, 0x1082,
  0x1082, 0x1082, 0x1082, 0xe71c, 0xe71c, 0x4a49, 0x1082, 0x1082, 0x1082, 0x1082, 0x1082, 0x1082, 0x1082,
  0x1082, 0x1082, 0xe71c, 0xe71c, 0x4208, 0x1082, 0x1082, 0x1082, 0x1082, 0x1082, 0x1082, 0x1082, 0x1082,
  0x1082, 0x8c51, 0x8c71, 0x2945, 0x1082, 0x1082, 0x1082, 0x1082, 0x1082, 0x1082, 0x1082, 0x1082, 0x1082,
  0x1082, 0x1082, 0x1082, 0x1082, 0x1082, 0x1082, 0x1082, 0x1082, 0x1082, 0x1082, 0x1082, 0x1082, 0x39c7,
  0x4228, 0x10a2, 0x1082, 0x1082, 0x1082, 0x1082, 0x1082, 0x1082, 0x1082, 0x1082, 0x6b4d, 0xe71c, 0xe71c,
  0x8c51, 0x1082, 0x1082, 0x1082, 0x1082, 0x1082, 0x1082, 0x1082, 0x1082, 0x9cf4, 0xe71c, 0xe71c, 0xc618,
  0x1082, 0x1082, 0x1082, 0x1082, 0x1082, 0x1082, 0x1082, 0x1082, 0x630c, 0xe71c, 0xe71c, 0x8410, 0x1082,
  0x1082, 0x1082, 0x1082, 0x1082, 0x1082, 0x1082, 0x1082, 0x1082, 0x2945, 0x2945, 0x1082, 0x1082, 0x1082,
  0x1082, 0x1082, 0x1082, 0x1082, 0x1082, 0x1082, 0x1082, 0x1082, 0x1082, 0x1082, 0x1082, 0x1082, 0x1082,
  0x1082, 0x1082, 0x1082, 0x1082, 0x1082, 0x1082, 0x1082, 0x1082, 0x1082, 0x1082, 0x1082, 0x1082, 0x1082,
  0x1082, 0x1082, 0x1082, 0x1082, 0x1082, 0x1082, 0x1082, 0x1082, 0x1082, 0x1082, 0x1082, 0x1082, 0x1082,
  0x1082, 0x1082, 0x1082, 0x1082, 0x1082, 0x1082, 0x1082, 0x1082, 0x1082, 0x1082, 0x1082, 0x1082, 0x1082,
  0x1082, 0x1082, 0x1082, 0x1082, 0x1082, 0x1082, 0x1082, 0x1082, 0x1082, 0x1082,
};


#define OUTFIT_24PX_LIGHT_300_E3E3E3_RIGHTPARENT_HEIGHT 29
#define OUTFIT_24PX_LIGHT_300_E3E3E3_RIGHTPARENT_WIDTH 7

// array size is 203
const uint16_t font_outfit24_light300_RightParent[] = {
  0x1082, 0x1082, 0x1082, 0x1082, 0x1082, 0x1082, 0x1082, 0x1082, 0x1082, 0x1082, 0x1082, 0x1082, 0x1082,
  0x1082, 0x1082, 0x1082, 0x1082, 0x1082, 0x1082, 0x1082, 0x1082, 0x2945, 0x8c51, 0x18e4, 0x1082, 0x1082,
  0x1082, 0x1082, 0xbdf7, 0xe71c, 0xad55, 0x10a2, 0x1082, 0x1082, 0x1082, 0x632c, 0xe71c, 0xe71c, 0x9492,
  0x1082, 0x1082, 0x1082, 0x1082, 0x73ae, 0xe71c, 0xe71c, 0x5aeb, 0x1082, 0x1082, 0x1082, 0x10a2, 0xbdd7,
  0xe71c, 0xb5b6, 0x1082, 0x1082, 0x1082, 0x1082, 0x4a49, 0xe71c, 0xe71c, 0x39e7, 0x1082, 0x1082, 0x1082,
  0x1082, 0xbdd7, 0xe71c, 0x9492, 0x1082, 0x1082, 0x1082, 0x1082, 0x7bcf, 0xe71c, 0xd69a, 0x1082, 0x1082,
  0x1082, 0x1082, 0x39e8, 0xe71c, 0xe71c, 0x18c3, 0x1082, 0x1082, 0x1082, 0x18c3, 0xe71c, 0xe71c, 0x31a6,
  0x1082, 0x1082, 0x1082, 0x1082, 0xdedb, 0xe71c, 0x528a, 0x1082, 0x1082, 0x1082, 0x1082, 0xce59, 0xe71c,
  0x632c, 0x1082, 0x1082, 0x1082, 0x1082, 0xd69a, 0xe71c, 0x5acb, 0x1082, 0x1082, 0x1082, 0x10a2, 0xe71c,
  0xe71c, 0x39e7, 0x1082, 0x1082, 0x1082, 0x2966, 0xe71c, 0xe71c, 0x2124, 0x1082, 0x1082, 0x1082, 0x632d,
  0xe71c, 0xdedb, 0x1082, 0x1082, 0x1082, 0x1082, 0xa514, 0xe71c, 0xad75, 0x1082, 0x1082, 0x1082, 0x2945,
  0xdefb, 0xe71c, 0x5acb, 0x1082, 0x1082, 0x1082, 0x94b2, 0xe71c, 0xce79, 0x10a3, 0x1082, 0x1082, 0x4208,
  0xe71c, 0xe71c, 0x7bef, 0x1082, 0x1082, 0x31a6, 0xd6ba, 0xe71c, 0xc618, 0x18e3, 0x1082, 0x1082, 0xc618,
  0xe71c, 0xd69a, 0x2965, 0x1082, 0x1082, 0x1082, 0x5acb, 0xbdf7, 0x39e8, 0x1082, 0x1082, 0x1082, 0x1082,
  0x1082, 0x1082, 0x1082, 0x1082, 0x1082, 0x1082, 0x1082, 0x1082, 0x1082, 0x1082, 0x1082, 0x1082, 0x1082,
  0x1082, 0x1082, 0x1082, 0x1082, 0x1082, 0x1082, 0x1082, 0x1082,
};


#define OUTFIT_24PX_LIGHT_300_E3E3E3_SLASH_HEIGHT 29
#define OUTFIT_24PX_LIGHT_300_E3E3E3_SLASH_WIDTH 10

// array size is 290
const uint16_t font_outfit24_light300_Slash[] = {
  0x1082, 0x1082, 0x1082, 0x1082, 0x1082, 0x1082, 0x1082, 0x1082, 0x1082, 0x1082, 0x1082, 0x1082, 0x1082,
  0x1082, 0x1082, 0x1082, 0x1082, 0x1082, 0x1082, 0x1082, 0x1082, 0x1082, 0x1082, 0x1082, 0x1082, 0x1082,
  0x1082, 0x1082, 0x1082, 0x1082, 0x1082, 0x1082, 0x1082, 0x1082, 0x1082, 0x1082, 0x1082, 0x5acb, 0x738e,
  0x2965, 0x1082, 0x1082, 0x1082, 0x1082, 0x1082, 0x1082, 0x18e3, 0xdedb, 0xe71c, 0x7bef, 0x1082, 0x1082,
  0x1082, 0x1082, 0x1082, 0x1082, 0x5aeb, 0xe71c, 0xe71c, 0x31a7, 0x1082, 0x1082, 0x1082, 0x1082, 0x1082,
  0x1082, 0xad55, 0xe71c, 0xbdf7, 0x1082, 0x1082, 0x1082, 0x1082, 0x1082, 0x1082, 0x2124, 0xe71c, 0xe71c,
  0x738e, 0x1082, 0x1082, 0x1082, 0x1082, 0x1082, 0x1082, 0x6b6d, 0xe71c, 0xe71c, 0x2945, 0x1082, 0x1082,
  0x1082, 0x1082, 0x1082, 0x1082, 0xbdd7, 0xe71c, 0xad75, 0x1082, 0x1082, 0x1082, 0x1082, 0x1082, 0x1082,
  0x3186, 0xe71c, 0xe71c, 0x630c, 0x1082, 0x1082, 0x1082, 0x1082, 0x1082, 0x1082, 0x7bef, 0xe71c, 0xdefb,
  0x18e3, 0x1082, 0x1082, 0x1082, 0x1082, 0x1082, 0x1082, 0xc638, 0xe71c, 0x9cf3, 0x1082, 0x1082, 0x1082,
  0x1082, 0x1082, 0x1082, 0x4208, 0xe71c, 0xe71c, 0x528a, 0x1082, 0x1082, 0x1082, 0x1082, 0x1082, 0x1082,
  0x8c71, 0xe71c, 0xd69a, 0x10a3, 0x1082, 0x1082, 0x1082, 0x1082, 0x1082, 0x10a3, 0xd69a, 0xe71c, 0x8c71,
  0x1082, 0x1082, 0x1082, 0x1082, 0x1082, 0x1082, 0x528a, 0xe71c, 0xe71c, 0x4208, 0x1082, 0x1082, 0x1082,
  0x1082, 0x1082, 0x1082, 0x9cf3, 0xe71c, 0xc638, 0x1082, 0x1082, 0x1082, 0x1082, 0x1082, 0x1082, 0x18e3,
  0xdefb, 0xe71c, 0x7bef, 0x1082, 0x1082, 0x1082, 0x1082, 0x1082, 0x1082, 0x630c, 0xe71c, 0xe71c, 0x3186,
  0x1082, 0x1082, 0x1082, 0x1082, 0x1082, 0x1082, 0xad75, 0xe71c, 0xbdd7, 0x1082, 0x1082, 0x1082, 0x1082,
  0x1082, 0x1082, 0x2945, 0xe71c, 0xe71c, 0x6b6d, 0x1082, 0x1082, 0x1082, 0x1082, 0x1082, 0x1082, 0x738e,
  0xe71c, 0xe71c, 0x2124, 0x1082, 0x1082, 0x1082, 0x1082, 0x1082, 0x1082, 0xa514, 0xe71c, 0xad55, 0x1082,
  0x1082, 0x1082, 0x1082, 0x1082, 0x1082, 0x1082, 0x10a3, 0x18c3, 0x10a3, 0x1082, 0x1082, 0x1082, 0x1082,
  0x1082, 0x1082, 0x1082, 0x1082, 0x1082, 0x1082, 0x1082, 0x1082, 0x1082, 0x1082, 0x1082, 0x1082, 0x1082,
  0x1082, 0x1082, 0x1082, 0x1082, 0x1082, 0x1082, 0x1082, 0x1082, 0x1082, 0x1082, 0x1082, 0x1082, 0x1082,
  0x1082, 0x1082, 0x1082, 0x1082, 0x1082, 0x1082, 0x1082, 0x1082, 0x1082, 0x1082, 0x1082, 0x1082, 0x1082,
  0x1082, 0x1082, 0x1082, 0x1082,
};


#define OUTFIT_24PX_LIGHT_300_E3E3E3_A_HEIGHT 29
#define OUTFIT_24PX_LIGHT_300_E3E3E3_A_WIDTH 18

// array size is 522
const uint16_t font_outfit24_light300_A[] = {
  0x1082, 0x1082, 0x1082, 0x1082, 0x1082, 0x1082, 0x1082, 0x1082, 0x1082, 0x1082, 0x1082, 0x1082, 0x1082,
  0x1082, 0x1082, 0x1082, 0x1082, 0x1082, 0x1082, 0x1082, 0x1082, 0x1082, 0x1082, 0x1082, 0x1082, 0x1082,
  0x1082, 0x1082, 0x1082, 0x1082, 0x1082, 0x1082, 0x1082, 0x1082, 0x1082, 0x1082, 0x1082, 0x1082, 0x1082,
  0x1082, 0x1082, 0x1082, 0x1082, 0x1082, 0x1082, 0x1082, 0x1082, 0x1082, 0x1082, 0x1082, 0x1082, 0x1082,
  0x1082, 0x1082, 0x1082, 0x1082, 0x1082, 0x1082, 0x1082, 0x1082, 0x1082, 0x1082, 0x1082, 0x1082, 0x1082,
  0x1082, 0x1082, 0x1082, 0x1082, 0x1082, 0x1082, 0x1082, 0x1082, 0x1082, 0x1082, 0x1082, 0x1082, 0x1082,
  0x1082, 0x18e4, 0x7bcf, 0x7bcf, 0x18e3, 0x1082, 0x1082, 0x1082, 0x1082, 0x1082, 0x1082, 0x1082, 0x1082,
  0x1082, 0x1082, 0x1082, 0x1082, 0x1082, 0x1082, 0x6b4d, 0xe71c, 0xe71c, 0x6b4d, 0x1082, 0x1082, 0x1082,
  0x1082, 0x1082, 0x1082, 0x1082, 0x1082, 0x1082, 0x1082, 0x1082, 0x1082, 0x1082, 0x1082, 0xc618, 0xe71c,
  0xe71c, 0xbdf7, 0x1082, 0x1082, 0x1082, 0x1082, 0x1082, 0x1082, 0x1082, 0x1082, 0x1082, 0x1082, 0x1082,
  0x1082, 0x1082, 0x4228, 0xe71c, 0xe71c, 0xe71c, 0xe71c, 0x4208, 0x1082, 0x1082, 0x1082, 0x1082, 0x1082,
  0x1082, 0x1082, 0x1082, 0x1082, 0x1082, 0x1082, 0x1082, 0x9cd3, 0xe71c, 0xe71c, 0xe71c, 0xe71c, 0x94b2,
  0x1082, 0x1082, 0x1082, 0x1082, 0x1082, 0x1082, 0x1082, 0x1082, 0x1082, 0x1082, 0x1082, 0x2124, 0xdefb,
  0xe71c, 0xad55, 0xb5b6, 0xe71c, 0xdefb, 0x2104, 0x1082, 0x1082, 0x1082, 0x1082, 0x1082, 0x1082, 0x1082,
  0x1082, 0x1082, 0x1082, 0x73ae, 0xe71c, 0xe71c, 0x52aa, 0x630c, 0xe71c, 0xe71c, 0x6b6e, 0x1082, 0x1082,
  0x1082, 0x1082, 0x1082, 0x1082, 0x1082, 0x1082, 0x1082, 0x10a2, 0xce59, 0xe71c, 0xce79, 0x10a2, 0x18c3,
  0xd6ba, 0xe71c, 0xc618, 0x1082, 0x1082, 0x1082, 0x1082, 0x1082, 0x1082, 0x1082, 0x1082, 0x1082, 0x4a69,
  0xe71c, 0xe71c, 0x7bef, 0x1082, 0x1082, 0x8c71, 0xe71c, 0xe71c, 0x4a49, 0x1082, 0x1082, 0x1082, 0x1082,
  0x1082, 0x1082, 0x1082, 0x1082, 0xa534, 0xe71c, 0xe71c, 0x2965, 0x1082, 0x1082, 0x39c7, 0xe71c, 0xe71c,
  0x9cf3, 0x1082, 0x1082, 0x1082, 0x1082, 0x1082, 0x1082, 0x1082, 0x2945, 0xe71c, 0xe71c, 0xa535, 0x1082,
  0x1082, 0x1082, 0x1082, 0xb5b6, 0xe71c, 0xdefb, 0x2124, 0x1082, 0x1082, 0x1082, 0x1082, 0x1082, 0x1082,
  0x7bef, 0xe71c, 0xe71c, 0x528a, 0x1082, 0x1082, 0x1082, 0x1082, 0x630c, 0xe71c, 0xe71c, 0x73ae, 0x1082,
  0x1082, 0x1082, 0x1082, 0x1082, 0x10a3, 0xce79, 0xe71c, 0xe71c, 0xdedb, 0xd6ba, 0xd6ba, 0xd6ba, 0xd6ba,
  0xdefb, 0xe71c, 0xe71c, 0xce59, 0x10a2, 0x1082, 0x1082, 0x1082, 0x1082, 0x5acb, 0xe71c, 0xe71c, 0xe71c,
  0xe71c, 0xe71c, 0xe71c, 0xe71c, 0xe71c, 0xe71c, 0xe71c, 0xe71c, 0xe71c, 0x4a69, 0x1082, 0x1082, 0x1082,
  0x1082, 0xad75, 0xe71c, 0xe71c, 0x738e, 0x5acb, 0x5acb, 0x5acb, 0x5acb, 0x5acb, 0x5acb, 0x8410, 0xe71c,
  0xe71c, 0xa514, 0x1082, 0x1082, 0x1082, 0x3186, 0xe71c, 0xe71c, 0xa534, 0x1082, 0x1082, 0x1082, 0x1082,
  0x1082, 0x1082, 0x1082, 0x1082, 0xb5b6, 0xe71c, 0xe71c, 0x2945, 0x1082, 0x1082, 0x8c51, 0xe71c, 0xe71c,
  0x528a, 0x1082, 0x1082, 0x1082, 0x1082, 0x1082, 0x1082, 0x1082, 0x1082, 0x632c, 0xe71c, 0xe71c, 0x7bef,
  0x1082, 0x18c3, 0xd6ba, 0xe71c, 0xce59, 0x10a2, 0x1082, 0x1082, 0x1082, 0x1082, 0x1082, 0x1082, 0x1082,
  0x1082, 0x18e3, 0xdedb, 0xe71c, 0xce79, 0x10a2, 0x4208, 0xe71c, 0xe71c, 0x7bcf, 0x1082, 0x1082, 0x1082,
  0x1082, 0x1082, 0x1082, 0x1082, 0x1082, 0x1082, 0x1082, 0x8c71, 0xe71c, 0xe71c, 0x3186, 0x1082, 0x1082,
  0x1082, 0x1082, 0x1082, 0x1082, 0x1082, 0x1082, 0x1082, 0x1082, 0x1082, 0x1082, 0x1082, 0x1082, 0x1082,
  0x1082, 0x1082, 0x1082, 0x1082, 0x1082, 0x1082, 0x1082, 0x1082, 0x1082, 0x1082, 0x1082, 0x1082, 0x1082,
  0x1082, 0x1082, 0x1082, 0x1082, 0x1082, 0x1082, 0x1082, 0x1082, 0x1082, 0x1082, 0x1082, 0x1082, 0x1082,
  0x1082, 0x1082, 0x1082, 0x1082, 0x1082, 0x1082, 0x1082, 0x1082, 0x1082, 0x1082, 0x1082, 0x1082, 0x1082,
  0x1082, 0x1082, 0x1082, 0x1082, 0x1082, 0x1082, 0x1082, 0x1082, 0x1082, 0x1082, 0x1082, 0x1082, 0x1082,
  0x1082, 0x1082, 0x1082, 0x1082, 0x1082, 0x1082, 0x1082, 0x1082, 0x1082, 0x1082, 0x1082, 0x1082, 0x1082,
  0x1082, 0x1082, 0x1082, 0x1082, 0x1082, 0x1082, 0x1082, 0x1082, 0x1082, 0x1082, 0x1082, 0x1082, 0x1082,
  0x1082, 0x1082, 0x1082, 0x1082, 0x1082, 0x1082, 0x1082, 0x1082, 0x1082, 0x1082, 0x1082, 0x1082, 0x1082,
  0x1082, 0x1082,
};


#define OUTFIT_24PX_LIGHT_300_E3E3E3_AUML_HEIGHT 29
#define OUTFIT_24PX_LIGHT_300_E3E3E3_AUML_WIDTH 18

// array size is 522
const uint16_t font_outfit24_light300_Auml[] = {
  0x1082, 0x1082, 0x1082, 0x1082, 0x1082, 0xb596, 0xe71c, 0xbdd7, 0x1082, 0x10a2, 0xbdf7, 0xe71c, 0xad75,
  0x1082, 0x1082, 0x1082, 0x1082, 0x1082, 0x1082, 0x1082, 0x1082, 0x1082, 0x18c3, 0xe71c, 0xe71c, 0xe71c,
  0x18e3, 0x2124, 0xe71c, 0xe71c, 0xe71c, 0x10a2, 0x1082, 0x1082, 0x1082, 0x1082, 0x1082, 0x1082, 0x1082,
  0x1082, 0x1082, 0x8c71, 0xce59, 0x9492, 0x1082, 0x1082, 0x9cd3, 0xce59, 0x8c51, 0x1082, 0x1082, 0x1082,
  0x1082, 0x1082, 0x1082, 0x1082, 0x1082, 0x1082, 0x1082, 0x1082, 0x1082, 0x1082, 0x1082, 0x1082, 0x1082,
  0x1082, 0x1082, 0x1082, 0x1082, 0x1082, 0x1082, 0x1082, 0x1082, 0x1082, 0x1082, 0x1082, 0x1082, 0x1082,
  0x1082, 0x18e3, 0x7bcf, 0x7bcf, 0x18e4, 0x1082, 0x1082, 0x1082, 0x1082, 0x1082, 0x1082, 0x1082, 0x1082,
  0x1082, 0x1082, 0x1082, 0x1082, 0x1082, 0x1082, 0x6b4d, 0xe71c, 0xe71c, 0x6b4d, 0x1082, 0x1082, 0x1082,
  0x1082, 0x1082, 0x1082, 0x1082, 0x1082, 0x1082, 0x1082, 0x1082, 0x1082, 0x1082, 0x1082, 0xbdf7, 0xe71c,
  0xe71c, 0xc618, 0x1082, 0x1082, 0x1082, 0x1082, 0x1082, 0x1082, 0x1082, 0x1082, 0x1082, 0x1082, 0x1082,
  0x1082, 0x1082, 0x4208, 0xe71c, 0xe71c, 0xe71c, 0xe71c, 0x4228, 0x1082, 0x1082, 0x1082, 0x1082, 0x1082,
  0x1082, 0x1082, 0x1082, 0x1082, 0x1082, 0x1082, 0x1082, 0x9cd3, 0xe71c, 0xe71c, 0xe71c, 0xe71c, 0x9cd3,
  0x1082, 0x1082, 0x1082, 0x1082, 0x1082, 0x1082, 0x1082, 0x1082, 0x1082, 0x1082, 0x1082, 0x2104, 0xdefb,
  0xe71c, 0xad55, 0xb5b6, 0xe71c, 0xdefb, 0x2104, 0x1082, 0x1082, 0x1082, 0x1082, 0x1082, 0x1082, 0x1082,
  0x1082, 0x1082, 0x1082, 0x738e, 0xe71c, 0xe71c, 0x52aa, 0x630c, 0xe71c, 0xe71c, 0x738e, 0x1082, 0x1082,
  0x1082, 0x1082, 0x1082, 0x1082, 0x1082, 0x1082, 0x1082, 0x10a2, 0xc638, 0xe71c, 0xce79, 0x10a2, 0x18c3,
  0xd6ba, 0xe71c, 0xc638, 0x10a2, 0x1082, 0x1082, 0x1082, 0x0000, 0x1082, 0x1082, 0x1082, 0x1082, 0x4a69,
  0xe71c, 0xe71c, 0x7bf0, 0x1082, 0x1082, 0x8c51, 0xe71c, 0xe71c, 0x4a49, 0x1082, 0x1082, 0x1082, 0x0000,
  0x1082, 0x1082, 0x1082, 0x1082, 0xa514, 0xe71c, 0xe71c, 0x2965, 0x1082, 0x1082, 0x31a7, 0xe71c, 0xe71c,
  0x9cf3, 0x1082, 0x1082, 0x1082, 0x0000, 0x1082, 0x1082, 0x1082, 0x2945, 0xe71c, 0xe71c, 0xad55, 0x1082,
  0x1082, 0x1082, 0x1082, 0xb5b6, 0xe71c, 0xdefb, 0x2124, 0x1082, 0x1082, 0x0000, 0x1082, 0x1082, 0x1082,
  0x7bef, 0xe71c, 0xe71c, 0x528a, 0x1082, 0x1082, 0x1082, 0x1082, 0x630c, 0xe71c, 0xe71c, 0x73ae, 0x1082,
  0x1082, 0x0000, 0x1082, 0x1082, 0x10a3, 0xce79, 0xe71c, 0xe71c, 0xdedb, 0xdedb, 0xdedb, 0xdedb, 0xdedb,
  0xe71c, 0xe71c, 0xe71c, 0xce59, 0x10a2, 0x1082, 0x10a2, 0x1082, 0x1082, 0x5acb, 0xe71c, 0xe71c, 0xe71c,
  0xe71c, 0xe71c, 0xe71c, 0xe71c, 0xe71c, 0xe71c, 0xe71c, 0xe71c, 0xe71c, 0x4a6a, 0x1082, 0x1082, 0x1082,
  0x1082, 0xad75, 0xe71c, 0xe71c, 0x738e, 0x5acb, 0x5acb, 0x5acb, 0x5acb, 0x5acb, 0x5acb, 0x7bf0, 0xe71c,
  0xe71c, 0xa534, 0x1082, 0x1082, 0x1082, 0x3186, 0xe71c, 0xe71c, 0xa534, 0x1082, 0x1082, 0x1082, 0x1082,
  0x1082, 0x1082, 0x1082, 0x1082, 0xb5b6, 0xe71c, 0xe71c, 0x2945, 0x1082, 0x1082, 0x8430, 0xe71c, 0xe71c,
  0x528a, 0x1082, 0x1082, 0x1082, 0x1082, 0x1082, 0x1082, 0x1082, 0x1082, 0x630c, 0xe71c, 0xe71c, 0x7bef,
  0x1082, 0x18c3, 0xd6ba, 0xe71c, 0xce59, 0x10a2, 0x1082, 0x1082, 0x1082, 0x1082, 0x1082, 0x1082, 0x1082,
  0x1082, 0x18c3, 0xd6ba, 0xe71c, 0xce79, 0x10a2, 0x4208, 0xe71c, 0xe71c, 0x7bcf, 0x1082, 0x1082, 0x1082,
  0x1082, 0x1082, 0x1082, 0x1082, 0x1082, 0x1082, 0x1082, 0x8c51, 0xe71c, 0xe71c, 0x3186, 0x1082, 0x1082,
  0x1082, 0x1082, 0x1082, 0x1082, 0x1082, 0x1082, 0x1082, 0x1082, 0x1082, 0x1082, 0x1082, 0x1082, 0x1082,
  0x1082, 0x1082, 0x1082, 0x1082, 0x1082, 0x1082, 0x1082, 0x1082, 0x1082, 0x1082, 0x1082, 0x1082, 0x1082,
  0x1082, 0x1082, 0x1082, 0x1082, 0x1082, 0x1082, 0x1082, 0x1082, 0x1082, 0x1082, 0x1082, 0x1082, 0x1082,
  0x1082, 0x1082, 0x1082, 0x1082, 0x1082, 0x1082, 0x1082, 0x1082, 0x1082, 0x1082, 0x1082, 0x1082, 0x1082,
  0x1082, 0x1082, 0x1082, 0x1082, 0x1082, 0x1082, 0x1082, 0x1082, 0x1082, 0x1082, 0x1082, 0x1082, 0x1082,
  0x1082, 0x1082, 0x1082, 0x1082, 0x1082, 0x1082, 0x1082, 0x1082, 0x1082, 0x1082, 0x1082, 0x1082, 0x1082,
  0x1082, 0x1082, 0x1082, 0x1082, 0x1082, 0x1082, 0x1082, 0x1082, 0x1082, 0x1082, 0x1082, 0x1082, 0x1082,
  0x1082, 0x1082, 0x1082, 0x1082, 0x1082, 0x1082, 0x1082, 0x1082, 0x1082, 0x1082, 0x1082, 0x1082, 0x1082,
  0x1082, 0x1082,
};


#define OUTFIT_24PX_LIGHT_300_E3E3E3_B_HEIGHT 29
#define OUTFIT_24PX_LIGHT_300_E3E3E3_B_WIDTH 14

// array size is 406
const uint16_t font_outfit24_light300_B[] = {
  0x1082, 0x1082, 0x1082, 0x1082, 0x1082, 0x1082, 0x1082, 0x1082, 0x1082, 0x1082, 0x1082, 0x1082, 0x1082,
  0x1082, 0x1082, 0x1082, 0x1082, 0x1082, 0x1082, 0x1082, 0x1082, 0x1082, 0x1082, 0x1082, 0x1082, 0x1082,
  0x1082, 0x1082, 0x1082, 0x1082, 0x1082, 0x1082, 0x1082, 0x1082, 0x1082, 0x1082, 0x1082, 0x1082, 0x1082,
  0x1082, 0x1082, 0x1082, 0x1082, 0x1082, 0x1082, 0x1082, 0x1082, 0x1082, 0x1082, 0x1082, 0x1082, 0x1082,
  0x1082, 0x1082, 0x1082, 0x1082, 0x4a49, 0x94b2, 0xbdd7, 0x7bcf, 0x7bcf, 0x7bcf, 0x7bcf, 0x73ae, 0x52aa,
  0x2945, 0x1082, 0x1082, 0x1082, 0x1082, 0x8410, 0xe71c, 0xe71c, 0xe71c, 0xe71c, 0xe71c, 0xe71c, 0xe71c,
  0xe71c, 0xe71c, 0xbdf7, 0x2945, 0x1082, 0x1082, 0x8410, 0xe71c, 0xe71c, 0xb5b6, 0xb5b6, 0xb5b6, 0xb5b6,
  0xd69a, 0xe71c, 0xe71c, 0xe71c, 0xce59, 0x2965, 0x1082, 0x8410, 0xe71c, 0xe71c, 0x1082, 0x1082, 0x1082,
  0x1082, 0x10a2, 0x4a49, 0xa514, 0xe71c, 0xe71c, 0x7bcf, 0x1082, 0x8410, 0xe71c, 0xe71c, 0x1082, 0x1082,
  0x1082, 0x1082, 0x1082, 0x1082, 0x18c3, 0xce79, 0xe71c, 0xb596, 0x1082, 0x8410, 0xe71c, 0xe71c, 0x1082,
  0x1082, 0x1082, 0x1082, 0x1082, 0x1082, 0x1082, 0xad75, 0xe71c, 0xce59, 0x1082, 0x8410, 0xe71c, 0xe71c,
  0x1082, 0x1082, 0x1082, 0x1082, 0x1082, 0x1082, 0x18c3, 0xce79, 0xe71c, 0x94b2, 0x1082, 0x8410, 0xe71c,
  0xe71c, 0x1082, 0x1082, 0x1082, 0x1082, 0x10a2, 0x4a49, 0xa534, 0xe71c, 0xe71c, 0x52aa, 0x1082, 0x8410,
  0xe71c, 0xe71c, 0xc618, 0xc618, 0xc618, 0xc618, 0xd69a, 0xe71c, 0xe71c, 0xe71c, 0x9cd3, 0x18c3, 0x1082,
  0x8410, 0xe71c, 0xe71c, 0xe71c, 0xe71c, 0xe71c, 0xe71c, 0xe71c, 0xe71c, 0xe71c, 0xe71c, 0x630c, 0x1082,
  0x1082, 0x8410, 0xe71c, 0xe71c, 0x6b4d, 0x6b4d, 0x6b4d, 0x6b4d, 0x738e, 0x9cd3, 0xd69a, 0xe71c, 0xe71c,
  0x9cf3, 0x1082, 0x8410, 0xe71c, 0xe71c, 0x1082, 0x1082, 0x1082, 0x1082, 0x1082, 0x1082, 0x2124, 0xbdf7,
  0xe71c, 0xe71c, 0x4a69, 0x8410, 0xe71c, 0xe71c, 0x1082, 0x1082, 0x1082, 0x1082, 0x1082, 0x1082, 0x1082,
  0x39c7, 0xe71c, 0xe71c, 0x8c51, 0x8410, 0xe71c, 0xe71c, 0x1082, 0x1082, 0x1082, 0x1082, 0x1082, 0x1082,
  0x1082, 0x10a2, 0xdefb, 0xe71c, 0xa514, 0x8410, 0xe71c, 0xe71c, 0x1082, 0x1082, 0x1082, 0x1082, 0x1082,
  0x1082, 0x1082, 0x2124, 0xe71c, 0xe71c, 0x8c51, 0x8410, 0xe71c, 0xe71c, 0x1082, 0x1082, 0x1082, 0x1082,
  0x1082, 0x1082, 0x18c3, 0xa514, 0xe71c, 0xe71c, 0x4a6a, 0x8410, 0xe71c, 0xe71c, 0x4a69, 0x4a69, 0x4a69,
  0x4a69, 0x528a, 0x738e, 0xc618, 0xe71c, 0xe71c, 0xce79, 0x18e3, 0x8410, 0xe71c, 0xe71c, 0xe71c, 0xe71c,
  0xe71c, 0xe71c, 0xe71c, 0xe71c, 0xe71c, 0xe71c, 0xc618, 0x2945, 0x1082, 0x6b6d, 0xe71c, 0xe71c, 0xe71c,
  0xe71c, 0xe71c, 0xe71c, 0xe71c, 0xc638, 0x9cf3, 0x738e, 0x2104, 0x1082, 0x1082, 0x1082, 0x1082, 0x1082,
  0x1082, 0x1082, 0x1082, 0x1082, 0x1082, 0x1082, 0x1082, 0x1082, 0x1082, 0x1082, 0x1082, 0x1082, 0x1082,
  0x1082, 0x1082, 0x1082, 0x1082, 0x1082, 0x1082, 0x1082, 0x1082, 0x1082, 0x1082, 0x1082, 0x1082, 0x1082,
  0x1082, 0x1082, 0x1082, 0x1082, 0x1082, 0x1082, 0x1082, 0x1082, 0x1082, 0x1082, 0x1082, 0x1082, 0x1082,
  0x1082, 0x1082, 0x1082, 0x1082, 0x1082, 0x1082, 0x1082, 0x1082, 0x1082, 0x1082, 0x1082, 0x1082, 0x1082,
  0x1082, 0x1082, 0x1082, 0x1082, 0x1082, 0x1082, 0x1082, 0x1082, 0x1082, 0x1082, 0x1082, 0x1082, 0x1082,
  0x1082, 0x1082, 0x1082, 0x1082, 0x1082, 0x1082, 0x1082, 0x1082, 0x1082, 0x1082, 0x1082, 0x1082, 0x1082,
  0x1082, 0x1082, 0x1082,
};


#define OUTFIT_24PX_LIGHT_300_E3E3E3_C_HEIGHT 29
#define OUTFIT_24PX_LIGHT_300_E3E3E3_C_WIDTH 17

// array size is 493
const uint16_t font_outfit24_light300_C[] = {
  0x1082, 0x1082, 0x1082, 0x1082, 0x1082, 0x1082, 0x1082, 0x1082, 0x1082, 0x1082, 0x1082, 0x1082, 0x1082,
  0x1082, 0x1082, 0x1082, 0x1082, 0x1082, 0x1082, 0x1082, 0x1082, 0x1082, 0x1082, 0x1082, 0x1082, 0x1082,
  0x1082, 0x1082, 0x1082, 0x1082, 0x1082, 0x1082, 0x1082, 0x1082, 0x1082, 0x1082, 0x1082, 0x1082, 0x1082,
  0x1082, 0x1082, 0x1082, 0x1082, 0x1082, 0x1082, 0x1082, 0x1082, 0x1082, 0x1082, 0x1082, 0x1082, 0x1082,
  0x1082, 0x1082, 0x1082, 0x1082, 0x1082, 0x1082, 0x1082, 0x1082, 0x1082, 0x1082, 0x1082, 0x1082, 0x1082,
  0x1082, 0x1082, 0x1082, 0x1082, 0x1082, 0x1082, 0x1082, 0x1082, 0x1082, 0x3186, 0x5acb, 0x8430, 0xad55,
  0x9cf4, 0x73ae, 0x4a69, 0x2104, 0x1082, 0x1082, 0x1082, 0x1082, 0x1082, 0x1082, 0x1082, 0x2125, 0xa534,
  0xe71c, 0xe71c, 0xe71c, 0xe71c, 0xe71c, 0xe71c, 0xe71c, 0xe71c, 0x8410, 0x10a3, 0x1082, 0x1082, 0x1082,
  0x1082, 0x5acb, 0xd69a, 0xe71c, 0xe71c, 0xe71c, 0xdefb, 0xc618, 0xce59, 0xe71c, 0xe71c, 0xe71c, 0xe71c,
  0xbdd7, 0x31a6, 0x1082, 0x1082, 0x4228, 0xe71c, 0xe71c, 0xe71c, 0xbdd7, 0x4208, 0x18c3, 0x1082, 0x1082,
  0x2104, 0x5acb, 0xd69a, 0xe71c, 0xe71c, 0x8c51, 0x1082, 0x18c3, 0xc638, 0xe71c, 0xe71c, 0x8410, 0x10a3,
  0x1082, 0x1082, 0x1082, 0x1082, 0x1082, 0x1082, 0x2124, 0xa534, 0x9cf4, 0x18c3, 0x1082, 0x8410, 0xe71c,
  0xe71c, 0xa514, 0x1082, 0x1082, 0x1082, 0x1082, 0x1082, 0x1082, 0x1082, 0x1082, 0x1082, 0x1082, 0x1082,
  0x1082, 0x1082, 0xce59, 0xe71c, 0xdedb, 0x2945, 0x1082, 0x1082, 0x1082, 0x1082, 0x1082, 0x1082, 0x1082,
  0x1082, 0x1082, 0x1082, 0x1082, 0x1082, 0x18e3, 0xe71c, 0xe71c, 0x9492, 0x1082, 0x1082, 0x1082, 0x1082,
  0x1082, 0x1082, 0x1082, 0x1082, 0x1082, 0x1082, 0x1082, 0x1082, 0x1082, 0x4228, 0xe71c, 0xe71c, 0x6b6d,
  0x1082, 0x1082, 0x1082, 0x1082, 0x1082, 0x1082, 0x1082, 0x1082, 0x1082, 0x1082, 0x1082, 0x1082, 0x1082,
  0x632c, 0xe71c, 0xe71c, 0x4a6a, 0x1082, 0x1082, 0x1082, 0x1082, 0x1082, 0x1082, 0x1082, 0x1082, 0x1082,
  0x1082, 0x1082, 0x1082, 0x1082, 0x52aa, 0xe71c, 0xe71c, 0x5aeb, 0x1082, 0x1082, 0x1082, 0x1082, 0x1082,
  0x1082, 0x1082, 0x1082, 0x1082, 0x1082, 0x1082, 0x1082, 0x1082, 0x3186, 0xe71c, 0xe71c, 0x8410, 0x1082,
  0x1082, 0x1082, 0x1082, 0x1082, 0x1082, 0x1082, 0x1082, 0x1082, 0x1082, 0x1082, 0x1082, 0x1082, 0x10a2,
  0xdedb, 0xe71c, 0xb5b6, 0x10a2, 0x1082, 0x1082, 0x1082, 0x1082, 0x1082, 0x1082, 0x1082, 0x1082, 0x1082,
  0x1082, 0x1082, 0x1082, 0x1082, 0xad75, 0xe71c, 0xe71c, 0x630c, 0x1082, 0x1082, 0x1082, 0x1082, 0x1082,
  0x1082, 0x1082, 0x1082, 0x1082, 0x1082, 0x1082, 0x1082, 0x1082, 0x39e7, 0xe71c, 0xe71c, 0xd69a, 0x2945,
  0x1082, 0x1082, 0x1082, 0x1082, 0x1082, 0x1082, 0x1082, 0x1082, 0x31a6, 0x4a69, 0x1082, 0x1082, 0x1082,
  0x8430, 0xe71c, 0xe71c, 0xd69a, 0x52aa, 0x1082, 0x1082, 0x1082, 0x1082, 0x1082, 0x1082, 0x6b4d, 0xdefb,
  0xe71c, 0x630c, 0x1082, 0x1082, 0x18c3, 0xbdd7, 0xe71c, 0xe71c, 0xe71c, 0xad55, 0x7bcf, 0x52aa, 0x5aeb,
  0x8430, 0xbdd7, 0xe71c, 0xe71c, 0xe71c, 0x9492, 0x1082, 0x1082, 0x1082, 0x10a3, 0x7bef, 0xe71c, 0xe71c,
  0xe71c, 0xe71c, 0xe71c, 0xe71c, 0xe71c, 0xe71c, 0xe71c, 0xdedb, 0x632d, 0x1082, 0x1082, 0x1082, 0x1082,
  0x1082, 0x1082, 0x4208, 0x9cd3, 0xc638, 0xe71c, 0xe71c, 0xe71c, 0xdefb, 0xbdd7, 0x9492, 0x3186, 0x1082,
  0x1082, 0x1082, 0x1082, 0x1082, 0x1082, 0x1082, 0x1082, 0x1082, 0x1082, 0x18e3, 0x3186, 0x39c7, 0x18c3,
  0x1082, 0x1082, 0x1082, 0x1082, 0x1082, 0x1082, 0x1082, 0x1082, 0x1082, 0x1082, 0x1082, 0x1082, 0x1082,
  0x1082, 0x1082, 0x1082, 0x1082, 0x1082, 0x1082, 0x1082, 0x1082, 0x1082, 0x1082, 0x1082, 0x1082, 0x1082,
  0x1082, 0x1082, 0x1082, 0x1082, 0x1082, 0x1082, 0x1082, 0x1082, 0x1082, 0x1082, 0x1082, 0x1082, 0x1082,
  0x1082, 0x1082, 0x1082, 0x1082, 0x1082, 0x1082, 0x1082, 0x1082, 0x1082, 0x1082, 0x1082, 0x1082, 0x1082,
  0x1082, 0x1082, 0x1082, 0x1082, 0x1082, 0x1082, 0x1082, 0x1082, 0x1082, 0x1082, 0x1082, 0x1082, 0x1082,
  0x1082, 0x1082, 0x1082, 0x1082, 0x1082, 0x1082, 0x1082, 0x1082, 0x1082, 0x1082, 0x1082, 0x1082, 0x1082,
  0x1082, 0x1082, 0x1082, 0x1082, 0x1082, 0x1082, 0x1082, 0x1082, 0x1082, 0x1082, 0x1082, 0x1082,
};


#define OUTFIT_24PX_LIGHT_300_E3E3E3_D_HEIGHT 29
#define OUTFIT_24PX_LIGHT_300_E3E3E3_D_WIDTH 17

// array size is 493
const uint16_t font_outfit24_light300_D[] = {
  0x1082, 0x1082, 0x1082, 0x1082, 0x1082, 0x1082, 0x1082, 0x1082, 0x1082, 0x1082, 0x1082, 0x1082, 0x1082,
  0x1082, 0x1082, 0x1082, 0x1082, 0x1082, 0x1082, 0x1082, 0x1082, 0x1082, 0x1082, 0x1082, 0x1082, 0x1082,
  0x1082, 0x1082, 0x1082, 0x1082, 0x1082, 0x1082, 0x1082, 0x1082, 0x1082, 0x1082, 0x1082, 0x1082, 0x1082,
  0x1082, 0x1082, 0x1082, 0x1082, 0x1082, 0x1082, 0x1082, 0x1082, 0x1082, 0x1082, 0x1082, 0x1082, 0x1082,
  0x1082, 0x1082, 0x1082, 0x1082, 0x1082, 0x1082, 0x1082, 0x1082, 0x1082, 0x1082, 0x1082, 0x1082, 0x1082,
  0x1082, 0x1082, 0x1082, 0x4a49, 0x94b3, 0xbdd7, 0x7bcf, 0x7bcf, 0x7bcf, 0x7bcf, 0x73ae, 0x528a, 0x2965,
  0x1082, 0x1082, 0x1082, 0x1082, 0x1082, 0x1082, 0x1082, 0x8410, 0xe71c, 0xe71c, 0xe71c, 0xe71c, 0xe71c,
  0xe71c, 0xe71c, 0xe71c, 0xe71c, 0xd6ba, 0x8c71, 0x18e3, 0x1082, 0x1082, 0x1082, 0x1082, 0x8410, 0xe71c,
  0xe71c, 0xc638, 0xc638, 0xc638, 0xce59, 0xd6ba, 0xe71c, 0xe71c, 0xe71c, 0xe71c, 0xce79, 0x528a, 0x1082,
  0x1082, 0x1082, 0x8410, 0xe71c, 0xe71c, 0x1082, 0x1082, 0x1082, 0x1082, 0x1082, 0x18e3, 0x5acb, 0xb596,
  0xe71c, 0xe71c, 0xe71c, 0x5acb, 0x1082, 0x1082, 0x8410, 0xe71c, 0xe71c, 0x1082, 0x1082, 0x1082, 0x1082,
  0x1082, 0x1082, 0x1082, 0x10a2, 0x9cf3, 0xe71c, 0xe71c, 0xd69a, 0x2124, 0x1082, 0x8410, 0xe71c, 0xe71c,
  0x1082, 0x1082, 0x1082, 0x1082, 0x1082, 0x1082, 0x1082, 0x1082, 0x10a2, 0x9cf3, 0xe71c, 0xe71c, 0xa514,
  0x1082, 0x8410, 0xe71c, 0xe71c, 0x1082, 0x1082, 0x1082, 0x1082, 0x1082, 0x1082, 0x1082, 0x1082, 0x1082,
  0x10a2, 0xbdd7, 0xe71c, 0xe71c, 0x2104, 0x8410, 0xe71c, 0xe71c, 0x1082, 0x1082, 0x1082, 0x1082, 0x1082,
  0x1082, 0x1082, 0x1082, 0x1082, 0x1082, 0x632c, 0xe71c, 0xe71c, 0x4229, 0x8410, 0xe71c, 0xe71c, 0x1082,
  0x1082, 0x1082, 0x1082, 0x1082, 0x1082, 0x1082, 0x1082, 0x1082, 0x1082, 0x2965, 0xe71c, 0xe71c, 0x6b6e,
  0x8410, 0xe71c, 0xe71c, 0x1082, 0x1082, 0x1082, 0x1082, 0x1082, 0x1082, 0x1082, 0x1082, 0x1082, 0x1082,
  0x18c3, 0xe71c, 0xe71c, 0x9492, 0x8410, 0xe71c, 0xe71c, 0x1082, 0x1082, 0x1082, 0x1082, 0x1082, 0x1082,
  0x1082, 0x1082, 0x1082, 0x1082, 0x2104, 0xe71c, 0xe71c, 0x8410, 0x8410, 0xe71c, 0xe71c, 0x1082, 0x1082,
  0x1082, 0x1082, 0x1082, 0x1082, 0x1082, 0x1082, 0x1082, 0x1082, 0x4208, 0xe71c, 0xe71c, 0x5aeb, 0x8410,
  0xe71c, 0xe71c, 0x1082, 0x1082, 0x1082, 0x1082, 0x1082, 0x1082, 0x1082, 0x1082, 0x1082, 0x1082, 0x8c71,
  0xe71c, 0xe71c, 0x31a6, 0x8410, 0xe71c, 0xe71c, 0x1082, 0x1082, 0x1082, 0x1082, 0x1082, 0x1082, 0x1082,
  0x1082, 0x1082, 0x4208, 0xdedb, 0xe71c, 0xd69a, 0x10a2, 0x8410, 0xe71c, 0xe71c, 0x1082, 0x1082, 0x1082,
  0x1082, 0x1082, 0x1082, 0x1082, 0x1082, 0x4208, 0xdedb, 0xe71c, 0xe71c, 0x5aeb, 0x1082, 0x8410, 0xe71c,
  0xe71c, 0x1082, 0x1082, 0x1082, 0x1082, 0x1082, 0x1082, 0x1082, 0x4a49, 0xd6ba, 0xe71c, 0xe71c, 0xa514,
  0x1082, 0x1082, 0x8410, 0xe71c, 0xe71c, 0x5aeb, 0x5aeb, 0x5aeb, 0x5aeb, 0x6b4d, 0x8430, 0xbdf7, 0xe71c,
  0xe71c, 0xe71c, 0xbdd7, 0x2124, 0x1082, 0x1082, 0x8410, 0xe71c, 0xe71c, 0xe71c, 0xe71c, 0xe71c, 0xe71c,
  0xe71c, 0xe71c, 0xe71c, 0xe71c, 0xdefb, 0x73ae, 0x10a2, 0x1082, 0x1082, 0x1082, 0x6b6d, 0xe71c, 0xe71c,
  0xe71c, 0xe71c, 0xe71c, 0xe71c, 0xe71c, 0xc618, 0x9cd3, 0x738e, 0x3186, 0x1082, 0x1082, 0x1082, 0x1082,
  0x1082, 0x1082, 0x1082, 0x1082, 0x1082, 0x1082, 0x1082, 0x1082, 0x1082, 0x1082, 0x1082, 0x1082, 0x1082,
  0x1082, 0x1082, 0x1082, 0x1082, 0x1082, 0x1082, 0x1082, 0x1082, 0x1082, 0x1082, 0x1082, 0x1082, 0x1082,
  0x1082, 0x1082, 0x1082, 0x1082, 0x1082, 0x1082, 0x1082, 0x1082, 0x1082, 0x1082, 0x1082, 0x1082, 0x1082,
  0x1082, 0x1082, 0x1082, 0x1082, 0x1082, 0x1082, 0x1082, 0x1082, 0x1082, 0x1082, 0x1082, 0x1082, 0x1082,
  0x1082, 0x1082, 0x1082, 0x1082, 0x1082, 0x1082, 0x1082, 0x1082, 0x1082, 0x1082, 0x1082, 0x1082, 0x1082,
  0x1082, 0x1082, 0x1082, 0x1082, 0x1082, 0x1082, 0x1082, 0x1082, 0x1082, 0x1082, 0x1082, 0x1082, 0x1082,
  0x1082, 0x1082, 0x1082, 0x1082, 0x1082, 0x1082, 0x1082, 0x1082, 0x1082, 0x1082, 0x1082, 0x1082, 0x1082,
  0x1082, 0x1082, 0x1082, 0x1082, 0x1082, 0x1082, 0x1082, 0x1082, 0x1082, 0x1082, 0x1082, 0x1082,
};


#define OUTFIT_24PX_LIGHT_300_E3E3E3_E_HEIGHT 29
#define OUTFIT_24PX_LIGHT_300_E3E3E3_E_WIDTH 13

// array size is 377
const uint16_t font_outfit24_light300_E[] = {
  0x1082, 0x1082, 0x1082, 0x1082, 0x1082, 0x1082, 0x1082, 0x1082, 0x1082, 0x1082, 0x1082, 0x1082, 0x1082,
  0x1082, 0x1082, 0x1082, 0x1082, 0x1082, 0x1082, 0x1082, 0x1082, 0x1082, 0x1082, 0x1082, 0x1082, 0x1082,
  0x1082, 0x1082, 0x1082, 0x1082, 0x1082, 0x1082, 0x1082, 0x1082, 0x1082, 0x1082, 0x1082, 0x1082, 0x1082,
  0x1082, 0x1082, 0x1082, 0x1082, 0x1082, 0x1082, 0x1082, 0x1082, 0x1082, 0x1082, 0x1082, 0x1082, 0x1082,
  0x7bcf, 0xc638, 0x8430, 0x7bcf, 0x7bcf, 0x7bcf, 0x7bcf, 0x7bcf, 0x7bcf, 0x7bcf, 0x7bcf, 0x6b4d, 0x10a2,
  0xe71c, 0xe71c, 0xe71c, 0xe71c, 0xe71c, 0xe71c, 0xe71c, 0xe71c, 0xe71c, 0xe71c, 0xe71c, 0xe71c, 0x39e7,
  0xe71c, 0xe71c, 0xe71c, 0xc638, 0xc638, 0xc638, 0xc638, 0xc638, 0xc638, 0xc638, 0xc638, 0xc638, 0x39c7,
  0xe71c, 0xe71c, 0x7bcf, 0x1082, 0x1082, 0x1082, 0x1082, 0x1082, 0x1082, 0x1082, 0x1082, 0x1082, 0x1082,
  0xe71c, 0xe71c, 0x7bcf, 0x1082, 0x1082, 0x1082, 0x1082, 0x1082, 0x1082, 0x1082, 0x1082, 0x1082, 0x1082,
  0xe71c, 0xe71c, 0x7bcf, 0x1082, 0x1082, 0x1082, 0x1082, 0x1082, 0x1082, 0x1082, 0x1082, 0x1082, 0x1082,
  0xe71c, 0xe71c, 0x7bcf, 0x1082, 0x1082, 0x1082, 0x1082, 0x1082, 0x1082, 0x1082, 0x1082, 0x1082, 0x1082,
  0xe71c, 0xe71c, 0x7bcf, 0x1082, 0x1082, 0x1082, 0x1082, 0x1082, 0x1082, 0x1082, 0x1082, 0x1082, 0x1082,
  0xe71c, 0xe71c, 0xe71c, 0x8c71, 0x8c71, 0x8c71, 0x8c71, 0x8c71, 0x8c71, 0x8c71, 0x8c71, 0x528a, 0x1082,
  0xe71c, 0xe71c, 0xe71c, 0xe71c, 0xe71c, 0xe71c, 0xe71c, 0xe71c, 0xe71c, 0xe71c, 0xe71c, 0x7bf0, 0x1082,
  0xe71c, 0xe71c, 0xe71c, 0xa514, 0xa514, 0xa514, 0xa514, 0xa514, 0xa514, 0xa514, 0xa514, 0x5aeb, 0x1082,
  0xe71c, 0xe71c, 0x7bcf, 0x1082, 0x1082, 0x1082, 0x1082, 0x1082, 0x1082, 0x1082, 0x1082, 0x1082, 0x1082,
  0xe71c, 0xe71c, 0x7bcf, 0x1082, 0x1082, 0x1082, 0x1082, 0x1082, 0x1082, 0x1082, 0x1082, 0x1082, 0x1082,
  0xe71c, 0xe71c, 0x7bcf, 0x1082, 0x1082, 0x1082, 0x1082, 0x1082, 0x1082, 0x1082, 0x1082, 0x1082, 0x1082,
  0xe71c, 0xe71c, 0x7bcf, 0x1082, 0x1082, 0x1082, 0x1082, 0x1082, 0x1082, 0x1082, 0x1082, 0x1082, 0x1082,
  0xe71c, 0xe71c, 0x7bcf, 0x1082, 0x1082, 0x1082, 0x1082, 0x1082, 0x1082, 0x1082, 0x1082, 0x1082, 0x1082,
  0xe71c, 0xe71c, 0xc618, 0x5acb, 0x5acb, 0x5acb, 0x5acb, 0x5acb, 0x5acb, 0x5acb, 0x5acb, 0x5acb, 0x2945,
  0xe71c, 0xe71c, 0xe71c, 0xe71c, 0xe71c, 0xe71c, 0xe71c, 0xe71c, 0xe71c, 0xe71c, 0xe71c, 0xe71c, 0x5aeb,
  0xd69a, 0xe71c, 0xe71c, 0xe71c, 0xe71c, 0xe71c, 0xe71c, 0xe71c, 0xe71c, 0xe71c, 0xe71c, 0xe71c, 0x4a49,
  0x1082, 0x1082, 0x1082, 0x1082, 0x1082, 0x1082, 0x1082, 0x1082, 0x1082, 0x1082, 0x1082, 0x1082, 0x1082,
  0x1082, 0x1082, 0x1082, 0x1082, 0x1082, 0x1082, 0x1082, 0x1082, 0x1082, 0x1082, 0x1082, 0x1082, 0x1082,
  0x1082, 0x1082, 0x1082, 0x1082, 0x1082, 0x1082, 0x1082, 0x1082, 0x1082, 0x1082, 0x1082, 0x1082, 0x1082,
  0x1082, 0x1082, 0x1082, 0x1082, 0x1082, 0x1082, 0x1082, 0x1082, 0x1082, 0x1082, 0x1082, 0x1082, 0x1082,
  0x1082, 0x1082, 0x1082, 0x1082, 0x1082, 0x1082, 0x1082, 0x1082, 0x1082, 0x1082, 0x1082, 0x1082, 0x1082,
  0x1082, 0x1082, 0x1082, 0x1082, 0x1082, 0x1082, 0x1082, 0x1082, 0x1082, 0x1082, 0x1082, 0x1082, 0x1082,
};


#define OUTFIT_24PX_LIGHT_300_E3E3E3_F_HEIGHT 29
#define OUTFIT_24PX_LIGHT_300_E3E3E3_F_WIDTH 13

// array size is 377
const uint16_t font_outfit24_light300_F[] = {
  0x1082, 0x1082, 0x1082, 0x1082, 0x1082, 0x1082, 0x1082, 0x1082, 0x1082, 0x1082, 0x1082, 0x1082, 0x1082,
  0x1082, 0x1082, 0x1082, 0x1082, 0x1082, 0x1082, 0x1082, 0x1082, 0x1082, 0x1082, 0x1082, 0x1082, 0x1082,
  0x1082, 0x1082, 0x1082, 0x1082, 0x1082, 0x1082, 0x1082, 0x1082, 0x1082, 0x1082, 0x1082, 0x1082, 0x1082,
  0x1082, 0x1082, 0x1082, 0x1082, 0x1082, 0x1082, 0x1082, 0x1082, 0x1082, 0x1082, 0x1082, 0x1082, 0x1082,
  0x4a49, 0x9492, 0xbdd7, 0x7bcf, 0x7bcf, 0x7bcf, 0x7bcf, 0x7bcf, 0x7bcf, 0x7bcf, 0x7bcf, 0x7bcf, 0x31a7,
  0x8410, 0xe71c, 0xe71c, 0xe71c, 0xe71c, 0xe71c, 0xe71c, 0xe71c, 0xe71c, 0xe71c, 0xe71c, 0xe71c, 0x5aeb,
  0x8410, 0xe71c, 0xe71c, 0xc638, 0xc638, 0xc638, 0xc638, 0xc638, 0xc638, 0xc638, 0xc638, 0xc638, 0x4208,
  0x8410, 0xe71c, 0xe71c, 0x1082, 0x1082, 0x1082, 0x1082, 0x1082, 0x1082, 0x1082, 0x1082, 0x1082, 0x1082,
  0x8410, 0xe71c, 0xe71c, 0x1082, 0x1082, 0x1082, 0x1082, 0x1082, 0x1082, 0x1082, 0x1082, 0x1082, 0x1082,
  0x8410, 0xe71c, 0xe71c, 0x1082, 0x1082, 0x1082, 0x1082, 0x1082, 0x1082, 0x1082, 0x1082, 0x1082, 0x1082,
  0x8410, 0xe71c, 0xe71c, 0x1082, 0x1082, 0x1082, 0x1082, 0x1082, 0x1082, 0x1082, 0x1082, 0x1082, 0x1082,
  0x8410, 0xe71c, 0xe71c, 0x1082, 0x1082, 0x1082, 0x1082, 0x1082, 0x1082, 0x1082, 0x1082, 0x1082, 0x1082,
  0x8410, 0xe71c, 0xe71c, 0x6b4d, 0x6b4d, 0x6b4d, 0x6b4d, 0x6b4d, 0x6b4d, 0x6b4d, 0x6b4d, 0x630c, 0x1082,
  0x8410, 0xe71c, 0xe71c, 0xe71c, 0xe71c, 0xe71c, 0xe71c, 0xe71c, 0xe71c, 0xe71c, 0xe71c, 0xd69a, 0x1082,
  0x8410, 0xe71c, 0xe71c, 0xd6ba, 0xd6ba, 0xd6ba, 0xd6ba, 0xd6ba, 0xd6ba, 0xd6ba, 0xd6ba, 0xc638, 0x1082,
  0x8410, 0xe71c, 0xe71c, 0x1082, 0x1082, 0x1082, 0x1082, 0x1082, 0x1082, 0x1082, 0x1082, 0x1082, 0x1082,
  0x8410, 0xe71c, 0xe71c, 0x1082, 0x1082, 0x1082, 0x1082, 0x1082, 0x1082, 0x1082, 0x1082, 0x1082, 0x1082,
  0x8410, 0xe71c, 0xe71c, 0x1082, 0x1082, 0x1082, 0x1082, 0x1082, 0x1082, 0x1082, 0x1082, 0x1082, 0x1082,
  0x8410, 0xe71c, 0xe71c, 0x1082, 0x1082, 0x1082, 0x1082, 0x1082, 0x1082, 0x1082, 0x1082, 0x1082, 0x1082,
  0x8410, 0xe71c, 0xe71c, 0x1082, 0x1082, 0x1082, 0x1082, 0x1082, 0x1082, 0x1082, 0x1082, 0x1082, 0x1082,
  0x8410, 0xe71c, 0xe71c, 0x1082, 0x1082, 0x1082, 0x1082, 0x1082, 0x1082, 0x1082, 0x1082, 0x1082, 0x1082,
  0x8410, 0xe71c, 0xe71c, 0x1082, 0x1082, 0x1082, 0x1082, 0x1082, 0x1082, 0x1082, 0x1082, 0x1082, 0x1082,
  0x6b6d, 0xe71c, 0xe71c, 0x1082, 0x1082, 0x1082, 0x1082, 0x1082, 0x1082, 0x1082, 0x1082, 0x1082, 0x1082,
  0x1082, 0x1082, 0x1082, 0x1082, 0x1082, 0x1082, 0x1082, 0x1082, 0x1082, 0x1082, 0x1082, 0x1082, 0x1082,
  0x1082, 0x1082, 0x1082, 0x1082, 0x1082, 0x1082, 0x1082, 0x1082, 0x1082, 0x1082, 0x1082, 0x1082, 0x1082,
  0x1082, 0x1082, 0x1082, 0x1082, 0x1082, 0x1082, 0x1082, 0x1082, 0x1082, 0x1082, 0x1082, 0x1082, 0x1082,
  0x1082, 0x1082, 0x1082, 0x1082, 0x1082, 0x1082, 0x1082, 0x1082, 0x1082, 0x1082, 0x1082, 0x1082, 0x1082,
  0x1082, 0x1082, 0x1082, 0x1082, 0x1082, 0x1082, 0x1082, 0x1082, 0x1082, 0x1082, 0x1082, 0x1082, 0x1082,
  0x1082, 0x1082, 0x1082, 0x1082, 0x1082, 0x1082, 0x1082, 0x1082, 0x1082, 0x1082, 0x1082, 0x1082, 0x1082,
};


#define OUTFIT_24PX_LIGHT_300_E3E3E3_G_HEIGHT 29
#define OUTFIT_24PX_LIGHT_300_E3E3E3_G_WIDTH 19

// array size is 551
const uint16_t font_outfit24_light300_G[] = {
  0x1082, 0x1082, 0x1082, 0x1082, 0x1082, 0x1082, 0x1082, 0x1082, 0x1082, 0x1082, 0x1082, 0x1082, 0x1082,
  0x1082, 0x1082, 0x1082, 0x1082, 0x1082, 0x1082, 0x1082, 0x1082, 0x1082, 0x1082, 0x1082, 0x1082, 0x1082,
  0x1082, 0x1082, 0x1082, 0x1082, 0x1082, 0x1082, 0x1082, 0x1082, 0x1082, 0x1082, 0x1082, 0x1082, 0x1082,
  0x1082, 0x1082, 0x1082, 0x1082, 0x1082, 0x1082, 0x1082, 0x1082, 0x1082, 0x1082, 0x1082, 0x1082, 0x1082,
  0x1082, 0x1082, 0x1082, 0x1082, 0x1082, 0x1082, 0x1082, 0x1082, 0x1082, 0x1082, 0x1082, 0x1082, 0x1082,
  0x1082, 0x1082, 0x1082, 0x1082, 0x1082, 0x1082, 0x1082, 0x1082, 0x1082, 0x1082, 0x1082, 0x1082, 0x1082,
  0x1082, 0x1082, 0x1082, 0x1082, 0x3186, 0x5acb, 0x8410, 0xa535, 0xad75, 0x9cd3, 0x7bcf, 0x31a6, 0x1082,
  0x1082, 0x1082, 0x1082, 0x1082, 0x1082, 0x1082, 0x1082, 0x1082, 0x2104, 0x9cf3, 0xe71c, 0xe71c, 0xe71c,
  0xe71c, 0xe71c, 0xe71c, 0xe71c, 0xe71c, 0xa534, 0x18e3, 0x1082, 0x1082, 0x1082, 0x1082, 0x1082, 0x1082,
  0x528a, 0xd69a, 0xe71c, 0xe71c, 0xe71c, 0xce79, 0xb5b6, 0xc638, 0xe71c, 0xe71c, 0xe71c, 0xe71c, 0xc618,
  0x3186, 0x1082, 0x1082, 0x1082, 0x1082, 0x39e8, 0xe71c, 0xe71c, 0xe71c, 0xad75, 0x4228, 0x1082, 0x1082,
  0x1082, 0x2104, 0x528a, 0xbdf7, 0xe71c, 0xe71c, 0xd6ba, 0x2966, 0x1082, 0x1082, 0x18c3, 0xc618, 0xe71c,
  0xe71c, 0xa535, 0x18c3, 0x1082, 0x1082, 0x1082, 0x1082, 0x1082, 0x1082, 0x18e3, 0xad55, 0xe71c, 0xb5b6,
  0x18e3, 0x1082, 0x1082, 0x7bcf, 0xe71c, 0xe71c, 0xad75, 0x18c3, 0x1082, 0x1082, 0x1082, 0x1082, 0x1082,
  0x1082, 0x1082, 0x1082, 0x10a2, 0x632c, 0x18e4, 0x1082, 0x1082, 0x1082, 0xc638, 0xe71c, 0xd6ba, 0x18e3,
  0x1082, 0x1082, 0x1082, 0x1082, 0x1082, 0x1082, 0x1082, 0x1082, 0x1082, 0x1082, 0x1082, 0x1082, 0x1082,
  0x1082, 0x18e3, 0xe71c, 0xe71c, 0x8c71, 0x1082, 0x1082, 0x1082, 0x1082, 0x1082, 0x1082, 0x1082, 0x1082,
  0x1082, 0x1082, 0x1082, 0x1082, 0x1082, 0x1082, 0x1082, 0x4208, 0xe71c, 0xe71c, 0x5acb, 0x1082, 0x1082,
  0x1082, 0x1082, 0x1082, 0x1082, 0x1082, 0x1082, 0x1082, 0x1082, 0x1082, 0x1082, 0x1082, 0x1082, 0x1082,
  0x632c, 0xe71c, 0xe71c, 0x4228, 0x1082, 0x1082, 0x1082, 0x1082, 0x1082, 0x94b3, 0xdedb, 0xdedb, 0xdedb,
  0xdedb, 0xdedb, 0xdedb, 0xdefb, 0xdedb, 0x9492, 0x52aa, 0xe71c, 0xe71c, 0x4a69, 0x1082, 0x1082, 0x1082,
  0x1082, 0x1082, 0x9cf3, 0xe71c, 0xe71c, 0xe71c, 0xe71c, 0xe71c, 0xe71c, 0xe71c, 0xe71c, 0x8c71, 0x2966,
  0xe71c, 0xe71c, 0x6b6d, 0x1082, 0x1082, 0x1082, 0x1082, 0x1082, 0x4229, 0x630c, 0x630c, 0x630c, 0x630c,
  0x630c, 0x9cd3, 0xe71c, 0xe71c, 0x7bcf, 0x10a2, 0xdedb, 0xe71c, 0xb5b6, 0x1082, 0x1082, 0x1082, 0x1082,
  0x1082, 0x1082, 0x1082, 0x1082, 0x1082, 0x1082, 0x1082, 0x7bcf, 0xe71c, 0xe71c, 0x630c, 0x1082, 0xad75,
  0xe71c, 0xe71c, 0x52aa, 0x1082, 0x1082, 0x1082, 0x1082, 0x1082, 0x1082, 0x1082, 0x1082, 0x1082, 0x1082,
  0xad75, 0xe71c, 0xe71c, 0x2945, 0x1082, 0x39e7, 0xe71c, 0xe71c, 0xdefb, 0x4a49, 0x1082, 0x1082, 0x1082,
  0x1082, 0x1082, 0x1082, 0x1082, 0x1082, 0x8430, 0xe71c, 0xe71c, 0xb596, 0x1082, 0x1082, 0x1082, 0x8430,
  0xe71c, 0xe71c, 0xdedb, 0x4228, 0x1082, 0x1082, 0x1082, 0x1082, 0x1082, 0x1082, 0x7bef, 0xe71c, 0xe71c,
  0xe71c, 0x4228, 0x1082, 0x1082, 0x1082, 0x18c3, 0xb5b6, 0xe71c, 0xe71c, 0xe71c, 0xad55, 0x632c, 0x4a6a,
  0x6b4d, 0x9cd3, 0xce59, 0xe71c, 0xe71c, 0xe71c, 0x8410, 0x1082, 0x1082, 0x1082, 0x1082, 0x1082, 0x10a2,
  0x7bcf, 0xe71c, 0xe71c, 0xe71c, 0xe71c, 0xe71c, 0xe71c, 0xe71c, 0xe71c, 0xe71c, 0xe71c, 0x73ae, 0x10a2,
  0x1082, 0x1082, 0x1082, 0x1082, 0x1082, 0x1082, 0x1082, 0x39e7, 0x9cd3, 0xc618, 0xe71c, 0xe71c, 0xe71c,
  0xe71c, 0xdedb, 0x9492, 0x39c7, 0x1082, 0x1082, 0x1082, 0x1082, 0x1082, 0x1082, 0x1082, 0x1082, 0x1082,
  0x1082, 0x1082, 0x1082, 0x18e3, 0x39e8, 0x39e7, 0x2124, 0x10a2, 0x1082, 0x1082, 0x1082, 0x1082, 0x1082,
  0x1082, 0x1082, 0x1082, 0x1082, 0x1082, 0x1082, 0x1082, 0x1082, 0x1082, 0x1082, 0x1082, 0x1082, 0x1082,
  0x1082, 0x1082, 0x1082, 0x1082, 0x1082, 0x1082, 0x1082, 0x1082, 0x1082, 0x1082, 0x1082, 0x1082, 0x1082,
  0x1082, 0x1082, 0x1082, 0x1082, 0x1082, 0x1082, 0x1082, 0x1082, 0x1082, 0x1082, 0x1082, 0x1082, 0x1082,
  0x1082, 0x1082, 0x1082, 0x1082, 0x1082, 0x1082, 0x1082, 0x1082, 0x1082, 0x1082, 0x1082, 0x1082, 0x1082,
  0x1082, 0x1082, 0x1082, 0x1082, 0x1082, 0x1082, 0x1082, 0x1082, 0x1082, 0x1082, 0x1082, 0x1082, 0x1082,
  0x1082, 0x1082, 0x1082, 0x1082, 0x1082, 0x1082, 0x1082, 0x1082, 0x1082, 0x1082, 0x1082, 0x1082, 0x1082,
  0x1082, 0x1082, 0x1082, 0x1082, 0x1082, 0x1082, 0x1082, 0x1082, 0x1082, 0x1082, 0x1082, 0x1082, 0x1082,
  0x1082, 0x1082, 0x1082, 0x1082, 0x1082,
};


#define OUTFIT_24PX_LIGHT_300_E3E3E3_H_HEIGHT 29
#define OUTFIT_24PX_LIGHT_300_E3E3E3_H_WIDTH 15

// array size is 435
const uint16_t font_outfit24_light300_H[] = {
  0x1082, 0x1082, 0x1082, 0x1082, 0x1082, 0x1082, 0x1082, 0x1082, 0x1082, 0x1082, 0x1082, 0x1082, 0x1082,
  0x1082, 0x1082, 0x1082, 0x1082, 0x1082, 0x1082, 0x1082, 0x1082, 0x1082, 0x1082, 0x1082, 0x1082, 0x1082,
  0x1082, 0x1082, 0x1082, 0x1082, 0x1082, 0x1082, 0x1082, 0x1082, 0x1082, 0x1082, 0x1082, 0x1082, 0x1082,
  0x1082, 0x1082, 0x1082, 0x1082, 0x1082, 0x1082, 0x1082, 0x1082, 0x1082, 0x1082, 0x1082, 0x1082, 0x1082,
  0x1082, 0x1082, 0x1082, 0x1082, 0x1082, 0x1082, 0x1082, 0x1082, 0x4a49, 0x7bcf, 0x528a, 0x1082, 0x1082,
  0x1082, 0x1082, 0x1082, 0x1082, 0x1082, 0x1082, 0x1082, 0x632c, 0x7bcf, 0x5aeb, 0x8410, 0xe71c, 0xdefb,
  0x1082, 0x1082, 0x1082, 0x1082, 0x1082, 0x1082, 0x1082, 0x1082, 0x1082, 0xbdd7, 0xe71c, 0xa535, 0x8410,
  0xe71c, 0xe71c, 0x1082, 0x1082, 0x1082, 0x1082, 0x1082, 0x1082, 0x1082, 0x1082, 0x1082, 0xbdd7, 0xe71c,
  0xa535, 0x8410, 0xe71c, 0xe71c, 0x1082, 0x1082, 0x1082, 0x1082, 0x1082, 0x1082, 0x1082, 0x1082, 0x1082,
  0xbdd7, 0xe71c, 0xa535, 0x8410, 0xe71c, 0xe71c, 0x1082, 0x1082, 0x1082, 0x1082, 0x1082, 0x1082, 0x1082,
  0x1082, 0x1082, 0xbdd7, 0xe71c, 0xa535, 0x8410, 0xe71c, 0xe71c, 0x1082, 0x1082, 0x1082, 0x1082, 0x1082,
  0x1082, 0x1082, 0x1082, 0x1082, 0xbdd7, 0xe71c, 0xa535, 0x8410, 0xe71c, 0xe71c, 0x1082, 0x1082, 0x1082,
  0x1082, 0x1082, 0x1082, 0x1082, 0x1082, 0x1082, 0xbdd7, 0xe71c, 0xa535, 0x8410, 0xe71c, 0xe71c, 0x1082,
  0x1082, 0x1082, 0x1082, 0x1082, 0x1082, 0x1082, 0x1082, 0x1082, 0xbdd7, 0xe71c, 0xa535, 0x8410, 0xe71c,
  0xe71c, 0xa534, 0xa534, 0xa534, 0xa534, 0xa534, 0xa534, 0xa534, 0xa534, 0xa534, 0xe71c, 0xe71c, 0xa535,
  0x8410, 0xe71c, 0xe71c, 0xe71c, 0xe71c, 0xe71c, 0xe71c, 0xe71c, 0xe71c, 0xe71c, 0xe71c, 0xe71c, 0xe71c,
  0xe71c, 0xa535, 0x8410, 0xe71c, 0xe71c, 0x9cd3, 0x9cd3, 0x9cd3, 0x9cd3, 0x9cd3, 0x9cd3, 0x9cd3, 0x9cd3,
  0x9cd3, 0xe71c, 0xe71c, 0xa535, 0x8410, 0xe71c, 0xe71c, 0x1082, 0x1082, 0x1082, 0x1082, 0x1082, 0x1082,
  0x1082, 0x1082, 0x1082, 0xbdd7, 0xe71c, 0xa535, 0x8410, 0xe71c, 0xe71c, 0x1082, 0x1082, 0x1082, 0x1082,
  0x1082, 0x1082, 0x1082, 0x1082, 0x1082, 0xbdd7, 0xe71c, 0xa535, 0x8410, 0xe71c, 0xe71c, 0x1082, 0x1082,
  0x1082, 0x1082, 0x1082, 0x1082, 0x1082, 0x1082, 0x1082, 0xbdd7, 0xe71c, 0xa535, 0x8410, 0xe71c, 0xe71c,
  0x1082, 0x1082, 0x1082, 0x1082, 0x1082, 0x1082, 0x1082, 0x1082, 0x1082, 0xbdd7, 0xe71c, 0xa535, 0x8410,
  0xe71c, 0xe71c, 0x1082, 0x1082, 0x1082, 0x1082, 0x1082, 0x1082, 0x1082, 0x1082, 0x1082, 0xbdd7, 0xe71c,
  0xa535, 0x8410, 0xe71c, 0xe71c, 0x1082, 0x1082, 0x1082, 0x1082, 0x1082, 0x1082, 0x1082, 0x1082, 0x1082,
  0xbdd7, 0xe71c, 0xa535, 0x8410, 0xe71c, 0xe71c, 0x1082, 0x1082, 0x1082, 0x1082, 0x1082, 0x1082, 0x1082,
  0x1082, 0x1082, 0xbdd7, 0xe71c, 0xa535, 0x6b6d, 0xe71c, 0xe71c, 0x1082, 0x1082, 0x1082, 0x1082, 0x1082,
  0x1082, 0x1082, 0x1082, 0x1082, 0xa534, 0xe71c, 0x94b2, 0x1082, 0x1082, 0x1082, 0x1082, 0x1082, 0x1082,
  0x1082, 0x1082, 0x1082, 0x1082, 0x1082, 0x1082, 0x1082, 0x1082, 0x1082, 0x1082, 0x1082, 0x1082, 0x1082,
  0x1082, 0x1082, 0x1082, 0x1082, 0x1082, 0x1082, 0x1082, 0x1082, 0x1082, 0x1082, 0x1082, 0x1082, 0x1082,
  0x1082, 0x1082, 0x1082, 0x1082, 0x1082, 0x1082, 0x1082, 0x1082, 0x1082, 0x1082, 0x1082, 0x1082, 0x1082,
  0x1082, 0x1082, 0x1082, 0x1082, 0x1082, 0x1082, 0x1082, 0x1082, 0x1082, 0x1082, 0x1082, 0x1082, 0x1082,
  0x1082, 0x1082, 0x1082, 0x1082, 0x1082, 0x1082, 0x1082, 0x1082, 0x1082, 0x1082, 0x1082, 0x1082, 0x1082,
  0x1082, 0x1082, 0x1082, 0x1082, 0x1082, 0x1082, 0x1082, 0x1082, 0x1082, 0x1082, 0x1082, 0x1082, 0x1082,
  0x1082, 0x1082, 0x1082, 0x1082, 0x1082, 0x1082,
};


#define OUTFIT_24PX_LIGHT_300_E3E3E3_I_HEIGHT 29
#define OUTFIT_24PX_LIGHT_300_E3E3E3_I_WIDTH 3

// array size is 87
const uint16_t font_outfit24_light300_I[] = {
  0x1082, 0x1082, 0x1082, 0x1082, 0x1082, 0x1082, 0x1082, 0x1082, 0x1082, 0x1082, 0x1082, 0x1082, 0x7bcf,
  0x73af, 0x2104, 0xe71c, 0xe71c, 0x73ae, 0xe71c, 0xe71c, 0x7bcf, 0xe71c, 0xe71c, 0x7bcf, 0xe71c, 0xe71c,
  0x7bcf, 0xe71c, 0xe71c, 0x7bcf, 0xe71c, 0xe71c, 0x7bcf, 0xe71c, 0xe71c, 0x7bcf, 0xe71c, 0xe71c, 0x7bcf,
  0xe71c, 0xe71c, 0x7bcf, 0xe71c, 0xe71c, 0x7bcf, 0xe71c, 0xe71c, 0x7bcf, 0xe71c, 0xe71c, 0x7bcf, 0xe71c,
  0xe71c, 0x7bcf, 0xe71c, 0xe71c, 0x7bcf, 0xe71c, 0xe71c, 0x7bcf, 0xe71c, 0xe71c, 0x7bcf, 0xe71c, 0xe71c,
  0x7bcf, 0xd69a, 0xe71c, 0x7bcf, 0x1082, 0x1082, 0x1082, 0x1082, 0x1082, 0x1082, 0x1082, 0x1082, 0x1082,
  0x1082, 0x1082, 0x1082, 0x1082, 0x1082, 0x1082, 0x1082, 0x1082, 0x1082,
};


#define OUTFIT_24PX_LIGHT_300_E3E3E3_J_HEIGHT 29
#define OUTFIT_24PX_LIGHT_300_E3E3E3_J_WIDTH 11

// array size is 319
const uint16_t font_outfit24_light300_J[] = {
  0x1082, 0x1082, 0x1082, 0x1082, 0x1082, 0x1082, 0x1082, 0x1082, 0x1082, 0x1082, 0x1082, 0x1082, 0x1082,
  0x1082, 0x1082, 0x1082, 0x1082, 0x1082, 0x1082, 0x1082, 0x1082, 0x1082, 0x1082, 0x1082, 0x1082, 0x1082,
  0x1082, 0x1082, 0x1082, 0x1082, 0x1082, 0x1082, 0x1082, 0x1082, 0x1082, 0x1082, 0x1082, 0x1082, 0x1082,
  0x1082, 0x1082, 0x1082, 0x1082, 0x1082, 0x1082, 0x1082, 0x1082, 0x1082, 0x1082, 0x1082, 0x1082, 0x1082,
  0x6b6e, 0x7bcf, 0x528a, 0x1082, 0x1082, 0x1082, 0x1082, 0x1082, 0x1082, 0x1082, 0x1082, 0xd69a, 0xe71c,
  0x9492, 0x1082, 0x1082, 0x1082, 0x1082, 0x1082, 0x1082, 0x1082, 0x1082, 0xd69a, 0xe71c, 0x9492, 0x1082,
  0x1082, 0x1082, 0x1082, 0x1082, 0x1082, 0x1082, 0x1082, 0xd69a, 0xe71c, 0x9492, 0x1082, 0x1082, 0x1082,
  0x1082, 0x1082, 0x1082, 0x1082, 0x1082, 0xd69a, 0xe71c, 0x9492, 0x1082, 0x1082, 0x1082, 0x1082, 0x1082,
  0x1082, 0x1082, 0x1082, 0xd69a, 0xe71c, 0x9492, 0x1082, 0x1082, 0x1082, 0x1082, 0x1082, 0x1082, 0x1082,
  0x1082, 0xd69a, 0xe71c, 0x9492, 0x1082, 0x1082, 0x1082, 0x1082, 0x1082, 0x1082, 0x1082, 0x1082, 0xd69a,
  0xe71c, 0x9492, 0x1082, 0x1082, 0x1082, 0x1082, 0x1082, 0x1082, 0x1082, 0x1082, 0xd69a, 0xe71c, 0x9492,
  0x1082, 0x1082, 0x1082, 0x1082, 0x1082, 0x1082, 0x1082, 0x1082, 0xd69a, 0xe71c, 0x9492, 0x1082, 0x1082,
  0x1082, 0x1082, 0x1082, 0x1082, 0x1082, 0x1082, 0xd69a, 0xe71c, 0x9492, 0x1082, 0x1082, 0x1082, 0x1082,
  0x1082, 0x1082, 0x1082, 0x1082, 0xd69a, 0xe71c, 0x9492, 0x1082, 0x1082, 0x1082, 0x1082, 0x1082, 0x1082,
  0x1082, 0x1082, 0xd69a, 0xe71c, 0x9492, 0x1082, 0x1082, 0x1082, 0x1082, 0x1082, 0x1082, 0x1082, 0x18c3,
  0xdefb, 0xe71c, 0x8c71, 0x1082, 0x1082, 0x1082, 0x1082, 0x1082, 0x1082, 0x1082, 0x4228, 0xe71c, 0xe71c,
  0x630c, 0x18e3, 0x9cf3, 0x632c, 0x1082, 0x1082, 0x1082, 0x18c3, 0xa534, 0xe71c, 0xe71c, 0x3186, 0xad75,
  0xe71c, 0xe71c, 0x94b2, 0x5aeb, 0x630c, 0xad75, 0xe71c, 0xe71c, 0xc638, 0x1082, 0x630c, 0xdefb, 0xe71c,
  0xe71c, 0xe71c, 0xe71c, 0xe71c, 0xe71c, 0xce79, 0x3186, 0x1082, 0x1082, 0x4228, 0xb5b6, 0xdefb, 0xe71c,
  0xe71c, 0xdedb, 0xa534, 0x3186, 0x1082, 0x1082, 0x1082, 0x1082, 0x1082, 0x18c3, 0x31a6, 0x3186, 0x10a2,
  0x1082, 0x1082, 0x1082, 0x1082, 0x1082, 0x1082, 0x1082, 0x1082, 0x1082, 0x1082, 0x1082, 0x1082, 0x1082,
  0x1082, 0x1082, 0x1082, 0x1082, 0x1082, 0x1082, 0x1082, 0x1082, 0x1082, 0x1082, 0x1082, 0x1082, 0x1082,
  0x1082, 0x1082, 0x1082, 0x1082, 0x1082, 0x1082, 0x1082, 0x1082, 0x1082, 0x1082, 0x1082, 0x1082, 0x1082,
  0x1082, 0x1082, 0x1082, 0x1082, 0x1082, 0x1082, 0x1082, 0x1082, 0x1082, 0x1082, 0x1082, 0x1082, 0x1082,
  0x1082, 0x1082, 0x1082, 0x1082, 0x1082, 0x1082, 0x1082,
};


#define OUTFIT_24PX_LIGHT_300_E3E3E3_K_HEIGHT 29
#define OUTFIT_24PX_LIGHT_300_E3E3E3_K_WIDTH 15

// array size is 435
const uint16_t font_outfit24_light300_K[] = {
  0x1082, 0x1082, 0x1082, 0x1082, 0x1082, 0x1082, 0x1082, 0x1082, 0x1082, 0x1082, 0x1082, 0x1082, 0x1082,
  0x1082, 0x1082, 0x1082, 0x1082, 0x1082, 0x1082, 0x1082, 0x1082, 0x1082, 0x1082, 0x1082, 0x1082, 0x1082,
  0x1082, 0x1082, 0x1082, 0x1082, 0x1082, 0x1082, 0x1082, 0x1082, 0x1082, 0x1082, 0x1082, 0x1082, 0x1082,
  0x1082, 0x1082, 0x1082, 0x1082, 0x1082, 0x1082, 0x1082, 0x1082, 0x1082, 0x1082, 0x1082, 0x1082, 0x1082,
  0x1082, 0x1082, 0x1082, 0x1082, 0x1082, 0x1082, 0x1082, 0x1082, 0x7bcf, 0x73af, 0x2104, 0x1082, 0x1082,
  0x1082, 0x1082, 0x1082, 0x1082, 0x1082, 0x2124, 0x73af, 0x7bcf, 0x6b6d, 0x10a2, 0xe71c, 0xe71c, 0x73ae,
  0x1082, 0x1082, 0x1082, 0x1082, 0x1082, 0x1082, 0x3186, 0xc638, 0xe71c, 0xe71c, 0xb596, 0x18e3, 0xe71c,
  0xe71c, 0x7bcf, 0x1082, 0x1082, 0x1082, 0x1082, 0x1082, 0x39e7, 0xd69a, 0xe71c, 0xe71c, 0x9cf3, 0x18c3,
  0x1082, 0xe71c, 0xe71c, 0x7bcf, 0x1082, 0x1082, 0x1082, 0x1082, 0x4a69, 0xdedb, 0xe71c, 0xe71c, 0x8c51,
  0x10a2, 0x1082, 0x1082, 0xe71c, 0xe71c, 0x7bcf, 0x1082, 0x1082, 0x1082, 0x630c, 0xe71c, 0xe71c, 0xe71c,
  0x738e, 0x1082, 0x1082, 0x1082, 0x1082, 0xe71c, 0xe71c, 0x7bcf, 0x1082, 0x1082, 0x73ae, 0xe71c, 0xe71c,
  0xdefb, 0x5aeb, 0x1082, 0x1082, 0x1082, 0x1082, 0x1082, 0xe71c, 0xe71c, 0x7bcf, 0x10a2, 0x8c51, 0xe71c,
  0xe71c, 0xdedb, 0x4a49, 0x1082, 0x1082, 0x1082, 0x1082, 0x1082, 0x1082, 0xe71c, 0xe71c, 0x7bef, 0x9cf3,
  0xe71c, 0xe71c, 0xce79, 0x39c7, 0x1082, 0x1082, 0x1082, 0x1082, 0x1082, 0x1082, 0x1082, 0xe71c, 0xe71c,
  0xe71c, 0xe71c, 0xe71c, 0xc618, 0x2965, 0x1082, 0x1082, 0x1082, 0x1082, 0x1082, 0x1082, 0x1082, 0x1082,
  0xe71c, 0xe71c, 0xe71c, 0xe71c, 0xe71c, 0x4a69, 0x1082, 0x1082, 0x1082, 0x1082, 0x1082, 0x1082, 0x1082,
  0x1082, 0x1082, 0xe71c, 0xe71c, 0xe71c, 0xe71c, 0xe71c, 0xdedb, 0x4228, 0x1082, 0x1082, 0x1082, 0x1082,
  0x1082, 0x1082, 0x1082, 0x1082, 0xe71c, 0xe71c, 0x7bcf, 0x8430, 0xe71c, 0xe71c, 0xdefb, 0x4a69, 0x1082,
  0x1082, 0x1082, 0x1082, 0x1082, 0x1082, 0x1082, 0xe71c, 0xe71c, 0x7bcf, 0x1082, 0x7bef, 0xe71c, 0xe71c,
  0xdefb, 0x52aa, 0x1082, 0x1082, 0x1082, 0x1082, 0x1082, 0x1082, 0xe71c, 0xe71c, 0x7bcf, 0x1082, 0x1082,
  0x738e, 0xe71c, 0xe71c, 0xe71c, 0x5aeb, 0x1082, 0x1082, 0x1082, 0x1082, 0x1082, 0xe71c, 0xe71c, 0x7bcf,
  0x1082, 0x1082, 0x1082, 0x6b4d, 0xe71c, 0xe71c, 0xe71c, 0x6b4d, 0x1082, 0x1082, 0x1082, 0x1082, 0xe71c,
  0xe71c, 0x7bcf, 0x1082, 0x1082, 0x1082, 0x1082, 0x630c, 0xe71c, 0xe71c, 0xe71c, 0x738e, 0x1082, 0x1082,
  0x1082, 0xe71c, 0xe71c, 0x7bcf, 0x1082, 0x1082, 0x1082, 0x1082, 0x1082, 0x5acb, 0xdefb, 0xe71c, 0xe71c,
  0x7bef, 0x1082, 0x1082, 0xe71c, 0xe71c, 0x7bcf, 0x1082, 0x1082, 0x1082, 0x1082, 0x1082, 0x1082, 0x528a,
  0xdefb, 0xe71c, 0xe71c, 0x8430, 0x1082, 0xd69a, 0xe71c, 0x7bcf, 0x1082, 0x1082, 0x1082, 0x1082, 0x1082,
  0x1082, 0x1082, 0x4a49, 0xdedb, 0xe71c, 0xe71c, 0x5acb, 0x1082, 0x1082, 0x1082, 0x1082, 0x1082, 0x1082,
  0x1082, 0x1082, 0x1082, 0x1082, 0x1082, 0x1082, 0x1082, 0x1082, 0x1082, 0x1082, 0x1082, 0x1082, 0x1082,
  0x1082, 0x1082, 0x1082, 0x1082, 0x1082, 0x1082, 0x1082, 0x1082, 0x1082, 0x1082, 0x1082, 0x1082, 0x1082,
  0x1082, 0x1082, 0x1082, 0x1082, 0x1082, 0x1082, 0x1082, 0x1082, 0x1082, 0x1082, 0x1082, 0x1082, 0x1082,
  0x1082, 0x1082, 0x1082, 0x1082, 0x1082, 0x1082, 0x1082, 0x1082, 0x1082, 0x1082, 0x1082, 0x1082, 0x1082,
  0x1082, 0x1082, 0x1082, 0x1082, 0x1082, 0x1082, 0x1082, 0x1082, 0x1082, 0x1082, 0x1082, 0x1082, 0x1082,
  0x1082, 0x1082, 0x1082, 0x1082, 0x1082, 0x1082, 0x1082, 0x1082, 0x1082, 0x1082, 0x1082, 0x1082, 0x1082,
  0x1082, 0x1082, 0x1082, 0x1082, 0x1082, 0x1082,
};


#define OUTFIT_24PX_LIGHT_300_E3E3E3_L_HEIGHT 29
#define OUTFIT_24PX_LIGHT_300_E3E3E3_L_WIDTH 12

// array size is 348
const uint16_t font_outfit24_light300_L[] = {
  0x1082, 0x1082, 0x1082, 0x1082, 0x1082, 0x1082, 0x1082, 0x1082, 0x1082, 0x1082, 0x1082, 0x1082, 0x1082,
  0x1082, 0x1082, 0x1082, 0x1082, 0x1082, 0x1082, 0x1082, 0x1082, 0x1082, 0x1082, 0x1082, 0x1082, 0x1082,
  0x1082, 0x1082, 0x1082, 0x1082, 0x1082, 0x1082, 0x1082, 0x1082, 0x1082, 0x1082, 0x1082, 0x1082, 0x1082,
  0x1082, 0x1082, 0x1082, 0x1082, 0x1082, 0x1082, 0x1082, 0x1082, 0x1082, 0x7bcf, 0x73af, 0x2104, 0x1082,
  0x1082, 0x1082, 0x1082, 0x1082, 0x1082, 0x1082, 0x1082, 0x1082, 0xe71c, 0xe71c, 0x73ae, 0x1082, 0x1082,
  0x1082, 0x1082, 0x1082, 0x1082, 0x1082, 0x1082, 0x1082, 0xe71c, 0xe71c, 0x7bcf, 0x1082, 0x1082, 0x1082,
  0x1082, 0x1082, 0x1082, 0x1082, 0x1082, 0x1082, 0xe71c, 0xe71c, 0x7bcf, 0x1082, 0x1082, 0x1082, 0x1082,
  0x1082, 0x1082, 0x1082, 0x1082, 0x1082, 0xe71c, 0xe71c, 0x7bcf, 0x1082, 0x1082, 0x1082, 0x1082, 0x1082,
  0x1082, 0x1082, 0x1082, 0x1082, 0xe71c, 0xe71c, 0x7bcf, 0x1082, 0x1082, 0x1082, 0x1082, 0x1082, 0x1082,
  0x1082, 0x1082, 0x1082, 0xe71c, 0xe71c, 0x7bcf, 0x1082, 0x1082, 0x1082, 0x1082, 0x1082, 0x1082, 0x1082,
  0x1082, 0x1082, 0xe71c, 0xe71c, 0x7bcf, 0x1082, 0x1082, 0x1082, 0x1082, 0x1082, 0x1082, 0x1082, 0x1082,
  0x1082, 0xe71c, 0xe71c, 0x7bcf, 0x1082, 0x1082, 0x1082, 0x1082, 0x1082, 0x1082, 0x1082, 0x1082, 0x1082,
  0xe71c, 0xe71c, 0x7bcf, 0x1082, 0x1082, 0x1082, 0x1082, 0x1082, 0x1082, 0x1082, 0x1082, 0x1082, 0xe71c,
  0xe71c, 0x7bcf, 0x1082, 0x1082, 0x1082, 0x1082, 0x1082, 0x1082, 0x1082, 0x1082, 0x1082, 0xe71c, 0xe71c,
  0x7bcf, 0x1082, 0x1082, 0x1082, 0x1082, 0x1082, 0x1082, 0x1082, 0x1082, 0x1082, 0xe71c, 0xe71c, 0x7bcf,
  0x1082, 0x1082, 0x1082, 0x1082, 0x1082, 0x1082, 0x1082, 0x1082, 0x1082, 0xe71c, 0xe71c, 0x7bcf, 0x1082,
  0x1082, 0x1082, 0x1082, 0x1082, 0x1082, 0x1082, 0x1082, 0x1082, 0xe71c, 0xe71c, 0x7bcf, 0x1082, 0x1082,
  0x1082, 0x1082, 0x1082, 0x1082, 0x1082, 0x1082, 0x1082, 0xe71c, 0xe71c, 0x7bcf, 0x1082, 0x1082, 0x1082,
  0x1082, 0x1082, 0x1082, 0x1082, 0x1082, 0x1082, 0xe71c, 0xe71c, 0xc618, 0x5acb, 0x5acb, 0x5acb, 0x5acb,
  0x5acb, 0x5acb, 0x5acb, 0x5acb, 0x4228, 0xe71c, 0xe71c, 0xe71c, 0xe71c, 0xe71c, 0xe71c, 0xe71c, 0xe71c,
  0xe71c, 0xe71c, 0xe71c, 0xa514, 0xd69a, 0xe71c, 0xe71c, 0xe71c, 0xe71c, 0xe71c, 0xe71c, 0xe71c, 0xe71c,
  0xe71c, 0xe71c, 0x9492, 0x1082, 0x1082, 0x1082, 0x1082, 0x1082, 0x1082, 0x1082, 0x1082, 0x1082, 0x1082,
  0x1082, 0x1082, 0x1082, 0x1082, 0x1082, 0x1082, 0x1082, 0x1082, 0x1082, 0x1082, 0x1082, 0x1082, 0x1082,
  0x1082, 0x1082, 0x1082, 0x1082, 0x1082, 0x1082, 0x1082, 0x1082, 0x1082, 0x1082, 0x1082, 0x1082, 0x1082,
  0x1082, 0x1082, 0x1082, 0x1082, 0x1082, 0x1082, 0x1082, 0x1082, 0x1082, 0x1082, 0x1082, 0x1082, 0x1082,
  0x1082, 0x1082, 0x1082, 0x1082, 0x1082, 0x1082, 0x1082, 0x1082, 0x1082, 0x1082, 0x1082, 0x1082, 0x1082,
  0x1082, 0x1082, 0x1082, 0x1082, 0x1082, 0x1082, 0x1082, 0x1082, 0x1082, 0x1082,
};


#define OUTFIT_24PX_LIGHT_300_E3E3E3_M_HEIGHT 29
#define OUTFIT_24PX_LIGHT_300_E3E3E3_M_WIDTH 19

// array size is 551
const uint16_t font_outfit24_light300_M[] = {
  0x1082, 0x1082, 0x1082, 0x1082, 0x1082, 0x1082, 0x1082, 0x1082, 0x1082, 0x1082, 0x1082, 0x1082, 0x1082,
  0x1082, 0x1082, 0x1082, 0x1082, 0x1082, 0x1082, 0x1082, 0x1082, 0x1082, 0x1082, 0x1082, 0x1082, 0x1082,
  0x1082, 0x1082, 0x1082, 0x1082, 0x1082, 0x1082, 0x1082, 0x1082, 0x1082, 0x1082, 0x1082, 0x1082, 0x1082,
  0x1082, 0x1082, 0x1082, 0x1082, 0x1082, 0x1082, 0x1082, 0x1082, 0x1082, 0x1082, 0x1082, 0x1082, 0x1082,
  0x1082, 0x1082, 0x1082, 0x1082, 0x1082, 0x1082, 0x1082, 0x1082, 0x1082, 0x1082, 0x1082, 0x1082, 0x1082,
  0x1082, 0x1082, 0x1082, 0x1082, 0x1082, 0x1082, 0x1082, 0x1082, 0x1082, 0x1082, 0x1082, 0x4a49, 0x7bcf,
  0x4a69, 0x1082, 0x1082, 0x1082, 0x1082, 0x1082, 0x1082, 0x1082, 0x1082, 0x1082, 0x1082, 0x1082, 0x1082,
  0x1082, 0x6b4d, 0x7bcf, 0x2965, 0x8410, 0xe71c, 0xd6ba, 0x2124, 0x1082, 0x1082, 0x1082, 0x1082, 0x1082,
  0x1082, 0x1082, 0x1082, 0x1082, 0x1082, 0x1082, 0x528a, 0xe71c, 0xe71c, 0x4a49, 0x8410, 0xe71c, 0xe71c,
  0x9cd3, 0x1082, 0x1082, 0x1082, 0x1082, 0x1082, 0x1082, 0x1082, 0x1082, 0x1082, 0x1082, 0x18c3, 0xce59,
  0xe71c, 0xe71c, 0x4a49, 0x8410, 0xe71c, 0xe71c, 0xe71c, 0x4229, 0x1082, 0x1082, 0x1082, 0x1082, 0x1082,
  0x1082, 0x1082, 0x1082, 0x1082, 0x7bef, 0xe71c, 0xe71c, 0xe71c, 0x4a49, 0x8410, 0xe71c, 0xe71c, 0xe71c,
  0xc618, 0x10a3, 0x1082, 0x1082, 0x1082, 0x1082, 0x1082, 0x1082, 0x1082, 0x3186, 0xdefb, 0xe71c, 0xe71c,
  0xe71c, 0x4a49, 0x8410, 0xe71c, 0xe71c, 0xe71c, 0xe71c, 0x73ae, 0x1082, 0x1082, 0x1082, 0x1082, 0x1082,
  0x1082, 0x1082, 0xad55, 0xe71c, 0xe71c, 0xe71c, 0xe71c, 0x4a49, 0x8410, 0xe71c, 0xe71c, 0xc618, 0xe71c,
  0xdedb, 0x2945, 0x1082, 0x1082, 0x1082, 0x1082, 0x1082, 0x5acb, 0xe71c, 0xe71c, 0xc638, 0xe71c, 0xe71c,
  0x4a49, 0x8410, 0xe71c, 0xe71c, 0x4a49, 0xe71c, 0xe71c, 0xa514, 0x1082, 0x1082, 0x1082, 0x1082, 0x18e3,
  0xce79, 0xe71c, 0xd69a, 0x52aa, 0xe71c, 0xe71c, 0x4a49, 0x8410, 0xe71c, 0xe71c, 0x1082, 0x9cd3, 0xe71c,
  0xe71c, 0x528a, 0x1082, 0x1082, 0x1082, 0x8430, 0xe71c, 0xe71c, 0x632c, 0x4229, 0xe71c, 0xe71c, 0x4a49,
  0x8410, 0xe71c, 0xe71c, 0x1082, 0x2125, 0xdedb, 0xe71c, 0xc638, 0x18c3, 0x1082, 0x39c7, 0xe71c, 0xe71c,
  0xb5b6, 0x10a2, 0x4229, 0xe71c, 0xe71c, 0x4a49, 0x8410, 0xe71c, 0xe71c, 0x1082, 0x1082, 0x6b6d, 0xe71c,
  0xe71c, 0x7bef, 0x10a2, 0xb5b6, 0xe71c, 0xe71c, 0x39c7, 0x1082, 0x4229, 0xe71c, 0xe71c, 0x4a49, 0x8410,
  0xe71c, 0xe71c, 0x1082, 0x1082, 0x10a2, 0xbdf7, 0xe71c, 0xdefb, 0x8410, 0xe71c, 0xe71c, 0x8c51, 0x1082,
  0x1082, 0x4229, 0xe71c, 0xe71c, 0x4a49, 0x8410, 0xe71c, 0xe71c, 0x1082, 0x1082, 0x1082, 0x4208, 0xe71c,
  0xe71c, 0xe71c, 0xe71c, 0xce79, 0x18e3, 0x1082, 0x1082, 0x4229, 0xe71c, 0xe71c, 0x4a49, 0x8410, 0xe71c,
  0xe71c, 0x1082, 0x1082, 0x1082, 0x1082, 0x9492, 0xe71c, 0xe71c, 0xe71c, 0x5acb, 0x1082, 0x1082, 0x1082,
  0x4229, 0xe71c, 0xe71c, 0x4a49, 0x8410, 0xe71c, 0xe71c, 0x1082, 0x1082, 0x1082, 0x1082, 0x2104, 0xd69a,
  0xe71c, 0xad75, 0x1082, 0x1082, 0x1082, 0x1082, 0x4229, 0xe71c, 0xe71c, 0x4a49, 0x8410, 0xe71c, 0xe71c,
  0x1082, 0x1082, 0x1082, 0x1082, 0x1082, 0x2124, 0x3186, 0x18e3, 0x1082, 0x1082, 0x1082, 0x1082, 0x4229,
  0xe71c, 0xe71c, 0x4a49, 0x8410, 0xe71c, 0xe71c, 0x1082, 0x1082, 0x1082, 0x1082, 0x1082, 0x1082, 0x1082,
  0x1082, 0x1082, 0x1082, 0x1082, 0x1082, 0x4229, 0xe71c, 0xe71c, 0x4a49, 0x8410, 0xe71c, 0xe71c, 0x1082,
  0x1082, 0x1082, 0x1082, 0x1082, 0x1082, 0x1082, 0x1082, 0x1082, 0x1082, 0x1082, 0x1082, 0x4229, 0xe71c,
  0xe71c, 0x4a49, 0x6b6d, 0xe71c, 0xe71c, 0x1082, 0x1082, 0x1082, 0x1082, 0x1082, 0x1082, 0x1082, 0x1082,
  0x1082, 0x1082, 0x1082, 0x1082, 0x4229, 0xe71c, 0xe71c, 0x31a7, 0x1082, 0x1082, 0x1082, 0x1082, 0x1082,
  0x1082, 0x1082, 0x1082, 0x1082, 0x1082, 0x1082, 0x1082, 0x1082, 0x1082, 0x1082, 0x1082, 0x1082, 0x1082,
  0x1082, 0x1082, 0x1082, 0x1082, 0x1082, 0x1082, 0x1082, 0x1082, 0x1082, 0x1082, 0x1082, 0x1082, 0x1082,
  0x1082, 0x1082, 0x1082, 0x1082, 0x1082, 0x1082, 0x1082, 0x1082, 0x1082, 0x1082, 0x1082, 0x1082, 0x1082,
  0x1082, 0x1082, 0x1082, 0x1082, 0x1082, 0x1082, 0x1082, 0x1082, 0x1082, 0x1082, 0x1082, 0x1082, 0x1082,
  0x1082, 0x1082, 0x1082, 0x1082, 0x1082, 0x1082, 0x1082, 0x1082, 0x1082, 0x1082, 0x1082, 0x1082, 0x1082,
  0x1082, 0x1082, 0x1082, 0x1082, 0x1082, 0x1082, 0x1082, 0x1082, 0x1082, 0x1082, 0x1082, 0x1082, 0x1082,
  0x1082, 0x1082, 0x1082, 0x1082, 0x1082, 0x1082, 0x1082, 0x1082, 0x1082, 0x1082, 0x1082, 0x1082, 0x1082,
  0x1082, 0x1082, 0x1082, 0x1082, 0x1082, 0x1082, 0x1082, 0x1082, 0x1082, 0x1082, 0x1082, 0x1082, 0x1082,
  0x1082, 0x1082, 0x1082, 0x1082, 0x1082,
};


#define OUTFIT_24PX_LIGHT_300_E3E3E3_N_HEIGHT 29
#define OUTFIT_24PX_LIGHT_300_E3E3E3_N_WIDTH 15

// array size is 435
const uint16_t font_outfit24_light300_N[] = {
  0x1082, 0x1082, 0x1082, 0x1082, 0x1082, 0x1082, 0x1082, 0x1082, 0x1082, 0x1082, 0x1082, 0x1082, 0x1082,
  0x1082, 0x1082, 0x1082, 0x1082, 0x1082, 0x1082, 0x1082, 0x1082, 0x1082, 0x1082, 0x1082, 0x1082, 0x1082,
  0x1082, 0x1082, 0x1082, 0x1082, 0x1082, 0x1082, 0x1082, 0x1082, 0x1082, 0x1082, 0x1082, 0x1082, 0x1082,
  0x1082, 0x1082, 0x1082, 0x1082, 0x1082, 0x1082, 0x1082, 0x1082, 0x1082, 0x1082, 0x1082, 0x1082, 0x1082,
  0x1082, 0x1082, 0x1082, 0x1082, 0x1082, 0x1082, 0x1082, 0x1082, 0x7bcf, 0xbdf7, 0x18e4, 0x1082, 0x1082,
  0x1082, 0x1082, 0x1082, 0x1082, 0x1082, 0x1082, 0x2945, 0x7bcf, 0x7bcf, 0x3186, 0xe71c, 0xe71c, 0xbdf7,
  0x1082, 0x1082, 0x1082, 0x1082, 0x1082, 0x1082, 0x1082, 0x1082, 0x39e7, 0xe71c, 0xe71c, 0x528a, 0xe71c,
  0xe71c, 0xe71c, 0x632c, 0x1082, 0x1082, 0x1082, 0x1082, 0x1082, 0x1082, 0x1082, 0x39e7, 0xe71c, 0xe71c,
  0x528a, 0xe71c, 0xe71c, 0xe71c, 0xdedb, 0x31a6, 0x1082, 0x1082, 0x1082, 0x1082, 0x1082, 0x1082, 0x39e7,
  0xe71c, 0xe71c, 0x528a, 0xe71c, 0xe71c, 0xe71c, 0xe71c, 0xbdf7, 0x18c3, 0x1082, 0x1082, 0x1082, 0x1082,
  0x1082, 0x39e7, 0xe71c, 0xe71c, 0x528a, 0xe71c, 0xe71c, 0xe71c, 0xe71c, 0xe71c, 0x9492, 0x1082, 0x1082,
  0x1082, 0x1082, 0x1082, 0x39e7, 0xe71c, 0xe71c, 0x528a, 0xe71c, 0xe71c, 0x7bf0, 0xbdf7, 0xe71c, 0xe71c,
  0x5acb, 0x1082, 0x1082, 0x1082, 0x1082, 0x39e7, 0xe71c, 0xe71c, 0x528a, 0xe71c, 0xe71c, 0x7bcf, 0x31a6,
  0xdedb, 0xe71c, 0xd6ba, 0x2965, 0x1082, 0x1082, 0x1082, 0x39e7, 0xe71c, 0xe71c, 0x528a, 0xe71c, 0xe71c,
  0x7bcf, 0x1082, 0x630c, 0xe71c, 0xe71c, 0xb5b6, 0x10a3, 0x1082, 0x1082, 0x39e7, 0xe71c, 0xe71c, 0x528a,
  0xe71c, 0xe71c, 0x7bcf, 0x1082, 0x1082, 0x9cd3, 0xe71c, 0xe71c, 0x8430, 0x1082, 0x1082, 0x39e7, 0xe71c,
  0xe71c, 0x528a, 0xe71c, 0xe71c, 0x7bcf, 0x1082, 0x1082, 0x18e3, 0xc638, 0xe71c, 0xe71c, 0x4a69, 0x1082,
  0x39e7, 0xe71c, 0xe71c, 0x528a, 0xe71c, 0xe71c, 0x7bcf, 0x1082, 0x1082, 0x1082, 0x39e7, 0xdefb, 0xe71c,
  0xd69a, 0x2945, 0x39e7, 0xe71c, 0xe71c, 0x528a, 0xe71c, 0xe71c, 0x7bcf, 0x1082, 0x1082, 0x1082, 0x1082,
  0x6b6d, 0xe71c, 0xe71c, 0xad75, 0x4208, 0xe71c, 0xe71c, 0x528a, 0xe71c, 0xe71c, 0x7bcf, 0x1082, 0x1082,
  0x1082, 0x1082, 0x1082, 0xa534, 0xe71c, 0xe71c, 0xa534, 0xe71c, 0xe71c, 0x528a, 0xe71c, 0xe71c, 0x7bcf,
  0x1082, 0x1082, 0x1082, 0x1082, 0x1082, 0x2104, 0xce79, 0xe71c, 0xe71c, 0xe71c, 0xe71c, 0x528a, 0xe71c,
  0xe71c, 0x7bcf, 0x1082, 0x1082, 0x1082, 0x1082, 0x1082, 0x1082, 0x4228, 0xe71c, 0xe71c, 0xe71c, 0xe71c,
  0x528a, 0xe71c, 0xe71c, 0x7bcf, 0x1082, 0x1082, 0x1082, 0x1082, 0x1082, 0x1082, 0x1082, 0x7bcf, 0xe71c,
  0xe71c, 0xe71c, 0x528a, 0xe71c, 0xe71c, 0x7bcf, 0x1082, 0x1082, 0x1082, 0x1082, 0x1082, 0x1082, 0x1082,
  0x10a2, 0xbdd7, 0xe71c, 0xe71c, 0x528a, 0xd69a, 0xe71c, 0x7bcf, 0x1082, 0x1082, 0x1082, 0x1082, 0x1082,
  0x1082, 0x1082, 0x1082, 0x2945, 0xe71c, 0xe71c, 0x39e8, 0x1082, 0x1082, 0x1082, 0x1082, 0x1082, 0x1082,
  0x1082, 0x1082, 0x1082, 0x1082, 0x1082, 0x1082, 0x1082, 0x1082, 0x1082, 0x1082, 0x1082, 0x1082, 0x1082,
  0x1082, 0x1082, 0x1082, 0x1082, 0x1082, 0x1082, 0x1082, 0x1082, 0x1082, 0x1082, 0x1082, 0x1082, 0x1082,
  0x1082, 0x1082, 0x1082, 0x1082, 0x1082, 0x1082, 0x1082, 0x1082, 0x1082, 0x1082, 0x1082, 0x1082, 0x1082,
  0x1082, 0x1082, 0x1082, 0x1082, 0x1082, 0x1082, 0x1082, 0x1082, 0x1082, 0x1082, 0x1082, 0x1082, 0x1082,
  0x1082, 0x1082, 0x1082, 0x1082, 0x1082, 0x1082, 0x1082, 0x1082, 0x1082, 0x1082, 0x1082, 0x1082, 0x1082,
  0x1082, 0x1082, 0x1082, 0x1082, 0x1082, 0x1082, 0x1082, 0x1082, 0x1082, 0x1082, 0x1082, 0x1082, 0x1082,
  0x1082, 0x1082, 0x1082, 0x1082, 0x1082, 0x1082,
};


#define OUTFIT_24PX_LIGHT_300_E3E3E3_O_HEIGHT 29
#define OUTFIT_24PX_LIGHT_300_E3E3E3_O_WIDTH 19

// array size is 551
const uint16_t font_outfit24_light300_O[] = {
  0x1082, 0x1082, 0x1082, 0x1082, 0x1082, 0x1082, 0x1082, 0x1082, 0x1082, 0x1082, 0x1082, 0x1082, 0x1082,
  0x1082, 0x1082, 0x1082, 0x1082, 0x1082, 0x1082, 0x1082, 0x1082, 0x1082, 0x1082, 0x1082, 0x1082, 0x1082,
  0x1082, 0x1082, 0x1082, 0x1082, 0x1082, 0x1082, 0x1082, 0x1082, 0x1082, 0x1082, 0x1082, 0x1082, 0x1082,
  0x1082, 0x1082, 0x1082, 0x1082, 0x1082, 0x1082, 0x1082, 0x1082, 0x1082, 0x1082, 0x1082, 0x1082, 0x1082,
  0x1082, 0x1082, 0x1082, 0x1082, 0x1082, 0x1082, 0x1082, 0x1082, 0x1082, 0x1082, 0x1082, 0x1082, 0x1082,
  0x1082, 0x1082, 0x1082, 0x1082, 0x1082, 0x1082, 0x1082, 0x1082, 0x1082, 0x1082, 0x1082, 0x1082, 0x1082,
  0x1082, 0x1082, 0x1082, 0x1082, 0x3186, 0x5aeb, 0x8430, 0xad55, 0x9cf3, 0x73ae, 0x4a49, 0x2104, 0x1082,
  0x1082, 0x1082, 0x1082, 0x1082, 0x1082, 0x1082, 0x1082, 0x1082, 0x2125, 0xa535, 0xe71c, 0xe71c, 0xe71c,
  0xe71c, 0xe71c, 0xe71c, 0xe71c, 0xdefb, 0x6b6d, 0x10a2, 0x1082, 0x1082, 0x1082, 0x1082, 0x1082, 0x1082,
  0x5acb, 0xd69a, 0xe71c, 0xe71c, 0xe71c, 0xce79, 0xb5b6, 0xce59, 0xe71c, 0xe71c, 0xe71c, 0xe71c, 0xad75,
  0x2945, 0x1082, 0x1082, 0x1082, 0x1082, 0x4228, 0xe71c, 0xe71c, 0xe71c, 0xa534, 0x4208, 0x1082, 0x1082,
  0x1082, 0x2104, 0x632c, 0xdedb, 0xe71c, 0xe71c, 0xbdf7, 0x10a3, 0x1082, 0x1082, 0x18c3, 0xc638, 0xe71c,
  0xe71c, 0xa514, 0x10a2, 0x1082, 0x1082, 0x1082, 0x1082, 0x1082, 0x1082, 0x2965, 0xbdd7, 0xe71c, 0xe71c,
  0x7bcf, 0x1082, 0x1082, 0x8410, 0xe71c, 0xe71c, 0xad55, 0x18c3, 0x1082, 0x1082, 0x1082, 0x1082, 0x1082,
  0x1082, 0x1082, 0x1082, 0x2945, 0xdedb, 0xe71c, 0xdefb, 0x31a6, 0x1082, 0xce59, 0xe71c, 0xd6ba, 0x18e3,
  0x1082, 0x1082, 0x1082, 0x1082, 0x1082, 0x1082, 0x1082, 0x1082, 0x1082, 0x1082, 0x6b6d, 0xe71c, 0xe71c,
  0x73af, 0x2104, 0xe71c, 0xe71c, 0x8c51, 0x1082, 0x1082, 0x1082, 0x1082, 0x1082, 0x1082, 0x1082, 0x1082,
  0x1082, 0x1082, 0x1082, 0x10a2, 0xdefb, 0xe71c, 0x9cf3, 0x4228, 0xe71c, 0xe71c, 0x52aa, 0x1082, 0x1082,
  0x1082, 0x1082, 0x1082, 0x1082, 0x1082, 0x1082, 0x1082, 0x1082, 0x1082, 0x1082, 0xbdd7, 0xe71c, 0xc638,
  0x632d, 0xe71c, 0xe71c, 0x4228, 0x1082, 0x1082, 0x1082, 0x1082, 0x1082, 0x1082, 0x1082, 0x1082, 0x1082,
  0x1082, 0x1082, 0x1082, 0x9cd3, 0xe71c, 0xe71c, 0x5acb, 0xe71c, 0xe71c, 0x5acb, 0x1082, 0x1082, 0x1082,
  0x1082, 0x1082, 0x1082, 0x1082, 0x1082, 0x1082, 0x1082, 0x1082, 0x1082, 0x9cd3, 0xe71c, 0xdedb, 0x3186,
  0xe71c, 0xe71c, 0x7bf0, 0x1082, 0x1082, 0x1082, 0x1082, 0x1082, 0x1082, 0x1082, 0x1082, 0x1082, 0x1082,
  0x1082, 0x1082, 0xbdf7, 0xe71c, 0xb596, 0x10a2, 0xdedb, 0xe71c, 0xb5b6, 0x1082, 0x1082, 0x1082, 0x1082,
  0x1082, 0x1082, 0x1082, 0x1082, 0x1082, 0x1082, 0x1082, 0x31a6, 0xe71c, 0xe71c, 0x8c71, 0x1082, 0xad75,
  0xe71c, 0xe71c, 0x630c, 0x1082, 0x1082, 0x1082, 0x1082, 0x1082, 0x1082, 0x1082, 0x1082, 0x1082, 0x10a2,
  0xa514, 0xe71c, 0xe71c, 0x5aec, 0x1082, 0x39c7, 0xe71c, 0xe71c, 0xd69a, 0x2125, 0x1082, 0x1082, 0x1082,
  0x1082, 0x1082, 0x1082, 0x1082, 0x10a2, 0x94b2, 0xe71c, 0xe71c, 0xbdd7, 0x10a2, 0x1082, 0x1082, 0x8410,
  0xe71c, 0xe71c, 0xd69a, 0x528a, 0x1082, 0x1082, 0x1082, 0x1082, 0x1082, 0x10a2, 0x8c51, 0xe71c, 0xe71c,
  0xe71c, 0x39c7, 0x1082, 0x1082, 0x1082, 0x18c3, 0xb5b6, 0xe71c, 0xe71c, 0xe71c, 0xad55, 0x7bcf, 0x630c,
  0x528a, 0x73ae, 0xce59, 0xe71c, 0xe71c, 0xe71c, 0x73ae, 0x1082, 0x1082, 0x1082, 0x1082, 0x1082, 0x10a2,
  0x7bcf, 0xe71c, 0xe71c, 0xe71c, 0xe71c, 0xe71c, 0xe71c, 0xe71c, 0xe71c, 0xe71c, 0xce79, 0x4a49, 0x1082,
  0x1082, 0x1082, 0x1082, 0x1082, 0x1082, 0x1082, 0x1082, 0x39e7, 0x9cd3, 0xc638, 0xe71c, 0xe71c, 0xe71c,
  0xdefb, 0xb5b6, 0x8430, 0x2104, 0x1082, 0x1082, 0x1082, 0x1082, 0x1082, 0x1082, 0x1082, 0x1082, 0x1082,
  0x1082, 0x1082, 0x1082, 0x18e3, 0x3186, 0x31a7, 0x10a2, 0x1082, 0x1082, 0x1082, 0x1082, 0x1082, 0x1082,
  0x1082, 0x1082, 0x1082, 0x1082, 0x1082, 0x1082, 0x1082, 0x1082, 0x1082, 0x1082, 0x1082, 0x1082, 0x1082,
  0x1082, 0x1082, 0x1082, 0x1082, 0x1082, 0x1082, 0x1082, 0x1082, 0x1082, 0x1082, 0x1082, 0x1082, 0x1082,
  0x1082, 0x1082, 0x1082, 0x1082, 0x1082, 0x1082, 0x1082, 0x1082, 0x1082, 0x1082, 0x1082, 0x1082, 0x1082,
  0x1082, 0x1082, 0x1082, 0x1082, 0x1082, 0x1082, 0x1082, 0x1082, 0x1082, 0x1082, 0x1082, 0x1082, 0x1082,
  0x1082, 0x1082, 0x1082, 0x1082, 0x1082, 0x1082, 0x1082, 0x1082, 0x1082, 0x1082, 0x1082, 0x1082, 0x1082,
  0x1082, 0x1082, 0x1082, 0x1082, 0x1082, 0x1082, 0x1082, 0x1082, 0x1082, 0x1082, 0x1082, 0x1082, 0x1082,
  0x1082, 0x1082, 0x1082, 0x1082, 0x1082, 0x1082, 0x1082, 0x1082, 0x1082, 0x1082, 0x1082, 0x1082, 0x1082,
  0x1082, 0x1082, 0x1082, 0x1082, 0x1082,
};


#define OUTFIT_24PX_LIGHT_300_E3E3E3_OUML_HEIGHT 29
#define OUTFIT_24PX_LIGHT_300_E3E3E3_OUML_WIDTH 20

// array size is 580
const uint16_t font_outfit24_light300_Ouml[] = {
  0x1082, 0x1082, 0x1082, 0x1082, 0x1082, 0x18c3, 0xce59, 0xe71c, 0x9cd3, 0x1082, 0x18e3, 0xd69a, 0xe71c,
  0x8c71, 0x1082, 0x1082, 0x1082, 0x1082, 0x1082, 0x1082, 0x1082, 0x1082, 0x1082, 0x1082, 0x1082, 0x39c7,
  0xe71c, 0xe71c, 0xd69a, 0x1082, 0x4228, 0xe71c, 0xe71c, 0xc618, 0x1082, 0x1082, 0x1082, 0x1082, 0x1082,
  0x1082, 0x1082, 0x1082, 0x1082, 0x1082, 0x1082, 0x10a2, 0xad55, 0xc638, 0x7bcf, 0x1082, 0x10a3, 0xb596,
  0xc638, 0x6b6d, 0x1082, 0x1082, 0x1082, 0x1082, 0x1082, 0x1082, 0x1082, 0x1082, 0x1082, 0x1082, 0x1082,
  0x1082, 0x1082, 0x1082, 0x1082, 0x1082, 0x1082, 0x1082, 0x1082, 0x1082, 0x1082, 0x1082, 0x1082, 0x1082,
  0x1082, 0x1082, 0x1082, 0x1082, 0x1082, 0x1082, 0x1082, 0x1082, 0x3186, 0x5aeb, 0x8430, 0xad55, 0x9cf3,
  0x73ae, 0x4a49, 0x2104, 0x1082, 0x1082, 0x1082, 0x1082, 0x1082, 0x1082, 0x1082, 0x1082, 0x1082, 0x1082,
  0x2125, 0xa534, 0xe71c, 0xe71c, 0xe71c, 0xe71c, 0xe71c, 0xe71c, 0xe71c, 0xdefb, 0x6b6e, 0x10a2, 0x1082,
  0x1082, 0x1082, 0x1082, 0x1082, 0x1082, 0x1082, 0x5acb, 0xd69a, 0xe71c, 0xe71c, 0xe71c, 0xce59, 0xb5b6,
  0xce59, 0xe71c, 0xe71c, 0xe71c, 0xe71c, 0xb596, 0x2965, 0x1082, 0x1082, 0x1082, 0x1082, 0x1082, 0x4228,
  0xe71c, 0xe71c, 0xe71c, 0xa534, 0x39e7, 0x1082, 0x1082, 0x1082, 0x2104, 0x632c, 0xdedb, 0xe71c, 0xe71c,
  0xc618, 0x18c3, 0x1082, 0x1082, 0x1082, 0x18c3, 0xc638, 0xe71c, 0xe71c, 0xa514, 0x10a2, 0x1082, 0x1082,
  0x1082, 0x1082, 0x1082, 0x1082, 0x2965, 0xb5b6, 0xe71c, 0xe71c, 0x7bcf, 0x1082, 0x1082, 0x1082, 0x8410,
  0xe71c, 0xe71c, 0xad55, 0x18c3, 0x1082, 0x1082, 0x1082, 0x1082, 0x1082, 0x1082, 0x1082, 0x1082, 0x2945,
  0xdedb, 0xe71c, 0xdefb, 0x31a6, 0x1082, 0x1082, 0xce59, 0xe71c, 0xd69a, 0x18c3, 0x1082, 0x1082, 0x1082,
  0x1082, 0x1082, 0x1082, 0x1082, 0x1082, 0x1082, 0x1082, 0x6b6d, 0xe71c, 0xe71c, 0x7bcf, 0x1082, 0x2104,
  0xe71c, 0xe71c, 0x8c51, 0x1082, 0x1082, 0x1082, 0x1082, 0x1082, 0x1082, 0x1082, 0x1082, 0x1082, 0x1082,
  0x1082, 0x10a2, 0xdefb, 0xe71c, 0x9cf4, 0x1082, 0x4228, 0xe71c, 0xe71c, 0x52aa, 0x1082, 0x1082, 0x1082,
  0x1082, 0x1082, 0x1082, 0x1082, 0x1082, 0x1082, 0x1082, 0x1082, 0x1082, 0xbdd7, 0xe71c, 0xc638, 0x1082,
  0x632d, 0xe71c, 0xe71c, 0x4228, 0x1082, 0x1082, 0x1082, 0x1082, 0x1082, 0x1082, 0x1082, 0x1082, 0x1082,
  0x1082, 0x1082, 0x1082, 0x9cd3, 0xe71c, 0xe71c, 0x18c3, 0x5acb, 0xe71c, 0xe71c, 0x5acb, 0x1082, 0x1082,
  0x1082, 0x1082, 0x1082, 0x1082, 0x1082, 0x1082, 0x1082, 0x1082, 0x1082, 0x1082, 0x9cd3, 0xe71c, 0xdedb,
  0x10a2, 0x3186, 0xe71c, 0xe71c, 0x7bf0, 0x1082, 0x1082, 0x1082, 0x1082, 0x1082, 0x1082, 0x1082, 0x1082,
  0x1082, 0x1082, 0x1082, 0x1082, 0xbdd7, 0xe71c, 0xb596, 0x1082, 0x10a2, 0xdedb, 0xe71c, 0xb5b6, 0x1082,
  0x1082, 0x1082, 0x1082, 0x1082, 0x1082, 0x1082, 0x1082, 0x1082, 0x1082, 0x1082, 0x31a6, 0xe71c, 0xe71c,
  0x8c71, 0x1082, 0x1082, 0xad55, 0xe71c, 0xe71c, 0x630c, 0x1082, 0x1082, 0x1082, 0x1082, 0x1082, 0x1082,
  0x1082, 0x1082, 0x1082, 0x10a2, 0xa514, 0xe71c, 0xe71c, 0x5aec, 0x1082, 0x1082, 0x39c7, 0xe71c, 0xe71c,
  0xd69a, 0x2945, 0x1082, 0x1082, 0x1082, 0x1082, 0x1082, 0x1082, 0x1082, 0x10a2, 0x94b2, 0xe71c, 0xe71c,
  0xbdd7, 0x10a2, 0x1082, 0x1082, 0x1082, 0x7bef, 0xe71c, 0xe71c, 0xd69a, 0x52aa, 0x1082, 0x1082, 0x1082,
  0x1082, 0x1082, 0x10a2, 0x8c51, 0xe71c, 0xe71c, 0xe71c, 0x39c7, 0x1082, 0x1082, 0x1082, 0x1082, 0x18c3,
  0xb596, 0xe71c, 0xe71c, 0xe71c, 0xad55, 0x7bcf, 0x632c, 0x52aa, 0x7bcf, 0xce59, 0xe71c, 0xe71c, 0xe71c,
  0x73ae, 0x1082, 0x1082, 0x1082, 0x10a2, 0x1082, 0x1082, 0x10a2, 0x7bcf, 0xdefb, 0xe71c, 0xe71c, 0xe71c,
  0xe71c, 0xe71c, 0xe71c, 0xe71c, 0xe71c, 0xce79, 0x4a49, 0x1082, 0x1082, 0x1082, 0x1082, 0x0000, 0x1082,
  0x1082, 0x1082, 0x1082, 0x39e7, 0x9cd3, 0xc618, 0xe71c, 0xe71c, 0xe71c, 0xdefb, 0xb5b6, 0x8430, 0x2104,
  0x1082, 0x1082, 0x1082, 0x1082, 0x1082, 0x1082, 0x1082, 0x1082, 0x1082, 0x1082, 0x1082, 0x1082, 0x1082,
  0x18e3, 0x3186, 0x31a7, 0x10a2, 0x1082, 0x1082, 0x1082, 0x1082, 0x1082, 0x1082, 0x1082, 0x1082, 0x1082,
  0x1082, 0x1082, 0x1082, 0x1082, 0x1082, 0x1082, 0x1082, 0x1082, 0x1082, 0x1082, 0x1082, 0x1082, 0x1082,
  0x1082, 0x1082, 0x1082, 0x1082, 0x1082, 0x1082, 0x1082, 0x1082, 0x1082, 0x1082, 0x1082, 0x1082, 0x1082,
  0x1082, 0x1082, 0x1082, 0x1082, 0x1082, 0x1082, 0x1082, 0x1082, 0x1082, 0x1082, 0x1082, 0x1082, 0x1082,
  0x1082, 0x1082, 0x1082, 0x1082, 0x1082, 0x1082, 0x1082, 0x1082, 0x1082, 0x1082, 0x1082, 0x1082, 0x1082,
  0x1082, 0x1082, 0x1082, 0x1082, 0x1082, 0x1082, 0x1082, 0x1082, 0x1082, 0x1082, 0x1082, 0x1082, 0x1082,
  0x1082, 0x1082, 0x1082, 0x1082, 0x1082, 0x1082, 0x1082, 0x1082, 0x1082, 0x1082, 0x1082, 0x1082, 0x1082,
  0x1082, 0x1082, 0x1082, 0x1082, 0x1082, 0x1082, 0x1082, 0x1082, 0x1082, 0x1082, 0x1082, 0x1082, 0x1082,
  0x1082, 0x1082, 0x1082, 0x1082, 0x1082, 0x1082, 0x1082, 0x1082,
};


#define OUTFIT_24PX_LIGHT_300_E3E3E3_P_HEIGHT 29
#define OUTFIT_24PX_LIGHT_300_E3E3E3_P_WIDTH 13

// array size is 377
const uint16_t font_outfit24_light300_P[] = {
  0x1082, 0x1082, 0x1082, 0x1082, 0x1082, 0x1082, 0x1082, 0x1082, 0x1082, 0x1082, 0x1082, 0x1082, 0x1082,
  0x1082, 0x1082, 0x1082, 0x1082, 0x1082, 0x1082, 0x1082, 0x1082, 0x1082, 0x1082, 0x1082, 0x1082, 0x1082,
  0x1082, 0x1082, 0x1082, 0x1082, 0x1082, 0x1082, 0x1082, 0x1082, 0x1082, 0x1082, 0x1082, 0x1082, 0x1082,
  0x1082, 0x1082, 0x1082, 0x1082, 0x1082, 0x1082, 0x1082, 0x1082, 0x1082, 0x1082, 0x1082, 0x1082, 0x1082,
  0x7bcf, 0xce59, 0x8430, 0x7bcf, 0x7bcf, 0x7bcf, 0x7bcf, 0x6b4d, 0x39c7, 0x10a2, 0x1082, 0x1082, 0x1082,
  0xe71c, 0xe71c, 0xe71c, 0xe71c, 0xe71c, 0xe71c, 0xe71c, 0xe71c, 0xe71c, 0xdedb, 0x738e, 0x1082, 0x1082,
  0xe71c, 0xe71c, 0xe71c, 0xb5b6, 0xb5b6, 0xb5b6, 0xbdf7, 0xe71c, 0xe71c, 0xe71c, 0xe71c, 0x8410, 0x1082,
  0xe71c, 0xe71c, 0x7bcf, 0x1082, 0x1082, 0x1082, 0x1082, 0x18c3, 0x5aeb, 0xdefb, 0xe71c, 0xe71c, 0x4208,
  0xe71c, 0xe71c, 0x7bcf, 0x1082, 0x1082, 0x1082, 0x1082, 0x1082, 0x1082, 0x4a69, 0xe71c, 0xe71c, 0x7bcf,
  0xe71c, 0xe71c, 0x7bcf, 0x1082, 0x1082, 0x1082, 0x1082, 0x1082, 0x1082, 0x10a2, 0xd69a, 0xe71c, 0xad75,
  0xe71c, 0xe71c, 0x7bcf, 0x1082, 0x1082, 0x1082, 0x1082, 0x1082, 0x1082, 0x1082, 0xc638, 0xe71c, 0xbdf7,
  0xe71c, 0xe71c, 0x7bcf, 0x1082, 0x1082, 0x1082, 0x1082, 0x1082, 0x1082, 0x2945, 0xe71c, 0xe71c, 0x8c51,
  0xe71c, 0xe71c, 0x7bcf, 0x1082, 0x1082, 0x1082, 0x1082, 0x1082, 0x2124, 0xbdf7, 0xe71c, 0xe71c, 0x52aa,
  0xe71c, 0xe71c, 0xd6ba, 0x738e, 0x738e, 0x738e, 0x73af, 0xa514, 0xd69a, 0xe71c, 0xe71c, 0xbdd7, 0x18e3,
  0xe71c, 0xe71c, 0xe71c, 0xe71c, 0xe71c, 0xe71c, 0xe71c, 0xe71c, 0xe71c, 0xe71c, 0xb596, 0x18e3, 0x1082,
  0xe71c, 0xe71c, 0xe71c, 0xbdf7, 0xbdf7, 0xbdf7, 0xbdf7, 0xb596, 0x8410, 0x528a, 0x18c3, 0x1082, 0x1082,
  0xe71c, 0xe71c, 0x7bcf, 0x1082, 0x1082, 0x1082, 0x1082, 0x1082, 0x1082, 0x1082, 0x1082, 0x1082, 0x1082,
  0xe71c, 0xe71c, 0x7bcf, 0x1082, 0x1082, 0x1082, 0x1082, 0x1082, 0x1082, 0x1082, 0x1082, 0x1082, 0x1082,
  0xe71c, 0xe71c, 0x7bcf, 0x1082, 0x1082, 0x1082, 0x1082, 0x1082, 0x1082, 0x1082, 0x1082, 0x1082, 0x1082,
  0xe71c, 0xe71c, 0x7bcf, 0x1082, 0x1082, 0x1082, 0x1082, 0x1082, 0x1082, 0x1082, 0x1082, 0x1082, 0x1082,
  0xe71c, 0xe71c, 0x7bcf, 0x1082, 0x1082, 0x1082, 0x1082, 0x1082, 0x1082, 0x1082, 0x1082, 0x1082, 0x1082,
  0xe71c, 0xe71c, 0x7bcf, 0x1082, 0x1082, 0x1082, 0x1082, 0x1082, 0x1082, 0x1082, 0x1082, 0x1082, 0x1082,
  0xd69a, 0xe71c, 0x7bcf, 0x1082, 0x1082, 0x1082, 0x1082, 0x1082, 0x1082, 0x1082, 0x1082, 0x1082, 0x1082,
  0x1082, 0x1082, 0x1082, 0x1082, 0x1082, 0x1082, 0x1082, 0x1082, 0x1082, 0x1082, 0x1082, 0x1082, 0x1082,
  0x1082, 0x1082, 0x1082, 0x1082, 0x1082, 0x1082, 0x1082, 0x1082, 0x1082, 0x1082, 0x1082, 0x1082, 0x1082,
  0x1082, 0x1082, 0x1082, 0x1082, 0x1082, 0x1082, 0x1082, 0x1082, 0x1082, 0x1082, 0x1082, 0x1082, 0x1082,
  0x1082, 0x1082, 0x1082, 0x1082, 0x1082, 0x1082, 0x1082, 0x1082, 0x1082, 0x1082, 0x1082, 0x1082, 0x1082,
  0x1082, 0x1082, 0x1082, 0x1082, 0x1082, 0x1082, 0x1082, 0x1082, 0x1082, 0x1082, 0x1082, 0x1082, 0x1082,
  0x1082, 0x1082, 0x1082, 0x1082, 0x1082, 0x1082, 0x1082, 0x1082, 0x1082, 0x1082, 0x1082, 0x1082, 0x1082,
};


#define OUTFIT_24PX_LIGHT_300_E3E3E3_Q_HEIGHT 29
#define OUTFIT_24PX_LIGHT_300_E3E3E3_Q_WIDTH 20

// array size is 580
const uint16_t font_outfit24_light300_Q[] = {
  0x1082, 0x1082, 0x1082, 0x1082, 0x1082, 0x1082, 0x1082, 0x1082, 0x1082, 0x1082, 0x1082, 0x1082, 0x1082,
  0x1082, 0x1082, 0x1082, 0x1082, 0x1082, 0x1082, 0x1082, 0x1082, 0x1082, 0x1082, 0x1082, 0x1082, 0x1082,
  0x1082, 0x1082, 0x1082, 0x1082, 0x1082, 0x1082, 0x1082, 0x1082, 0x1082, 0x1082, 0x1082, 0x1082, 0x1082,
  0x1082, 0x1082, 0x1082, 0x1082, 0x1082, 0x1082, 0x1082, 0x1082, 0x1082, 0x1082, 0x1082, 0x1082, 0x1082,
  0x1082, 0x1082, 0x1082, 0x1082, 0x1082, 0x1082, 0x1082, 0x1082, 0x1082, 0x1082, 0x1082, 0x1082, 0x1082,
  0x1082, 0x1082, 0x1082, 0x1082, 0x1082, 0x1082, 0x1082, 0x1082, 0x1082, 0x1082, 0x1082, 0x1082, 0x1082,
  0x1082, 0x1082, 0x1082, 0x1082, 0x1082, 0x1082, 0x1082, 0x18e3, 0x4228, 0x738e, 0x9cd3, 0xad75, 0x8c51,
  0x630c, 0x31a7, 0x10a2, 0x1082, 0x1082, 0x1082, 0x1082, 0x1082, 0x1082, 0x1082, 0x1082, 0x1082, 0x1082,
  0x5aeb, 0xd6ba, 0xe71c, 0xe71c, 0xe71c, 0xe71c, 0xe71c, 0xe71c, 0xe71c, 0xb5b6, 0x3186, 0x1082, 0x1082,
  0x1082, 0x1082, 0x1082, 0x1082, 0x1082, 0x2104, 0x9cf3, 0xe71c, 0xe71c, 0xe71c, 0xdefb, 0xbdf7, 0xbdd7,
  0xdefb, 0xe71c, 0xe71c, 0xe71c, 0xdedb, 0x6b4d, 0x1082, 0x1082, 0x1082, 0x1082, 0x1082, 0x1082, 0xad55,
  0xe71c, 0xe71c, 0xdedb, 0x6b6d, 0x18e3, 0x1082, 0x1082, 0x10a2, 0x39c7, 0xad55, 0xe71c, 0xe71c, 0xe71c,
  0x5aeb, 0x1082, 0x1082, 0x1082, 0x1082, 0x630c, 0xe71c, 0xe71c, 0xdefb, 0x4228, 0x1082, 0x1082, 0x1082,
  0x1082, 0x1082, 0x1082, 0x10a2, 0x6b4d, 0xe71c, 0xe71c, 0xd69a, 0x2104, 0x1082, 0x1082, 0x2124, 0xd6ba,
  0xe71c, 0xdefb, 0x4a69, 0x1082, 0x1082, 0x1082, 0x1082, 0x1082, 0x1082, 0x1082, 0x1082, 0x1082, 0x8430,
  0xe71c, 0xe71c, 0x9cd3, 0x1082, 0x1082, 0x5aeb, 0xe71c, 0xe71c, 0x73af, 0x1082, 0x1082, 0x1082, 0x1082,
  0x1082, 0x1082, 0x1082, 0x1082, 0x1082, 0x1082, 0x18e3, 0xce59, 0xe71c, 0xdefb, 0x10a3, 0x1082, 0x8430,
  0xe71c, 0xe71c, 0x2125, 0x1082, 0x1082, 0x1082, 0x1082, 0x1082, 0x1082, 0x1082, 0x1082, 0x1082, 0x1082,
  0x1082, 0x73ae, 0xe71c, 0xe71c, 0x39c7, 0x1082, 0xad75, 0xe71c, 0xc618, 0x1082, 0x1082, 0x1082, 0x1082,
  0x1082, 0x1082, 0x1082, 0x1082, 0x1082, 0x1082, 0x1082, 0x1082, 0x528a, 0xe71c, 0xe71c, 0x630c, 0x1082,
  0xce79, 0xe71c, 0xb596, 0x1082, 0x1082, 0x1082, 0x1082, 0x1082, 0x1082, 0x1082, 0x2966, 0x18e3, 0x1082,
  0x1082, 0x1082, 0x2966, 0xe71c, 0xe71c, 0x8410, 0x1082, 0xbdf7, 0xe71c, 0xc638, 0x1082, 0x1082, 0x1082,
  0x1082, 0x1082, 0x1082, 0x4228, 0xdedb, 0xbdd7, 0x2104, 0x1082, 0x1082, 0x3186, 0xe71c, 0xe71c, 0x73ae,
  0x1082, 0x94b2, 0xe71c, 0xe71c, 0x18c3, 0x1082, 0x1082, 0x1082, 0x1082, 0x1082, 0x9492, 0xe71c, 0xe71c,
  0xbdd7, 0x2104, 0x1082, 0x528a, 0xe71c, 0xe71c, 0x4a69, 0x1082, 0x6b6d, 0xe71c, 0xe71c, 0x528a, 0x1082,
  0x1082, 0x1082, 0x1082, 0x1082, 0x18c3, 0xad75, 0xe71c, 0xe71c, 0xbdd7, 0x2104, 0x9cd3, 0xe71c, 0xe71c,
  0x2124, 0x1082, 0x4208, 0xe71c, 0xe71c, 0xc638, 0x18c3, 0x1082, 0x1082, 0x1082, 0x1082, 0x1082, 0x18c3,
  0xad75, 0xe71c, 0xe71c, 0xe71c, 0xe71c, 0xe71c, 0xce59, 0x1082, 0x1082, 0x1082, 0x9cf3, 0xe71c, 0xe71c,
  0x8410, 0x1082, 0x1082, 0x1082, 0x1082, 0x1082, 0x1082, 0x18c3, 0xad75, 0xe71c, 0xe71c, 0xe71c, 0xe71c,
  0x5acb, 0x1082, 0x1082, 0x1082, 0x2124, 0xd6ba, 0xe71c, 0xe71c, 0x9cf3, 0x2104, 0x1082, 0x1082, 0x1082,
  0x1082, 0x1082, 0x39e7, 0xe71c, 0xe71c, 0xe71c, 0xe71c, 0x2104, 0x1082, 0x1082, 0x1082, 0x1082, 0x5acb,
  0xdefb, 0xe71c, 0xe71c, 0xce79, 0x8c71, 0x632c, 0x5acb, 0x5aeb, 0x9cf3, 0xe71c, 0xe71c, 0xe71c, 0xe71c,
  0xe71c, 0xbdd7, 0x2104, 0x1082, 0x1082, 0x1082, 0x1082, 0x31a7, 0xbdf7, 0xe71c, 0xe71c, 0xe71c, 0xe71c,
  0xe71c, 0xe71c, 0xe71c, 0xe71c, 0xe71c, 0x9cf3, 0xbdd7, 0xe71c, 0xe71c, 0xbdd7, 0x2104, 0x1082, 0x1082,
  0x1082, 0x1082, 0x18c3, 0x73ae, 0xad75, 0xd6ba, 0xe71c, 0xe71c, 0xe71c, 0xce79, 0xa514, 0x528a, 0x1082,
  0x18c3, 0xad75, 0xe71c, 0xe71c, 0xad55, 0x1082, 0x1082, 0x1082, 0x1082, 0x1082, 0x1082, 0x1082, 0x10a2,
  0x3186, 0x31a6, 0x2124, 0x1082, 0x1082, 0x1082, 0x1082, 0x1082, 0x18c3, 0xad75, 0xe71c, 0x632c, 0x1082,
  0x1082, 0x1082, 0x1082, 0x1082, 0x1082, 0x1082, 0x1082, 0x1082, 0x1082, 0x1082, 0x1082, 0x1082, 0x1082,
  0x1082, 0x1082, 0x1082, 0x18c3, 0x39e8, 0x1082, 0x1082, 0x1082, 0x1082, 0x1082, 0x1082, 0x1082, 0x1082,
  0x1082, 0x1082, 0x1082, 0x1082, 0x1082, 0x1082, 0x1082, 0x1082, 0x1082, 0x1082, 0x1082, 0x1082, 0x1082,
  0x1082, 0x1082, 0x1082, 0x1082, 0x1082, 0x1082, 0x1082, 0x1082, 0x1082, 0x1082, 0x1082, 0x1082, 0x1082,
  0x1082, 0x1082, 0x1082, 0x1082, 0x1082, 0x1082, 0x1082, 0x1082, 0x1082, 0x1082, 0x1082, 0x1082, 0x1082,
  0x1082, 0x1082, 0x1082, 0x1082, 0x1082, 0x1082, 0x1082, 0x1082, 0x1082, 0x1082, 0x1082, 0x1082, 0x1082,
  0x1082, 0x1082, 0x1082, 0x1082, 0x1082, 0x1082, 0x1082, 0x1082, 0x1082, 0x1082, 0x1082, 0x1082, 0x1082,
  0x1082, 0x1082, 0x1082, 0x1082, 0x1082, 0x1082, 0x1082, 0x1082,
};


#define OUTFIT_24PX_LIGHT_300_E3E3E3_R_HEIGHT 29
#define OUTFIT_24PX_LIGHT_300_E3E3E3_R_WIDTH 14

// array size is 406
const uint16_t font_outfit24_light300_R[] = {
  0x1082, 0x1082, 0x1082, 0x1082, 0x1082, 0x1082, 0x1082, 0x1082, 0x1082, 0x1082, 0x1082, 0x1082, 0x1082,
  0x1082, 0x1082, 0x1082, 0x1082, 0x1082, 0x1082, 0x1082, 0x1082, 0x1082, 0x1082, 0x1082, 0x1082, 0x1082,
  0x1082, 0x1082, 0x1082, 0x1082, 0x1082, 0x1082, 0x1082, 0x1082, 0x1082, 0x1082, 0x1082, 0x1082, 0x1082,
  0x1082, 0x1082, 0x1082, 0x1082, 0x1082, 0x1082, 0x1082, 0x1082, 0x1082, 0x1082, 0x1082, 0x1082, 0x1082,
  0x1082, 0x1082, 0x1082, 0x1082, 0x7bcf, 0xce59, 0x8430, 0x7bcf, 0x7bcf, 0x7bcf, 0x7bcf, 0x630c, 0x31a6,
  0x10a2, 0x1082, 0x1082, 0x1082, 0x1082, 0xe71c, 0xe71c, 0xe71c, 0xe71c, 0xe71c, 0xe71c, 0xe71c, 0xe71c,
  0xe71c, 0xdedb, 0x630c, 0x1082, 0x1082, 0x1082, 0xe71c, 0xe71c, 0xe71c, 0xb5b6, 0xb5b6, 0xb5b6, 0xbdf7,
  0xdedb, 0xe71c, 0xe71c, 0xe71c, 0x738e, 0x1082, 0x1082, 0xe71c, 0xe71c, 0x7bcf, 0x1082, 0x1082, 0x1082,
  0x1082, 0x1082, 0x5acb, 0xd6ba, 0xe71c, 0xe71c, 0x2104, 0x1082, 0xe71c, 0xe71c, 0x7bcf, 0x1082, 0x1082,
  0x1082, 0x1082, 0x1082, 0x1082, 0x630c, 0xe71c, 0xe71c, 0x52aa, 0x1082, 0xe71c, 0xe71c, 0x7bcf, 0x1082,
  0x1082, 0x1082, 0x1082, 0x1082, 0x1082, 0x2104, 0xe71c, 0xe71c, 0x8430, 0x1082, 0xe71c, 0xe71c, 0x7bcf,
  0x1082, 0x1082, 0x1082, 0x1082, 0x1082, 0x1082, 0x2965, 0xe71c, 0xe71c, 0x738e, 0x1082, 0xe71c, 0xe71c,
  0x7bcf, 0x1082, 0x1082, 0x1082, 0x1082, 0x1082, 0x1082, 0x94b2, 0xe71c, 0xe71c, 0x39e7, 0x1082, 0xe71c,
  0xe71c, 0xa514, 0x39e7, 0x39e7, 0x39e7, 0x4208, 0x5aec, 0xad75, 0xe71c, 0xe71c, 0xce59, 0x10a2, 0x1082,
  0xe71c, 0xe71c, 0xe71c, 0xe71c, 0xe71c, 0xe71c, 0xe71c, 0xe71c, 0xe71c, 0xe71c, 0xc618, 0x2965, 0x1082,
  0x1082, 0xe71c, 0xe71c, 0xe71c, 0xe71c, 0xe71c, 0xe71c, 0xe71c, 0xe71c, 0xa534, 0x7bcf, 0x2104, 0x1082,
  0x1082, 0x1082, 0xe71c, 0xe71c, 0x7bcf, 0x10a2, 0x528a, 0xe71c, 0xe71c, 0xdedb, 0x39c7, 0x1082, 0x1082,
  0x1082, 0x1082, 0x1082, 0xe71c, 0xe71c, 0x7bcf, 0x1082, 0x1082, 0x73af, 0xe71c, 0xe71c, 0xce59, 0x2124,
  0x1082, 0x1082, 0x1082, 0x1082, 0xe71c, 0xe71c, 0x7bcf, 0x1082, 0x1082, 0x10a2, 0x9cf3, 0xe71c, 0xe71c,
  0xb596, 0x18c3, 0x1082, 0x1082, 0x1082, 0xe71c, 0xe71c, 0x7bcf, 0x1082, 0x1082, 0x1082, 0x18e3, 0xbdf7,
  0xe71c, 0xe71c, 0x9492, 0x1082, 0x1082, 0x1082, 0xe71c, 0xe71c, 0x7bcf, 0x1082, 0x1082, 0x1082, 0x1082,
  0x2965, 0xd69a, 0xe71c, 0xe71c, 0x6b6e, 0x1082, 0x1082, 0xe71c, 0xe71c, 0x7bcf, 0x1082, 0x1082, 0x1082,
  0x1082, 0x1082, 0x4a49, 0xe71c, 0xe71c, 0xe71c, 0x4a69, 0x1082, 0xe71c, 0xe71c, 0x7bcf, 0x1082, 0x1082,
  0x1082, 0x1082, 0x1082, 0x1082, 0x6b6d, 0xe71c, 0xe71c, 0xd6ba, 0x3186, 0xd69a, 0xe71c, 0x7bcf, 0x1082,
  0x1082, 0x1082, 0x1082, 0x1082, 0x1082, 0x1082, 0x9492, 0xe71c, 0xe71c, 0xa514, 0x1082, 0x1082, 0x1082,
  0x1082, 0x1082, 0x1082, 0x1082, 0x1082, 0x1082, 0x1082, 0x1082, 0x1082, 0x1082, 0x1082, 0x1082, 0x1082,
  0x1082, 0x1082, 0x1082, 0x1082, 0x1082, 0x1082, 0x1082, 0x1082, 0x1082, 0x1082, 0x1082, 0x1082, 0x1082,
  0x1082, 0x1082, 0x1082, 0x1082, 0x1082, 0x1082, 0x1082, 0x1082, 0x1082, 0x1082, 0x1082, 0x1082, 0x1082,
  0x1082, 0x1082, 0x1082, 0x1082, 0x1082, 0x1082, 0x1082, 0x1082, 0x1082, 0x1082, 0x1082, 0x1082, 0x1082,
  0x1082, 0x1082, 0x1082, 0x1082, 0x1082, 0x1082, 0x1082, 0x1082, 0x1082, 0x1082, 0x1082, 0x1082, 0x1082,
  0x1082, 0x1082, 0x1082, 0x1082, 0x1082, 0x1082, 0x1082, 0x1082, 0x1082, 0x1082, 0x1082, 0x1082, 0x1082,
  0x1082, 0x1082, 0x1082,
};


#define OUTFIT_24PX_LIGHT_300_E3E3E3_S_HEIGHT 29
#define OUTFIT_24PX_LIGHT_300_E3E3E3_S_WIDTH 13

// array size is 377
const uint16_t font_outfit24_light300_S[] = {
  0x1082, 0x1082, 0x1082, 0x1082, 0x1082, 0x1082, 0x1082, 0x1082, 0x1082, 0x1082, 0x1082, 0x1082, 0x1082,
  0x1082, 0x1082, 0x1082, 0x1082, 0x1082, 0x1082, 0x1082, 0x1082, 0x1082, 0x1082, 0x1082, 0x1082, 0x1082,
  0x1082, 0x1082, 0x1082, 0x1082, 0x1082, 0x1082, 0x1082, 0x1082, 0x1082, 0x1082, 0x1082, 0x1082, 0x1082,
  0x1082, 0x1082, 0x1082, 0x1082, 0x1082, 0x1082, 0x1082, 0x1082, 0x1082, 0x1082, 0x1082, 0x1082, 0x1082,
  0x1082, 0x1082, 0x1082, 0x10a3, 0x4a69, 0x7bcf, 0xa514, 0xa534, 0x7bef, 0x4a69, 0x2104, 0x1082, 0x1082,
  0x1082, 0x1082, 0x2104, 0xad75, 0xe71c, 0xe71c, 0xe71c, 0xe71c, 0xe71c, 0xe71c, 0xd6ba, 0x4a69, 0x1082,
  0x1082, 0x10a2, 0xc638, 0xe71c, 0xe71c, 0xe71c, 0xce59, 0xbdf7, 0xe71c, 0xe71c, 0xe71c, 0xe71c, 0x6b4d,
  0x1082, 0x4208, 0xe71c, 0xe71c, 0xad55, 0x31a6, 0x1082, 0x1082, 0x18c3, 0x8410, 0xe71c, 0xe71c, 0x8c51,
  0x1082, 0x7bef, 0xe71c, 0xe71c, 0x2124, 0x1082, 0x1082, 0x1082, 0x1082, 0x1082, 0x5aeb, 0x7bef, 0x10a2,
  0x1082, 0x9492, 0xe71c, 0xe71c, 0x2945, 0x1082, 0x1082, 0x1082, 0x1082, 0x1082, 0x1082, 0x1082, 0x1082,
  0x1082, 0x6b4d, 0xe71c, 0xe71c, 0x8c51, 0x10a2, 0x1082, 0x1082, 0x1082, 0x1082, 0x1082, 0x1082, 0x1082,
  0x1082, 0x39c7, 0xe71c, 0xe71c, 0xe71c, 0xa534, 0x39c7, 0x1082, 0x1082, 0x1082, 0x1082, 0x1082, 0x1082,
  0x1082, 0x1082, 0x7bcf, 0xe71c, 0xe71c, 0xe71c, 0xe71c, 0xb5b6, 0x632c, 0x18e3, 0x1082, 0x1082, 0x1082,
  0x1082, 0x1082, 0x1082, 0x6b4d, 0xd69a, 0xe71c, 0xe71c, 0xe71c, 0xe71c, 0xd69a, 0x6b6d, 0x10a2, 0x1082,
  0x1082, 0x1082, 0x1082, 0x1082, 0x18e3, 0x632c, 0xb5b6, 0xe71c, 0xe71c, 0xe71c, 0xe71c, 0x8c71, 0x1082,
  0x1082, 0x1082, 0x1082, 0x1082, 0x1082, 0x1082, 0x1082, 0x39c7, 0x9cf3, 0xe71c, 0xe71c, 0xe71c, 0x5acb,
  0x1082, 0x1082, 0x1082, 0x1082, 0x1082, 0x1082, 0x1082, 0x1082, 0x1082, 0x7bcf, 0xe71c, 0xe71c, 0x9492,
  0x1082, 0x1082, 0x1082, 0x1082, 0x1082, 0x1082, 0x1082, 0x1082, 0x1082, 0x10a2, 0xd6ba, 0xe71c, 0xbdd7,
  0x10a2, 0x8410, 0x528a, 0x1082, 0x1082, 0x1082, 0x1082, 0x1082, 0x1082, 0x1082, 0xbdf7, 0xe71c, 0xc638,
  0x9492, 0xe71c, 0xe71c, 0x632d, 0x1082, 0x1082, 0x1082, 0x1082, 0x1082, 0x4228, 0xe71c, 0xe71c, 0xa534,
  0x73ae, 0xe71c, 0xe71c, 0xe71c, 0xa534, 0x73ae, 0x4a69, 0x632c, 0xa514, 0xdedb, 0xe71c, 0xe71c, 0x630c,
  0x1082, 0x5aeb, 0xdefb, 0xe71c, 0xe71c, 0xe71c, 0xe71c, 0xe71c, 0xe71c, 0xe71c, 0xe71c, 0xa514, 0x10a2,
  0x1082, 0x1082, 0x4208, 0x94b2, 0xc618, 0xe71c, 0xe71c, 0xe71c, 0xe71c, 0xce59, 0x632c, 0x10a2, 0x1082,
  0x1082, 0x1082, 0x1082, 0x1082, 0x1082, 0x2104, 0x3186, 0x39e7, 0x2104, 0x1082, 0x1082, 0x1082, 0x1082,
  0x1082, 0x1082, 0x1082, 0x1082, 0x1082, 0x1082, 0x1082, 0x1082, 0x1082, 0x1082, 0x1082, 0x1082, 0x1082,
  0x1082, 0x1082, 0x1082, 0x1082, 0x1082, 0x1082, 0x1082, 0x1082, 0x1082, 0x1082, 0x1082, 0x1082, 0x1082,
  0x1082, 0x1082, 0x1082, 0x1082, 0x1082, 0x1082, 0x1082, 0x1082, 0x1082, 0x1082, 0x1082, 0x1082, 0x1082,
  0x1082, 0x1082, 0x1082, 0x1082, 0x1082, 0x1082, 0x1082, 0x1082, 0x1082, 0x1082, 0x1082, 0x1082, 0x1082,
  0x1082, 0x1082, 0x1082, 0x1082, 0x1082, 0x1082, 0x1082, 0x1082, 0x1082, 0x1082, 0x1082, 0x1082, 0x1082,
};


#define OUTFIT_24PX_LIGHT_300_E3E3E3_T_HEIGHT 29
#define OUTFIT_24PX_LIGHT_300_E3E3E3_T_WIDTH 15

// array size is 435
const uint16_t font_outfit24_light300_T[] = {
  0x1082, 0x1082, 0x1082, 0x1082, 0x1082, 0x1082, 0x1082, 0x1082, 0x1082, 0x1082, 0x1082, 0x1082, 0x1082,
  0x1082, 0x1082, 0x1082, 0x1082, 0x1082, 0x1082, 0x1082, 0x1082, 0x1082, 0x1082, 0x1082, 0x1082, 0x1082,
  0x1082, 0x1082, 0x1082, 0x1082, 0x1082, 0x1082, 0x1082, 0x1082, 0x1082, 0x1082, 0x1082, 0x1082, 0x1082,
  0x1082, 0x1082, 0x1082, 0x1082, 0x1082, 0x1082, 0x1082, 0x1082, 0x1082, 0x1082, 0x1082, 0x1082, 0x1082,
  0x1082, 0x1082, 0x1082, 0x1082, 0x1082, 0x1082, 0x1082, 0x1082, 0x31a6, 0x7bcf, 0x7bcf, 0x7bcf, 0x7bcf,
  0x7bcf, 0x7bcf, 0x7bcf, 0x7bcf, 0x7bcf, 0x7bcf, 0x7bcf, 0x7bcf, 0x7bcf, 0x7bcf, 0x5aeb, 0xe71c, 0xe71c,
  0xe71c, 0xe71c, 0xe71c, 0xe71c, 0xe71c, 0xe71c, 0xe71c, 0xe71c, 0xe71c, 0xe71c, 0xe71c, 0xe71c, 0x39e7,
  0xc638, 0xc638, 0xc638, 0xc638, 0xc638, 0xce79, 0xe71c, 0xe71c, 0xe71c, 0xc638, 0xc638, 0xc638, 0xc638,
  0xc638, 0x1082, 0x1082, 0x1082, 0x1082, 0x1082, 0x1082, 0x18e3, 0xe71c, 0xe71c, 0x73ae, 0x1082, 0x1082,
  0x1082, 0x1082, 0x1082, 0x1082, 0x1082, 0x1082, 0x1082, 0x1082, 0x1082, 0x18e3, 0xe71c, 0xe71c, 0x73ae,
  0x1082, 0x1082, 0x1082, 0x1082, 0x1082, 0x1082, 0x1082, 0x1082, 0x1082, 0x1082, 0x1082, 0x18e3, 0xe71c,
  0xe71c, 0x73ae, 0x1082, 0x1082, 0x1082, 0x1082, 0x1082, 0x1082, 0x1082, 0x1082, 0x1082, 0x1082, 0x1082,
  0x18e3, 0xe71c, 0xe71c, 0x73ae, 0x1082, 0x1082, 0x1082, 0x1082, 0x1082, 0x1082, 0x1082, 0x1082, 0x1082,
  0x1082, 0x1082, 0x18e3, 0xe71c, 0xe71c, 0x73ae, 0x1082, 0x1082, 0x1082, 0x1082, 0x1082, 0x1082, 0x1082,
  0x1082, 0x1082, 0x1082, 0x1082, 0x18e3, 0xe71c, 0xe71c, 0x73ae, 0x1082, 0x1082, 0x1082, 0x1082, 0x1082,
  0x1082, 0x1082, 0x1082, 0x1082, 0x1082, 0x1082, 0x18e3, 0xe71c, 0xe71c, 0x73ae, 0x1082, 0x1082, 0x1082,
  0x1082, 0x1082, 0x1082, 0x1082, 0x1082, 0x1082, 0x1082, 0x1082, 0x18e3, 0xe71c, 0xe71c, 0x73ae, 0x1082,
  0x1082, 0x1082, 0x1082, 0x1082, 0x1082, 0x1082, 0x1082, 0x1082, 0x1082, 0x1082, 0x18e3, 0xe71c, 0xe71c,
  0x73ae, 0x1082, 0x1082, 0x1082, 0x1082, 0x1082, 0x1082, 0x1082, 0x1082, 0x1082, 0x1082, 0x1082, 0x18e3,
  0xe71c, 0xe71c, 0x73ae, 0x1082, 0x1082, 0x1082, 0x1082, 0x1082, 0x1082, 0x1082, 0x1082, 0x1082, 0x1082,
  0x1082, 0x18e3, 0xe71c, 0xe71c, 0x73ae, 0x1082, 0x1082, 0x1082, 0x1082, 0x1082, 0x1082, 0x1082, 0x1082,
  0x1082, 0x1082, 0x1082, 0x18e3, 0xe71c, 0xe71c, 0x73ae, 0x1082, 0x1082, 0x1082, 0x1082, 0x1082, 0x1082,
  0x1082, 0x1082, 0x1082, 0x1082, 0x1082, 0x18e3, 0xe71c, 0xe71c, 0x73ae, 0x1082, 0x1082, 0x1082, 0x1082,
  0x1082, 0x1082, 0x1082, 0x1082, 0x1082, 0x1082, 0x1082, 0x18e3, 0xe71c, 0xe71c, 0x73ae, 0x1082, 0x1082,
  0x1082, 0x1082, 0x1082, 0x1082, 0x1082, 0x1082, 0x1082, 0x1082, 0x1082, 0x18e3, 0xe71c, 0xe71c, 0x73ae,
  0x1082, 0x1082, 0x1082, 0x1082, 0x1082, 0x1082, 0x1082, 0x1082, 0x1082, 0x1082, 0x1082, 0x10a3, 0xd6ba,
  0xe71c, 0x73ae, 0x1082, 0x1082, 0x1082, 0x1082, 0x1082, 0x1082, 0x1082, 0x1082, 0x1082, 0x1082, 0x1082,
  0x1082, 0x1082, 0x1082, 0x1082, 0x1082, 0x1082, 0x1082, 0x1082, 0x1082, 0x1082, 0x1082, 0x1082, 0x1082,
  0x1082, 0x1082, 0x1082, 0x1082, 0x1082, 0x1082, 0x1082, 0x1082, 0x1082, 0x1082, 0x1082, 0x1082, 0x1082,
  0x1082, 0x1082, 0x1082, 0x1082, 0x1082, 0x1082, 0x1082, 0x1082, 0x1082, 0x1082, 0x1082, 0x1082, 0x1082,
  0x1082, 0x1082, 0x1082, 0x1082, 0x1082, 0x1082, 0x1082, 0x1082, 0x1082, 0x1082, 0x1082, 0x1082, 0x1082,
  0x1082, 0x1082, 0x1082, 0x1082, 0x1082, 0x1082, 0x1082, 0x1082, 0x1082, 0x1082, 0x1082, 0x1082, 0x1082,
  0x1082, 0x1082, 0x1082, 0x1082, 0x1082, 0x1082, 0x1082, 0x1082, 0x1082, 0x1082, 0x1082, 0x1082, 0x1082,
  0x1082, 0x1082, 0x1082, 0x1082, 0x1082, 0x1082,
};


#define OUTFIT_24PX_LIGHT_300_E3E3E3_U_HEIGHT 29
#define OUTFIT_24PX_LIGHT_300_E3E3E3_U_WIDTH 15

// array size is 435
const uint16_t font_outfit24_light300_U[] = {
  0x1082, 0x1082, 0x1082, 0x1082, 0x1082, 0x1082, 0x1082, 0x1082, 0x1082, 0x1082, 0x1082, 0x1082, 0x1082,
  0x1082, 0x1082, 0x1082, 0x1082, 0x1082, 0x1082, 0x1082, 0x1082, 0x1082, 0x1082, 0x1082, 0x1082, 0x1082,
  0x1082, 0x1082, 0x1082, 0x1082, 0x1082, 0x1082, 0x1082, 0x1082, 0x1082, 0x1082, 0x1082, 0x1082, 0x1082,
  0x1082, 0x1082, 0x1082, 0x1082, 0x1082, 0x1082, 0x1082, 0x1082, 0x1082, 0x1082, 0x1082, 0x1082, 0x1082,
  0x1082, 0x1082, 0x1082, 0x1082, 0x1082, 0x1082, 0x1082, 0x1082, 0x2945, 0x7bcf, 0x6b6d, 0x10a2, 0x1082,
  0x1082, 0x1082, 0x1082, 0x1082, 0x1082, 0x1082, 0x1082, 0x5acb, 0x7bcf, 0x632c, 0x4228, 0xe71c, 0xe71c,
  0x4a49, 0x1082, 0x1082, 0x1082, 0x1082, 0x1082, 0x1082, 0x1082, 0x1082, 0xa514, 0xe71c, 0xbdf7, 0x4228,
  0xe71c, 0xe71c, 0x4a49, 0x1082, 0x1082, 0x1082, 0x1082, 0x1082, 0x1082, 0x1082, 0x1082, 0xa514, 0xe71c,
  0xbdf7, 0x4228, 0xe71c, 0xe71c, 0x4a49, 0x1082, 0x1082, 0x1082, 0x1082, 0x1082, 0x1082, 0x1082, 0x1082,
  0xa514, 0xe71c, 0xbdf7, 0x4228, 0xe71c, 0xe71c, 0x4a49, 0x1082, 0x1082, 0x1082, 0x1082, 0x1082, 0x1082,
  0x1082, 0x1082, 0xa514, 0xe71c, 0xbdf7, 0x4228, 0xe71c, 0xe71c, 0x4a49, 0x1082, 0x1082, 0x1082, 0x1082,
  0x1082, 0x1082, 0x1082, 0x1082, 0xa514, 0xe71c, 0xbdf7, 0x4228, 0xe71c, 0xe71c, 0x4a49, 0x1082, 0x1082,
  0x1082, 0x1082, 0x1082, 0x1082, 0x1082, 0x1082, 0xa514, 0xe71c, 0xbdf7, 0x4228, 0xe71c, 0xe71c, 0x4a49,
  0x1082, 0x1082, 0x1082, 0x1082, 0x1082, 0x1082, 0x1082, 0x1082, 0xa514, 0xe71c, 0xbdf7, 0x4228, 0xe71c,
  0xe71c, 0x4a49, 0x1082, 0x1082, 0x1082, 0x1082, 0x1082, 0x1082, 0x1082, 0x1082, 0xa514, 0xe71c, 0xbdf7,
  0x4228, 0xe71c, 0xe71c, 0x4a49, 0x1082, 0x1082, 0x1082, 0x1082, 0x1082, 0x1082, 0x1082, 0x1082, 0xa514,
  0xe71c, 0xbdf7, 0x4228, 0xe71c, 0xe71c, 0x4a49, 0x1082, 0x1082, 0x1082, 0x1082, 0x1082, 0x1082, 0x1082,
  0x1082, 0xa514, 0xe71c, 0xbdf7, 0x4228, 0xe71c, 0xe71c, 0x4a49, 0x1082, 0x1082, 0x1082, 0x1082, 0x1082,
  0x1082, 0x1082, 0x1082, 0xa514, 0xe71c, 0xbdf7, 0x4228, 0xe71c, 0xe71c, 0x6b4d, 0x1082, 0x1082, 0x1082,
  0x1082, 0x1082, 0x1082, 0x1082, 0x1082, 0xc618, 0xe71c, 0xbdf7, 0x2966, 0xe71c, 0xe71c, 0x9cf3, 0x1082,
  0x1082, 0x1082, 0x1082, 0x1082, 0x1082, 0x1082, 0x2104, 0xe71c, 0xe71c, 0xa535, 0x10a3, 0xd6ba, 0xe71c,
  0xd69a, 0x2104, 0x1082, 0x1082, 0x1082, 0x1082, 0x1082, 0x1082, 0x6b4d, 0xe71c, 0xe71c, 0x8430, 0x1082,
  0x8c51, 0xe71c, 0xe71c, 0xbdf7, 0x2124, 0x1082, 0x1082, 0x1082, 0x1082, 0x52aa, 0xe71c, 0xe71c, 0xe71c,
  0x31a6, 0x1082, 0x2104, 0xbdd7, 0xe71c, 0xe71c, 0xce59, 0x8c51, 0x5aeb, 0x6b4d, 0x9cf3, 0xe71c, 0xe71c,
  0xe71c, 0x738e, 0x1082, 0x1082, 0x1082, 0x2104, 0xbdd7, 0xe71c, 0xe71c, 0xe71c, 0xe71c, 0xe71c, 0xe71c,
  0xe71c, 0xe71c, 0x738e, 0x1082, 0x1082, 0x1082, 0x1082, 0x1082, 0x18e4, 0x8c51, 0xd6ba, 0xe71c, 0xe71c,
  0xe71c, 0xe71c, 0xbdf7, 0x5aeb, 0x1082, 0x1082, 0x1082, 0x1082, 0x1082, 0x1082, 0x1082, 0x1082, 0x10a3,
  0x3186, 0x31a6, 0x39e7, 0x2124, 0x1082, 0x1082, 0x1082, 0x1082, 0x1082, 0x1082, 0x1082, 0x1082, 0x1082,
  0x1082, 0x1082, 0x1082, 0x1082, 0x1082, 0x1082, 0x1082, 0x1082, 0x1082, 0x1082, 0x1082, 0x1082, 0x1082,
  0x1082, 0x1082, 0x1082, 0x1082, 0x1082, 0x1082, 0x1082, 0x1082, 0x1082, 0x1082, 0x1082, 0x1082, 0x1082,
  0x1082, 0x1082, 0x1082, 0x1082, 0x1082, 0x1082, 0x1082, 0x1082, 0x1082, 0x1082, 0x1082, 0x1082, 0x1082,
  0x1082, 0x1082, 0x1082, 0x1082, 0x1082, 0x1082, 0x1082, 0x1082, 0x1082, 0x1082, 0x1082, 0x1082, 0x1082,
  0x1082, 0x1082, 0x1082, 0x1082, 0x1082, 0x1082, 0x1082, 0x1082, 0x1082, 0x1082, 0x1082, 0x1082, 0x1082,
  0x1082, 0x1082, 0x1082, 0x1082, 0x1082, 0x1082,
};


#define OUTFIT_24PX_LIGHT_300_E3E3E3_UUML_HEIGHT 29
#define OUTFIT_24PX_LIGHT_300_E3E3E3_UUML_WIDTH 15

// array size is 435
const uint16_t font_outfit24_light300_Uuml[] = {
  0x1082, 0x1082, 0x1082, 0x18e3, 0xce79, 0xe71c, 0x94b2, 0x1082, 0x2104, 0xd6ba, 0xe71c, 0x8430, 0x1082,
  0x1082, 0x1082, 0x1082, 0x1082, 0x1082, 0x39e7, 0xe71c, 0xe71c, 0xce59, 0x1082, 0x4a49, 0xe71c, 0xe71c,
  0xbdf7, 0x1082, 0x1082, 0x1082, 0x1082, 0x1082, 0x1082, 0x10a2, 0xad75, 0xc638, 0x738e, 0x1082, 0x18c3,
  0xb5b6, 0xc638, 0x6b4d, 0x1082, 0x1082, 0x1082, 0x1082, 0x1082, 0x1082, 0x1082, 0x1082, 0x1082, 0x1082,
  0x1082, 0x1082, 0x1082, 0x1082, 0x1082, 0x1082, 0x1082, 0x1082, 0x2945, 0x7bcf, 0x6b6d, 0x10a2, 0x1082,
  0x1082, 0x1082, 0x1082, 0x1082, 0x1082, 0x1082, 0x1082, 0x5acb, 0x7bcf, 0x632c, 0x4228, 0xe71c, 0xe71c,
  0x4a49, 0x1082, 0x1082, 0x1082, 0x1082, 0x1082, 0x1082, 0x1082, 0x1082, 0xa514, 0xe71c, 0xbdf7, 0x4228,
  0xe71c, 0xe71c, 0x4a69, 0x1082, 0x1082, 0x1082, 0x1082, 0x1082, 0x1082, 0x1082, 0x1082, 0xa514, 0xe71c,
  0xbdf7, 0x4228, 0xe71c, 0xe71c, 0x4a69, 0x1082, 0x1082, 0x1082, 0x1082, 0x1082, 0x1082, 0x1082, 0x1082,
  0xa514, 0xe71c, 0xbdf7, 0x4228, 0xe71c, 0xe71c, 0x4a69, 0x1082, 0x1082, 0x1082, 0x1082, 0x1082, 0x1082,
  0x1082, 0x1082, 0xa514, 0xe71c, 0xbdf7, 0x4228, 0xe71c, 0xe71c, 0x4a69, 0x1082, 0x1082, 0x1082, 0x1082,
  0x1082, 0x1082, 0x1082, 0x1082, 0xa514, 0xe71c, 0xbdf7, 0x4228, 0xe71c, 0xe71c, 0x4a69, 0x1082, 0x1082,
  0x1082, 0x1082, 0x1082, 0x1082, 0x1082, 0x1082, 0xa514, 0xe71c, 0xbdf7, 0x4228, 0xe71c, 0xe71c, 0x4a69,
  0x1082, 0x1082, 0x1082, 0x1082, 0x1082, 0x1082, 0x1082, 0x1082, 0xa514, 0xe71c, 0xbdf7, 0x4228, 0xe71c,
  0xe71c, 0x4a69, 0x1082, 0x1082, 0x1082, 0x1082, 0x1082, 0x1082, 0x1082, 0x1082, 0xa514, 0xe71c, 0xbdf7,
  0x4228, 0xe71c, 0xe71c, 0x4a69, 0x1082, 0x1082, 0x1082, 0x1082, 0x1082, 0x1082, 0x1082, 0x1082, 0xa514,
  0xe71c, 0xbdf7, 0x4228, 0xe71c, 0xe71c, 0x4a69, 0x1082, 0x1082, 0x1082, 0x1082, 0x1082, 0x1082, 0x1082,
  0x1082, 0xa514, 0xe71c, 0xbdf7, 0x4228, 0xe71c, 0xe71c, 0x4a69, 0x1082, 0x1082, 0x1082, 0x1082, 0x1082,
  0x1082, 0x1082, 0x1082, 0xa514, 0xe71c, 0xbdf7, 0x4228, 0xe71c, 0xe71c, 0x6b6d, 0x1082, 0x1082, 0x1082,
  0x1082, 0x1082, 0x1082, 0x1082, 0x1082, 0xbdf7, 0xe71c, 0xbdf7, 0x2966, 0xe71c, 0xe71c, 0x9cf3, 0x1082,
  0x1082, 0x1082, 0x1082, 0x1082, 0x1082, 0x1082, 0x2104, 0xe71c, 0xe71c, 0xa535, 0x10a3, 0xd6ba, 0xe71c,
  0xd69a, 0x2104, 0x1082, 0x1082, 0x1082, 0x1082, 0x1082, 0x1082, 0x632c, 0xe71c, 0xe71c, 0x8430, 0x1082,
  0x8c51, 0xe71c, 0xe71c, 0xbdf7, 0x2124, 0x1082, 0x1082, 0x1082, 0x1082, 0x52aa, 0xe71c, 0xe71c, 0xe71c,
  0x31a6, 0x1082, 0x2104, 0xbdd7, 0xe71c, 0xe71c, 0xce59, 0x8c51, 0x5aeb, 0x6b6d, 0x9cf3, 0xe71c, 0xe71c,
  0xe71c, 0x738e, 0x1082, 0x1082, 0x1082, 0x18e4, 0xb5b6, 0xe71c, 0xe71c, 0xe71c, 0xe71c, 0xe71c, 0xe71c,
  0xe71c, 0xe71c, 0x738e, 0x1082, 0x1082, 0x1082, 0x1082, 0x1082, 0x18e4, 0x8c51, 0xd6ba, 0xe71c, 0xe71c,
  0xe71c, 0xe71c, 0xbdf7, 0x5aeb, 0x1082, 0x1082, 0x1082, 0x1082, 0x1082, 0x1082, 0x1082, 0x1082, 0x10a3,
  0x3186, 0x31a6, 0x39e7, 0x2124, 0x1082, 0x1082, 0x1082, 0x1082, 0x1082, 0x1082, 0x1082, 0x1082, 0x1082,
  0x1082, 0x1082, 0x1082, 0x1082, 0x1082, 0x1082, 0x1082, 0x1082, 0x1082, 0x1082, 0x1082, 0x1082, 0x1082,
  0x1082, 0x1082, 0x1082, 0x1082, 0x1082, 0x1082, 0x1082, 0x1082, 0x1082, 0x1082, 0x1082, 0x1082, 0x1082,
  0x1082, 0x1082, 0x1082, 0x1082, 0x1082, 0x1082, 0x1082, 0x1082, 0x1082, 0x1082, 0x1082, 0x1082, 0x1082,
  0x1082, 0x1082, 0x1082, 0x1082, 0x1082, 0x1082, 0x1082, 0x1082, 0x1082, 0x1082, 0x1082, 0x1082, 0x1082,
  0x1082, 0x1082, 0x1082, 0x1082, 0x1082, 0x1082, 0x1082, 0x1082, 0x1082, 0x1082, 0x1082, 0x1082, 0x1082,
  0x1082, 0x1082, 0x1082, 0x1082, 0x1082, 0x1082,
};


#define OUTFIT_24PX_LIGHT_300_E3E3E3_V_HEIGHT 29
#define OUTFIT_24PX_LIGHT_300_E3E3E3_V_WIDTH 17

// array size is 493
const uint16_t font_outfit24_light300_V[] = {
  0x1082, 0x1082, 0x1082, 0x1082, 0x1082, 0x1082, 0x1082, 0x1082, 0x1082, 0x1082, 0x1082, 0x1082, 0x1082,
  0x1082, 0x1082, 0x1082, 0x1082, 0x1082, 0x1082, 0x1082, 0x1082, 0x1082, 0x1082, 0x1082, 0x1082, 0x1082,
  0x1082, 0x1082, 0x1082, 0x1082, 0x1082, 0x1082, 0x1082, 0x1082, 0x1082, 0x1082, 0x1082, 0x1082, 0x1082,
  0x1082, 0x1082, 0x1082, 0x1082, 0x1082, 0x1082, 0x1082, 0x1082, 0x1082, 0x1082, 0x1082, 0x1082, 0x1082,
  0x1082, 0x1082, 0x1082, 0x1082, 0x1082, 0x1082, 0x1082, 0x1082, 0x1082, 0x1082, 0x1082, 0x1082, 0x1082,
  0x1082, 0x1082, 0x1082, 0x6b4d, 0x7bcf, 0x738e, 0x1082, 0x1082, 0x1082, 0x1082, 0x1082, 0x1082, 0x1082,
  0x1082, 0x1082, 0x1082, 0x2945, 0x7bcf, 0x73af, 0x2104, 0xa514, 0xe71c, 0xe71c, 0x4208, 0x1082, 0x1082,
  0x1082, 0x1082, 0x1082, 0x1082, 0x1082, 0x1082, 0x1082, 0x8430, 0xe71c, 0xe71c, 0x52aa, 0x4a69, 0xe71c,
  0xe71c, 0x94b2, 0x1082, 0x1082, 0x1082, 0x1082, 0x1082, 0x1082, 0x1082, 0x1082, 0x10a3, 0xd69a, 0xe71c,
  0xd69a, 0x10a3, 0x10a2, 0xce59, 0xe71c, 0xdedb, 0x18e3, 0x1082, 0x1082, 0x1082, 0x1082, 0x1082, 0x1082,
  0x1082, 0x52aa, 0xe71c, 0xe71c, 0x8410, 0x1082, 0x1082, 0x7bcf, 0xe71c, 0xe71c, 0x632c, 0x1082, 0x1082,
  0x1082, 0x1082, 0x1082, 0x1082, 0x1082, 0xad55, 0xe71c, 0xe71c, 0x3186, 0x1082, 0x1082, 0x2945, 0xe71c,
  0xe71c, 0xbdd7, 0x1082, 0x1082, 0x1082, 0x1082, 0x1082, 0x1082, 0x2965, 0xe71c, 0xe71c, 0xad75, 0x1082,
  0x1082, 0x1082, 0x1082, 0xa514, 0xe71c, 0xe71c, 0x39c7, 0x1082, 0x1082, 0x1082, 0x1082, 0x1082, 0x7bef,
  0xe71c, 0xe71c, 0x5acb, 0x1082, 0x1082, 0x1082, 0x1082, 0x528a, 0xe71c, 0xe71c, 0x8c51, 0x1082, 0x1082,
  0x1082, 0x1082, 0x10a2, 0xce79, 0xe71c, 0xd69a, 0x10a3, 0x1082, 0x1082, 0x1082, 0x1082, 0x10a2, 0xce59,
  0xe71c, 0xd6ba, 0x18c3, 0x1082, 0x1082, 0x1082, 0x528a, 0xe71c, 0xe71c, 0x8410, 0x1082, 0x1082, 0x1082,
  0x1082, 0x1082, 0x1082, 0x7bcf, 0xe71c, 0xe71c, 0x5aeb, 0x1082, 0x1082, 0x1082, 0xa514, 0xe71c, 0xe71c,
  0x2966, 0x1082, 0x1082, 0x1082, 0x1082, 0x1082, 0x1082, 0x2945, 0xe71c, 0xe71c, 0xad75, 0x1082, 0x1082,
  0x2125, 0xe71c, 0xe71c, 0xad55, 0x1082, 0x1082, 0x1082, 0x1082, 0x1082, 0x1082, 0x1082, 0x1082, 0xa534,
  0xe71c, 0xe71c, 0x3186, 0x1082, 0x73ae, 0xe71c, 0xe71c, 0x52aa, 0x1082, 0x1082, 0x1082, 0x1082, 0x1082,
  0x1082, 0x1082, 0x1082, 0x528a, 0xe71c, 0xe71c, 0x7bf0, 0x10a2, 0xc638, 0xe71c, 0xce79, 0x10a2, 0x1082,
  0x1082, 0x1082, 0x1082, 0x1082, 0x1082, 0x1082, 0x1082, 0x10a2, 0xce79, 0xe71c, 0xce79, 0x4a69, 0xe71c,
  0xe71c, 0x7bf0, 0x1082, 0x1082, 0x1082, 0x1082, 0x1082, 0x1082, 0x1082, 0x1082, 0x1082, 0x1082, 0x7bef,
  0xe71c, 0xe71c, 0xdedb, 0xe71c, 0xe71c, 0x2965, 0x1082, 0x1082, 0x1082, 0x1082, 0x1082, 0x1082, 0x1082,
  0x1082, 0x1082, 0x1082, 0x2945, 0xe71c, 0xe71c, 0xe71c, 0xe71c, 0xad55, 0x1082, 0x1082, 0x1082, 0x1082,
  0x1082, 0x1082, 0x1082, 0x1082, 0x1082, 0x1082, 0x1082, 0x1082, 0xa534, 0xe71c, 0xe71c, 0xe71c, 0x52aa,
  0x1082, 0x1082, 0x1082, 0x1082, 0x1082, 0x1082, 0x1082, 0x1082, 0x1082, 0x1082, 0x1082, 0x1082, 0x528a,
  0xe71c, 0xe71c, 0xce79, 0x10a2, 0x1082, 0x1082, 0x1082, 0x1082, 0x1082, 0x1082, 0x1082, 0x1082, 0x1082,
  0x1082, 0x1082, 0x1082, 0x10a2, 0xce79, 0xe71c, 0x7bef, 0x1082, 0x1082, 0x1082, 0x1082, 0x1082, 0x1082,
  0x1082, 0x1082, 0x1082, 0x1082, 0x1082, 0x1082, 0x1082, 0x1082, 0x1082, 0x1082, 0x1082, 0x1082, 0x1082,
  0x1082, 0x1082, 0x1082, 0x1082, 0x1082, 0x1082, 0x1082, 0x1082, 0x1082, 0x1082, 0x1082, 0x1082, 0x1082,
  0x1082, 0x1082, 0x1082, 0x1082, 0x1082, 0x1082, 0x1082, 0x1082, 0x1082, 0x1082, 0x1082, 0x1082, 0x1082,
  0x1082, 0x1082, 0x1082, 0x1082, 0x1082, 0x1082, 0x1082, 0x1082, 0x1082, 0x1082, 0x1082, 0x1082, 0x1082,
  0x1082, 0x1082, 0x1082, 0x1082, 0x1082, 0x1082, 0x1082, 0x1082, 0x1082, 0x1082, 0x1082, 0x1082, 0x1082,
  0x1082, 0x1082, 0x1082, 0x1082, 0x1082, 0x1082, 0x1082, 0x1082, 0x1082, 0x1082, 0x1082, 0x1082, 0x1082,
  0x1082, 0x1082, 0x1082, 0x1082, 0x1082, 0x1082, 0x1082, 0x1082, 0x1082, 0x1082, 0x1082, 0x1082, 0x1082,
  0x1082, 0x1082, 0x1082, 0x1082, 0x1082, 0x1082, 0x1082, 0x1082, 0x1082, 0x1082, 0x1082, 0x1082,
};


#define OUTFIT_24PX_LIGHT_300_E3E3E3_W_HEIGHT 29
#define OUTFIT_24PX_LIGHT_300_E3E3E3_W_WIDTH 24

// array size is 696
const uint16_t font_outfit24_light300_W[] = {
  0x1082, 0x1082, 0x1082, 0x1082, 0x1082, 0x1082, 0x1082, 0x1082, 0x1082, 0x1082, 0x1082, 0x1082, 0x1082,
  0x1082, 0x1082, 0x1082, 0x1082, 0x1082, 0x1082, 0x1082, 0x1082, 0x1082, 0x1082, 0x1082, 0x1082, 0x1082,
  0x1082, 0x1082, 0x1082, 0x1082, 0x1082, 0x1082, 0x1082, 0x1082, 0x1082, 0x1082, 0x1082, 0x1082, 0x1082,
  0x1082, 0x1082, 0x1082, 0x1082, 0x1082, 0x1082, 0x1082, 0x1082, 0x1082, 0x1082, 0x1082, 0x1082, 0x1082,
  0x1082, 0x1082, 0x1082, 0x1082, 0x1082, 0x1082, 0x1082, 0x1082, 0x1082, 0x1082, 0x1082, 0x1082, 0x1082,
  0x1082, 0x1082, 0x1082, 0x1082, 0x1082, 0x1082, 0x1082, 0x1082, 0x1082, 0x1082, 0x1082, 0x1082, 0x1082,
  0x1082, 0x1082, 0x1082, 0x1082, 0x1082, 0x1082, 0x1082, 0x1082, 0x1082, 0x1082, 0x1082, 0x1082, 0x1082,
  0x1082, 0x1082, 0x1082, 0x1082, 0x1082, 0x632c, 0x7bcf, 0x630c, 0x1082, 0x1082, 0x1082, 0x1082, 0x1082,
  0x1082, 0x1082, 0x1082, 0x6b6d, 0x7bcf, 0x3186, 0x1082, 0x1082, 0x1082, 0x1082, 0x1082, 0x1082, 0x1082,
  0x31a6, 0x7bcf, 0x6b6d, 0x9cf3, 0xe71c, 0xdefb, 0x18e3, 0x1082, 0x1082, 0x1082, 0x1082, 0x1082, 0x1082,
  0x2945, 0xe71c, 0xe71c, 0x8430, 0x1082, 0x1082, 0x1082, 0x1082, 0x1082, 0x1082, 0x1082, 0x8c51, 0xe71c,
  0xe71c, 0x5aeb, 0xe71c, 0xe71c, 0x5acb, 0x1082, 0x1082, 0x1082, 0x1082, 0x1082, 0x1082, 0x6b4d, 0xe71c,
  0xe71c, 0xc638, 0x1082, 0x1082, 0x1082, 0x1082, 0x1082, 0x1082, 0x1082, 0xce59, 0xe71c, 0xbdd7, 0x18e3,
  0xdefb, 0xe71c, 0x9cd3, 0x1082, 0x1082, 0x1082, 0x1082, 0x1082, 0x1082, 0xad75, 0xe71c, 0xe71c, 0xe71c,
  0x39c7, 0x1082, 0x1082, 0x1082, 0x1082, 0x1082, 0x39e7, 0xe71c, 0xe71c, 0x73ae, 0x1082, 0xa534, 0xe71c,
  0xdedb, 0x18c3, 0x1082, 0x1082, 0x1082, 0x1082, 0x2104, 0xe71c, 0xe71c, 0xe71c, 0xe71c, 0x7bcf, 0x1082,
  0x1082, 0x1082, 0x1082, 0x1082, 0x7bf0, 0xe71c, 0xe71c, 0x31a6, 0x1082, 0x630c, 0xe71c, 0xe71c, 0x4a69,
  0x1082, 0x1082, 0x1082, 0x1082, 0x5aeb, 0xe71c, 0xe71c, 0xe71c, 0xe71c, 0xbdd7, 0x1082, 0x1082, 0x1082,
  0x1082, 0x1082, 0xc618, 0xe71c, 0xc618, 0x1082, 0x1082, 0x2104, 0xe71c, 0xe71c, 0x9492, 0x1082, 0x1082,
  0x1082, 0x1082, 0x9cf3, 0xe71c, 0xce79, 0x738e, 0xe71c, 0xe71c, 0x2945, 0x1082, 0x1082, 0x1082, 0x3186,
  0xe71c, 0xe71c, 0x7bef, 0x1082, 0x1082, 0x1082, 0xad75, 0xe71c, 0xd69a, 0x10a2, 0x1082, 0x1082, 0x18c3,
  0xdedb, 0xe71c, 0x8c71, 0x3186, 0xe71c, 0xe71c, 0x6b6d, 0x1082, 0x1082, 0x1082, 0x73ae, 0xe71c, 0xe71c,
  0x39c7, 0x1082, 0x1082, 0x1082, 0x6b4d, 0xe71c, 0xe71c, 0x4208, 0x1082, 0x1082, 0x528a, 0xe71c, 0xe71c,
  0x4a69, 0x1082, 0xc618, 0xe71c, 0xad75, 0x1082, 0x1082, 0x1082, 0xb5b6, 0xe71c, 0xc638, 0x1082, 0x1082,
  0x1082, 0x1082, 0x2124, 0xe71c, 0xe71c, 0x8430, 0x1082, 0x1082, 0x9492, 0xe71c, 0xd6ba, 0x10a3, 0x1082,
  0x7bef, 0xe71c, 0xe71c, 0x2104, 0x1082, 0x2945, 0xe71c, 0xe71c, 0x8430, 0x1082, 0x1082, 0x1082, 0x1082,
  0x1082, 0xb596, 0xe71c, 0xc638, 0x1082, 0x10a2, 0xd69a, 0xe71c, 0x9cd3, 0x1082, 0x1082, 0x39e7, 0xe71c,
  0xe71c, 0x630c, 0x1082, 0x6b4d, 0xe71c, 0xe71c, 0x4208, 0x1082, 0x1082, 0x1082, 0x1082, 0x1082, 0x6b6d,
  0xe71c, 0xe71c, 0x39c7, 0x4208, 0xe71c, 0xe71c, 0x5acb, 0x1082, 0x1082, 0x10a2, 0xce59, 0xe71c, 0xa514,
  0x1082, 0xad75, 0xe71c, 0xce79, 0x10a2, 0x1082, 0x1082, 0x1082, 0x1082, 0x1082, 0x2965, 0xe71c, 0xe71c,
  0x7bcf, 0x8430, 0xe71c, 0xdefb, 0x18e3, 0x1082, 0x1082, 0x1082, 0x8c51, 0xe71c, 0xdedb, 0x2945, 0xe71c,
  0xe71c, 0x8c51, 0x1082, 0x1082, 0x1082, 0x1082, 0x1082, 0x1082, 0x1082, 0xbdd7, 0xe71c, 0xbdf7, 0xc638,
  0xe71c, 0xa535, 0x1082, 0x1082, 0x1082, 0x1082, 0x4a49, 0xe71c, 0xe71c, 0xa514, 0xe71c, 0xe71c, 0x4228,
  0x1082, 0x1082, 0x1082, 0x1082, 0x1082, 0x1082, 0x1082, 0x73ae, 0xe71c, 0xe71c, 0xe71c, 0xe71c, 0x632c,
  0x1082, 0x1082, 0x1082, 0x1082, 0x10a2, 0xd6ba, 0xe71c, 0xe71c, 0xe71c, 0xd69a, 0x10a2, 0x1082, 0x1082,
  0x1082, 0x1082, 0x1082, 0x1082, 0x1082, 0x3186, 0xe71c, 0xe71c, 0xe71c, 0xe71c, 0x2124, 0x1082, 0x1082,
  0x1082, 0x1082, 0x1082, 0x94b3, 0xe71c, 0xe71c, 0xe71c, 0x9492, 0x1082, 0x1082, 0x1082, 0x1082, 0x1082,
  0x1082, 0x1082, 0x1082, 0x1082, 0xbdf7, 0xe71c, 0xe71c, 0xb5b6, 0x1082, 0x1082, 0x1082, 0x1082, 0x1082,
  0x1082, 0x52aa, 0xe71c, 0xe71c, 0xe71c, 0x4a69, 0x1082, 0x1082, 0x1082, 0x1082, 0x1082, 0x1082, 0x1082,
  0x1082, 0x1082, 0x7bcf, 0xe71c, 0xe71c, 0x738e, 0x1082, 0x1082, 0x1082, 0x1082, 0x1082, 0x1082, 0x18e3,
  0xdefb, 0xe71c, 0xd6ba, 0x10a3, 0x1082, 0x1082, 0x1082, 0x1082, 0x1082, 0x1082, 0x1082, 0x1082, 0x1082,
  0x39c7, 0xe71c, 0xe71c, 0x3186, 0x1082, 0x1082, 0x1082, 0x1082, 0x1082, 0x1082, 0x1082, 0xa514, 0xe71c,
  0x94b2, 0x1082, 0x1082, 0x1082, 0x1082, 0x1082, 0x1082, 0x1082, 0x1082, 0x1082, 0x1082, 0x1082, 0x1082,
  0x1082, 0x1082, 0x1082, 0x1082, 0x1082, 0x1082, 0x1082, 0x1082, 0x1082, 0x1082, 0x1082, 0x1082, 0x1082,
  0x1082, 0x1082, 0x1082, 0x1082, 0x1082, 0x1082, 0x1082, 0x1082, 0x1082, 0x1082, 0x1082, 0x1082, 0x1082,
  0x1082, 0x1082, 0x1082, 0x1082, 0x1082, 0x1082, 0x1082, 0x1082, 0x1082, 0x1082, 0x1082, 0x1082, 0x1082,
  0x1082, 0x1082, 0x1082, 0x1082, 0x1082, 0x1082, 0x1082, 0x1082, 0x1082, 0x1082, 0x1082, 0x1082, 0x1082,
  0x1082, 0x1082, 0x1082, 0x1082, 0x1082, 0x1082, 0x1082, 0x1082, 0x1082, 0x1082, 0x1082, 0x1082, 0x1082,
  0x1082, 0x1082, 0x1082, 0x1082, 0x1082, 0x1082, 0x1082, 0x1082, 0x1082, 0x1082, 0x1082, 0x1082, 0x1082,
  0x1082, 0x1082, 0x1082, 0x1082, 0x1082, 0x1082, 0x1082, 0x1082, 0x1082, 0x1082, 0x1082, 0x1082, 0x1082,
  0x1082, 0x1082, 0x1082, 0x1082, 0x1082, 0x1082, 0x1082, 0x1082, 0x1082, 0x1082, 0x1082, 0x1082, 0x1082,
  0x1082, 0x1082, 0x1082, 0x1082, 0x1082, 0x1082, 0x1082, 0x1082, 0x1082, 0x1082, 0x1082, 0x1082, 0x1082,
  0x1082, 0x1082, 0x1082, 0x1082, 0x1082, 0x1082, 0x1082, 0x1082, 0x1082, 0x1082, 0x1082, 0x1082, 0x1082,
  0x1082, 0x1082, 0x1082, 0x1082, 0x1082, 0x1082, 0x1082,
};


#define OUTFIT_24PX_LIGHT_300_E3E3E3_X_HEIGHT 29
#define OUTFIT_24PX_LIGHT_300_E3E3E3_X_WIDTH 17

// array size is 493
const uint16_t font_outfit24_light300_X[] = {
  0x1082, 0x1082, 0x1082, 0x1082, 0x1082, 0x1082, 0x1082, 0x1082, 0x1082, 0x1082, 0x1082, 0x1082, 0x1082,
  0x1082, 0x1082, 0x1082, 0x1082, 0x1082, 0x1082, 0x1082, 0x1082, 0x1082, 0x1082, 0x1082, 0x1082, 0x1082,
  0x1082, 0x1082, 0x1082, 0x1082, 0x1082, 0x1082, 0x1082, 0x1082, 0x1082, 0x1082, 0x1082, 0x1082, 0x1082,
  0x1082, 0x1082, 0x1082, 0x1082, 0x1082, 0x1082, 0x1082, 0x1082, 0x1082, 0x1082, 0x1082, 0x1082, 0x1082,
  0x1082, 0x1082, 0x1082, 0x1082, 0x1082, 0x1082, 0x1082, 0x1082, 0x1082, 0x1082, 0x1082, 0x1082, 0x1082,
  0x1082, 0x1082, 0x1082, 0x4a49, 0x7bcf, 0x7bcf, 0x4228, 0x1082, 0x1082, 0x1082, 0x1082, 0x1082, 0x1082,
  0x1082, 0x1082, 0x1082, 0x4a69, 0x7bcf, 0x738e, 0x4208, 0x4a49, 0xe71c, 0xe71c, 0xd6ba, 0x2965, 0x1082,
  0x1082, 0x1082, 0x1082, 0x1082, 0x1082, 0x1082, 0x3186, 0xdedb, 0xe71c, 0xdedb, 0x4a49, 0x1082, 0x7bef,
  0xe71c, 0xe71c, 0xb5b6, 0x10a2, 0x1082, 0x1082, 0x1082, 0x1082, 0x1082, 0x18c3, 0xbdd7, 0xe71c, 0xe71c,
  0x5acb, 0x1082, 0x1082, 0x10a2, 0xb596, 0xe71c, 0xe71c, 0x8410, 0x1082, 0x1082, 0x1082, 0x1082, 0x1082,
  0x8430, 0xe71c, 0xe71c, 0x9492, 0x1082, 0x1082, 0x1082, 0x1082, 0x2945, 0xd69a, 0xe71c, 0xe71c, 0x4a69,
  0x1082, 0x1082, 0x1082, 0x4a69, 0xe71c, 0xe71c, 0xc618, 0x18c3, 0x1082, 0x1082, 0x1082, 0x1082, 0x1082,
  0x4a6a, 0xe71c, 0xe71c, 0xd69a, 0x2125, 0x1082, 0x2124, 0xd69a, 0xe71c, 0xdefb, 0x39c7, 0x1082, 0x1082,
  0x1082, 0x1082, 0x1082, 0x1082, 0x1082, 0x8430, 0xe71c, 0xe71c, 0xad75, 0x10a2, 0xad55, 0xe71c, 0xe71c,
  0x6b4d, 0x1082, 0x1082, 0x1082, 0x1082, 0x1082, 0x1082, 0x1082, 0x1082, 0x10a2, 0xb5b6, 0xe71c, 0xe71c,
  0xd6ba, 0xe71c, 0xe71c, 0xa514, 0x1082, 0x1082, 0x1082, 0x1082, 0x1082, 0x1082, 0x1082, 0x1082, 0x1082,
  0x1082, 0x2945, 0xd6ba, 0xe71c, 0xe71c, 0xe71c, 0xce79, 0x2104, 0x1082, 0x1082, 0x1082, 0x1082, 0x1082,
  0x1082, 0x1082, 0x1082, 0x1082, 0x1082, 0x1082, 0x8410, 0xe71c, 0xe71c, 0xe71c, 0x8410, 0x1082, 0x1082,
  0x1082, 0x1082, 0x1082, 0x1082, 0x1082, 0x1082, 0x1082, 0x1082, 0x1082, 0x2104, 0xce59, 0xe71c, 0xe71c,
  0xe71c, 0xd69a, 0x2124, 0x1082, 0x1082, 0x1082, 0x1082, 0x1082, 0x1082, 0x1082, 0x1082, 0x1082, 0x10a2,
  0xa534, 0xe71c, 0xe71c, 0xdefb, 0xe71c, 0xe71c, 0xa534, 0x1082, 0x1082, 0x1082, 0x1082, 0x1082, 0x1082,
  0x1082, 0x1082, 0x1082, 0x738e, 0xe71c, 0xe71c, 0xad55, 0x18c3, 0xb5b6, 0xe71c, 0xe71c, 0x6b6d, 0x1082,
  0x1082, 0x1082, 0x1082, 0x1082, 0x1082, 0x1082, 0x4208, 0xdefb, 0xe71c, 0xce79, 0x2124, 0x1082, 0x3186,
  0xdedb, 0xe71c, 0xdefb, 0x31a7, 0x1082, 0x1082, 0x1082, 0x1082, 0x1082, 0x2104, 0xce59, 0xe71c, 0xe71c,
  0x4a49, 0x1082, 0x1082, 0x1082, 0x632c, 0xe71c, 0xe71c, 0xbdf7, 0x18c3, 0x1082, 0x1082, 0x1082, 0x1082,
  0xa514, 0xe71c, 0xe71c, 0x7bcf, 0x1082, 0x1082, 0x1082, 0x1082, 0x1082, 0xa514, 0xe71c, 0xe71c, 0x8c51,
  0x1082, 0x1082, 0x1082, 0x6b6d, 0xe71c, 0xe71c, 0xad75, 0x10a2, 0x1082, 0x1082, 0x1082, 0x1082, 0x1082,
  0x2104, 0xce79, 0xe71c, 0xe71c, 0x4a6a, 0x1082, 0x39e7, 0xdefb, 0xe71c, 0xd69a, 0x2945, 0x1082, 0x1082,
  0x1082, 0x1082, 0x1082, 0x1082, 0x1082, 0x4a69, 0xe71c, 0xe71c, 0xd69a, 0x2124, 0xa534, 0xe71c, 0xe71c,
  0x4a69, 0x1082, 0x1082, 0x1082, 0x1082, 0x1082, 0x1082, 0x1082, 0x1082, 0x1082, 0x8c51, 0xe71c, 0xe71c,
  0x7bcf, 0x1082, 0x1082, 0x1082, 0x1082, 0x1082, 0x1082, 0x1082, 0x1082, 0x1082, 0x1082, 0x1082, 0x1082,
  0x1082, 0x1082, 0x1082, 0x1082, 0x1082, 0x1082, 0x1082, 0x1082, 0x1082, 0x1082, 0x1082, 0x1082, 0x1082,
  0x1082, 0x1082, 0x1082, 0x1082, 0x1082, 0x1082, 0x1082, 0x1082, 0x1082, 0x1082, 0x1082, 0x1082, 0x1082,
  0x1082, 0x1082, 0x1082, 0x1082, 0x1082, 0x1082, 0x1082, 0x1082, 0x1082, 0x1082, 0x1082, 0x1082, 0x1082,
  0x1082, 0x1082, 0x1082, 0x1082, 0x1082, 0x1082, 0x1082, 0x1082, 0x1082, 0x1082, 0x1082, 0x1082, 0x1082,
  0x1082, 0x1082, 0x1082, 0x1082, 0x1082, 0x1082, 0x1082, 0x1082, 0x1082, 0x1082, 0x1082, 0x1082, 0x1082,
  0x1082, 0x1082, 0x1082, 0x1082, 0x1082, 0x1082, 0x1082, 0x1082, 0x1082, 0x1082, 0x1082, 0x1082, 0x1082,
  0x1082, 0x1082, 0x1082, 0x1082, 0x1082, 0x1082, 0x1082, 0x1082, 0x1082, 0x1082, 0x1082, 0x1082,
};


#define OUTFIT_24PX_LIGHT_300_E3E3E3_Y_HEIGHT 29
#define OUTFIT_24PX_LIGHT_300_E3E3E3_Y_WIDTH 15

// array size is 435
const uint16_t font_outfit24_light300_Y[] = {
  0x1082, 0x1082, 0x1082, 0x1082, 0x1082, 0x1082, 0x1082, 0x1082, 0x1082, 0x1082, 0x1082, 0x1082, 0x1082,
  0x1082, 0x1082, 0x1082, 0x1082, 0x1082, 0x1082, 0x1082, 0x1082, 0x1082, 0x1082, 0x1082, 0x1082, 0x1082,
  0x1082, 0x1082, 0x1082, 0x1082, 0x1082, 0x1082, 0x1082, 0x1082, 0x1082, 0x1082, 0x1082, 0x1082, 0x1082,
  0x1082, 0x1082, 0x1082, 0x1082, 0x1082, 0x1082, 0x1082, 0x1082, 0x1082, 0x1082, 0x1082, 0x1082, 0x1082,
  0x1082, 0x1082, 0x1082, 0x1082, 0x1082, 0x1082, 0x1082, 0x1082, 0x7bcf, 0x7bcf, 0x528a, 0x1082, 0x1082,
  0x1082, 0x1082, 0x1082, 0x1082, 0x1082, 0x1082, 0x1082, 0x39e7, 0x7bcf, 0x7bcf, 0xdefb, 0xe71c, 0xdefb,
  0x3186, 0x1082, 0x1082, 0x1082, 0x1082, 0x1082, 0x1082, 0x1082, 0x18e3, 0xc638, 0xe71c, 0xe71c, 0x738e,
  0xe71c, 0xe71c, 0xb596, 0x10a2, 0x1082, 0x1082, 0x1082, 0x1082, 0x1082, 0x1082, 0x8c71, 0xe71c, 0xe71c,
  0x8c71, 0x10a2, 0xb596, 0xe71c, 0xe71c, 0x738e, 0x1082, 0x1082, 0x1082, 0x1082, 0x1082, 0x4a49, 0xe71c,
  0xe71c, 0xc638, 0x18c3, 0x1082, 0x3186, 0xdedb, 0xe71c, 0xdefb, 0x3186, 0x1082, 0x1082, 0x1082, 0x18e3,
  0xce59, 0xe71c, 0xe71c, 0x4208, 0x1082, 0x1082, 0x1082, 0x6b4d, 0xe71c, 0xe71c, 0xb5b6, 0x10a2, 0x1082,
  0x1082, 0x9492, 0xe71c, 0xe71c, 0x8410, 0x1082, 0x1082, 0x1082, 0x1082, 0x10a2, 0xad75, 0xe71c, 0xe71c,
  0x738e, 0x1082, 0x4a69, 0xe71c, 0xe71c, 0xbdf7, 0x18c3, 0x1082, 0x1082, 0x1082, 0x1082, 0x1082, 0x2965,
  0xdedb, 0xe71c, 0xdefb, 0x4208, 0xce79, 0xe71c, 0xdefb, 0x39e7, 0x1082, 0x1082, 0x1082, 0x1082, 0x1082,
  0x1082, 0x1082, 0x632c, 0xe71c, 0xe71c, 0xe71c, 0xe71c, 0xe71c, 0x7bcf, 0x1082, 0x1082, 0x1082, 0x1082,
  0x1082, 0x1082, 0x1082, 0x1082, 0x1082, 0xad55, 0xe71c, 0xe71c, 0xe71c, 0xbdd7, 0x10a2, 0x1082, 0x1082,
  0x1082, 0x1082, 0x1082, 0x1082, 0x1082, 0x1082, 0x1082, 0x2945, 0xe71c, 0xe71c, 0xe71c, 0x31a6, 0x1082,
  0x1082, 0x1082, 0x1082, 0x1082, 0x1082, 0x1082, 0x1082, 0x1082, 0x1082, 0x1082, 0xe71c, 0xe71c, 0xe71c,
  0x1082, 0x1082, 0x1082, 0x1082, 0x1082, 0x1082, 0x1082, 0x1082, 0x1082, 0x1082, 0x1082, 0x1082, 0xa514,
  0xe71c, 0xc618, 0x1082, 0x1082, 0x1082, 0x1082, 0x1082, 0x1082, 0x1082, 0x1082, 0x1082, 0x1082, 0x1082,
  0x1082, 0xa514, 0xe71c, 0xc618, 0x1082, 0x1082, 0x1082, 0x1082, 0x1082, 0x1082, 0x1082, 0x1082, 0x1082,
  0x1082, 0x1082, 0x1082, 0xa514, 0xe71c, 0xc618, 0x1082, 0x1082, 0x1082, 0x1082, 0x1082, 0x1082, 0x1082,
  0x1082, 0x1082, 0x1082, 0x1082, 0x1082, 0xa514, 0xe71c, 0xc618, 0x1082, 0x1082, 0x1082, 0x1082, 0x1082,
  0x1082, 0x1082, 0x1082, 0x1082, 0x1082, 0x1082, 0x1082, 0xa514, 0xe71c, 0xc618, 0x1082, 0x1082, 0x1082,
  0x1082, 0x1082, 0x1082, 0x1082, 0x1082, 0x1082, 0x1082, 0x1082, 0x1082, 0xa514, 0xe71c, 0xc618, 0x1082,
  0x1082, 0x1082, 0x1082, 0x1082, 0x1082, 0x1082, 0x1082, 0x1082, 0x1082, 0x1082, 0x1082, 0x8c71, 0xe71c,
  0xad75, 0x1082, 0x1082, 0x1082, 0x1082, 0x1082, 0x1082, 0x1082, 0x1082, 0x1082, 0x1082, 0x1082, 0x1082,
  0x1082, 0x1082, 0x1082, 0x1082, 0x1082, 0x1082, 0x1082, 0x1082, 0x1082, 0x1082, 0x1082, 0x1082, 0x1082,
  0x1082, 0x1082, 0x1082, 0x1082, 0x1082, 0x1082, 0x1082, 0x1082, 0x1082, 0x1082, 0x1082, 0x1082, 0x1082,
  0x1082, 0x1082, 0x1082, 0x1082, 0x1082, 0x1082, 0x1082, 0x1082, 0x1082, 0x1082, 0x1082, 0x1082, 0x1082,
  0x1082, 0x1082, 0x1082, 0x1082, 0x1082, 0x1082, 0x1082, 0x1082, 0x1082, 0x1082, 0x1082, 0x1082, 0x1082,
  0x1082, 0x1082, 0x1082, 0x1082, 0x1082, 0x1082, 0x1082, 0x1082, 0x1082, 0x1082, 0x1082, 0x1082, 0x1082,
  0x1082, 0x1082, 0x1082, 0x1082, 0x1082, 0x1082, 0x1082, 0x1082, 0x1082, 0x1082, 0x1082, 0x1082, 0x1082,
  0x1082, 0x1082, 0x1082, 0x1082, 0x1082, 0x1082,
};


#define OUTFIT_24PX_LIGHT_300_E3E3E3_Z_HEIGHT 29
#define OUTFIT_24PX_LIGHT_300_E3E3E3_Z_WIDTH 14

// array size is 406
const uint16_t font_outfit24_light300_Z[] = {
  0x1082, 0x1082, 0x1082, 0x1082, 0x1082, 0x1082, 0x1082, 0x1082, 0x1082, 0x1082, 0x1082, 0x1082, 0x1082,
  0x1082, 0x1082, 0x1082, 0x1082, 0x1082, 0x1082, 0x1082, 0x1082, 0x1082, 0x1082, 0x1082, 0x1082, 0x1082,
  0x1082, 0x1082, 0x1082, 0x1082, 0x1082, 0x1082, 0x1082, 0x1082, 0x1082, 0x1082, 0x1082, 0x1082, 0x1082,
  0x1082, 0x1082, 0x1082, 0x1082, 0x1082, 0x1082, 0x1082, 0x1082, 0x1082, 0x1082, 0x1082, 0x1082, 0x1082,
  0x1082, 0x1082, 0x1082, 0x1082, 0x2124, 0x7bcf, 0x7bcf, 0x7bcf, 0x7bcf, 0x7bcf, 0x7bcf, 0x7bcf, 0x7bcf,
  0x7bcf, 0x7bcf, 0x7bcf, 0x7bcf, 0x528a, 0x39c7, 0xe71c, 0xe71c, 0xe71c, 0xe71c, 0xe71c, 0xe71c, 0xe71c,
  0xe71c, 0xe71c, 0xe71c, 0xe71c, 0xe71c, 0x9cd3, 0x31a6, 0xc638, 0xc638, 0xc638, 0xc638, 0xc638, 0xc638,
  0xc638, 0xc638, 0xc638, 0xe71c, 0xe71c, 0xe71c, 0xa534, 0x1082, 0x1082, 0x1082, 0x1082, 0x1082, 0x1082,
  0x1082, 0x1082, 0x1082, 0x632c, 0xe71c, 0xe71c, 0xc618, 0x18c3, 0x1082, 0x1082, 0x1082, 0x1082, 0x1082,
  0x1082, 0x1082, 0x1082, 0x2965, 0xdedb, 0xe71c, 0xdefb, 0x39e7, 0x1082, 0x1082, 0x1082, 0x1082, 0x1082,
  0x1082, 0x1082, 0x1082, 0x10a2, 0xb596, 0xe71c, 0xe71c, 0x7bcf, 0x1082, 0x1082, 0x1082, 0x1082, 0x1082,
  0x1082, 0x1082, 0x1082, 0x1082, 0x6b6e, 0xe71c, 0xe71c, 0xbdd7, 0x10a2, 0x1082, 0x1082, 0x1082, 0x1082,
  0x1082, 0x1082, 0x1082, 0x1082, 0x31a6, 0xdefb, 0xe71c, 0xdefb, 0x31a6, 0x1082, 0x1082, 0x1082, 0x1082,
  0x1082, 0x1082, 0x1082, 0x1082, 0x10a2, 0xbdd7, 0xe71c, 0xe71c, 0x738e, 0x1082, 0x1082, 0x1082, 0x1082,
  0x1082, 0x1082, 0x1082, 0x1082, 0x1082, 0x7bcf, 0xe71c, 0xe71c, 0xb596, 0x10a2, 0x1082, 0x1082, 0x1082,
  0x1082, 0x1082, 0x1082, 0x1082, 0x1082, 0x39c7, 0xdefb, 0xe71c, 0xdedb, 0x2966, 0x1082, 0x1082, 0x1082,
  0x1082, 0x1082, 0x1082, 0x1082, 0x1082, 0x18c3, 0xbdf7, 0xe71c, 0xe71c, 0x6b4d, 0x1082, 0x1082, 0x1082,
  0x1082, 0x1082, 0x1082, 0x1082, 0x1082, 0x1082, 0x8410, 0xe71c, 0xe71c, 0xad55, 0x1082, 0x1082, 0x1082,
  0x1082, 0x1082, 0x1082, 0x1082, 0x1082, 0x1082, 0x4208, 0xe71c, 0xe71c, 0xd6ba, 0x2945, 0x1082, 0x1082,
  0x1082, 0x1082, 0x1082, 0x1082, 0x1082, 0x1082, 0x18c3, 0xc638, 0xe71c, 0xe71c, 0x5aec, 0x1082, 0x1082,
  0x1082, 0x1082, 0x1082, 0x1082, 0x1082, 0x1082, 0x1082, 0x8c51, 0xe71c, 0xe71c, 0xa514, 0x1082, 0x1082,
  0x1082, 0x1082, 0x1082, 0x1082, 0x1082, 0x1082, 0x1082, 0x4a49, 0xe71c, 0xe71c, 0xe71c, 0x6b6d, 0x5acb,
  0x5acb, 0x5acb, 0x5acb, 0x5acb, 0x5acb, 0x5acb, 0x5acb, 0x3186, 0xe71c, 0xe71c, 0xe71c, 0xe71c, 0xe71c,
  0xe71c, 0xe71c, 0xe71c, 0xe71c, 0xe71c, 0xe71c, 0xe71c, 0xe71c, 0x6b4d, 0x8c71, 0xe71c, 0xe71c, 0xe71c,
  0xe71c, 0xe71c, 0xe71c, 0xe71c, 0xe71c, 0xe71c, 0xe71c, 0xe71c, 0xe71c, 0x6b4d, 0x1082, 0x1082, 0x1082,
  0x1082, 0x1082, 0x1082, 0x1082, 0x1082, 0x1082, 0x1082, 0x1082, 0x1082, 0x1082, 0x1082, 0x1082, 0x1082,
  0x1082, 0x1082, 0x1082, 0x1082, 0x1082, 0x1082, 0x1082, 0x1082, 0x1082, 0x1082, 0x1082, 0x1082, 0x1082,
  0x1082, 0x1082, 0x1082, 0x1082, 0x1082, 0x1082, 0x1082, 0x1082, 0x1082, 0x1082, 0x1082, 0x1082, 0x1082,
  0x1082, 0x1082, 0x1082, 0x1082, 0x1082, 0x1082, 0x1082, 0x1082, 0x1082, 0x1082, 0x1082, 0x1082, 0x1082,
  0x1082, 0x1082, 0x1082, 0x1082, 0x1082, 0x1082, 0x1082, 0x1082, 0x1082, 0x1082, 0x1082, 0x1082, 0x1082,
  0x1082, 0x1082, 0x1082, 0x1082, 0x1082, 0x1082, 0x1082, 0x1082, 0x1082, 0x1082, 0x1082, 0x1082, 0x1082,
  0x1082, 0x1082, 0x1082,
};


#define OUTFIT_24PX_LIGHT_300_E3E3E3_A_HEIGHT 29
#define OUTFIT_24PX_LIGHT_300_E3E3E3_A_WIDTH 14

// array size is 406
const uint16_t font_outfit24_light300_a[] = {
  0x1082, 0x1082, 0x1082, 0x1082, 0x1082, 0x1082, 0x1082, 0x1082, 0x1082, 0x1082, 0x1082, 0x1082, 0x1082,
  0x1082, 0x1082, 0x1082, 0x1082, 0x1082, 0x1082, 0x1082, 0x1082, 0x1082, 0x1082, 0x1082, 0x1082, 0x1082,
  0x1082, 0x1082, 0x1082, 0x1082, 0x1082, 0x1082, 0x1082, 0x1082, 0x1082, 0x1082, 0x1082, 0x1082, 0x1082,
  0x1082, 0x1082, 0x1082, 0x1082, 0x1082, 0x1082, 0x1082, 0x1082, 0x1082, 0x1082, 0x1082, 0x1082, 0x1082,
  0x1082, 0x1082, 0x1082, 0x1082, 0x1082, 0x1082, 0x1082, 0x1082, 0x1082, 0x1082, 0x1082, 0x1082, 0x1082,
  0x1082, 0x1082, 0x1082, 0x1082, 0x1082, 0x1082, 0x1082, 0x1082, 0x1082, 0x1082, 0x1082, 0x1082, 0x1082,
  0x1082, 0x1082, 0x1082, 0x1082, 0x1082, 0x1082, 0x1082, 0x1082, 0x1082, 0x1082, 0x1082, 0x1082, 0x1082,
  0x1082, 0x1082, 0x1082, 0x1082, 0x1082, 0x1082, 0x1082, 0x1082, 0x1082, 0x1082, 0x1082, 0x1082, 0x1082,
  0x1082, 0x1082, 0x1082, 0x1082, 0x1082, 0x1082, 0x1082, 0x1082, 0x1082, 0x1082, 0x1082, 0x1082, 0x1082,
  0x1082, 0x1082, 0x1082, 0x1082, 0x1082, 0x1082, 0x1082, 0x1082, 0x1082, 0x1082, 0x1082, 0x1082, 0x1082,
  0x1082, 0x10a2, 0x2104, 0x10a2, 0x1082, 0x1082, 0x1082, 0x1082, 0x1082, 0x1082, 0x1082, 0x1082, 0x1082,
  0x5acb, 0xb5b6, 0xdefb, 0xe71c, 0xd6ba, 0xad55, 0x632c, 0x4208, 0xbdf7, 0xbdf7, 0x2966, 0x1082, 0x1082,
  0x73ae, 0xe71c, 0xe71c, 0xe71c, 0xe71c, 0xe71c, 0xe71c, 0xe71c, 0xc638, 0xe71c, 0xe71c, 0x31a6, 0x1082,
  0x6b4d, 0xe71c, 0xe71c, 0xdefb, 0xa514, 0x738e, 0x7bcf, 0xb596, 0xe71c, 0xe71c, 0xe71c, 0xe71c, 0x31a6,
  0x2104, 0xe71c, 0xe71c, 0xdefb, 0x4a6a, 0x1082, 0x1082, 0x1082, 0x1082, 0x8c51, 0xe71c, 0xe71c, 0xe71c,
  0x31a6, 0x528a, 0xe71c, 0xe71c, 0x632c, 0x1082, 0x1082, 0x1082, 0x1082, 0x1082, 0x10a2, 0xd6ba, 0xe71c,
  0xe71c, 0x31a6, 0x8430, 0xe71c, 0xe71c, 0x2104, 0x1082, 0x1082, 0x1082, 0x1082, 0x1082, 0x1082, 0x8410,
  0xe71c, 0xe71c, 0x31a6, 0xad75, 0xe71c, 0xce79, 0x1082, 0x1082, 0x1082, 0x1082, 0x1082, 0x1082, 0x1082,
  0x4a6a, 0xe71c, 0xe71c, 0x31a6, 0x9492, 0xe71c, 0xe71c, 0x18e3, 0x1082, 0x1082, 0x1082, 0x1082, 0x1082,
  0x1082, 0x6b4d, 0xe71c, 0xe71c, 0x31a6, 0x5aeb, 0xe71c, 0xe71c, 0x528a, 0x1082, 0x1082, 0x1082, 0x1082,
  0x1082, 0x1082, 0xc618, 0xe71c, 0xe71c, 0x31a6, 0x2945, 0xe71c, 0xe71c, 0xd69a, 0x39c7, 0x1082, 0x1082,
  0x1082, 0x1082, 0x4a69, 0xe71c, 0xe71c, 0xe71c, 0x31a6, 0x1082, 0x9492, 0xe71c, 0xe71c, 0xd69a, 0x7bef,
  0x528a, 0x4229, 0x8410, 0xe71c, 0xe71c, 0xe71c, 0xe71c, 0x31a6, 0x1082, 0x10a2, 0x9cd3, 0xe71c, 0xe71c,
  0xe71c, 0xe71c, 0xe71c, 0xe71c, 0xe71c, 0xe71c, 0xe71c, 0xe71c, 0x31a6, 0x1082, 0x1082, 0x10a2, 0x7bf0,
  0xd6ba, 0xe71c, 0xe71c, 0xe71c, 0xd69a, 0x8c51, 0x39e7, 0xe71c, 0xe71c, 0x2124, 0x1082, 0x1082, 0x1082,
  0x1082, 0x18c3, 0x3186, 0x31a6, 0x2966, 0x1082, 0x1082, 0x1082, 0x1082, 0x1082, 0x1082, 0x1082, 0x1082,
  0x1082, 0x1082, 0x1082, 0x1082, 0x1082, 0x1082, 0x1082, 0x1082, 0x1082, 0x1082, 0x1082, 0x1082, 0x1082,
  0x1082, 0x1082, 0x1082, 0x1082, 0x1082, 0x1082, 0x1082, 0x1082, 0x1082, 0x1082, 0x1082, 0x1082, 0x1082,
  0x1082, 0x1082, 0x1082, 0x1082, 0x1082, 0x1082, 0x1082, 0x1082, 0x1082, 0x1082, 0x1082, 0x1082, 0x1082,
  0x1082, 0x1082, 0x1082, 0x1082, 0x1082, 0x1082, 0x1082, 0x1082, 0x1082, 0x1082, 0x1082, 0x1082, 0x1082,
  0x1082, 0x1082, 0x1082, 0x1082, 0x1082, 0x1082, 0x1082, 0x1082, 0x1082, 0x1082, 0x1082, 0x1082, 0x1082,
  0x1082, 0x1082, 0x1082,
};


#define OUTFIT_24PX_LIGHT_300_E3E3E3_AUML_HEIGHT 29
#define OUTFIT_24PX_LIGHT_300_E3E3E3_AUML_WIDTH 14

// array size is 406
const uint16_t font_outfit24_light300_auml[] = {
  0x1082, 0x1082, 0x1082, 0x1082, 0x1082, 0x1082, 0x1082, 0x1082, 0x1082, 0x1082, 0x1082, 0x1082, 0x1082,
  0x1082, 0x1082, 0x1082, 0x1082, 0x1082, 0x1082, 0x1082, 0x1082, 0x1082, 0x1082, 0x1082, 0x1082, 0x1082,
  0x1082, 0x1082, 0x1082, 0x1082, 0x1082, 0x1082, 0x1082, 0x1082, 0x1082, 0x1082, 0x1082, 0x1082, 0x1082,
  0x1082, 0x1082, 0x1082, 0x1082, 0x1082, 0x1082, 0x1082, 0x1082, 0x1082, 0x1082, 0x1082, 0x1082, 0x1082,
  0x1082, 0x1082, 0x1082, 0x1082, 0x1082, 0x1082, 0x1082, 0x1082, 0x1082, 0x1082, 0x1082, 0x1082, 0x1082,
  0x1082, 0x1082, 0x1082, 0x1082, 0x1082, 0x1082, 0x1082, 0x1082, 0x2125, 0x738e, 0x52aa, 0x1082, 0x1082,
  0x2945, 0x73ae, 0x528a, 0x1082, 0x1082, 0x1082, 0x1082, 0x1082, 0x1082, 0xa514, 0xe71c, 0xe71c, 0x39e7,
  0x1082, 0xad75, 0xe71c, 0xe71c, 0x3186, 0x1082, 0x1082, 0x1082, 0x1082, 0x1082, 0xad55, 0xe71c, 0xe71c,
  0x4228, 0x1082, 0xb5b6, 0xe71c, 0xe71c, 0x39c7, 0x1082, 0x1082, 0x1082, 0x1082, 0x1082, 0x31a7, 0x9492,
  0x738e, 0x10a2, 0x1082, 0x39e7, 0x9492, 0x6b6d, 0x1082, 0x1082, 0x1082, 0x1082, 0x1082, 0x1082, 0x1082,
  0x1082, 0x10a2, 0x2104, 0x10a2, 0x1082, 0x1082, 0x1082, 0x1082, 0x1082, 0x1082, 0x1082, 0x1082, 0x1082,
  0x5acb, 0xb5b6, 0xdefb, 0xe71c, 0xdedb, 0xad55, 0x632d, 0x39e7, 0xbdf7, 0xbdf7, 0x2966, 0x1082, 0x1082,
  0x73ae, 0xe71c, 0xe71c, 0xe71c, 0xe71c, 0xe71c, 0xe71c, 0xe71c, 0xc638, 0xe71c, 0xe71c, 0x31a6, 0x1082,
  0x6b4d, 0xe71c, 0xe71c, 0xdefb, 0xa514, 0x6b6d, 0x73ae, 0xad75, 0xe71c, 0xe71c, 0xe71c, 0xe71c, 0x31a6,
  0x18e4, 0xe71c, 0xe71c, 0xdefb, 0x4a6a, 0x1082, 0x1082, 0x1082, 0x1082, 0x8430, 0xe71c, 0xe71c, 0xe71c,
  0x31a6, 0x4a6a, 0xe71c, 0xe71c, 0x632d, 0x1082, 0x1082, 0x1082, 0x1082, 0x1082, 0x10a2, 0xd69a, 0xe71c,
  0xe71c, 0x31a6, 0x8410, 0xe71c, 0xe71c, 0x2104, 0x1082, 0x1082, 0x1082, 0x1082, 0x1082, 0x1082, 0x7bcf,
  0xe71c, 0xe71c, 0x31a6, 0xad55, 0xe71c, 0xce79, 0x1082, 0x1082, 0x1082, 0x1082, 0x1082, 0x1082, 0x1082,
  0x4a69, 0xe71c, 0xe71c, 0x31a6, 0x8c71, 0xe71c, 0xe71c, 0x18e3, 0x1082, 0x1082, 0x1082, 0x1082, 0x1082,
  0x1082, 0x632c, 0xe71c, 0xe71c, 0x31a6, 0x5acb, 0xe71c, 0xe71c, 0x52aa, 0x1082, 0x1082, 0x1082, 0x1082,
  0x1082, 0x1082, 0xbdf7, 0xe71c, 0xe71c, 0x31a6, 0x2125, 0xe71c, 0xe71c, 0xd6ba, 0x39c7, 0x1082, 0x1082,
  0x1082, 0x1082, 0x4a69, 0xe71c, 0xe71c, 0xe71c, 0x31a6, 0x1082, 0x8c71, 0xe71c, 0xe71c, 0xd69a, 0x8410,
  0x528a, 0x4a49, 0x8430, 0xe71c, 0xe71c, 0xe71c, 0xe71c, 0x31a6, 0x1082, 0x10a2, 0x94b3, 0xe71c, 0xe71c,
  0xe71c, 0xe71c, 0xe71c, 0xe71c, 0xe71c, 0xe71c, 0xe71c, 0xe71c, 0x31a6, 0x1082, 0x1082, 0x10a2, 0x7bef,
  0xd6ba, 0xe71c, 0xe71c, 0xe71c, 0xd69a, 0x8c71, 0x4a69, 0xe71c, 0xe71c, 0x2124, 0x1082, 0x1082, 0x1082,
  0x1082, 0x18c3, 0x3186, 0x31a6, 0x2966, 0x1082, 0x1082, 0x1082, 0x1082, 0x1082, 0x1082, 0x1082, 0x1082,
  0x1082, 0x1082, 0x1082, 0x1082, 0x1082, 0x1082, 0x1082, 0x1082, 0x1082, 0x1082, 0x1082, 0x1082, 0x1082,
  0x1082, 0x1082, 0x1082, 0x1082, 0x1082, 0x1082, 0x1082, 0x1082, 0x1082, 0x1082, 0x1082, 0x1082, 0x1082,
  0x1082, 0x1082, 0x1082, 0x1082, 0x1082, 0x1082, 0x1082, 0x1082, 0x1082, 0x1082, 0x1082, 0x1082, 0x1082,
  0x1082, 0x1082, 0x1082, 0x1082, 0x1082, 0x1082, 0x1082, 0x1082, 0x1082, 0x1082, 0x1082, 0x1082, 0x1082,
  0x1082, 0x1082, 0x1082, 0x1082, 0x1082, 0x1082, 0x1082, 0x1082, 0x1082, 0x1082, 0x1082, 0x1082, 0x1082,
  0x1082, 0x1082, 0x1082,
};


#define OUTFIT_24PX_LIGHT_300_E3E3E3_B_HEIGHT 29
#define OUTFIT_24PX_LIGHT_300_E3E3E3_B_WIDTH 14

// array size is 406
const uint16_t font_outfit24_light300_b[] = {
  0x1082, 0x1082, 0x1082, 0x1082, 0x1082, 0x1082, 0x1082, 0x1082, 0x1082, 0x1082, 0x1082, 0x1082, 0x1082,
  0x1082, 0x1082, 0x1082, 0x1082, 0x1082, 0x1082, 0x1082, 0x1082, 0x1082, 0x1082, 0x1082, 0x1082, 0x1082,
  0x1082, 0x1082, 0x1082, 0x1082, 0x1082, 0x1082, 0x1082, 0x1082, 0x1082, 0x1082, 0x1082, 0x1082, 0x1082,
  0x1082, 0x1082, 0x1082, 0x10a2, 0x10a2, 0x1082, 0x1082, 0x1082, 0x1082, 0x1082, 0x1082, 0x1082, 0x1082,
  0x1082, 0x1082, 0x1082, 0x1082, 0x73ae, 0xe71c, 0xbdd7, 0x1082, 0x1082, 0x1082, 0x1082, 0x1082, 0x1082,
  0x1082, 0x1082, 0x1082, 0x1082, 0x1082, 0x73ae, 0xe71c, 0xdefb, 0x1082, 0x1082, 0x1082, 0x1082, 0x1082,
  0x1082, 0x1082, 0x1082, 0x1082, 0x1082, 0x1082, 0x73ae, 0xe71c, 0xdefb, 0x1082, 0x1082, 0x1082, 0x1082,
  0x1082, 0x1082, 0x1082, 0x1082, 0x1082, 0x1082, 0x1082, 0x73ae, 0xe71c, 0xdefb, 0x1082, 0x1082, 0x1082,
  0x1082, 0x1082, 0x1082, 0x1082, 0x1082, 0x1082, 0x1082, 0x1082, 0x73ae, 0xe71c, 0xdefb, 0x1082, 0x1082,
  0x1082, 0x1082, 0x1082, 0x1082, 0x1082, 0x1082, 0x1082, 0x1082, 0x1082, 0x73ae, 0xe71c, 0xdefb, 0x1082,
  0x1082, 0x1082, 0x18c3, 0x18e4, 0x1082, 0x1082, 0x1082, 0x1082, 0x1082, 0x1082, 0x73ae, 0xe71c, 0xdefb,
  0x18c3, 0x7bef, 0xb5b6, 0xdefb, 0xe71c, 0xdedb, 0xa514, 0x39e7, 0x1082, 0x1082, 0x1082, 0x73ae, 0xe71c,
  0xe71c, 0xb5b6, 0xe71c, 0xe71c, 0xe71c, 0xe71c, 0xe71c, 0xe71c, 0xdedb, 0x4208, 0x1082, 0x1082, 0x73ae,
  0xe71c, 0xe71c, 0xe71c, 0xdefb, 0xa514, 0x738e, 0x7bcf, 0xb596, 0xe71c, 0xe71c, 0xd6ba, 0x39c7, 0x1082,
  0x73ae, 0xe71c, 0xe71c, 0xe71c, 0x5acb, 0x1082, 0x1082, 0x1082, 0x1082, 0x8430, 0xe71c, 0xe71c, 0xb596,
  0x1082, 0x73ae, 0xe71c, 0xe71c, 0x73af, 0x1082, 0x1082, 0x1082, 0x1082, 0x1082, 0x1082, 0xa514, 0xe71c,
  0xdefb, 0x18c3, 0x73ae, 0xe71c, 0xe71c, 0x39c7, 0x1082, 0x1082, 0x1082, 0x1082, 0x1082, 0x1082, 0x630c,
  0xe71c, 0xe71c, 0x4208, 0x73ae, 0xe71c, 0xe71c, 0x10a2, 0x1082, 0x1082, 0x1082, 0x1082, 0x1082, 0x1082,
  0x39e7, 0xe71c, 0xe71c, 0x6b4d, 0x73ae, 0xe71c, 0xe71c, 0x2965, 0x1082, 0x1082, 0x1082, 0x1082, 0x1082,
  0x1082, 0x5acb, 0xe71c, 0xe71c, 0x4a6a, 0x73ae, 0xe71c, 0xe71c, 0x632c, 0x1082, 0x1082, 0x1082, 0x1082,
  0x1082, 0x1082, 0x9492, 0xe71c, 0xe71c, 0x18e4, 0x73ae, 0xe71c, 0xe71c, 0xdedb, 0x39c7, 0x1082, 0x1082,
  0x1082, 0x1082, 0x630c, 0xe71c, 0xe71c, 0xbdd7, 0x1082, 0x73ae, 0xe71c, 0xe71c, 0xe71c, 0xd69a, 0x7bef,
  0x528a, 0x52aa, 0x8c71, 0xe71c, 0xe71c, 0xe71c, 0x52aa, 0x1082, 0x73ae, 0xe71c, 0xe71c, 0xce59, 0xe71c,
  0xe71c, 0xe71c, 0xe71c, 0xe71c, 0xe71c, 0xe71c, 0x630c, 0x1082, 0x1082, 0x73ae, 0xe71c, 0xdefb, 0x2124,
  0xa534, 0xdedb, 0xe71c, 0xe71c, 0xe71c, 0xc638, 0x5aeb, 0x1082, 0x1082, 0x1082, 0x1082, 0x1082, 0x1082,
  0x1082, 0x1082, 0x10a2, 0x31a6, 0x31a6, 0x2965, 0x10a2, 0x1082, 0x1082, 0x1082, 0x1082, 0x1082, 0x1082,
  0x1082, 0x1082, 0x1082, 0x1082, 0x1082, 0x1082, 0x1082, 0x1082, 0x1082, 0x1082, 0x1082, 0x1082, 0x1082,
  0x1082, 0x1082, 0x1082, 0x1082, 0x1082, 0x1082, 0x1082, 0x1082, 0x1082, 0x1082, 0x1082, 0x1082, 0x1082,
  0x1082, 0x1082, 0x1082, 0x1082, 0x1082, 0x1082, 0x1082, 0x1082, 0x1082, 0x1082, 0x1082, 0x1082, 0x1082,
  0x1082, 0x1082, 0x1082, 0x1082, 0x1082, 0x1082, 0x1082, 0x1082, 0x1082, 0x1082, 0x1082, 0x1082, 0x1082,
  0x1082, 0x1082, 0x1082, 0x1082, 0x1082, 0x1082, 0x1082, 0x1082, 0x1082, 0x1082, 0x1082, 0x1082, 0x1082,
  0x1082, 0x1082, 0x1082,
};


#define OUTFIT_24PX_LIGHT_300_E3E3E3_C_HEIGHT 29
#define OUTFIT_24PX_LIGHT_300_E3E3E3_C_WIDTH 13

// array size is 377
const uint16_t font_outfit24_light300_c[] = {
  0x1082, 0x1082, 0x1082, 0x1082, 0x1082, 0x1082, 0x1082, 0x1082, 0x1082, 0x1082, 0x1082, 0x1082, 0x1082,
  0x1082, 0x1082, 0x1082, 0x1082, 0x1082, 0x1082, 0x1082, 0x1082, 0x1082, 0x1082, 0x1082, 0x1082, 0x1082,
  0x1082, 0x1082, 0x1082, 0x1082, 0x1082, 0x1082, 0x1082, 0x1082, 0x1082, 0x1082, 0x1082, 0x1082, 0x1082,
  0x1082, 0x1082, 0x1082, 0x1082, 0x1082, 0x1082, 0x1082, 0x1082, 0x1082, 0x1082, 0x1082, 0x1082, 0x1082,
  0x1082, 0x1082, 0x1082, 0x1082, 0x1082, 0x1082, 0x1082, 0x1082, 0x1082, 0x1082, 0x1082, 0x1082, 0x1082,
  0x1082, 0x1082, 0x1082, 0x1082, 0x1082, 0x1082, 0x1082, 0x1082, 0x1082, 0x1082, 0x1082, 0x1082, 0x1082,
  0x1082, 0x1082, 0x1082, 0x1082, 0x1082, 0x1082, 0x1082, 0x1082, 0x1082, 0x1082, 0x1082, 0x1082, 0x1082,
  0x1082, 0x1082, 0x1082, 0x1082, 0x1082, 0x1082, 0x1082, 0x1082, 0x1082, 0x1082, 0x1082, 0x1082, 0x1082,
  0x1082, 0x1082, 0x1082, 0x1082, 0x1082, 0x1082, 0x1082, 0x1082, 0x1082, 0x1082, 0x1082, 0x1082, 0x1082,
  0x1082, 0x1082, 0x1082, 0x1082, 0x1082, 0x1082, 0x10a2, 0x2104, 0x1082, 0x1082, 0x1082, 0x1082, 0x1082,
  0x1082, 0x1082, 0x1082, 0x2104, 0x7bef, 0xc638, 0xe71c, 0xe71c, 0xd69a, 0xad55, 0x630c, 0x1082, 0x1082,
  0x1082, 0x1082, 0x2104, 0xbdf7, 0xe71c, 0xe71c, 0xe71c, 0xe71c, 0xe71c, 0xe71c, 0xe71c, 0x9cf4, 0x2104,
  0x1082, 0x2104, 0xbdf7, 0xe71c, 0xe71c, 0xce59, 0x8c71, 0x6b4d, 0x8430, 0xd69a, 0xe71c, 0xe71c, 0x39e7,
  0x1082, 0x9492, 0xe71c, 0xe71c, 0xad75, 0x18c3, 0x1082, 0x1082, 0x1082, 0x2124, 0x9cd3, 0x5acb, 0x1082,
  0x18c3, 0xdedb, 0xe71c, 0xc638, 0x18e3, 0x1082, 0x1082, 0x1082, 0x1082, 0x1082, 0x1082, 0x1082, 0x1082,
  0x31a6, 0xe71c, 0xe71c, 0x8430, 0x1082, 0x1082, 0x1082, 0x1082, 0x1082, 0x1082, 0x1082, 0x1082, 0x1082,
  0x4a49, 0xe71c, 0xe71c, 0x630c, 0x1082, 0x1082, 0x1082, 0x1082, 0x1082, 0x1082, 0x1082, 0x1082, 0x1082,
  0x39c7, 0xe71c, 0xe71c, 0x8410, 0x1082, 0x1082, 0x1082, 0x1082, 0x1082, 0x1082, 0x1082, 0x1082, 0x1082,
  0x18e3, 0xe71c, 0xe71c, 0xbdd7, 0x10a2, 0x1082, 0x1082, 0x1082, 0x1082, 0x1082, 0x1082, 0x1082, 0x1082,
  0x1082, 0x9cf4, 0xe71c, 0xe71c, 0x94b2, 0x10a2, 0x1082, 0x1082, 0x1082, 0x10a3, 0x738e, 0x4228, 0x1082,
  0x1082, 0x3186, 0xce79, 0xe71c, 0xe71c, 0xad55, 0x6b4d, 0x4228, 0x630c, 0xbdd7, 0xe71c, 0xdedb, 0x39c7,
  0x1082, 0x1082, 0x3186, 0xce79, 0xe71c, 0xe71c, 0xe71c, 0xe71c, 0xe71c, 0xe71c, 0xe71c, 0xc618, 0x2966,
  0x1082, 0x1082, 0x1082, 0x3186, 0xa514, 0xe71c, 0xe71c, 0xe71c, 0xe71c, 0xce79, 0x8c51, 0x18c3, 0x1082,
  0x1082, 0x1082, 0x1082, 0x1082, 0x1082, 0x18e3, 0x39c7, 0x31a6, 0x2125, 0x1082, 0x1082, 0x1082, 0x1082,
  0x1082, 0x1082, 0x1082, 0x1082, 0x1082, 0x1082, 0x1082, 0x1082, 0x1082, 0x1082, 0x1082, 0x1082, 0x1082,
  0x1082, 0x1082, 0x1082, 0x1082, 0x1082, 0x1082, 0x1082, 0x1082, 0x1082, 0x1082, 0x1082, 0x1082, 0x1082,
  0x1082, 0x1082, 0x1082, 0x1082, 0x1082, 0x1082, 0x1082, 0x1082, 0x1082, 0x1082, 0x1082, 0x1082, 0x1082,
  0x1082, 0x1082, 0x1082, 0x1082, 0x1082, 0x1082, 0x1082, 0x1082, 0x1082, 0x1082, 0x1082, 0x1082, 0x1082,
  0x1082, 0x1082, 0x1082, 0x1082, 0x1082, 0x1082, 0x1082, 0x1082, 0x1082, 0x1082, 0x1082, 0x1082, 0x1082,
};


#define OUTFIT_24PX_LIGHT_300_E3E3E3_D_HEIGHT 29
#define OUTFIT_24PX_LIGHT_300_E3E3E3_D_WIDTH 14

// array size is 406
const uint16_t font_outfit24_light300_d[] = {
  0x1082, 0x1082, 0x1082, 0x1082, 0x1082, 0x1082, 0x1082, 0x1082, 0x1082, 0x1082, 0x1082, 0x1082, 0x1082,
  0x1082, 0x1082, 0x1082, 0x1082, 0x1082, 0x1082, 0x1082, 0x1082, 0x1082, 0x1082, 0x1082, 0x1082, 0x1082,
  0x1082, 0x1082, 0x1082, 0x1082, 0x1082, 0x1082, 0x1082, 0x1082, 0x1082, 0x1082, 0x1082, 0x1082, 0x1082,
  0x1082, 0x1082, 0x1082, 0x1082, 0x1082, 0x1082, 0x1082, 0x1082, 0x1082, 0x1082, 0x1082, 0x1082, 0x1082,
  0x1082, 0x10a2, 0x10a2, 0x1082, 0x1082, 0x1082, 0x1082, 0x1082, 0x1082, 0x1082, 0x1082, 0x1082, 0x1082,
  0x1082, 0x4a49, 0xe71c, 0xdedb, 0x2965, 0x1082, 0x1082, 0x1082, 0x1082, 0x1082, 0x1082, 0x1082, 0x1082,
  0x1082, 0x1082, 0x4a49, 0xe71c, 0xe71c, 0x31a6, 0x1082, 0x1082, 0x1082, 0x1082, 0x1082, 0x1082, 0x1082,
  0x1082, 0x1082, 0x1082, 0x4a49, 0xe71c, 0xe71c, 0x31a6, 0x1082, 0x1082, 0x1082, 0x1082, 0x1082, 0x1082,
  0x1082, 0x1082, 0x1082, 0x1082, 0x4a49, 0xe71c, 0xe71c, 0x31a6, 0x1082, 0x1082, 0x1082, 0x1082, 0x1082,
  0x1082, 0x1082, 0x1082, 0x1082, 0x1082, 0x4a49, 0xe71c, 0xe71c, 0x31a6, 0x1082, 0x1082, 0x1082, 0x1082,
  0x1082, 0x10a2, 0x2104, 0x10a2, 0x1082, 0x1082, 0x4a49, 0xe71c, 0xe71c, 0x31a6, 0x1082, 0x1082, 0x1082,
  0x5aeb, 0xb5b6, 0xdefb, 0xe71c, 0xd6ba, 0xa535, 0x5aeb, 0x4a49, 0xe71c, 0xe71c, 0x31a6, 0x1082, 0x1082,
  0x7bcf, 0xe71c, 0xe71c, 0xe71c, 0xe71c, 0xe71c, 0xe71c, 0xe71c, 0xbdf7, 0xe71c, 0xe71c, 0x31a6, 0x1082,
  0x6b6d, 0xe71c, 0xe71c, 0xdefb, 0xa514, 0x6b6e, 0x7bef, 0xb5b6, 0xe71c, 0xe71c, 0xe71c, 0xe71c, 0x31a6,
  0x2104, 0xe71c, 0xe71c, 0xdefb, 0x4a49, 0x1082, 0x1082, 0x1082, 0x1082, 0x9492, 0xe71c, 0xe71c, 0xe71c,
  0x31a6, 0x528a, 0xe71c, 0xe71c, 0x632c, 0x1082, 0x1082, 0x1082, 0x1082, 0x1082, 0x10a2, 0xdedb, 0xe71c,
  0xe71c, 0x31a6, 0x8410, 0xe71c, 0xe71c, 0x2104, 0x1082, 0x1082, 0x1082, 0x1082, 0x1082, 0x1082, 0x8410,
  0xe71c, 0xe71c, 0x31a6, 0xad55, 0xe71c, 0xce79, 0x1082, 0x1082, 0x1082, 0x1082, 0x1082, 0x1082, 0x1082,
  0x52aa, 0xe71c, 0xe71c, 0x31a6, 0x8c71, 0xe71c, 0xe71c, 0x18e3, 0x1082, 0x1082, 0x1082, 0x1082, 0x1082,
  0x1082, 0x7bcf, 0xe71c, 0xe71c, 0x31a6, 0x5aeb, 0xe71c, 0xe71c, 0x528a, 0x1082, 0x1082, 0x1082, 0x1082,
  0x1082, 0x1082, 0xce59, 0xe71c, 0xe71c, 0x31a6, 0x2945, 0xe71c, 0xe71c, 0xd69a, 0x31a6, 0x1082, 0x1082,
  0x1082, 0x1082, 0x6b6d, 0xe71c, 0xe71c, 0xe71c, 0x31a6, 0x1082, 0x9492, 0xe71c, 0xe71c, 0xce79, 0x7bcf,
  0x528a, 0x5acb, 0x9492, 0xe71c, 0xe71c, 0xe71c, 0xe71c, 0x31a6, 0x1082, 0x10a2, 0x9cf3, 0xe71c, 0xe71c,
  0xe71c, 0xe71c, 0xe71c, 0xe71c, 0xe71c, 0xdefb, 0xe71c, 0xe71c, 0x31a6, 0x1082, 0x1082, 0x10a3, 0x8430,
  0xdedb, 0xe71c, 0xe71c, 0xe71c, 0xce79, 0x8410, 0x39c7, 0xe71c, 0xe71c, 0x2965, 0x1082, 0x1082, 0x1082,
  0x1082, 0x18c3, 0x31a6, 0x31a6, 0x2945, 0x1082, 0x1082, 0x1082, 0x1082, 0x1082, 0x1082, 0x1082, 0x1082,
  0x1082, 0x1082, 0x1082, 0x1082, 0x1082, 0x1082, 0x1082, 0x1082, 0x1082, 0x1082, 0x1082, 0x1082, 0x1082,
  0x1082, 0x1082, 0x1082, 0x1082, 0x1082, 0x1082, 0x1082, 0x1082, 0x1082, 0x1082, 0x1082, 0x1082, 0x1082,
  0x1082, 0x1082, 0x1082, 0x1082, 0x1082, 0x1082, 0x1082, 0x1082, 0x1082, 0x1082, 0x1082, 0x1082, 0x1082,
  0x1082, 0x1082, 0x1082, 0x1082, 0x1082, 0x1082, 0x1082, 0x1082, 0x1082, 0x1082, 0x1082, 0x1082, 0x1082,
  0x1082, 0x1082, 0x1082, 0x1082, 0x1082, 0x1082, 0x1082, 0x1082, 0x1082, 0x1082, 0x1082, 0x1082, 0x1082,
  0x1082, 0x1082, 0x1082,
};


#define OUTFIT_24PX_LIGHT_300_E3E3E3_E_HEIGHT 29
#define OUTFIT_24PX_LIGHT_300_E3E3E3_E_WIDTH 14

// array size is 406
const uint16_t font_outfit24_light300_e[] = {
  0x1082, 0x1082, 0x1082, 0x1082, 0x1082, 0x1082, 0x1082, 0x1082, 0x1082, 0x1082, 0x1082, 0x1082, 0x1082,
  0x1082, 0x1082, 0x1082, 0x1082, 0x1082, 0x1082, 0x1082, 0x1082, 0x1082, 0x1082, 0x1082, 0x1082, 0x1082,
  0x1082, 0x1082, 0x1082, 0x1082, 0x1082, 0x1082, 0x1082, 0x1082, 0x1082, 0x1082, 0x1082, 0x1082, 0x1082,
  0x1082, 0x1082, 0x1082, 0x1082, 0x1082, 0x1082, 0x1082, 0x1082, 0x1082, 0x1082, 0x1082, 0x1082, 0x1082,
  0x1082, 0x1082, 0x1082, 0x1082, 0x1082, 0x1082, 0x1082, 0x1082, 0x1082, 0x1082, 0x1082, 0x1082, 0x1082,
  0x1082, 0x1082, 0x1082, 0x1082, 0x1082, 0x1082, 0x1082, 0x1082, 0x1082, 0x1082, 0x1082, 0x1082, 0x1082,
  0x1082, 0x1082, 0x1082, 0x1082, 0x1082, 0x1082, 0x1082, 0x1082, 0x1082, 0x1082, 0x1082, 0x1082, 0x1082,
  0x1082, 0x1082, 0x1082, 0x1082, 0x1082, 0x1082, 0x1082, 0x1082, 0x1082, 0x1082, 0x1082, 0x1082, 0x1082,
  0x1082, 0x1082, 0x1082, 0x1082, 0x1082, 0x1082, 0x1082, 0x1082, 0x1082, 0x1082, 0x1082, 0x1082, 0x1082,
  0x1082, 0x1082, 0x1082, 0x1082, 0x1082, 0x1082, 0x1082, 0x1082, 0x1082, 0x1082, 0x1082, 0x1082, 0x1082,
  0x1082, 0x1082, 0x18c3, 0x18e4, 0x1082, 0x1082, 0x1082, 0x1082, 0x1082, 0x1082, 0x1082, 0x1082, 0x1082,
  0x2104, 0x8410, 0xce59, 0xe71c, 0xe71c, 0xc638, 0x9492, 0x4a69, 0x1082, 0x1082, 0x0000, 0x1082, 0x1082,
  0x2124, 0xc618, 0xe71c, 0xe71c, 0xe71c, 0xe71c, 0xe71c, 0xe71c, 0xe71c, 0x630c, 0x1082, 0x0000, 0x1082,
  0x2104, 0xbdf7, 0xe71c, 0xe71c, 0xb596, 0x73ae, 0x630c, 0x8c71, 0xd6ba, 0xe71c, 0xe71c, 0x5acb, 0x18c3,
  0x1082, 0x94b2, 0xe71c, 0xe71c, 0x8c51, 0x1082, 0x1082, 0x1082, 0x1082, 0x4208, 0xdedb, 0xe71c, 0xb5b6,
  0x1082, 0x18c3, 0xdefb, 0xe71c, 0xad75, 0x10a2, 0x1082, 0x1082, 0x1082, 0x1082, 0x1082, 0x738e, 0xe71c,
  0xdefb, 0x18c3, 0x31a6, 0xe71c, 0xe71c, 0xe71c, 0x8c71, 0x8c71, 0x8c71, 0x8c71, 0x8c71, 0x8c71, 0xbdf7,
  0xe71c, 0xe71c, 0x4229, 0x4a49, 0xe71c, 0xe71c, 0xe71c, 0xe71c, 0xe71c, 0xe71c, 0xe71c, 0xe71c, 0xe71c,
  0xe71c, 0xe71c, 0xe71c, 0x5acb, 0x39c7, 0xe71c, 0xe71c, 0xe71c, 0x8c51, 0x8c51, 0x8c51, 0x8c51, 0x8c51,
  0x8c51, 0x8c51, 0x8c51, 0x8c51, 0x3186, 0x18e3, 0xe71c, 0xe71c, 0xad55, 0x1082, 0x1082, 0x1082, 0x1082,
  0x1082, 0x1082, 0x1082, 0x1082, 0x1082, 0x1082, 0x1082, 0xa514, 0xe71c, 0xe71c, 0x8410, 0x1082, 0x1082,
  0x1082, 0x1082, 0x1082, 0x632c, 0x7bcf, 0x10a2, 0x1082, 0x1082, 0x3186, 0xce79, 0xe71c, 0xe71c, 0x9cf3,
  0x630c, 0x4208, 0x528a, 0x9cf3, 0xe71c, 0xe71c, 0x73ae, 0x1082, 0x1082, 0x1082, 0x3186, 0xce79, 0xe71c,
  0xe71c, 0xe71c, 0xe71c, 0xe71c, 0xe71c, 0xe71c, 0xce79, 0x4208, 0x1082, 0x1082, 0x1082, 0x1082, 0x3186,
  0x9cf4, 0xe71c, 0xe71c, 0xe71c, 0xe71c, 0xd69a, 0x9cd3, 0x2104, 0x1082, 0x1082, 0x1082, 0x1082, 0x1082,
  0x1082, 0x1082, 0x18e3, 0x39c7, 0x31a6, 0x2945, 0x1082, 0x1082, 0x1082, 0x1082, 0x1082, 0x1082, 0x1082,
  0x1082, 0x1082, 0x1082, 0x1082, 0x1082, 0x1082, 0x1082, 0x1082, 0x1082, 0x1082, 0x1082, 0x1082, 0x1082,
  0x1082, 0x1082, 0x1082, 0x1082, 0x1082, 0x1082, 0x1082, 0x1082, 0x1082, 0x1082, 0x1082, 0x1082, 0x1082,
  0x1082, 0x1082, 0x1082, 0x1082, 0x1082, 0x1082, 0x1082, 0x1082, 0x1082, 0x1082, 0x1082, 0x1082, 0x1082,
  0x1082, 0x1082, 0x1082, 0x1082, 0x1082, 0x1082, 0x1082, 0x1082, 0x1082, 0x1082, 0x1082, 0x1082, 0x1082,
  0x1082, 0x1082, 0x1082, 0x1082, 0x1082, 0x1082, 0x1082, 0x1082, 0x1082, 0x1082, 0x1082, 0x1082, 0x1082,
  0x1082, 0x1082, 0x1082,
};


#define OUTFIT_24PX_LIGHT_300_E3E3E3_F_HEIGHT 29
#define OUTFIT_24PX_LIGHT_300_E3E3E3_F_WIDTH 12

// array size is 348
const uint16_t font_outfit24_light300_f[] = {
  0x1082, 0x1082, 0x1082, 0x1082, 0x1082, 0x1082, 0x1082, 0x1082, 0x1082, 0x1082, 0x1082, 0x1082, 0x1082,
  0x1082, 0x1082, 0x1082, 0x1082, 0x1082, 0x1082, 0x1082, 0x1082, 0x1082, 0x1082, 0x1082, 0x1082, 0x1082,
  0x1082, 0x1082, 0x1082, 0x1082, 0x1082, 0x1082, 0x1082, 0x1082, 0x1082, 0x1082, 0x1082, 0x1082, 0x1082,
  0x1082, 0x1082, 0x1082, 0x1082, 0x2104, 0x4228, 0x2965, 0x1082, 0x1082, 0x1082, 0x1082, 0x1082, 0x1082,
  0x1082, 0x4a69, 0xc618, 0xe71c, 0xe71c, 0xe71c, 0xce59, 0x4a49, 0x1082, 0x1082, 0x1082, 0x1082, 0x4a69,
  0xdefb, 0xe71c, 0xe71c, 0xe71c, 0xe71c, 0xe71c, 0xce59, 0x1082, 0x1082, 0x1082, 0x1082, 0xb596, 0xe71c,
  0xdefb, 0x8430, 0x4228, 0x6b6d, 0xbdf7, 0x39c7, 0x1082, 0x1082, 0x1082, 0x18c3, 0xdefb, 0xe71c, 0xa534,
  0x1082, 0x1082, 0x1082, 0x1082, 0x1082, 0x1082, 0x1082, 0x1082, 0x31a6, 0xe71c, 0xe71c, 0x630c, 0x1082,
  0x1082, 0x1082, 0x1082, 0x1082, 0x1082, 0x1082, 0x1082, 0x31a6, 0xe71c, 0xe71c, 0x4a49, 0x1082, 0x1082,
  0x1082, 0x1082, 0x1082, 0x39e7, 0xbdf7, 0xbdf7, 0xdefb, 0xe71c, 0xe71c, 0xe71c, 0xbdf7, 0xbdf7, 0xbdd7,
  0x3186, 0x1082, 0x4208, 0xe71c, 0xe71c, 0xe71c, 0xe71c, 0xe71c, 0xe71c, 0xe71c, 0xe71c, 0xe71c, 0x630c,
  0x1082, 0x18c3, 0x6b6d, 0x6b6d, 0x8c71, 0xe71c, 0xe71c, 0xa534, 0x6b6d, 0x6b6d, 0x6b6d, 0x31a6, 0x0000,
  0x1082, 0x1082, 0x1082, 0x31a6, 0xe71c, 0xe71c, 0x4a49, 0x1082, 0x1082, 0x1082, 0x1082, 0x0000, 0x0000,
  0x1082, 0x1082, 0x31a6, 0xe71c, 0xe71c, 0x4a49, 0x1082, 0x1082, 0x1082, 0x1082, 0x0000, 0x0000, 0x1082,
  0x1082, 0x31a6, 0xe71c, 0xe71c, 0x4a49, 0x1082, 0x1082, 0x1082, 0x0000, 0x0000, 0x0000, 0x1082, 0x1082,
  0x31a6, 0xe71c, 0xe71c, 0x4a49, 0x1082, 0x1082, 0x0861, 0x0000, 0x0000, 0x0000, 0x1082, 0x1082, 0x31a6,
  0xe71c, 0xe71c, 0x4a49, 0x1082, 0x1082, 0x0000, 0x0000, 0x0000, 0x1082, 0x1082, 0x1082, 0x31a6, 0xe71c,
  0xe71c, 0x4a49, 0x1082, 0x1082, 0x0000, 0x0000, 0x0000, 0x1082, 0x1082, 0x1082, 0x31a6, 0xe71c, 0xe71c,
  0x4a49, 0x1082, 0x1082, 0x0000, 0x0000, 0x0000, 0x1082, 0x1082, 0x1082, 0x31a6, 0xe71c, 0xe71c, 0x4a49,
  0x1082, 0x1082, 0x0000, 0x0000, 0x0000, 0x1082, 0x1082, 0x1082, 0x31a6, 0xe71c, 0xe71c, 0x4a49, 0x1082,
  0x1082, 0x0000, 0x0000, 0x0000, 0x1082, 0x1082, 0x1082, 0x31a6, 0xe71c, 0xe71c, 0x39c7, 0x1082, 0x1082,
  0x0000, 0x0000, 0x0000, 0x1082, 0x1082, 0x1082, 0x1082, 0x1082, 0x1082, 0x1082, 0x1082, 0x1082, 0x0861,
  0x0000, 0x0000, 0x1082, 0x1082, 0x1082, 0x1082, 0x1082, 0x1082, 0x1082, 0x1082, 0x1082, 0x1082, 0x0000,
  0x0000, 0x1082, 0x1082, 0x1082, 0x1082, 0x1082, 0x1082, 0x1082, 0x1082, 0x1082, 0x1082, 0x0000, 0x0000,
  0x1082, 0x1082, 0x1082, 0x1082, 0x1082, 0x1082, 0x1082, 0x1082, 0x1082, 0x1082, 0x1082, 0x0000, 0x1082,
  0x1082, 0x1082, 0x1082, 0x1082, 0x1082, 0x1082, 0x1082, 0x1082, 0x1082, 0x1082, 0x1082, 0x1082, 0x1082,
  0x1082, 0x1082, 0x1082, 0x1082, 0x1082, 0x1082, 0x1082, 0x1082, 0x1082, 0x1082,
};


#define OUTFIT_24PX_LIGHT_300_E3E3E3_G_HEIGHT 29
#define OUTFIT_24PX_LIGHT_300_E3E3E3_G_WIDTH 14

// array size is 406
const uint16_t font_outfit24_light300_g[] = {
  0x1082, 0x1082, 0x1082, 0x1082, 0x1082, 0x1082, 0x1082, 0x1082, 0x1082, 0x1082, 0x1082, 0x1082, 0x1082,
  0x1082, 0x1082, 0x1082, 0x1082, 0x1082, 0x1082, 0x1082, 0x1082, 0x1082, 0x1082, 0x1082, 0x1082, 0x1082,
  0x1082, 0x1082, 0x1082, 0x1082, 0x1082, 0x1082, 0x1082, 0x1082, 0x1082, 0x1082, 0x1082, 0x1082, 0x1082,
  0x1082, 0x1082, 0x1082, 0x1082, 0x1082, 0x1082, 0x1082, 0x1082, 0x1082, 0x1082, 0x1082, 0x1082, 0x1082,
  0x1082, 0x1082, 0x1082, 0x1082, 0x0000, 0x0000, 0x0000, 0x1082, 0x1082, 0x1082, 0x1082, 0x1082, 0x1082,
  0x1082, 0x1082, 0x1082, 0x1082, 0x1082, 0x0000, 0x0000, 0x1082, 0x1082, 0x1082, 0x1082, 0x1082, 0x1082,
  0x1082, 0x1082, 0x1082, 0x1082, 0x1082, 0x1082, 0x0000, 0x0000, 0x0861, 0x1082, 0x1082, 0x1082, 0x1082,
  0x1082, 0x1082, 0x1082, 0x1082, 0x1082, 0x1082, 0x1082, 0x0861, 0x1082, 0x1082, 0x1082, 0x1082, 0x1082,
  0x1082, 0x1082, 0x1082, 0x1082, 0x1082, 0x1082, 0x1082, 0x1082, 0x1082, 0x1082, 0x1082, 0x1082, 0x1082,
  0x1082, 0x1082, 0x1082, 0x1082, 0x1082, 0x1082, 0x1082, 0x1082, 0x1082, 0x1082, 0x1082, 0x1082, 0x1082,
  0x1082, 0x1082, 0x18e3, 0x18c3, 0x1082, 0x1082, 0x1082, 0x1082, 0x1082, 0x1082, 0x0000, 0x1082, 0x1082,
  0x3186, 0x94b2, 0xd6ba, 0xe71c, 0xe71c, 0xbdf7, 0x8c71, 0x2124, 0x9cf4, 0xbdf7, 0x7bcf, 0x0000, 0x1082,
  0x31a6, 0xd69a, 0xe71c, 0xe71c, 0xe71c, 0xe71c, 0xe71c, 0xe71c, 0xce59, 0xe71c, 0xe71c, 0x9492, 0x0000,
  0x3186, 0xce79, 0xe71c, 0xe71c, 0xbdf7, 0x8410, 0x6b4d, 0x94b2, 0xd6ba, 0xe71c, 0xe71c, 0xe71c, 0x9492,
  0x1082, 0x9492, 0xe71c, 0xe71c, 0x9cd3, 0x10a2, 0x1082, 0x1082, 0x1082, 0x31a6, 0xd69a, 0xe71c, 0xe71c,
  0x9492, 0x1082, 0xc638, 0xe71c, 0xbdd7, 0x10a2, 0x1082, 0x1082, 0x1082, 0x1082, 0x1082, 0x4a49, 0xe71c,
  0xe71c, 0x9492, 0x2945, 0xe71c, 0xe71c, 0x8410, 0x1082, 0x1082, 0x1082, 0x1082, 0x1082, 0x1082, 0x18c3,
  0xe71c, 0xe71c, 0x9492, 0x4208, 0xe71c, 0xe71c, 0x632c, 0x1082, 0x1082, 0x1082, 0x1082, 0x1082, 0x1082,
  0x1082, 0xe71c, 0xe71c, 0x9492, 0x18e3, 0xe71c, 0xe71c, 0x8c71, 0x1082, 0x1082, 0x1082, 0x1082, 0x1082,
  0x1082, 0x18e3, 0xe71c, 0xe71c, 0x9492, 0x1082, 0xbdd7, 0xe71c, 0xce59, 0x2104, 0x1082, 0x1082, 0x1082,
  0x1082, 0x1082, 0x630c, 0xe71c, 0xe71c, 0x9492, 0x1082, 0x8430, 0xe71c, 0xe71c, 0xbdf7, 0x2104, 0x1082,
  0x1082, 0x1082, 0x4a69, 0xdefb, 0xe71c, 0xe71c, 0x9492, 0x1082, 0x18e3, 0xb5b6, 0xe71c, 0xe71c, 0xdefb,
  0xad75, 0xa535, 0xbdf7, 0xe71c, 0xe71c, 0xe71c, 0xe71c, 0x9492, 0x1082, 0x1082, 0x2104, 0xbdf7, 0xe71c,
  0xe71c, 0xe71c, 0xe71c, 0xe71c, 0xe71c, 0xad55, 0xce59, 0xe71c, 0x9492, 0x1082, 0x1082, 0x1082, 0x18e3,
  0x6b4d, 0xad55, 0xc618, 0xbdf7, 0x9492, 0x630c, 0x10a2, 0xd69a, 0xe71c, 0x9492, 0x1082, 0x1082, 0x1082,
  0x1082, 0x1082, 0x1082, 0x1082, 0x1082, 0x1082, 0x1082, 0x3186, 0xe71c, 0xe71c, 0x7bcf, 0x1082, 0x5aeb,
  0xdefb, 0x632c, 0x1082, 0x1082, 0x1082, 0x1082, 0x1082, 0x10a2, 0xad75, 0xe71c, 0xe71c, 0x4a49, 0x10a2,
  0xdefb, 0xe71c, 0xe71c, 0x9492, 0x528a, 0x2124, 0x2104, 0x4a49, 0xb5b6, 0xe71c, 0xe71c, 0xbdd7, 0x10a2,
  0x1082, 0x4228, 0xd69a, 0xe71c, 0xe71c, 0xe71c, 0xe71c, 0xe71c, 0xe71c, 0xe71c, 0xe71c, 0xb596, 0x2104,
  0x1082, 0x1082, 0x1082, 0x2966, 0xad75, 0xdedb, 0xe71c, 0xe71c, 0xe71c, 0xe71c, 0xce79, 0x9492, 0x18c3,
  0x1082, 0x1082, 0x1082, 0x1082, 0x1082, 0x1082, 0x10a2, 0x39c7, 0x528a, 0x52aa, 0x2945, 0x1082, 0x1082,
  0x1082, 0x1082, 0x1082,
};


#define OUTFIT_24PX_LIGHT_300_E3E3E3_H_HEIGHT 29
#define OUTFIT_24PX_LIGHT_300_E3E3E3_H_WIDTH 12

// array size is 348
const uint16_t font_outfit24_light300_h[] = {
  0x1082, 0x1082, 0x1082, 0x1082, 0x1082, 0x1082, 0x1082, 0x1082, 0x1082, 0x1082, 0x1082, 0x1082, 0x1082,
  0x1082, 0x1082, 0x1082, 0x1082, 0x1082, 0x1082, 0x1082, 0x1082, 0x1082, 0x1082, 0x1082, 0x1082, 0x1082,
  0x1082, 0x1082, 0x1082, 0x1082, 0x1082, 0x1082, 0x1082, 0x1082, 0x1082, 0x1082, 0x10a2, 0x10a2, 0x1082,
  0x1082, 0x1082, 0x1082, 0x1082, 0x1082, 0x1082, 0x1082, 0x1082, 0x1082, 0x73ae, 0xe71c, 0xbdd7, 0x1082,
  0x1082, 0x1082, 0x1082, 0x1082, 0x1082, 0x1082, 0x1082, 0x1082, 0x73ae, 0xe71c, 0xdefb, 0x1082, 0x1082,
  0x1082, 0x1082, 0x1082, 0x1082, 0x1082, 0x1082, 0x1082, 0x73ae, 0xe71c, 0xdefb, 0x1082, 0x1082, 0x1082,
  0x1082, 0x1082, 0x1082, 0x1082, 0x1082, 0x1082, 0x73ae, 0xe71c, 0xdefb, 0x1082, 0x1082, 0x1082, 0x1082,
  0x1082, 0x1082, 0x1082, 0x1082, 0x1082, 0x73ae, 0xe71c, 0xdefb, 0x1082, 0x1082, 0x1082, 0x1082, 0x1082,
  0x1082, 0x1082, 0x1082, 0x1082, 0x73ae, 0xe71c, 0xdefb, 0x1082, 0x1082, 0x1082, 0x18e3, 0x10a2, 0x1082,
  0x1082, 0x1082, 0x1082, 0x73ae, 0xe71c, 0xdefb, 0x2965, 0x8c71, 0xc618, 0xe71c, 0xdedb, 0xa535, 0x630c,
  0x1082, 0x1082, 0x73ae, 0xe71c, 0xe71c, 0xce79, 0xe71c, 0xe71c, 0xe71c, 0xe71c, 0xe71c, 0xe71c, 0x73ae,
  0x1082, 0x73ae, 0xe71c, 0xe71c, 0xe71c, 0xc618, 0x7bcf, 0x5aeb, 0x8c71, 0xe71c, 0xe71c, 0xe71c, 0x4a49,
  0x73ae, 0xe71c, 0xe71c, 0xbdf7, 0x2104, 0x1082, 0x1082, 0x1082, 0x630c, 0xe71c, 0xe71c, 0x8410, 0x73ae,
  0xe71c, 0xe71c, 0x4a6a, 0x1082, 0x1082, 0x1082, 0x1082, 0x1082, 0xbdf7, 0xe71c, 0xb5b6, 0x73ae, 0xe71c,
  0xe71c, 0x18e3, 0x1082, 0x1082, 0x1082, 0x1082, 0x1082, 0x94b2, 0xe71c, 0xce59, 0x73ae, 0xe71c, 0xdefb,
  0x1082, 0x1082, 0x1082, 0x1082, 0x1082, 0x1082, 0x8c51, 0xe71c, 0xce59, 0x73ae, 0xe71c, 0xdefb, 0x1082,
  0x1082, 0x1082, 0x1082, 0x1082, 0x1082, 0x8c51, 0xe71c, 0xce59, 0x73ae, 0xe71c, 0xdefb, 0x1082, 0x1082,
  0x1082, 0x1082, 0x1082, 0x1082, 0x8c51, 0xe71c, 0xce59, 0x73ae, 0xe71c, 0xdefb, 0x1082, 0x1082, 0x1082,
  0x1082, 0x1082, 0x1082, 0x8c51, 0xe71c, 0xce59, 0x73ae, 0xe71c, 0xdefb, 0x1082, 0x1082, 0x1082, 0x1082,
  0x1082, 0x1082, 0x8c51, 0xe71c, 0xce59, 0x73ae, 0xe71c, 0xdefb, 0x1082, 0x1082, 0x1082, 0x1082, 0x1082,
  0x1082, 0x8c51, 0xe71c, 0xce59, 0x73ae, 0xe71c, 0xdefb, 0x1082, 0x1082, 0x1082, 0x1082, 0x1082, 0x1082,
  0x8c51, 0xe71c, 0xb5b6, 0x1082, 0x1082, 0x1082, 0x1082, 0x1082, 0x1082, 0x1082, 0x1082, 0x1082, 0x1082,
  0x1082, 0x1082, 0x1082, 0x1082, 0x1082, 0x1082, 0x1082, 0x1082, 0x1082, 0x1082, 0x1082, 0x1082, 0x1082,
  0x1082, 0x1082, 0x1082, 0x1082, 0x1082, 0x1082, 0x1082, 0x1082, 0x1082, 0x1082, 0x1082, 0x1082, 0x1082,
  0x1082, 0x1082, 0x1082, 0x1082, 0x1082, 0x1082, 0x1082, 0x1082, 0x1082, 0x1082, 0x1082, 0x1082, 0x1082,
  0x1082, 0x1082, 0x1082, 0x1082, 0x1082, 0x1082, 0x1082, 0x1082, 0x1082, 0x1082, 0x1082, 0x1082, 0x1082,
  0x1082, 0x1082, 0x1082, 0x1082, 0x1082, 0x1082, 0x1082, 0x1082, 0x1082, 0x1082,
};


#define OUTFIT_24PX_LIGHT_300_E3E3E3_I_HEIGHT 29
#define OUTFIT_24PX_LIGHT_300_E3E3E3_I_WIDTH 4

// array size is 116
const uint16_t font_outfit24_light300_i[] = {
  0x1082, 0x1082, 0x1082, 0x1082, 0x1082, 0x1082, 0x1082, 0x1082, 0x1082, 0x1082, 0x1082, 0x1082, 0x1082,
  0x1082, 0x1082, 0x1082, 0x1082, 0x10a2, 0x1082, 0x1082, 0x6b4d, 0xdefb, 0xc618, 0x2104, 0xb5b6, 0xe71c,
  0xe71c, 0x52aa, 0x7bcf, 0xdefb, 0xd69a, 0x2124, 0x1082, 0x18c3, 0x18c3, 0x1082, 0x1082, 0x1082, 0x1082,
  0x1082, 0x630c, 0xbdf7, 0x94b2, 0x1082, 0x738e, 0xe71c, 0xdefb, 0x1082, 0x738e, 0xe71c, 0xdefb, 0x1082,
  0x738e, 0xe71c, 0xdefb, 0x1082, 0x738e, 0xe71c, 0xdefb, 0x1082, 0x738e, 0xe71c, 0xdefb, 0x1082, 0x738e,
  0xe71c, 0xdefb, 0x1082, 0x738e, 0xe71c, 0xdefb, 0x1082, 0x738e, 0xe71c, 0xdefb, 0x1082, 0x738e, 0xe71c,
  0xdefb, 0x1082, 0x738e, 0xe71c, 0xdefb, 0x1082, 0x738e, 0xe71c, 0xdefb, 0x1082, 0x738e, 0xe71c, 0xdefb,
  0x1082, 0x1082, 0x1082, 0x1082, 0x1082, 0x0000, 0x0000, 0x0000, 0x0000, 0x0000, 0x0000, 0x0000, 0x0000,
  0x0000, 0x0000, 0x0000, 0x0000, 0x0000, 0x0000, 0x0000, 0x0000, 0x0000, 0x0000, 0x0000, 0x0000,
};


#define OUTFIT_24PX_LIGHT_300_E3E3E3_J_HEIGHT 29
#define OUTFIT_24PX_LIGHT_300_E3E3E3_J_WIDTH 9

// array size is 261
const uint16_t font_outfit24_light300_j[] = {
  0x1082, 0x1082, 0x1082, 0x1082, 0x1082, 0x1082, 0x1082, 0x1082, 0x1082, 0x1082, 0x1082, 0x1082, 0x1082,
  0x1082, 0x1082, 0x1082, 0x1082, 0x1082, 0x1082, 0x1082, 0x1082, 0x1082, 0x1082, 0x1082, 0x1082, 0x1082,
  0x1082, 0x1082, 0x1082, 0x1082, 0x1082, 0x1082, 0x1082, 0x1082, 0x1082, 0x1082, 0x0000, 0x0000, 0x0000,
  0x1082, 0x1082, 0x1082, 0x1082, 0x10a2, 0x1082, 0x0000, 0x0000, 0x0000, 0x0000, 0x1082, 0x1082, 0xad55,
  0xe71c, 0x8c51, 0x0000, 0x0000, 0x0000, 0x0000, 0x1082, 0x2945, 0xe71c, 0xe71c, 0xdefb, 0x0000, 0x0000,
  0x0000, 0x0000, 0x1082, 0x10a2, 0xbdf7, 0xdefb, 0x9cf4, 0x0000, 0x0000, 0x0000, 0x0000, 0x1082, 0x1082,
  0x10a2, 0x18e3, 0x1082, 0x0000, 0x0000, 0x0000, 0x1082, 0x1082, 0x1082, 0x1082, 0x1082, 0x1082, 0x0000,
  0x0000, 0x0000, 0x1082, 0x1082, 0x1082, 0x9cf3, 0xbdf7, 0x7bef, 0x0000, 0x0000, 0x0000, 0x0861, 0x1082,
  0x1082, 0xbdf7, 0xe71c, 0x94b2, 0x0000, 0x0000, 0x0000, 0x0861, 0x1082, 0x1082, 0xbdf7, 0xe71c, 0x94b2,
  0x0000, 0x0000, 0x0000, 0x0861, 0x1082, 0x1082, 0xbdf7, 0xe71c, 0x94b2, 0x0000, 0x0000, 0x0000, 0x0861,
  0x1082, 0x1082, 0xbdf7, 0xe71c, 0x94b2, 0x0000, 0x0000, 0x0000, 0x0861, 0x1082, 0x1082, 0xbdf7, 0xe71c,
  0x94b2, 0x0000, 0x0000, 0x0000, 0x0861, 0x1082, 0x1082, 0xbdf7, 0xe71c, 0x94b2, 0x0000, 0x0000, 0x0000,
  0x0861, 0x1082, 0x1082, 0xbdf7, 0xe71c, 0x94b2, 0x0000, 0x0000, 0x0000, 0x0861, 0x1082, 0x1082, 0xbdf7,
  0xe71c, 0x94b2, 0x0000, 0x0000, 0x0000, 0x0861, 0x1082, 0x1082, 0xbdf7, 0xe71c, 0x94b2, 0x0000, 0x0000,
  0x0000, 0x0000, 0x1082, 0x1082, 0xbdf7, 0xe71c, 0x94b2, 0x0000, 0x0000, 0x0000, 0x0861, 0x1082, 0x1082,
  0xbdf7, 0xe71c, 0x94b2, 0x0000, 0x0000, 0x0000, 0x0861, 0x1082, 0x1082, 0xbdf7, 0xe71c, 0x94b2, 0x1082,
  0x1082, 0x1082, 0x1082, 0x1082, 0x1082, 0xbdf7, 0xe71c, 0x94b2, 0x1082, 0x1082, 0x1082, 0x1082, 0x1082,
  0x18e4, 0xdefb, 0xe71c, 0x8c71, 0x1082, 0x4208, 0xad75, 0x4208, 0x2104, 0x8430, 0xe71c, 0xe71c, 0x630c,
  0x18e3, 0xdedb, 0xe71c, 0xe71c, 0xe71c, 0xe71c, 0xe71c, 0xdefb, 0x2945, 0x10a2, 0x738e, 0xdefb, 0xe71c,
  0xe71c, 0xe71c, 0xd6ba, 0x4208, 0x1082, 0x1082, 0x1082, 0x2124, 0x4a69, 0x528a, 0x4228, 0x18c3, 0x1082,
  0x1082,
};


#define OUTFIT_24PX_LIGHT_300_E3E3E3_K_HEIGHT 29
#define OUTFIT_24PX_LIGHT_300_E3E3E3_K_WIDTH 11

// array size is 319
const uint16_t font_outfit24_light300_k[] = {
  0x1082, 0x1082, 0x1082, 0x1082, 0x1082, 0x1082, 0x1082, 0x1082, 0x1082, 0x1082, 0x1082, 0x1082, 0x1082,
  0x1082, 0x1082, 0x1082, 0x1082, 0x1082, 0x1082, 0x1082, 0x1082, 0x1082, 0x1082, 0x1082, 0x1082, 0x1082,
  0x1082, 0x1082, 0x1082, 0x1082, 0x1082, 0x1082, 0x1082, 0x10a2, 0x10a2, 0x1082, 0x1082, 0x1082, 0x1082,
  0x1082, 0x1082, 0x1082, 0x1082, 0x1082, 0xdefb, 0xe71c, 0x528a, 0x1082, 0x1082, 0x1082, 0x1082, 0x1082,
  0x1082, 0x1082, 0x1082, 0xdefb, 0xe71c, 0x73ae, 0x1082, 0x1082, 0x1082, 0x1082, 0x1082, 0x1082, 0x1082,
  0x1082, 0xdefb, 0xe71c, 0x73ae, 0x1082, 0x1082, 0x1082, 0x1082, 0x1082, 0x1082, 0x1082, 0x1082, 0xdefb,
  0xe71c, 0x73ae, 0x1082, 0x1082, 0x1082, 0x1082, 0x1082, 0x1082, 0x1082, 0x1082, 0xdefb, 0xe71c, 0x73ae,
  0x1082, 0x1082, 0x1082, 0x1082, 0x1082, 0x1082, 0x1082, 0x1082, 0xdefb, 0xe71c, 0x73ae, 0x1082, 0x1082,
  0x1082, 0x1082, 0x1082, 0x1082, 0x1082, 0x1082, 0xdefb, 0xe71c, 0x73ae, 0x1082, 0x1082, 0x1082, 0x1082,
  0x7bcf, 0xbdf7, 0xbdf7, 0x5aeb, 0xdefb, 0xe71c, 0x73ae, 0x1082, 0x1082, 0x1082, 0x8430, 0xe71c, 0xe71c,
  0xc618, 0x2125, 0xdefb, 0xe71c, 0x73ae, 0x1082, 0x10a2, 0x8c51, 0xe71c, 0xe71c, 0xbdf7, 0x2124, 0x1082,
  0xdefb, 0xe71c, 0x73ae, 0x10a2, 0x9492, 0xe71c, 0xe71c, 0xbdd7, 0x2104, 0x1082, 0x1082, 0xdefb, 0xe71c,
  0x73ae, 0x94b2, 0xe71c, 0xe71c, 0xb596, 0x18e3, 0x1082, 0x1082, 0x1082, 0xdefb, 0xe71c, 0xe71c, 0xe71c,
  0xe71c, 0xad75, 0x18e3, 0x1082, 0x1082, 0x1082, 0x1082, 0xdefb, 0xe71c, 0xe71c, 0xe71c, 0xe71c, 0x31a6,
  0x1082, 0x1082, 0x1082, 0x1082, 0x1082, 0xdefb, 0xe71c, 0xe71c, 0xe71c, 0xe71c, 0xce59, 0x2965, 0x1082,
  0x1082, 0x1082, 0x1082, 0xdefb, 0xe71c, 0x73ae, 0x8c51, 0xe71c, 0xe71c, 0xce59, 0x2965, 0x1082, 0x1082,
  0x1082, 0xdefb, 0xe71c, 0x73ae, 0x1082, 0x8c51, 0xe71c, 0xe71c, 0xce59, 0x2965, 0x1082, 0x1082, 0xdefb,
  0xe71c, 0x73ae, 0x1082, 0x1082, 0x8c51, 0xe71c, 0xe71c, 0xce59, 0x2966, 0x1082, 0xdefb, 0xe71c, 0x73ae,
  0x1082, 0x1082, 0x1082, 0x8c51, 0xe71c, 0xe71c, 0xce59, 0x3186, 0xdefb, 0xe71c, 0x73ae, 0x1082, 0x1082,
  0x1082, 0x1082, 0x8c51, 0xe71c, 0xe71c, 0xb596, 0x1082, 0x1082, 0x1082, 0x1082, 0x1082, 0x1082, 0x1082,
  0x1082, 0x1082, 0x1082, 0x1082, 0x1082, 0x1082, 0x1082, 0x1082, 0x1082, 0x1082, 0x1082, 0x1082, 0x1082,
  0x1082, 0x1082, 0x1082, 0x1082, 0x1082, 0x1082, 0x1082, 0x1082, 0x1082, 0x1082, 0x1082, 0x1082, 0x1082,
  0x1082, 0x1082, 0x1082, 0x1082, 0x1082, 0x1082, 0x1082, 0x1082, 0x1082, 0x1082, 0x1082, 0x1082, 0x1082,
  0x1082, 0x1082, 0x1082, 0x1082, 0x1082, 0x1082, 0x1082, 0x1082, 0x1082, 0x1082, 0x1082, 0x1082, 0x1082,
  0x1082, 0x1082, 0x1082, 0x1082, 0x1082, 0x1082, 0x1082,
};


#define OUTFIT_24PX_LIGHT_300_E3E3E3_L_HEIGHT 29
#define OUTFIT_24PX_LIGHT_300_E3E3E3_L_WIDTH 3

// array size is 87
const uint16_t font_outfit24_light300_l[] = {
  0x1082, 0x1082, 0x1082, 0x1082, 0x1082, 0x1082, 0x1082, 0x1082, 0x1082, 0x10a2, 0x10a2, 0x1082, 0x73ae,
  0xe71c, 0xbdd7, 0x73ae, 0xe71c, 0xdefb, 0x73ae, 0xe71c, 0xdefb, 0x73ae, 0xe71c, 0xdefb, 0x73ae, 0xe71c,
  0xdefb, 0x73ae, 0xe71c, 0xdefb, 0x73ae, 0xe71c, 0xdefb, 0x73ae, 0xe71c, 0xdefb, 0x73ae, 0xe71c, 0xdefb,
  0x73ae, 0xe71c, 0xdefb, 0x73ae, 0xe71c, 0xdefb, 0x73ae, 0xe71c, 0xdefb, 0x73ae, 0xe71c, 0xdefb, 0x73ae,
  0xe71c, 0xdefb, 0x73ae, 0xe71c, 0xdefb, 0x73ae, 0xe71c, 0xdefb, 0x73ae, 0xe71c, 0xdefb, 0x73ae, 0xe71c,
  0xdefb, 0x73ae, 0xe71c, 0xdefb, 0x1082, 0x1082, 0x1082, 0x1082, 0x1082, 0x1082, 0x1082, 0x1082, 0x1082,
  0x1082, 0x1082, 0x1082, 0x1082, 0x1082, 0x1082, 0x1082, 0x1082, 0x1082,
};


#define OUTFIT_24PX_LIGHT_300_E3E3E3_M_HEIGHT 29
#define OUTFIT_24PX_LIGHT_300_E3E3E3_M_WIDTH 20

// array size is 580
const uint16_t font_outfit24_light300_m[] = {
  0x1082, 0x1082, 0x1082, 0x1082, 0x1082, 0x1082, 0x1082, 0x1082, 0x1082, 0x1082, 0x1082, 0x1082, 0x1082,
  0x1082, 0x1082, 0x1082, 0x1082, 0x1082, 0x1082, 0x1082, 0x1082, 0x1082, 0x1082, 0x1082, 0x1082, 0x1082,
  0x1082, 0x1082, 0x1082, 0x1082, 0x1082, 0x1082, 0x1082, 0x1082, 0x1082, 0x1082, 0x1082, 0x1082, 0x1082,
  0x1082, 0x1082, 0x1082, 0x1082, 0x1082, 0x1082, 0x1082, 0x1082, 0x1082, 0x1082, 0x1082, 0x1082, 0x1082,
  0x1082, 0x1082, 0x1082, 0x1082, 0x1082, 0x1082, 0x1082, 0x1082, 0x1082, 0x1082, 0x1082, 0x1082, 0x1082,
  0x1082, 0x1082, 0x1082, 0x1082, 0x1082, 0x1082, 0x1082, 0x1082, 0x1082, 0x1082, 0x1082, 0x1082, 0x1082,
  0x1082, 0x1082, 0x1082, 0x1082, 0x1082, 0x1082, 0x1082, 0x1082, 0x1082, 0x1082, 0x1082, 0x1082, 0x1082,
  0x1082, 0x1082, 0x1082, 0x1082, 0x1082, 0x1082, 0x1082, 0x1082, 0x1082, 0x1082, 0x1082, 0x1082, 0x1082,
  0x1082, 0x1082, 0x1082, 0x1082, 0x1082, 0x1082, 0x1082, 0x1082, 0x1082, 0x1082, 0x1082, 0x1082, 0x1082,
  0x1082, 0x1082, 0x1082, 0x1082, 0x1082, 0x1082, 0x1082, 0x1082, 0x1082, 0x1082, 0x1082, 0x1082, 0x1082,
  0x1082, 0x1082, 0x1082, 0x1082, 0x1082, 0x1082, 0x1082, 0x1082, 0x1082, 0x1082, 0x1082, 0x1082, 0x1082,
  0x1082, 0x1082, 0x1082, 0x1082, 0x1082, 0x1082, 0x1082, 0x1082, 0x1082, 0x1082, 0x1082, 0x1082, 0x1082,
  0x1082, 0x1082, 0x1082, 0x1082, 0x1082, 0x1082, 0x1082, 0x1082, 0x1082, 0x1082, 0x1082, 0x1082, 0x1082,
  0x1082, 0x1082, 0x1082, 0x1082, 0x1082, 0x1082, 0x1082, 0x1082, 0x1082, 0x1082, 0x1082, 0x1082, 0x1082,
  0x1082, 0x1082, 0x1082, 0x18c3, 0x18c3, 0x1082, 0x1082, 0x1082, 0x1082, 0x1082, 0x1082, 0x10a2, 0x2104,
  0x1082, 0x1082, 0x1082, 0x1082, 0x1082, 0xbdd7, 0xbdf7, 0x4208, 0x7bef, 0xb5b6, 0xe71c, 0xe71c, 0xb5b6,
  0x7bcf, 0x10a2, 0x1082, 0x52aa, 0xa534, 0xd6ba, 0xe71c, 0xce59, 0x94b2, 0x3186, 0x1082, 0x1082, 0xdefb,
  0xe71c, 0xe71c, 0xe71c, 0xe71c, 0xe71c, 0xe71c, 0xe71c, 0xe71c, 0x9cd3, 0x6b6d, 0xe71c, 0xe71c, 0xe71c,
  0xe71c, 0xe71c, 0xe71c, 0xce79, 0x3186, 0x1082, 0xdefb, 0xe71c, 0xe71c, 0xdefb, 0x8430, 0x5aeb, 0x7bcf,
  0xdedb, 0xe71c, 0xe71c, 0xe71c, 0xe71c, 0xad75, 0x6b4d, 0x630c, 0xbdd7, 0xe71c, 0xe71c, 0xb596, 0x1082,
  0xdefb, 0xe71c, 0xe71c, 0x4229, 0x1082, 0x1082, 0x1082, 0x4208, 0xe71c, 0xe71c, 0xe71c, 0x94b2, 0x10a2,
  0x1082, 0x1082, 0x10a2, 0xbdd7, 0xe71c, 0xdefb, 0x18c3, 0xdefb, 0xe71c, 0xe71c, 0x1082, 0x1082, 0x1082,
  0x1082, 0x1082, 0xad75, 0xe71c, 0xe71c, 0x2966, 0x1082, 0x1082, 0x1082, 0x1082, 0x52aa, 0xe71c, 0xe71c,
  0x4228, 0xdefb, 0xe71c, 0xad55, 0x1082, 0x1082, 0x1082, 0x1082, 0x1082, 0x8c71, 0xe71c, 0xe71c, 0x1082,
  0x1082, 0x1082, 0x1082, 0x1082, 0x31a6, 0xe71c, 0xe71c, 0x4a69, 0xdefb, 0xe71c, 0x73ae, 0x1082, 0x1082,
  0x1082, 0x1082, 0x1082, 0x8430, 0xe71c, 0xce59, 0x1082, 0x1082, 0x1082, 0x1082, 0x1082, 0x3186, 0xe71c,
  0xe71c, 0x4a69, 0xdefb, 0xe71c, 0x73ae, 0x1082, 0x1082, 0x1082, 0x1082, 0x1082, 0x8430, 0xe71c, 0xce59,
  0x1082, 0x1082, 0x1082, 0x1082, 0x1082, 0x3186, 0xe71c, 0xe71c, 0x4a69, 0xdefb, 0xe71c, 0x73ae, 0x1082,
  0x1082, 0x1082, 0x1082, 0x1082, 0x8430, 0xe71c, 0xce59, 0x1082, 0x1082, 0x1082, 0x1082, 0x1082, 0x3186,
  0xe71c, 0xe71c, 0x4a69, 0xdefb, 0xe71c, 0x73ae, 0x1082, 0x1082, 0x1082, 0x1082, 0x1082, 0x8430, 0xe71c,
  0xce59, 0x1082, 0x1082, 0x1082, 0x1082, 0x1082, 0x3186, 0xe71c, 0xe71c, 0x4a69, 0xdefb, 0xe71c, 0x73ae,
  0x1082, 0x1082, 0x1082, 0x1082, 0x1082, 0x8430, 0xe71c, 0xce59, 0x1082, 0x1082, 0x1082, 0x1082, 0x1082,
  0x3186, 0xe71c, 0xe71c, 0x4a69, 0xdefb, 0xe71c, 0x73ae, 0x1082, 0x1082, 0x1082, 0x1082, 0x1082, 0x8430,
  0xe71c, 0xce59, 0x1082, 0x1082, 0x1082, 0x1082, 0x1082, 0x3186, 0xe71c, 0xe71c, 0x4a69, 0xdefb, 0xe71c,
  0x73ae, 0x1082, 0x1082, 0x1082, 0x1082, 0x1082, 0x73ae, 0xe71c, 0xce59, 0x1082, 0x1082, 0x1082, 0x1082,
  0x1082, 0x2104, 0xdefb, 0xe71c, 0x39e7, 0x1082, 0x1082, 0x1082, 0x1082, 0x1082, 0x1082, 0x1082, 0x1082,
  0x1082, 0x1082, 0x1082, 0x1082, 0x1082, 0x1082, 0x1082, 0x1082, 0x1082, 0x1082, 0x1082, 0x1082, 0x1082,
  0x1082, 0x1082, 0x1082, 0x1082, 0x1082, 0x1082, 0x1082, 0x1082, 0x1082, 0x1082, 0x1082, 0x1082, 0x1082,
  0x1082, 0x1082, 0x1082, 0x1082, 0x1082, 0x1082, 0x1082, 0x1082, 0x1082, 0x1082, 0x1082, 0x1082, 0x1082,
  0x1082, 0x1082, 0x1082, 0x1082, 0x1082, 0x1082, 0x1082, 0x1082, 0x1082, 0x1082, 0x1082, 0x1082, 0x1082,
  0x1082, 0x1082, 0x1082, 0x1082, 0x1082, 0x1082, 0x1082, 0x1082, 0x1082, 0x1082, 0x1082, 0x1082, 0x1082,
  0x1082, 0x1082, 0x1082, 0x1082, 0x1082, 0x1082, 0x1082, 0x1082, 0x1082, 0x1082, 0x1082, 0x1082, 0x1082,
  0x1082, 0x1082, 0x1082, 0x1082, 0x1082, 0x1082, 0x1082, 0x1082, 0x1082, 0x1082, 0x1082, 0x1082, 0x1082,
  0x1082, 0x1082, 0x1082, 0x1082, 0x1082, 0x1082, 0x1082, 0x1082, 0x1082, 0x1082, 0x1082, 0x1082, 0x1082,
  0x1082, 0x1082, 0x1082, 0x1082, 0x1082, 0x1082, 0x1082, 0x1082,
};


#define OUTFIT_24PX_LIGHT_300_E3E3E3_N_HEIGHT 29
#define OUTFIT_24PX_LIGHT_300_E3E3E3_N_WIDTH 12

// array size is 348
const uint16_t font_outfit24_light300_n[] = {
  0x1082, 0x1082, 0x1082, 0x1082, 0x1082, 0x1082, 0x1082, 0x1082, 0x1082, 0x1082, 0x1082, 0x1082, 0x1082,
  0x1082, 0x1082, 0x1082, 0x1082, 0x1082, 0x1082, 0x1082, 0x1082, 0x1082, 0x1082, 0x1082, 0x1082, 0x1082,
  0x1082, 0x1082, 0x1082, 0x1082, 0x1082, 0x1082, 0x1082, 0x1082, 0x1082, 0x1082, 0x1082, 0x1082, 0x1082,
  0x1082, 0x1082, 0x1082, 0x1082, 0x1082, 0x1082, 0x1082, 0x1082, 0x1082, 0x1082, 0x1082, 0x1082, 0x1082,
  0x1082, 0x1082, 0x1082, 0x1082, 0x1082, 0x1082, 0x1082, 0x1082, 0x1082, 0x1082, 0x1082, 0x1082, 0x1082,
  0x1082, 0x1082, 0x1082, 0x1082, 0x1082, 0x1082, 0x1082, 0x1082, 0x1082, 0x1082, 0x1082, 0x1082, 0x1082,
  0x1082, 0x1082, 0x1082, 0x1082, 0x1082, 0x1082, 0x1082, 0x1082, 0x1082, 0x1082, 0x1082, 0x1082, 0x1082,
  0x1082, 0x1082, 0x1082, 0x1082, 0x1082, 0x1082, 0x1082, 0x1082, 0x1082, 0x1082, 0x1082, 0x1082, 0x1082,
  0x1082, 0x1082, 0x1082, 0x1082, 0x1082, 0x1082, 0x1082, 0x1082, 0x1082, 0x10a2, 0x18e3, 0x1082, 0x1082,
  0x1082, 0x1082, 0x1082, 0xbdd7, 0xbdf7, 0x39e8, 0x632c, 0xa535, 0xdedb, 0xe71c, 0xbdf7, 0x8430, 0x2125,
  0x1082, 0x1082, 0xdefb, 0xe71c, 0xe71c, 0xe71c, 0xe71c, 0xe71c, 0xe71c, 0xe71c, 0xe71c, 0xc618, 0x2104,
  0x1082, 0xdefb, 0xe71c, 0xe71c, 0xe71c, 0x94b2, 0x632c, 0x6b4d, 0xc638, 0xe71c, 0xe71c, 0xad55, 0x1082,
  0xdefb, 0xe71c, 0xe71c, 0x632c, 0x1082, 0x1082, 0x1082, 0x18c3, 0xbdf7, 0xe71c, 0xe71c, 0x18e3, 0xdefb,
  0xe71c, 0xe71c, 0x1082, 0x1082, 0x1082, 0x1082, 0x1082, 0x52aa, 0xe71c, 0xe71c, 0x4a49, 0xdefb, 0xe71c,
  0xd69a, 0x1082, 0x1082, 0x1082, 0x1082, 0x1082, 0x2945, 0xe71c, 0xe71c, 0x630c, 0xdefb, 0xe71c, 0x73ae,
  0x1082, 0x1082, 0x1082, 0x1082, 0x1082, 0x18e4, 0xe71c, 0xe71c, 0x630c, 0xdefb, 0xe71c, 0x73ae, 0x1082,
  0x1082, 0x1082, 0x1082, 0x1082, 0x18e4, 0xe71c, 0xe71c, 0x630c, 0xdefb, 0xe71c, 0x73ae, 0x1082, 0x1082,
  0x1082, 0x1082, 0x1082, 0x18e4, 0xe71c, 0xe71c, 0x630c, 0xdefb, 0xe71c, 0x73ae, 0x1082, 0x1082, 0x1082,
  0x1082, 0x1082, 0x18e4, 0xe71c, 0xe71c, 0x630c, 0xdefb, 0xe71c, 0x73ae, 0x1082, 0x1082, 0x1082, 0x1082,
  0x1082, 0x18e4, 0xe71c, 0xe71c, 0x630c, 0xdefb, 0xe71c, 0x73ae, 0x1082, 0x1082, 0x1082, 0x1082, 0x1082,
  0x18e4, 0xe71c, 0xe71c, 0x630c, 0xdefb, 0xe71c, 0x73ae, 0x1082, 0x1082, 0x1082, 0x1082, 0x1082, 0x18e4,
  0xe71c, 0xe71c, 0x4a69, 0x1082, 0x1082, 0x1082, 0x1082, 0x1082, 0x1082, 0x1082, 0x1082, 0x1082, 0x1082,
  0x1082, 0x1082, 0x1082, 0x1082, 0x1082, 0x1082, 0x1082, 0x1082, 0x1082, 0x1082, 0x1082, 0x1082, 0x1082,
  0x1082, 0x1082, 0x1082, 0x1082, 0x1082, 0x1082, 0x1082, 0x1082, 0x1082, 0x1082, 0x1082, 0x1082, 0x1082,
  0x1082, 0x1082, 0x1082, 0x1082, 0x1082, 0x1082, 0x1082, 0x1082, 0x1082, 0x1082, 0x1082, 0x1082, 0x1082,
  0x1082, 0x1082, 0x1082, 0x1082, 0x1082, 0x1082, 0x1082, 0x1082, 0x1082, 0x1082, 0x1082, 0x1082, 0x1082,
  0x1082, 0x1082, 0x1082, 0x1082, 0x1082, 0x1082, 0x1082, 0x1082, 0x1082, 0x1082,
};


#define OUTFIT_24PX_LIGHT_300_E3E3E3_O_HEIGHT 29
#define OUTFIT_24PX_LIGHT_300_E3E3E3_O_WIDTH 14

// array size is 406
const uint16_t font_outfit24_light300_o[] = {
  0x1082, 0x1082, 0x1082, 0x1082, 0x1082, 0x1082, 0x1082, 0x1082, 0x1082, 0x1082, 0x1082, 0x1082, 0x1082,
  0x1082, 0x1082, 0x1082, 0x1082, 0x1082, 0x1082, 0x1082, 0x1082, 0x1082, 0x1082, 0x1082, 0x1082, 0x1082,
  0x1082, 0x1082, 0x1082, 0x1082, 0x1082, 0x1082, 0x1082, 0x1082, 0x1082, 0x1082, 0x1082, 0x1082, 0x1082,
  0x1082, 0x1082, 0x1082, 0x1082, 0x1082, 0x1082, 0x1082, 0x1082, 0x1082, 0x1082, 0x1082, 0x1082, 0x1082,
  0x1082, 0x1082, 0x1082, 0x1082, 0x1082, 0x1082, 0x1082, 0x1082, 0x1082, 0x1082, 0x1082, 0x1082, 0x1082,
  0x1082, 0x1082, 0x1082, 0x1082, 0x1082, 0x1082, 0x1082, 0x1082, 0x1082, 0x1082, 0x1082, 0x1082, 0x1082,
  0x1082, 0x1082, 0x1082, 0x1082, 0x1082, 0x1082, 0x1082, 0x1082, 0x1082, 0x1082, 0x1082, 0x1082, 0x1082,
  0x1082, 0x1082, 0x1082, 0x1082, 0x1082, 0x1082, 0x1082, 0x1082, 0x1082, 0x1082, 0x1082, 0x1082, 0x1082,
  0x1082, 0x1082, 0x1082, 0x1082, 0x1082, 0x1082, 0x1082, 0x1082, 0x1082, 0x1082, 0x1082, 0x1082, 0x1082,
  0x1082, 0x1082, 0x1082, 0x1082, 0x1082, 0x1082, 0x1082, 0x1082, 0x1082, 0x1082, 0x1082, 0x1082, 0x1082,
  0x1082, 0x1082, 0x18e4, 0x18c3, 0x1082, 0x1082, 0x1082, 0x1082, 0x1082, 0x1082, 0x1082, 0x1082, 0x1082,
  0x4a49, 0xa534, 0xdedb, 0xe71c, 0xe71c, 0xd69a, 0x9492, 0x31a6, 0x1082, 0x1082, 0x1082, 0x1082, 0x1082,
  0x630c, 0xe71c, 0xe71c, 0xe71c, 0xe71c, 0xe71c, 0xe71c, 0xe71c, 0xd6ba, 0x39e7, 0x1082, 0x1082, 0x1082,
  0x630c, 0xe71c, 0xe71c, 0xdefb, 0xad55, 0x73ae, 0x7bef, 0xb5b6, 0xe71c, 0xe71c, 0xd6ba, 0x39e7, 0x1082,
  0x2945, 0xe71c, 0xe71c, 0xdefb, 0x528a, 0x1082, 0x1082, 0x1082, 0x1082, 0x7bef, 0xe71c, 0xe71c, 0xce59,
  0x10a2, 0x7bcf, 0xe71c, 0xe71c, 0x632c, 0x1082, 0x1082, 0x1082, 0x1082, 0x1082, 0x1082, 0x94b2, 0xe71c,
  0xe71c, 0x4a49, 0x9cf3, 0xe71c, 0xe71c, 0x2104, 0x1082, 0x1082, 0x1082, 0x1082, 0x1082, 0x1082, 0x4a6a,
  0xe71c, 0xe71c, 0x6b6d, 0xb596, 0xe71c, 0xce59, 0x1082, 0x1082, 0x1082, 0x1082, 0x1082, 0x1082, 0x1082,
  0x2124, 0xe71c, 0xe71c, 0x7bf0, 0xa514, 0xe71c, 0xe71c, 0x18e3, 0x1082, 0x1082, 0x1082, 0x1082, 0x1082,
  0x1082, 0x4a49, 0xe71c, 0xe71c, 0x738e, 0x8410, 0xe71c, 0xe71c, 0x52aa, 0x1082, 0x1082, 0x1082, 0x1082,
  0x1082, 0x1082, 0x8430, 0xe71c, 0xe71c, 0x528a, 0x31a6, 0xe71c, 0xe71c, 0xd6ba, 0x39c7, 0x1082, 0x1082,
  0x1082, 0x1082, 0x5aec, 0xe71c, 0xe71c, 0xd69a, 0x18c3, 0x1082, 0x7bef, 0xe71c, 0xe71c, 0xd69a, 0x8430,
  0x5acb, 0x5aeb, 0x9492, 0xe71c, 0xe71c, 0xdefb, 0x528a, 0x1082, 0x1082, 0x1082, 0x8410, 0xe71c, 0xe71c,
  0xe71c, 0xe71c, 0xe71c, 0xe71c, 0xe71c, 0xe71c, 0x52aa, 0x1082, 0x1082, 0x1082, 0x1082, 0x1082, 0x6b4d,
  0xce59, 0xe71c, 0xe71c, 0xe71c, 0xe71c, 0xb5b6, 0x4a69, 0x1082, 0x1082, 0x1082, 0x1082, 0x1082, 0x1082,
  0x1082, 0x10a2, 0x2965, 0x31a6, 0x39e7, 0x2124, 0x1082, 0x1082, 0x1082, 0x1082, 0x1082, 0x1082, 0x1082,
  0x1082, 0x1082, 0x1082, 0x1082, 0x1082, 0x1082, 0x1082, 0x1082, 0x1082, 0x1082, 0x1082, 0x1082, 0x1082,
  0x1082, 0x1082, 0x1082, 0x1082, 0x1082, 0x1082, 0x1082, 0x1082, 0x1082, 0x1082, 0x1082, 0x1082, 0x1082,
  0x1082, 0x1082, 0x1082, 0x1082, 0x1082, 0x1082, 0x1082, 0x1082, 0x1082, 0x1082, 0x1082, 0x1082, 0x1082,
  0x1082, 0x1082, 0x1082, 0x1082, 0x1082, 0x1082, 0x1082, 0x1082, 0x1082, 0x1082, 0x1082, 0x1082, 0x1082,
  0x1082, 0x1082, 0x1082, 0x1082, 0x1082, 0x1082, 0x1082, 0x1082, 0x1082, 0x1082, 0x1082, 0x1082, 0x1082,
  0x1082, 0x1082, 0x1082,
};


#define OUTFIT_24PX_LIGHT_300_E3E3E3_OUML_HEIGHT 29
#define OUTFIT_24PX_LIGHT_300_E3E3E3_OUML_WIDTH 15

// array size is 435
const uint16_t font_outfit24_light300_ouml[] = {
  0x1082, 0x1082, 0x1082, 0x1082, 0x1082, 0x1082, 0x1082, 0x1082, 0x1082, 0x1082, 0x1082, 0x1082, 0x1082,
  0x1082, 0x1082, 0x1082, 0x1082, 0x1082, 0x1082, 0x1082, 0x1082, 0x1082, 0x1082, 0x1082, 0x1082, 0x1082,
  0x1082, 0x1082, 0x1082, 0x1082, 0x1082, 0x1082, 0x1082, 0x1082, 0x1082, 0x1082, 0x1082, 0x1082, 0x1082,
  0x1082, 0x1082, 0x1082, 0x1082, 0x1082, 0x1082, 0x1082, 0x1082, 0x1082, 0x1082, 0x1082, 0x1082, 0x1082,
  0x1082, 0x1082, 0x1082, 0x1082, 0x1082, 0x1082, 0x1082, 0x1082, 0x1082, 0x1082, 0x1082, 0x1082, 0x1082,
  0x1082, 0x1082, 0x1082, 0x1082, 0x1082, 0x1082, 0x1082, 0x1082, 0x1082, 0x1082, 0x1082, 0x1082, 0x1082,
  0x18e3, 0x6b4d, 0x630c, 0x18c3, 0x1082, 0x2104, 0x6b6d, 0x5aeb, 0x10a2, 0x1082, 0x1082, 0x1082, 0x1082,
  0x1082, 0x1082, 0x7bef, 0xe71c, 0xe71c, 0x630c, 0x1082, 0x8c51, 0xe71c, 0xe71c, 0x52aa, 0x1082, 0x1082,
  0x1082, 0x1082, 0x1082, 0x1082, 0x8430, 0xe71c, 0xe71c, 0x6b4d, 0x1082, 0x9492, 0xe71c, 0xe71c, 0x5aeb,
  0x1082, 0x1082, 0x1082, 0x1082, 0x1082, 0x1082, 0x2945, 0x8c51, 0x7bf0, 0x18e3, 0x1082, 0x2965, 0x8c71,
  0x7bcf, 0x18c3, 0x1082, 0x1082, 0x1082, 0x1082, 0x1082, 0x1082, 0x1082, 0x1082, 0x1082, 0x10a3, 0x2104,
  0x10a2, 0x1082, 0x1082, 0x1082, 0x1082, 0x1082, 0x1082, 0x1082, 0x1082, 0x1082, 0x18e4, 0x7bcf, 0xc638,
  0xe71c, 0xe71c, 0xdefb, 0xbdd7, 0x6b4d, 0x10a2, 0x1082, 0x1082, 0x1082, 0x1082, 0x1082, 0x2104, 0xbdd7,
  0xe71c, 0xe71c, 0xe71c, 0xe71c, 0xe71c, 0xe71c, 0xe71c, 0x9cd3, 0x10a2, 0x1082, 0x1082, 0x1082, 0x2104,
  0xbdd7, 0xe71c, 0xe71c, 0xc638, 0x8c51, 0x6b6d, 0x94b2, 0xd69a, 0xe71c, 0xe71c, 0x9cd3, 0x10a2, 0x1082,
  0x1082, 0x9492, 0xe71c, 0xe71c, 0xad75, 0x18c3, 0x1082, 0x1082, 0x1082, 0x2945, 0xce59, 0xe71c, 0xe71c,
  0x630c, 0x1082, 0x18c3, 0xdedb, 0xe71c, 0xc638, 0x18c3, 0x1082, 0x1082, 0x1082, 0x1082, 0x1082, 0x2965,
  0xdefb, 0xe71c, 0xb596, 0x1082, 0x31a6, 0xe71c, 0xe71c, 0x8c51, 0x1082, 0x1082, 0x1082, 0x1082, 0x1082,
  0x1082, 0x1082, 0xb5b6, 0xe71c, 0xd6ba, 0x1082, 0x4a49, 0xe71c, 0xe71c, 0x632c, 0x1082, 0x1082, 0x1082,
  0x1082, 0x1082, 0x1082, 0x1082, 0x9492, 0xe71c, 0xe71c, 0x10a3, 0x39c7, 0xe71c, 0xe71c, 0x8410, 0x1082,
  0x1082, 0x1082, 0x1082, 0x1082, 0x1082, 0x1082, 0xb596, 0xe71c, 0xdedb, 0x1082, 0x18e3, 0xdefb, 0xe71c,
  0xbdf7, 0x10a2, 0x1082, 0x1082, 0x1082, 0x1082, 0x1082, 0x2104, 0xdefb, 0xe71c, 0xbdd7, 0x1082, 0x1082,
  0x9cf3, 0xe71c, 0xe71c, 0x94b2, 0x10a2, 0x1082, 0x1082, 0x1082, 0x18e4, 0xbdd7, 0xe71c, 0xe71c, 0x6b6d,
  0x1082, 0x1082, 0x2965, 0xce59, 0xe71c, 0xe71c, 0xad75, 0x6b4d, 0x4a69, 0x73ae, 0xbdf7, 0xe71c, 0xe71c,
  0xad75, 0x18c3, 0x1082, 0x1082, 0x1082, 0x2966, 0xce59, 0xe71c, 0xe71c, 0xe71c, 0xe71c, 0xe71c, 0xe71c,
  0xe71c, 0xb596, 0x18e3, 0x1082, 0x1082, 0x1082, 0x1082, 0x1082, 0x2966, 0x9cf3, 0xe71c, 0xe71c, 0xe71c,
  0xe71c, 0xdedb, 0x8c51, 0x18e3, 0x1082, 0x1082, 0x1082, 0x1082, 0x1082, 0x1082, 0x1082, 0x1082, 0x18e3,
  0x39c7, 0x31a6, 0x31a6, 0x18c3, 0x1082, 0x1082, 0x1082, 0x1082, 0x1082, 0x1082, 0x1082, 0x1082, 0x1082,
  0x1082, 0x1082, 0x1082, 0x1082, 0x1082, 0x1082, 0x1082, 0x1082, 0x1082, 0x1082, 0x1082, 0x1082, 0x1082,
  0x1082, 0x1082, 0x1082, 0x1082, 0x1082, 0x1082, 0x1082, 0x1082, 0x1082, 0x1082, 0x1082, 0x1082, 0x1082,
  0x1082, 0x1082, 0x1082, 0x1082, 0x1082, 0x1082, 0x1082, 0x1082, 0x1082, 0x1082, 0x1082, 0x1082, 0x1082,
  0x1082, 0x1082, 0x1082, 0x1082, 0x1082, 0x1082, 0x1082, 0x1082, 0x1082, 0x1082, 0x1082, 0x1082, 0x1082,
  0x1082, 0x1082, 0x1082, 0x1082, 0x1082, 0x1082, 0x1082, 0x1082, 0x1082, 0x1082, 0x1082, 0x1082, 0x1082,
  0x1082, 0x1082, 0x1082, 0x1082, 0x1082, 0x1082,
};


#define OUTFIT_24PX_LIGHT_300_E3E3E3_P_HEIGHT 29
#define OUTFIT_24PX_LIGHT_300_E3E3E3_P_WIDTH 13

// array size is 377
const uint16_t font_outfit24_light300_p[] = {
  0x1082, 0x1082, 0x1082, 0x1082, 0x1082, 0x1082, 0x1082, 0x1082, 0x1082, 0x1082, 0x1082, 0x1082, 0x1082,
  0x1082, 0x1082, 0x1082, 0x1082, 0x1082, 0x1082, 0x1082, 0x1082, 0x1082, 0x1082, 0x1082, 0x1082, 0x1082,
  0x1082, 0x1082, 0x1082, 0x1082, 0x1082, 0x1082, 0x1082, 0x1082, 0x1082, 0x1082, 0x1082, 0x1082, 0x1082,
  0x1082, 0x1082, 0x1082, 0x1082, 0x1082, 0x1082, 0x1082, 0x1082, 0x1082, 0x1082, 0x1082, 0x1082, 0x1082,
  0x1082, 0x1082, 0x1082, 0x1082, 0x1082, 0x1082, 0x1082, 0x1082, 0x1082, 0x1082, 0x1082, 0x1082, 0x1082,
  0x1082, 0x1082, 0x1082, 0x1082, 0x1082, 0x1082, 0x1082, 0x1082, 0x1082, 0x1082, 0x1082, 0x1082, 0x1082,
  0x1082, 0x1082, 0x1082, 0x1082, 0x1082, 0x1082, 0x1082, 0x1082, 0x1082, 0x1082, 0x1082, 0x1082, 0x1082,
  0x1082, 0x1082, 0x1082, 0x1082, 0x1082, 0x1082, 0x1082, 0x1082, 0x1082, 0x1082, 0x1082, 0x1082, 0x1082,
  0x1082, 0x1082, 0x1082, 0x1082, 0x1082, 0x1082, 0x1082, 0x1082, 0x1082, 0x1082, 0x1082, 0x1082, 0x1082,
  0x1082, 0x1082, 0x1082, 0x1082, 0x1082, 0x1082, 0x2104, 0x10a3, 0x1082, 0x1082, 0x1082, 0x1082, 0x1082,
  0xbdd7, 0xbdf7, 0x39e8, 0x4228, 0x9cf3, 0xce79, 0xe71c, 0xe71c, 0xc638, 0x738e, 0x18c3, 0x1082, 0x1082,
  0xdefb, 0xe71c, 0xc638, 0xdefb, 0xe71c, 0xe71c, 0xe71c, 0xe71c, 0xe71c, 0xe71c, 0xa514, 0x10a2, 0x1082,
  0xdefb, 0xe71c, 0xe71c, 0xe71c, 0xc638, 0x8c51, 0x6b4d, 0x94b2, 0xd69a, 0xe71c, 0xe71c, 0x94b2, 0x10a2,
  0xdefb, 0xe71c, 0xe71c, 0xb5b6, 0x18c3, 0x1082, 0x1082, 0x1082, 0x3186, 0xce79, 0xe71c, 0xe71c, 0x4229,
  0xdefb, 0xe71c, 0xe71c, 0x2104, 0x1082, 0x1082, 0x1082, 0x1082, 0x1082, 0x39e7, 0xe71c, 0xe71c, 0x7bcf,
  0xdefb, 0xe71c, 0xdedb, 0x1082, 0x1082, 0x1082, 0x1082, 0x1082, 0x1082, 0x1082, 0xce59, 0xe71c, 0xad75,
  0xdefb, 0xe71c, 0xa514, 0x1082, 0x1082, 0x1082, 0x1082, 0x1082, 0x1082, 0x1082, 0xa534, 0xe71c, 0xd69a,
  0xdefb, 0xe71c, 0xce59, 0x1082, 0x1082, 0x1082, 0x1082, 0x1082, 0x1082, 0x1082, 0xc618, 0xe71c, 0xbdd7,
  0xdefb, 0xe71c, 0xe71c, 0x10a2, 0x1082, 0x1082, 0x1082, 0x1082, 0x1082, 0x2945, 0xe71c, 0xe71c, 0x8430,
  0xdefb, 0xe71c, 0xe71c, 0x94b2, 0x10a2, 0x1082, 0x1082, 0x1082, 0x2104, 0xbdf7, 0xe71c, 0xe71c, 0x528a,
  0xdefb, 0xe71c, 0xe71c, 0xe71c, 0xa534, 0x630c, 0x4a69, 0x738e, 0xbdf7, 0xe71c, 0xe71c, 0xb5b6, 0x18c3,
  0xdefb, 0xe71c, 0xe71c, 0xe71c, 0xe71c, 0xe71c, 0xe71c, 0xe71c, 0xe71c, 0xe71c, 0xbdf7, 0x2104, 0x1082,
  0xdefb, 0xe71c, 0x73ae, 0x632c, 0xc618, 0xe71c, 0xe71c, 0xe71c, 0xdefb, 0x9cd3, 0x2124, 0x1082, 0x1082,
  0xdefb, 0xe71c, 0x73ae, 0x1082, 0x1082, 0x2104, 0x31a6, 0x39c7, 0x18e3, 0x1082, 0x1082, 0x1082, 0x1082,
  0xdefb, 0xe71c, 0x73ae, 0x1082, 0x1082, 0x1082, 0x1082, 0x1082, 0x1082, 0x1082, 0x1082, 0x1082, 0x1082,
  0xdefb, 0xe71c, 0x73ae, 0x1082, 0x1082, 0x1082, 0x1082, 0x1082, 0x1082, 0x1082, 0x1082, 0x1082, 0x1082,
  0xdefb, 0xe71c, 0x73ae, 0x1082, 0x1082, 0x1082, 0x1082, 0x1082, 0x1082, 0x1082, 0x1082, 0x1082, 0x1082,
  0xdefb, 0xe71c, 0x73ae, 0x1082, 0x1082, 0x1082, 0x1082, 0x1082, 0x1082, 0x1082, 0x1082, 0x1082, 0x1082,
  0x3186, 0x3186, 0x2104, 0x1082, 0x1082, 0x1082, 0x1082, 0x1082, 0x1082, 0x1082, 0x1082, 0x1082, 0x1082,
};


#define OUTFIT_24PX_LIGHT_300_E3E3E3_Q_HEIGHT 29
#define OUTFIT_24PX_LIGHT_300_E3E3E3_Q_WIDTH 14

// array size is 406
const uint16_t font_outfit24_light300_q[] = {
  0x1082, 0x1082, 0x1082, 0x1082, 0x1082, 0x1082, 0x1082, 0x1082, 0x1082, 0x1082, 0x1082, 0x1082, 0x1082,
  0x1082, 0x1082, 0x1082, 0x1082, 0x1082, 0x1082, 0x1082, 0x1082, 0x1082, 0x1082, 0x1082, 0x1082, 0x1082,
  0x1082, 0x1082, 0x1082, 0x1082, 0x1082, 0x1082, 0x1082, 0x1082, 0x1082, 0x1082, 0x1082, 0x1082, 0x1082,
  0x1082, 0x1082, 0x1082, 0x1082, 0x1082, 0x1082, 0x1082, 0x1082, 0x1082, 0x1082, 0x1082, 0x1082, 0x1082,
  0x1082, 0x1082, 0x1082, 0x1082, 0x1082, 0x1082, 0x1082, 0x1082, 0x1082, 0x1082, 0x1082, 0x1082, 0x1082,
  0x1082, 0x1082, 0x1082, 0x1082, 0x1082, 0x1082, 0x1082, 0x1082, 0x1082, 0x1082, 0x1082, 0x1082, 0x1082,
  0x1082, 0x1082, 0x1082, 0x1082, 0x1082, 0x1082, 0x1082, 0x1082, 0x1082, 0x1082, 0x1082, 0x1082, 0x1082,
  0x1082, 0x1082, 0x1082, 0x1082, 0x1082, 0x1082, 0x1082, 0x1082, 0x1082, 0x1082, 0x1082, 0x1082, 0x1082,
  0x1082, 0x1082, 0x1082, 0x1082, 0x1082, 0x1082, 0x1082, 0x1082, 0x1082, 0x1082, 0x1082, 0x1082, 0x1082,
  0x1082, 0x1082, 0x1082, 0x1082, 0x1082, 0x1082, 0x1082, 0x1082, 0x1082, 0x1082, 0x1082, 0x1082, 0x1082,
  0x1082, 0x10a2, 0x2104, 0x10a2, 0x1082, 0x1082, 0x1082, 0x1082, 0x1082, 0x1082, 0x1082, 0x1082, 0x1082,
  0x52aa, 0xb596, 0xdefb, 0xe71c, 0xdedb, 0xad55, 0x632d, 0x39e7, 0xbdf7, 0xad75, 0x18e3, 0x1082, 0x1082,
  0x738e, 0xe71c, 0xe71c, 0xe71c, 0xe71c, 0xe71c, 0xe71c, 0xe71c, 0xc638, 0xe71c, 0xe71c, 0x39c7, 0x1082,
  0x632c, 0xe71c, 0xe71c, 0xdefb, 0xa514, 0x738e, 0x7bcf, 0xb596, 0xe71c, 0xe71c, 0xe71c, 0xe71c, 0x39c7,
  0x18e3, 0xe71c, 0xe71c, 0xdefb, 0x528a, 0x1082, 0x1082, 0x1082, 0x1082, 0x8430, 0xe71c, 0xe71c, 0xe71c,
  0x39c7, 0x4a69, 0xe71c, 0xe71c, 0x6b4d, 0x1082, 0x1082, 0x1082, 0x1082, 0x1082, 0x10a2, 0xd69a, 0xe71c,
  0xe71c, 0x39c7, 0x8410, 0xe71c, 0xe71c, 0x2124, 0x1082, 0x1082, 0x1082, 0x1082, 0x1082, 0x1082, 0x7bef,
  0xe71c, 0xe71c, 0x39c7, 0xad55, 0xe71c, 0xd69a, 0x1082, 0x1082, 0x1082, 0x1082, 0x1082, 0x1082, 0x1082,
  0x4a69, 0xe71c, 0xe71c, 0x39c7, 0x8c71, 0xe71c, 0xe71c, 0x18e3, 0x1082, 0x1082, 0x1082, 0x1082, 0x1082,
  0x1082, 0x630c, 0xe71c, 0xe71c, 0x39c7, 0x5acb, 0xe71c, 0xe71c, 0x52aa, 0x1082, 0x1082, 0x1082, 0x1082,
  0x1082, 0x1082, 0xbdd7, 0xe71c, 0xe71c, 0x39c7, 0x2124, 0xe71c, 0xe71c, 0xd6ba, 0x39c7, 0x1082, 0x1082,
  0x1082, 0x1082, 0x4a49, 0xe71c, 0xe71c, 0xe71c, 0x39c7, 0x1082, 0x8c71, 0xe71c, 0xe71c, 0xd69a, 0x7bef,
  0x528a, 0x4229, 0x8410, 0xe71c, 0xe71c, 0xe71c, 0xe71c, 0x39c7, 0x1082, 0x10a2, 0x94b2, 0xe71c, 0xe71c,
  0xe71c, 0xe71c, 0xe71c, 0xe71c, 0xe71c, 0xe71c, 0xe71c, 0xe71c, 0x39c7, 0x1082, 0x1082, 0x10a2, 0x7bef,
  0xd69a, 0xe71c, 0xe71c, 0xe71c, 0xd69a, 0x8c71, 0x4a69, 0xe71c, 0xe71c, 0x39c7, 0x1082, 0x1082, 0x1082,
  0x1082, 0x10a3, 0x3186, 0x31a6, 0x3186, 0x1082, 0x1082, 0x4a49, 0xe71c, 0xe71c, 0x39c7, 0x1082, 0x1082,
  0x1082, 0x1082, 0x1082, 0x1082, 0x1082, 0x1082, 0x1082, 0x1082, 0x4a49, 0xe71c, 0xe71c, 0x39c7, 0x1082,
  0x1082, 0x1082, 0x1082, 0x1082, 0x1082, 0x1082, 0x1082, 0x1082, 0x1082, 0x4a49, 0xe71c, 0xe71c, 0x39c7,
  0x1082, 0x1082, 0x1082, 0x1082, 0x1082, 0x1082, 0x1082, 0x1082, 0x1082, 0x1082, 0x4a49, 0xe71c, 0xe71c,
  0x39c7, 0x1082, 0x1082, 0x1082, 0x1082, 0x1082, 0x1082, 0x1082, 0x1082, 0x1082, 0x1082, 0x4a49, 0xe71c,
  0xe71c, 0x39c7, 0x1082, 0x1082, 0x1082, 0x1082, 0x1082, 0x1082, 0x1082, 0x1082, 0x1082, 0x1082, 0x18c3,
  0x3186, 0x3186, 0x18c3,
};


#define OUTFIT_24PX_LIGHT_300_E3E3E3_R_HEIGHT 29
#define OUTFIT_24PX_LIGHT_300_E3E3E3_R_WIDTH 9

// array size is 261
const uint16_t font_outfit24_light300_r[] = {
  0x1082, 0x1082, 0x1082, 0x1082, 0x1082, 0x1082, 0x1082, 0x1082, 0x1082, 0x1082, 0x1082, 0x1082, 0x1082,
  0x1082, 0x1082, 0x1082, 0x1082, 0x1082, 0x1082, 0x1082, 0x1082, 0x1082, 0x1082, 0x1082, 0x1082, 0x1082,
  0x1082, 0x1082, 0x1082, 0x1082, 0x1082, 0x1082, 0x1082, 0x1082, 0x1082, 0x1082, 0x1082, 0x1082, 0x1082,
  0x1082, 0x1082, 0x1082, 0x1082, 0x1082, 0x1082, 0x1082, 0x1082, 0x1082, 0x1082, 0x1082, 0x1082, 0x1082,
  0x1082, 0x1082, 0x1082, 0x1082, 0x1082, 0x1082, 0x1082, 0x1082, 0x1082, 0x1082, 0x1082, 0x1082, 0x1082,
  0x1082, 0x1082, 0x1082, 0x1082, 0x1082, 0x1082, 0x1082, 0x1082, 0x1082, 0x1082, 0x1082, 0x1082, 0x1082,
  0x1082, 0x1082, 0x1082, 0x1082, 0x1082, 0x1082, 0x1082, 0x1082, 0x2104, 0x10a2, 0x1082, 0x1082, 0xbdd7,
  0xbdf7, 0x4a69, 0x94b3, 0xd69a, 0xe71c, 0xdedb, 0xad75, 0x3186, 0xdefb, 0xe71c, 0xe71c, 0xe71c, 0xe71c,
  0xe71c, 0xe71c, 0xe71c, 0xdedb, 0xdefb, 0xe71c, 0xe71c, 0xdedb, 0x7bcf, 0x5aec, 0x9cf3, 0xe71c, 0x6b6d,
  0xdefb, 0xe71c, 0xe71c, 0x39c7, 0x1082, 0x1082, 0x1082, 0x2945, 0x1082, 0xdefb, 0xe71c, 0xe71c, 0x1082,
  0x1082, 0x1082, 0x1082, 0x1082, 0x1082, 0xdefb, 0xe71c, 0xc618, 0x1082, 0x1082, 0x1082, 0x1082, 0x1082,
  0x1082, 0xdefb, 0xe71c, 0x73ae, 0x1082, 0x1082, 0x1082, 0x1082, 0x1082, 0x1082, 0xdefb, 0xe71c, 0x73ae,
  0x1082, 0x1082, 0x1082, 0x1082, 0x1082, 0x1082, 0xdefb, 0xe71c, 0x73ae, 0x1082, 0x1082, 0x1082, 0x1082,
  0x1082, 0x1082, 0xdefb, 0xe71c, 0x73ae, 0x1082, 0x1082, 0x1082, 0x1082, 0x1082, 0x1082, 0xdefb, 0xe71c,
  0x73ae, 0x1082, 0x1082, 0x1082, 0x1082, 0x1082, 0x1082, 0xdefb, 0xe71c, 0x73ae, 0x1082, 0x1082, 0x1082,
  0x1082, 0x1082, 0x1082, 0xdefb, 0xe71c, 0x73ae, 0x1082, 0x1082, 0x1082, 0x1082, 0x1082, 0x1082, 0x1082,
  0x1082, 0x1082, 0x1082, 0x1082, 0x1082, 0x1082, 0x1082, 0x1082, 0x1082, 0x1082, 0x1082, 0x1082, 0x1082,
  0x1082, 0x1082, 0x1082, 0x1082, 0x1082, 0x1082, 0x1082, 0x1082, 0x1082, 0x1082, 0x1082, 0x1082, 0x1082,
  0x1082, 0x1082, 0x1082, 0x1082, 0x1082, 0x1082, 0x1082, 0x1082, 0x1082, 0x1082, 0x1082, 0x1082, 0x1082,
  0x1082, 0x1082, 0x1082, 0x1082, 0x1082, 0x1082, 0x1082, 0x1082, 0x1082, 0x1082, 0x1082, 0x1082, 0x1082,
  0x1082,
};


#define OUTFIT_24PX_LIGHT_300_E3E3E3_S_HEIGHT 29
#define OUTFIT_24PX_LIGHT_300_E3E3E3_S_WIDTH 11

// array size is 319
const uint16_t font_outfit24_light300_s[] = {
  0x1082, 0x1082, 0x1082, 0x1082, 0x1082, 0x1082, 0x1082, 0x1082, 0x1082, 0x1082, 0x1082, 0x1082, 0x1082,
  0x1082, 0x1082, 0x1082, 0x1082, 0x1082, 0x1082, 0x1082, 0x1082, 0x1082, 0x1082, 0x1082, 0x1082, 0x1082,
  0x1082, 0x1082, 0x1082, 0x1082, 0x1082, 0x1082, 0x1082, 0x1082, 0x1082, 0x1082, 0x1082, 0x1082, 0x1082,
  0x1082, 0x1082, 0x1082, 0x1082, 0x1082, 0x1082, 0x1082, 0x1082, 0x1082, 0x1082, 0x1082, 0x1082, 0x1082,
  0x1082, 0x1082, 0x1082, 0x1082, 0x1082, 0x1082, 0x1082, 0x1082, 0x1082, 0x1082, 0x1082, 0x1082, 0x1082,
  0x1082, 0x1082, 0x1082, 0x1082, 0x1082, 0x1082, 0x1082, 0x1082, 0x1082, 0x1082, 0x1082, 0x1082, 0x1082,
  0x1082, 0x1082, 0x1082, 0x1082, 0x1082, 0x1082, 0x1082, 0x1082, 0x1082, 0x1082, 0x1082, 0x1082, 0x1082,
  0x1082, 0x1082, 0x1082, 0x1082, 0x1082, 0x1082, 0x1082, 0x1082, 0x1082, 0x1082, 0x1082, 0x1082, 0x1082,
  0x2104, 0x10a2, 0x1082, 0x1082, 0x1082, 0x1082, 0x1082, 0x1082, 0x39c7, 0xa535, 0xd69a, 0xe71c, 0xdefb,
  0xb5b6, 0x7bcf, 0x10a2, 0x1082, 0x10a2, 0x4208, 0xdedb, 0xe71c, 0xe71c, 0xe71c, 0xe71c, 0xe71c, 0xe71c,
  0xad75, 0x2104, 0x1082, 0x8c71, 0xe71c, 0xe71c, 0x8c51, 0x5acb, 0x6b6d, 0xbdf7, 0xe71c, 0xdefb, 0x31a7,
  0x1082, 0xbdf7, 0xe71c, 0xc618, 0x1082, 0x1082, 0x1082, 0x18c3, 0x8430, 0x4a69, 0x1082, 0x1082, 0xa514,
  0xe71c, 0xdefb, 0x6b4d, 0x10a3, 0x1082, 0x1082, 0x1082, 0x1082, 0x1082, 0x1082, 0x630c, 0xe71c, 0xe71c,
  0xe71c, 0xd6ba, 0x9cd3, 0x4a69, 0x10a2, 0x1082, 0x1082, 0x1082, 0x1082, 0x6b4d, 0xdedb, 0xe71c, 0xe71c,
  0xe71c, 0xe71c, 0xbdf7, 0x2965, 0x1082, 0x1082, 0x1082, 0x1082, 0x18e3, 0x630c, 0xa534, 0xdefb, 0xe71c,
  0xe71c, 0xc618, 0x1082, 0x1082, 0x1082, 0x1082, 0x1082, 0x1082, 0x1082, 0x2965, 0xad75, 0xe71c, 0xe71c,
  0x2966, 0x10a2, 0x8430, 0x7bef, 0x10a2, 0x1082, 0x1082, 0x1082, 0x5aec, 0xe71c, 0xe71c, 0x4a69, 0x738e,
  0xe71c, 0xe71c, 0xad55, 0x528a, 0x3186, 0x4a69, 0xb5b6, 0xe71c, 0xdefb, 0x2945, 0x31a6, 0xce79, 0xe71c,
  0xe71c, 0xe71c, 0xe71c, 0xe71c, 0xe71c, 0xe71c, 0x8430, 0x1082, 0x1082, 0x2125, 0x8c51, 0xdedb, 0xe71c,
  0xe71c, 0xe71c, 0xe71c, 0x9492, 0x18e3, 0x1082, 0x1082, 0x1082, 0x1082, 0x10a3, 0x3186, 0x31a6, 0x39c7,
  0x18e3, 0x1082, 0x1082, 0x1082, 0x1082, 0x1082, 0x1082, 0x1082, 0x1082, 0x1082, 0x1082, 0x1082, 0x1082,
  0x1082, 0x1082, 0x1082, 0x1082, 0x1082, 0x1082, 0x1082, 0x1082, 0x1082, 0x1082, 0x1082, 0x1082, 0x1082,
  0x1082, 0x1082, 0x1082, 0x1082, 0x1082, 0x1082, 0x1082, 0x1082, 0x1082, 0x1082, 0x1082, 0x1082, 0x1082,
  0x1082, 0x1082, 0x1082, 0x1082, 0x1082, 0x1082, 0x1082, 0x1082, 0x1082, 0x1082, 0x1082, 0x1082, 0x1082,
  0x1082, 0x1082, 0x1082, 0x1082, 0x1082, 0x1082, 0x1082,
};


#define OUTFIT_24PX_LIGHT_300_E3E3E3_SZLIG_HEIGHT 29
#define OUTFIT_24PX_LIGHT_300_E3E3E3_SZLIG_WIDTH 14

// array size is 406
const uint16_t font_outfit24_light300_szlig[] = {
  0x1082, 0x1082, 0x1082, 0x1082, 0x1082, 0x1082, 0x1082, 0x1082, 0x1082, 0x1082, 0x1082, 0x1082, 0x1082,
  0x1082, 0x1082, 0x1082, 0x1082, 0x1082, 0x1082, 0x1082, 0x1082, 0x1082, 0x1082, 0x1082, 0x1082, 0x1082,
  0x1082, 0x1082, 0x1082, 0x1082, 0x1082, 0x1082, 0x1082, 0x1082, 0x1082, 0x1082, 0x1082, 0x1082, 0x1082,
  0x1082, 0x1082, 0x1082, 0x1082, 0x1082, 0x1082, 0x1082, 0x10a2, 0x39e7, 0x4208, 0x18c3, 0x1082, 0x1082,
  0x1082, 0x1082, 0x1082, 0x1082, 0x1082, 0x1082, 0x31a6, 0xad55, 0xdedb, 0xe71c, 0xe71c, 0xdefb, 0xb596,
  0x4a49, 0x1082, 0x1082, 0x1082, 0x1082, 0x1082, 0x39c7, 0xd69a, 0xe71c, 0xe71c, 0xe71c, 0xe71c, 0xe71c,
  0xe71c, 0xdefb, 0x4a69, 0x1082, 0x1082, 0x1082, 0x1082, 0xce59, 0xe71c, 0xe71c, 0x8c71, 0x39c7, 0x4208,
  0x8430, 0xe71c, 0xe71c, 0xdedb, 0x10a2, 0x1082, 0x1082, 0x3186, 0xe71c, 0xe71c, 0x8430, 0x1082, 0x1082,
  0x1082, 0x1082, 0x7bef, 0xe71c, 0xe71c, 0x4208, 0x1082, 0x1082, 0x632c, 0xe71c, 0xe71c, 0x2965, 0x1082,
  0x1082, 0x1082, 0x1082, 0x2965, 0xe71c, 0xe71c, 0x738e, 0x1082, 0x1082, 0x73ae, 0xe71c, 0xe71c, 0x10a2,
  0x1082, 0x1082, 0x1082, 0x1082, 0x3186, 0xe71c, 0xe71c, 0x6b4d, 0x1082, 0x1082, 0x73ae, 0xe71c, 0xdefb,
  0x1082, 0x1082, 0x1082, 0x1082, 0x1082, 0x8430, 0xe71c, 0xe71c, 0x4228, 0x1082, 0x1082, 0x73ae, 0xe71c,
  0xdefb, 0x1082, 0x1082, 0x10a2, 0x39e7, 0x8430, 0xe71c, 0xe71c, 0xb596, 0x1082, 0x1082, 0x1082, 0x73ae,
  0xe71c, 0xdefb, 0x1082, 0x1082, 0xb596, 0xe71c, 0xe71c, 0xe71c, 0xe71c, 0x4208, 0x1082, 0x1082, 0x1082,
  0x73ae, 0xe71c, 0xdefb, 0x1082, 0x1082, 0xce79, 0xe71c, 0xe71c, 0xe71c, 0xe71c, 0xe71c, 0x528a, 0x1082,
  0x1082, 0x73ae, 0xe71c, 0xdefb, 0x1082, 0x1082, 0x3186, 0x31a7, 0x630c, 0x9cf3, 0xe71c, 0xe71c, 0xdefb,
  0x4229, 0x1082, 0x73ae, 0xe71c, 0xdefb, 0x1082, 0x1082, 0x1082, 0x1082, 0x1082, 0x1082, 0x7bcf, 0xe71c,
  0xe71c, 0x9cd3, 0x1082, 0x73ae, 0xe71c, 0xdefb, 0x1082, 0x1082, 0x1082, 0x1082, 0x1082, 0x1082, 0x1082,
  0xc638, 0xe71c, 0xce59, 0x1082, 0x73ae, 0xe71c, 0xdefb, 0x1082, 0x1082, 0x1082, 0x1082, 0x1082, 0x1082,
  0x1082, 0x9cf3, 0xe71c, 0xe71c, 0x2104, 0x73ae, 0xe71c, 0xdefb, 0x1082, 0x1082, 0x1082, 0x1082, 0x1082,
  0x1082, 0x1082, 0xb5b6, 0xe71c, 0xdefb, 0x10a2, 0x73ae, 0xe71c, 0xdefb, 0x1082, 0x18c3, 0x10a2, 0x1082,
  0x1082, 0x1082, 0x4a49, 0xe71c, 0xe71c, 0xbdd7, 0x1082, 0x73ae, 0xe71c, 0xdefb, 0x2124, 0xce59, 0xb596,
  0x4a69, 0x4208, 0x738e, 0xdedb, 0xe71c, 0xe71c, 0x632c, 0x1082, 0x73ae, 0xe71c, 0xdefb, 0x9492, 0xe71c,
  0xe71c, 0xe71c, 0xe71c, 0xe71c, 0xe71c, 0xe71c, 0xa534, 0x1082, 0x1082, 0x73ae, 0xe71c, 0xdefb, 0x2124,
  0x9cd3, 0xe71c, 0xe71c, 0xe71c, 0xe71c, 0xd69a, 0x6b6d, 0x10a2, 0x1082, 0x1082, 0x1082, 0x1082, 0x1082,
  0x1082, 0x1082, 0x18c3, 0x39c7, 0x31a6, 0x2124, 0x1082, 0x1082, 0x1082, 0x1082, 0x1082, 0x1082, 0x1082,
  0x1082, 0x1082, 0x1082, 0x1082, 0x1082, 0x1082, 0x1082, 0x1082, 0x1082, 0x1082, 0x1082, 0x1082, 0x1082,
  0x1082, 0x1082, 0x1082, 0x1082, 0x1082, 0x1082, 0x1082, 0x1082, 0x1082, 0x1082, 0x1082, 0x1082, 0x1082,
  0x1082, 0x1082, 0x1082, 0x1082, 0x1082, 0x1082, 0x1082, 0x1082, 0x1082, 0x1082, 0x1082, 0x1082, 0x1082,
  0x1082, 0x1082, 0x1082, 0x1082, 0x1082, 0x1082, 0x1082, 0x1082, 0x1082, 0x1082, 0x1082, 0x1082, 0x1082,
  0x1082, 0x1082, 0x1082, 0x1082, 0x1082, 0x1082, 0x1082, 0x1082, 0x1082, 0x1082, 0x1082, 0x1082, 0x1082,
  0x1082, 0x1082, 0x1082,
};


#define OUTFIT_24PX_LIGHT_300_E3E3E3_T_HEIGHT 29
#define OUTFIT_24PX_LIGHT_300_E3E3E3_T_WIDTH 9

// array size is 261
const uint16_t font_outfit24_light300_t[] = {
  0x1082, 0x1082, 0x1082, 0x1082, 0x1082, 0x1082, 0x1082, 0x1082, 0x1082, 0x1082, 0x1082, 0x1082, 0x1082,
  0x1082, 0x1082, 0x1082, 0x1082, 0x1082, 0x1082, 0x1082, 0x1082, 0x1082, 0x1082, 0x1082, 0x1082, 0x1082,
  0x1082, 0x1082, 0x1082, 0x1082, 0x1082, 0x1082, 0x1082, 0x1082, 0x1082, 0x1082, 0x1082, 0x1082, 0x1082,
  0x1082, 0x1082, 0x1082, 0x1082, 0x1082, 0x1082, 0x1082, 0x1082, 0x1082, 0x8430, 0xdefb, 0xc618, 0x1082,
  0x1082, 0x1082, 0x1082, 0x1082, 0x1082, 0x8c51, 0xe71c, 0xc638, 0x1082, 0x1082, 0x1082, 0x1082, 0x1082,
  0x1082, 0x8c51, 0xe71c, 0xc638, 0x1082, 0x1082, 0x1082, 0x1082, 0x1082, 0x1082, 0x8c51, 0xe71c, 0xc638,
  0x1082, 0x1082, 0x1082, 0x1082, 0x1082, 0x1082, 0x8c51, 0xe71c, 0xc638, 0x1082, 0x1082, 0x1082, 0x8410,
  0xbdf7, 0xbdf7, 0xe71c, 0xe71c, 0xe71c, 0xbdf7, 0xbdf7, 0x8c71, 0x9cd3, 0xe71c, 0xe71c, 0xe71c, 0xe71c,
  0xe71c, 0xe71c, 0xe71c, 0xd6ba, 0x4a69, 0x6b6d, 0x6b6d, 0xe71c, 0xe71c, 0xe71c, 0x6b6d, 0x6b6d, 0x632c,
  0x1082, 0x1082, 0x1082, 0x8c51, 0xe71c, 0xc638, 0x1082, 0x1082, 0x1082, 0x1082, 0x1082, 0x1082, 0x8c51,
  0xe71c, 0xc638, 0x1082, 0x1082, 0x1082, 0x1082, 0x1082, 0x1082, 0x8c51, 0xe71c, 0xc638, 0x1082, 0x1082,
  0x1082, 0x1082, 0x1082, 0x1082, 0x8c51, 0xe71c, 0xc638, 0x1082, 0x1082, 0x1082, 0x1082, 0x1082, 0x1082,
  0x8c51, 0xe71c, 0xc638, 0x1082, 0x1082, 0x1082, 0x1082, 0x1082, 0x1082, 0x8c51, 0xe71c, 0xc638, 0x1082,
  0x1082, 0x1082, 0x1082, 0x1082, 0x1082, 0x8c51, 0xe71c, 0xc638, 0x1082, 0x1082, 0x1082, 0x1082, 0x1082,
  0x1082, 0x8c51, 0xe71c, 0xc638, 0x1082, 0x1082, 0x1082, 0x1082, 0x1082, 0x1082, 0x8c51, 0xe71c, 0xc638,
  0x1082, 0x1082, 0x1082, 0x1082, 0x1082, 0x1082, 0x8c51, 0xe71c, 0xb5b6, 0x1082, 0x1082, 0x1082, 0x1082,
  0x1082, 0x1082, 0x1082, 0x1082, 0x1082, 0x1082, 0x1082, 0x1082, 0x1082, 0x1082, 0x1082, 0x1082, 0x1082,
  0x1082, 0x1082, 0x1082, 0x1082, 0x1082, 0x1082, 0x1082, 0x1082, 0x1082, 0x1082, 0x1082, 0x1082, 0x1082,
  0x1082, 0x1082, 0x1082, 0x1082, 0x1082, 0x1082, 0x1082, 0x1082, 0x1082, 0x1082, 0x1082, 0x1082, 0x1082,
  0x1082, 0x1082, 0x1082, 0x1082, 0x1082, 0x1082, 0x1082, 0x1082, 0x1082, 0x1082, 0x1082, 0x1082, 0x1082,
  0x1082,
};


#define OUTFIT_24PX_LIGHT_300_E3E3E3_U_HEIGHT 29
#define OUTFIT_24PX_LIGHT_300_E3E3E3_U_WIDTH 12

// array size is 348
const uint16_t font_outfit24_light300_u[] = {
  0x1082, 0x1082, 0x1082, 0x1082, 0x1082, 0x1082, 0x1082, 0x1082, 0x1082, 0x1082, 0x1082, 0x1082, 0x1082,
  0x1082, 0x1082, 0x1082, 0x1082, 0x1082, 0x1082, 0x1082, 0x1082, 0x1082, 0x1082, 0x1082, 0x1082, 0x1082,
  0x1082, 0x1082, 0x1082, 0x1082, 0x1082, 0x1082, 0x1082, 0x1082, 0x1082, 0x1082, 0x1082, 0x1082, 0x1082,
  0x1082, 0x1082, 0x1082, 0x1082, 0x1082, 0x1082, 0x1082, 0x1082, 0x1082, 0x1082, 0x1082, 0x1082, 0x1082,
  0x1082, 0x1082, 0x1082, 0x1082, 0x1082, 0x1082, 0x1082, 0x1082, 0x1082, 0x1082, 0x1082, 0x1082, 0x1082,
  0x1082, 0x1082, 0x1082, 0x1082, 0x1082, 0x1082, 0x1082, 0x1082, 0x1082, 0x1082, 0x1082, 0x1082, 0x1082,
  0x1082, 0x1082, 0x1082, 0x1082, 0x1082, 0x1082, 0x1082, 0x1082, 0x1082, 0x1082, 0x1082, 0x1082, 0x1082,
  0x1082, 0x1082, 0x1082, 0x1082, 0x1082, 0x1082, 0x1082, 0x1082, 0x1082, 0x1082, 0x1082, 0x1082, 0x1082,
  0x1082, 0x1082, 0x1082, 0x1082, 0x1082, 0x1082, 0x1082, 0x1082, 0x1082, 0x1082, 0x1082, 0x1082, 0x1082,
  0x1082, 0x1082, 0x1082, 0x94b2, 0xbdf7, 0x8430, 0x1082, 0x1082, 0x1082, 0x1082, 0x1082, 0x4228, 0xbdf7,
  0xa534, 0x18c3, 0xb596, 0xe71c, 0x9cf3, 0x1082, 0x1082, 0x1082, 0x1082, 0x1082, 0x528a, 0xe71c, 0xe71c,
  0x2965, 0xb596, 0xe71c, 0x9cf3, 0x1082, 0x1082, 0x1082, 0x1082, 0x1082, 0x528a, 0xe71c, 0xe71c, 0x2965,
  0xb596, 0xe71c, 0x9cf3, 0x1082, 0x1082, 0x1082, 0x1082, 0x1082, 0x528a, 0xe71c, 0xe71c, 0x2965, 0xb596,
  0xe71c, 0x9cf3, 0x1082, 0x1082, 0x1082, 0x1082, 0x1082, 0x528a, 0xe71c, 0xe71c, 0x2965, 0xb596, 0xe71c,
  0x9cf3, 0x1082, 0x1082, 0x1082, 0x1082, 0x1082, 0x528a, 0xe71c, 0xe71c, 0x2965, 0xb596, 0xe71c, 0x9cf3,
  0x1082, 0x1082, 0x1082, 0x1082, 0x1082, 0x528a, 0xe71c, 0xe71c, 0x2965, 0xb596, 0xe71c, 0xad75, 0x1082,
  0x1082, 0x1082, 0x1082, 0x1082, 0x5aeb, 0xe71c, 0xe71c, 0x2965, 0x94b2, 0xe71c, 0xd6ba, 0x1082, 0x1082,
  0x1082, 0x1082, 0x1082, 0x7bef, 0xe71c, 0xdefb, 0x10a3, 0x632c, 0xe71c, 0xe71c, 0x630c, 0x1082, 0x1082,
  0x1082, 0x18e3, 0xd69a, 0xe71c, 0xb596, 0x1082, 0x3186, 0xe71c, 0xe71c, 0xe71c, 0x7bcf, 0x4228, 0x528a,
  0xc618, 0xe71c, 0xe71c, 0x7bcf, 0x1082, 0x1082, 0x5acb, 0xe71c, 0xe71c, 0xe71c, 0xe71c, 0xe71c, 0xe71c,
  0xe71c, 0xa514, 0x10a2, 0x1082, 0x1082, 0x1082, 0x5acb, 0xb5b6, 0xe71c, 0xe71c, 0xe71c, 0xce59, 0x8c51,
  0x18c3, 0x1082, 0x1082, 0x1082, 0x1082, 0x1082, 0x1082, 0x18e3, 0x3186, 0x2965, 0x1082, 0x1082, 0x1082,
  0x1082, 0x1082, 0x1082, 0x1082, 0x1082, 0x1082, 0x1082, 0x1082, 0x1082, 0x1082, 0x1082, 0x1082, 0x1082,
  0x1082, 0x1082, 0x1082, 0x1082, 0x1082, 0x1082, 0x1082, 0x1082, 0x1082, 0x1082, 0x1082, 0x1082, 0x1082,
  0x1082, 0x1082, 0x1082, 0x1082, 0x1082, 0x1082, 0x1082, 0x1082, 0x1082, 0x1082, 0x1082, 0x1082, 0x1082,
  0x1082, 0x1082, 0x1082, 0x1082, 0x1082, 0x1082, 0x1082, 0x1082, 0x1082, 0x1082, 0x1082, 0x1082, 0x1082,
  0x1082, 0x1082, 0x1082, 0x1082, 0x1082, 0x1082, 0x1082, 0x1082, 0x1082, 0x1082,
};


#define OUTFIT_24PX_LIGHT_300_E3E3E3_UUML_HEIGHT 29
#define OUTFIT_24PX_LIGHT_300_E3E3E3_UUML_WIDTH 12

// array size is 348
const uint16_t font_outfit24_light300_uuml[] = {
  0x1082, 0x1082, 0x1082, 0x1082, 0x1082, 0x1082, 0x1082, 0x1082, 0x1082, 0x1082, 0x1082, 0x1082, 0x1082,
  0x1082, 0x1082, 0x1082, 0x1082, 0x1082, 0x1082, 0x1082, 0x1082, 0x1082, 0x1082, 0x1082, 0x1082, 0x1082,
  0x1082, 0x1082, 0x1082, 0x1082, 0x1082, 0x1082, 0x1082, 0x1082, 0x1082, 0x1082, 0x1082, 0x1082, 0x1082,
  0x1082, 0x1082, 0x1082, 0x1082, 0x1082, 0x1082, 0x1082, 0x1082, 0x1082, 0x1082, 0x1082, 0x1082, 0x1082,
  0x1082, 0x1082, 0x1082, 0x1082, 0x1082, 0x1082, 0x1082, 0x1082, 0x1082, 0x1082, 0x2945, 0x73ae, 0x528a,
  0x1082, 0x1082, 0x2966, 0x73ae, 0x4a69, 0x1082, 0x1082, 0x1082, 0x1082, 0xad55, 0xe71c, 0xe71c, 0x31a6,
  0x1082, 0xb5b6, 0xe71c, 0xe71c, 0x2945, 0x1082, 0x1082, 0x1082, 0xb596, 0xe71c, 0xe71c, 0x39e7, 0x1082,
  0xbdf7, 0xe71c, 0xe71c, 0x3186, 0x1082, 0x1082, 0x1082, 0x39c7, 0x9492, 0x6b6e, 0x1082, 0x1082, 0x4208,
  0x94b2, 0x6b4d, 0x1082, 0x1082, 0x1082, 0x1082, 0x1082, 0x1082, 0x1082, 0x1082, 0x1082, 0x1082, 0x1082,
  0x1082, 0x1082, 0x1082, 0x4208, 0xbdf7, 0xbdf7, 0x3186, 0x1082, 0x1082, 0x1082, 0x1082, 0x1082, 0x9cd3,
  0xbdf7, 0x5acb, 0x4a49, 0xe71c, 0xe71c, 0x39c7, 0x1082, 0x1082, 0x1082, 0x1082, 0x1082, 0xbdd7, 0xe71c,
  0x94b2, 0x4a49, 0xe71c, 0xe71c, 0x39c7, 0x1082, 0x1082, 0x1082, 0x1082, 0x1082, 0xbdd7, 0xe71c, 0x94b2,
  0x4a49, 0xe71c, 0xe71c, 0x39c7, 0x1082, 0x1082, 0x1082, 0x1082, 0x1082, 0xbdd7, 0xe71c, 0x94b2, 0x4a49,
  0xe71c, 0xe71c, 0x39c7, 0x1082, 0x1082, 0x1082, 0x1082, 0x1082, 0xbdd7, 0xe71c, 0x94b2, 0x4a49, 0xe71c,
  0xe71c, 0x39c7, 0x1082, 0x1082, 0x1082, 0x1082, 0x1082, 0xbdd7, 0xe71c, 0x94b2, 0x4a49, 0xe71c, 0xe71c,
  0x39c7, 0x1082, 0x1082, 0x1082, 0x1082, 0x1082, 0xbdd7, 0xe71c, 0x94b2, 0x4a49, 0xe71c, 0xe71c, 0x4228,
  0x1082, 0x1082, 0x1082, 0x1082, 0x1082, 0xc618, 0xe71c, 0x94b2, 0x2945, 0xe71c, 0xe71c, 0x738e, 0x1082,
  0x1082, 0x1082, 0x1082, 0x18c3, 0xdefb, 0xe71c, 0x7bcf, 0x1082, 0xce59, 0xe71c, 0xc618, 0x2104, 0x1082,
  0x1082, 0x1082, 0x738e, 0xe71c, 0xe71c, 0x4a49, 0x1082, 0x9492, 0xe71c, 0xe71c, 0xb5b6, 0x5acb, 0x4208,
  0x8410, 0xe71c, 0xe71c, 0xdedb, 0x18c3, 0x1082, 0x18e3, 0xb596, 0xe71c, 0xe71c, 0xe71c, 0xe71c, 0xe71c,
  0xe71c, 0xdedb, 0x4228, 0x1082, 0x1082, 0x1082, 0x18e3, 0x94b2, 0xce79, 0xe71c, 0xe71c, 0xdefb, 0xb596,
  0x4a49, 0x1082, 0x1082, 0x1082, 0x1082, 0x1082, 0x1082, 0x1082, 0x3186, 0x3186, 0x18c3, 0x1082, 0x1082,
  0x1082, 0x1082, 0x1082, 0x1082, 0x1082, 0x1082, 0x1082, 0x1082, 0x1082, 0x1082, 0x1082, 0x1082, 0x1082,
  0x1082, 0x1082, 0x1082, 0x1082, 0x1082, 0x1082, 0x1082, 0x1082, 0x1082, 0x1082, 0x1082, 0x1082, 0x1082,
  0x1082, 0x1082, 0x1082, 0x1082, 0x1082, 0x1082, 0x1082, 0x1082, 0x1082, 0x1082, 0x1082, 0x1082, 0x1082,
  0x1082, 0x1082, 0x1082, 0x1082, 0x1082, 0x1082, 0x1082, 0x1082, 0x1082, 0x1082, 0x1082, 0x1082, 0x1082,
  0x1082, 0x1082, 0x1082, 0x1082, 0x1082, 0x1082, 0x1082, 0x1082, 0x1082, 0x1082,
};


#define OUTFIT_24PX_LIGHT_300_E3E3E3_V_HEIGHT 29
#define OUTFIT_24PX_LIGHT_300_E3E3E3_V_WIDTH 14

// array size is 406
const uint16_t font_outfit24_light300_v[] = {
  0x1082, 0x1082, 0x1082, 0x1082, 0x1082, 0x1082, 0x1082, 0x1082, 0x1082, 0x1082, 0x1082, 0x1082, 0x1082,
  0x1082, 0x1082, 0x1082, 0x1082, 0x1082, 0x1082, 0x1082, 0x1082, 0x1082, 0x1082, 0x1082, 0x1082, 0x1082,
  0x1082, 0x1082, 0x1082, 0x1082, 0x1082, 0x1082, 0x1082, 0x1082, 0x1082, 0x1082, 0x1082, 0x1082, 0x1082,
  0x1082, 0x1082, 0x1082, 0x1082, 0x1082, 0x1082, 0x1082, 0x1082, 0x1082, 0x1082, 0x1082, 0x1082, 0x1082,
  0x1082, 0x1082, 0x1082, 0x1082, 0x1082, 0x1082, 0x1082, 0x1082, 0x1082, 0x1082, 0x1082, 0x1082, 0x1082,
  0x1082, 0x1082, 0x1082, 0x1082, 0x1082, 0x1082, 0x1082, 0x1082, 0x1082, 0x1082, 0x1082, 0x1082, 0x1082,
  0x1082, 0x1082, 0x1082, 0x1082, 0x1082, 0x1082, 0x1082, 0x1082, 0x1082, 0x1082, 0x1082, 0x1082, 0x1082,
  0x1082, 0x1082, 0x1082, 0x1082, 0x1082, 0x1082, 0x1082, 0x1082, 0x1082, 0x1082, 0x1082, 0x1082, 0x1082,
  0x1082, 0x1082, 0x1082, 0x1082, 0x1082, 0x1082, 0x1082, 0x1082, 0x1082, 0x1082, 0x1082, 0x1082, 0x1082,
  0x1082, 0x1082, 0x1082, 0x1082, 0x1082, 0x1082, 0x1082, 0x1082, 0x1082, 0x1082, 0x1082, 0x1082, 0x1082,
  0x1082, 0x1082, 0x1082, 0x1082, 0x1082, 0x1082, 0x1082, 0x1082, 0x1082, 0x1082, 0x4a49, 0xbdf7, 0xbdf7,
  0x630c, 0x1082, 0x1082, 0x1082, 0x1082, 0x1082, 0x1082, 0x2124, 0xbdf7, 0xbdf7, 0x7bcf, 0x2104, 0xdedb,
  0xe71c, 0xc638, 0x10a2, 0x1082, 0x1082, 0x1082, 0x1082, 0x1082, 0x7bcf, 0xe71c, 0xe71c, 0x5aeb, 0x1082,
  0x8430, 0xe71c, 0xe71c, 0x52aa, 0x1082, 0x1082, 0x1082, 0x1082, 0x18c3, 0xd69a, 0xe71c, 0xc638, 0x10a2,
  0x1082, 0x2945, 0xdefb, 0xe71c, 0xb596, 0x1082, 0x1082, 0x1082, 0x1082, 0x632c, 0xe71c, 0xe71c, 0x632c,
  0x1082, 0x1082, 0x1082, 0x94b2, 0xe71c, 0xe71c, 0x39e7, 0x1082, 0x1082, 0x10a2, 0xc618, 0xe71c, 0xce79,
  0x18c3, 0x1082, 0x1082, 0x1082, 0x31a6, 0xe71c, 0xe71c, 0x9cd3, 0x1082, 0x1082, 0x4a6a, 0xe71c, 0xe71c,
  0x738e, 0x1082, 0x1082, 0x1082, 0x1082, 0x1082, 0xa534, 0xe71c, 0xe71c, 0x2945, 0x1082, 0xad75, 0xe71c,
  0xd6ba, 0x18e3, 0x1082, 0x1082, 0x1082, 0x1082, 0x1082, 0x4228, 0xe71c, 0xe71c, 0x8430, 0x39c7, 0xe71c,
  0xe71c, 0x8410, 0x1082, 0x1082, 0x1082, 0x1082, 0x1082, 0x1082, 0x1082, 0xb5b6, 0xe71c, 0xd6ba, 0xa514,
  0xe71c, 0xdefb, 0x2124, 0x1082, 0x1082, 0x1082, 0x1082, 0x1082, 0x1082, 0x1082, 0x528a, 0xe71c, 0xe71c,
  0xe71c, 0xe71c, 0x9492, 0x1082, 0x1082, 0x1082, 0x1082, 0x1082, 0x1082, 0x1082, 0x1082, 0x10a2, 0xc618,
  0xe71c, 0xe71c, 0xe71c, 0x3186, 0x1082, 0x1082, 0x1082, 0x1082, 0x1082, 0x1082, 0x1082, 0x1082, 0x1082,
  0x630c, 0xe71c, 0xe71c, 0x9cf4, 0x1082, 0x1082, 0x1082, 0x1082, 0x1082, 0x1082, 0x1082, 0x1082, 0x1082,
  0x1082, 0x18c3, 0xce79, 0xe71c, 0x39e7, 0x1082, 0x1082, 0x1082, 0x1082, 0x1082, 0x1082, 0x1082, 0x1082,
  0x1082, 0x1082, 0x1082, 0x1082, 0x1082, 0x1082, 0x1082, 0x1082, 0x1082, 0x1082, 0x1082, 0x1082, 0x1082,
  0x1082, 0x1082, 0x1082, 0x1082, 0x1082, 0x1082, 0x1082, 0x1082, 0x1082, 0x1082, 0x1082, 0x1082, 0x1082,
  0x1082, 0x1082, 0x1082, 0x1082, 0x1082, 0x1082, 0x1082, 0x1082, 0x1082, 0x1082, 0x1082, 0x1082, 0x1082,
  0x1082, 0x1082, 0x1082, 0x1082, 0x1082, 0x1082, 0x1082, 0x1082, 0x1082, 0x1082, 0x1082, 0x1082, 0x1082,
  0x1082, 0x1082, 0x1082, 0x1082, 0x1082, 0x1082, 0x1082, 0x1082, 0x1082, 0x1082, 0x1082, 0x1082, 0x1082,
  0x1082, 0x1082, 0x1082, 0x1082, 0x1082, 0x1082, 0x1082, 0x1082, 0x1082, 0x1082, 0x1082, 0x1082, 0x1082,
  0x1082, 0x1082, 0x1082,
};


#define OUTFIT_24PX_LIGHT_300_E3E3E3_W_HEIGHT 29
#define OUTFIT_24PX_LIGHT_300_E3E3E3_W_WIDTH 20

// array size is 580
const uint16_t font_outfit24_light300_w[] = {
  0x1082, 0x1082, 0x1082, 0x1082, 0x1082, 0x1082, 0x1082, 0x1082, 0x1082, 0x1082, 0x1082, 0x1082, 0x1082,
  0x1082, 0x1082, 0x1082, 0x1082, 0x1082, 0x1082, 0x1082, 0x1082, 0x1082, 0x1082, 0x1082, 0x1082, 0x1082,
  0x1082, 0x1082, 0x1082, 0x1082, 0x1082, 0x1082, 0x1082, 0x1082, 0x1082, 0x1082, 0x1082, 0x1082, 0x1082,
  0x1082, 0x1082, 0x1082, 0x1082, 0x1082, 0x1082, 0x1082, 0x1082, 0x1082, 0x1082, 0x1082, 0x1082, 0x1082,
  0x1082, 0x1082, 0x1082, 0x1082, 0x1082, 0x1082, 0x1082, 0x1082, 0x1082, 0x1082, 0x1082, 0x1082, 0x1082,
  0x1082, 0x1082, 0x1082, 0x1082, 0x1082, 0x1082, 0x1082, 0x1082, 0x1082, 0x1082, 0x1082, 0x1082, 0x1082,
  0x1082, 0x1082, 0x1082, 0x1082, 0x1082, 0x1082, 0x1082, 0x1082, 0x1082, 0x1082, 0x1082, 0x1082, 0x1082,
  0x1082, 0x1082, 0x1082, 0x1082, 0x1082, 0x1082, 0x1082, 0x1082, 0x1082, 0x1082, 0x1082, 0x1082, 0x1082,
  0x1082, 0x1082, 0x1082, 0x1082, 0x1082, 0x1082, 0x1082, 0x1082, 0x1082, 0x1082, 0x1082, 0x1082, 0x1082,
  0x1082, 0x1082, 0x1082, 0x1082, 0x1082, 0x1082, 0x1082, 0x1082, 0x1082, 0x1082, 0x1082, 0x1082, 0x1082,
  0x1082, 0x1082, 0x1082, 0x1082, 0x1082, 0x1082, 0x1082, 0x1082, 0x1082, 0x1082, 0x1082, 0x1082, 0x1082,
  0x1082, 0x1082, 0x1082, 0x1082, 0x1082, 0x1082, 0x1082, 0x1082, 0x1082, 0x1082, 0x1082, 0x1082, 0x1082,
  0x1082, 0x1082, 0x1082, 0x1082, 0x1082, 0x1082, 0x1082, 0x1082, 0x1082, 0x1082, 0x1082, 0x1082, 0x1082,
  0x1082, 0x1082, 0x1082, 0x1082, 0x1082, 0x1082, 0x1082, 0x1082, 0x1082, 0x1082, 0x1082, 0x1082, 0x1082,
  0x1082, 0x1082, 0x1082, 0x1082, 0x1082, 0x1082, 0x1082, 0x1082, 0x1082, 0x1082, 0x1082, 0x1082, 0x1082,
  0x1082, 0x1082, 0x1082, 0x1082, 0x1082, 0x7bcf, 0xbdf7, 0xbdf7, 0x52aa, 0x1082, 0x1082, 0x1082, 0x1082,
  0x1082, 0x9cd3, 0xbdf7, 0x3186, 0x1082, 0x1082, 0x1082, 0x1082, 0x18c3, 0xb5b6, 0xbdf7, 0x5aeb, 0x5aeb,
  0xdedb, 0xe71c, 0xad55, 0x1082, 0x1082, 0x1082, 0x1082, 0x2965, 0xe71c, 0xe71c, 0x7bef, 0x1082, 0x1082,
  0x1082, 0x1082, 0x5acb, 0xe71c, 0xe71c, 0x630c, 0x10a2, 0x9492, 0xe71c, 0xe71c, 0x2945, 0x1082, 0x1082,
  0x1082, 0x73ae, 0xe71c, 0xe71c, 0xce59, 0x10a2, 0x1082, 0x1082, 0x1082, 0xa534, 0xe71c, 0xdedb, 0x18e3,
  0x1082, 0x4208, 0xe71c, 0xe71c, 0x738e, 0x1082, 0x1082, 0x1082, 0xc618, 0xe71c, 0xe71c, 0xe71c, 0x4228,
  0x1082, 0x1082, 0x2104, 0xdefb, 0xe71c, 0x9492, 0x1082, 0x1082, 0x1082, 0xc618, 0xe71c, 0xbdf7, 0x1082,
  0x1082, 0x39e7, 0xe71c, 0xe71c, 0xe71c, 0xe71c, 0x9492, 0x1082, 0x1082, 0x6b4d, 0xe71c, 0xe71c, 0x4208,
  0x1082, 0x1082, 0x1082, 0x6b6e, 0xe71c, 0xe71c, 0x39c7, 0x1082, 0x8c51, 0xe71c, 0xd69a, 0x8c51, 0xe71c,
  0xd6ba, 0x18c3, 0x1082, 0xbdd7, 0xe71c, 0xc618, 0x1082, 0x1082, 0x1082, 0x1082, 0x2124, 0xdefb, 0xe71c,
  0x8430, 0x10a2, 0xd69a, 0xe71c, 0x8c51, 0x31a7, 0xe71c, 0xe71c, 0x52aa, 0x31a6, 0xe71c, 0xe71c, 0x738e,
  0x1082, 0x1082, 0x1082, 0x1082, 0x1082, 0x9cf4, 0xe71c, 0xce79, 0x528a, 0xe71c, 0xe71c, 0x39e7, 0x1082,
  0xbdd7, 0xe71c, 0xa514, 0x7bef, 0xe71c, 0xdefb, 0x2124, 0x1082, 0x1082, 0x1082, 0x1082, 0x1082, 0x4a69,
  0xe71c, 0xe71c, 0xd6ba, 0xe71c, 0xbdf7, 0x1082, 0x1082, 0x6b4d, 0xe71c, 0xe71c, 0xdedb, 0xe71c, 0xa514,
  0x1082, 0x1082, 0x1082, 0x1082, 0x1082, 0x1082, 0x10a2, 0xce79, 0xe71c, 0xe71c, 0xe71c, 0x6b6e, 0x1082,
  0x1082, 0x2104, 0xdefb, 0xe71c, 0xe71c, 0xe71c, 0x528a, 0x1082, 0x1082, 0x1082, 0x1082, 0x1082, 0x1082,
  0x1082, 0x7bef, 0xe71c, 0xe71c, 0xe71c, 0x2124, 0x1082, 0x1082, 0x1082, 0x9cf4, 0xe71c, 0xe71c, 0xce79,
  0x10a2, 0x1082, 0x1082, 0x1082, 0x1082, 0x1082, 0x1082, 0x1082, 0x2966, 0xe71c, 0xe71c, 0xa514, 0x1082,
  0x1082, 0x1082, 0x1082, 0x528a, 0xe71c, 0xe71c, 0x8410, 0x1082, 0x1082, 0x1082, 0x1082, 0x1082, 0x1082,
  0x1082, 0x1082, 0x1082, 0xad75, 0xe71c, 0x52aa, 0x1082, 0x1082, 0x1082, 0x1082, 0x10a2, 0xd69a, 0xe71c,
  0x3186, 0x1082, 0x1082, 0x1082, 0x0000, 0x1082, 0x1082, 0x1082, 0x1082, 0x1082, 0x1082, 0x1082, 0x1082,
  0x1082, 0x1082, 0x1082, 0x1082, 0x1082, 0x1082, 0x1082, 0x1082, 0x1082, 0x1082, 0x1082, 0x1082, 0x1082,
  0x1082, 0x1082, 0x1082, 0x1082, 0x1082, 0x1082, 0x1082, 0x1082, 0x1082, 0x1082, 0x1082, 0x1082, 0x1082,
  0x1082, 0x1082, 0x1082, 0x1082, 0x1082, 0x1082, 0x1082, 0x1082, 0x1082, 0x1082, 0x1082, 0x1082, 0x1082,
  0x1082, 0x1082, 0x1082, 0x1082, 0x1082, 0x1082, 0x1082, 0x1082, 0x1082, 0x1082, 0x1082, 0x1082, 0x1082,
  0x1082, 0x1082, 0x1082, 0x1082, 0x1082, 0x1082, 0x1082, 0x1082, 0x1082, 0x1082, 0x1082, 0x1082, 0x1082,
  0x1082, 0x1082, 0x1082, 0x1082, 0x1082, 0x1082, 0x1082, 0x1082, 0x1082, 0x1082, 0x1082, 0x1082, 0x1082,
  0x1082, 0x1082, 0x1082, 0x1082, 0x1082, 0x1082, 0x1082, 0x1082, 0x1082, 0x1082, 0x1082, 0x1082, 0x1082,
  0x1082, 0x1082, 0x1082, 0x1082, 0x1082, 0x1082, 0x1082, 0x1082, 0x1082, 0x1082, 0x1082, 0x1082, 0x1082,
  0x1082, 0x1082, 0x1082, 0x1082, 0x1082, 0x1082, 0x1082, 0x1082,
};


#define OUTFIT_24PX_LIGHT_300_E3E3E3_X_HEIGHT 29
#define OUTFIT_24PX_LIGHT_300_E3E3E3_X_WIDTH 14

// array size is 406
const uint16_t font_outfit24_light300_x[] = {
  0x1082, 0x1082, 0x1082, 0x1082, 0x1082, 0x1082, 0x1082, 0x1082, 0x1082, 0x1082, 0x1082, 0x1082, 0x1082,
  0x1082, 0x1082, 0x1082, 0x1082, 0x1082, 0x1082, 0x1082, 0x1082, 0x1082, 0x1082, 0x1082, 0x1082, 0x1082,
  0x1082, 0x1082, 0x1082, 0x1082, 0x1082, 0x1082, 0x1082, 0x1082, 0x1082, 0x1082, 0x1082, 0x1082, 0x1082,
  0x1082, 0x1082, 0x1082, 0x1082, 0x1082, 0x1082, 0x1082, 0x1082, 0x1082, 0x1082, 0x1082, 0x1082, 0x1082,
  0x1082, 0x1082, 0x1082, 0x1082, 0x1082, 0x1082, 0x1082, 0x1082, 0x1082, 0x1082, 0x1082, 0x1082, 0x1082,
  0x1082, 0x1082, 0x1082, 0x1082, 0x1082, 0x1082, 0x1082, 0x1082, 0x1082, 0x1082, 0x1082, 0x1082, 0x1082,
  0x1082, 0x1082, 0x1082, 0x1082, 0x1082, 0x1082, 0x1082, 0x1082, 0x1082, 0x1082, 0x1082, 0x1082, 0x1082,
  0x1082, 0x1082, 0x1082, 0x1082, 0x1082, 0x1082, 0x1082, 0x1082, 0x1082, 0x1082, 0x1082, 0x1082, 0x1082,
  0x1082, 0x1082, 0x1082, 0x1082, 0x1082, 0x1082, 0x1082, 0x1082, 0x1082, 0x1082, 0x1082, 0x1082, 0x1082,
  0x1082, 0x1082, 0x1082, 0x1082, 0x1082, 0x1082, 0x1082, 0x1082, 0x1082, 0x1082, 0x1082, 0x1082, 0x1082,
  0x1082, 0x1082, 0x1082, 0x1082, 0x1082, 0x1082, 0x1082, 0x1082, 0x1082, 0x1082, 0x5aeb, 0xbdd7, 0xbdf7,
  0xbdd7, 0x2966, 0x1082, 0x1082, 0x1082, 0x1082, 0x2945, 0xb5b6, 0xbdf7, 0x9492, 0x8c71, 0x630c, 0x738e,
  0xe71c, 0xe71c, 0xbdd7, 0x18c3, 0x1082, 0x1082, 0x10a2, 0xad75, 0xe71c, 0xe71c, 0x6b6d, 0x6b6d, 0x18e3,
  0x10a2, 0xa514, 0xe71c, 0xe71c, 0x8c71, 0x1082, 0x1082, 0x7bef, 0xe71c, 0xe71c, 0x9cd3, 0x1082, 0x18e3,
  0x1082, 0x1082, 0x18e4, 0xc638, 0xe71c, 0xe71c, 0x5aeb, 0x4a49, 0xe71c, 0xe71c, 0xc618, 0x18e3, 0x1082,
  0x1082, 0x1082, 0x1082, 0x1082, 0x39c7, 0xdedb, 0xe71c, 0xe71c, 0xe71c, 0xe71c, 0xdedb, 0x31a6, 0x1082,
  0x1082, 0x1082, 0x1082, 0x1082, 0x1082, 0x1082, 0x5aec, 0xe71c, 0xe71c, 0xe71c, 0xe71c, 0x5aeb, 0x1082,
  0x1082, 0x1082, 0x1082, 0x1082, 0x1082, 0x1082, 0x1082, 0x10a2, 0xe71c, 0xe71c, 0xe71c, 0xe71c, 0x10a2,
  0x1082, 0x1082, 0x1082, 0x1082, 0x1082, 0x1082, 0x1082, 0x1082, 0x73af, 0xe71c, 0xe71c, 0xe71c, 0xe71c,
  0x7bef, 0x1082, 0x1082, 0x1082, 0x1082, 0x1082, 0x1082, 0x1082, 0x4a49, 0xe71c, 0xe71c, 0xd69a, 0xd6ba,
  0xe71c, 0xe71c, 0x4a69, 0x1082, 0x1082, 0x1082, 0x1082, 0x1082, 0x2945, 0xd69a, 0xe71c, 0xdefb, 0x31a7,
  0x4208, 0xe71c, 0xe71c, 0xd69a, 0x2945, 0x1082, 0x1082, 0x1082, 0x10a2, 0xb596, 0xe71c, 0xe71c, 0x632c,
  0x1082, 0x1082, 0x73ae, 0xe71c, 0xe71c, 0xb596, 0x10a2, 0x1082, 0x1082, 0x8430, 0xe71c, 0xe71c, 0x9cd3,
  0x1082, 0x1082, 0x1082, 0x10a2, 0xad75, 0xe71c, 0xe71c, 0x8410, 0x1082, 0x2124, 0xe71c, 0xe71c, 0xc638,
  0x18e3, 0x1082, 0x1082, 0x1082, 0x1082, 0x2124, 0xd69a, 0xe71c, 0xe71c, 0x2104, 0x1082, 0x1082, 0x1082,
  0x1082, 0x1082, 0x1082, 0x1082, 0x1082, 0x1082, 0x1082, 0x1082, 0x1082, 0x1082, 0x1082, 0x1082, 0x1082,
  0x1082, 0x1082, 0x1082, 0x1082, 0x1082, 0x1082, 0x1082, 0x1082, 0x1082, 0x1082, 0x1082, 0x1082, 0x1082,
  0x1082, 0x1082, 0x1082, 0x1082, 0x1082, 0x1082, 0x1082, 0x1082, 0x1082, 0x1082, 0x1082, 0x1082, 0x1082,
  0x1082, 0x1082, 0x1082, 0x1082, 0x1082, 0x1082, 0x1082, 0x1082, 0x1082, 0x1082, 0x1082, 0x1082, 0x1082,
  0x1082, 0x1082, 0x1082, 0x1082, 0x1082, 0x1082, 0x1082, 0x1082, 0x1082, 0x1082, 0x1082, 0x1082, 0x1082,
  0x1082, 0x1082, 0x1082, 0x1082, 0x1082, 0x1082, 0x1082, 0x1082, 0x1082, 0x1082, 0x1082, 0x1082, 0x1082,
  0x1082, 0x1082, 0x1082,
};


#define OUTFIT_24PX_LIGHT_300_E3E3E3_Y_HEIGHT 29
#define OUTFIT_24PX_LIGHT_300_E3E3E3_Y_WIDTH 13

// array size is 377
const uint16_t font_outfit24_light300_y[] = {
  0x1082, 0x1082, 0x1082, 0x1082, 0x1082, 0x1082, 0x1082, 0x1082, 0x1082, 0x1082, 0x1082, 0x1082, 0x1082,
  0x1082, 0x1082, 0x1082, 0x1082, 0x1082, 0x1082, 0x1082, 0x1082, 0x1082, 0x1082, 0x1082, 0x1082, 0x1082,
  0x1082, 0x1082, 0x1082, 0x1082, 0x1082, 0x1082, 0x1082, 0x1082, 0x1082, 0x1082, 0x1082, 0x1082, 0x1082,
  0x1082, 0x1082, 0x1082, 0x1082, 0x1082, 0x1082, 0x1082, 0x1082, 0x1082, 0x1082, 0x1082, 0x1082, 0x1082,
  0x1082, 0x1082, 0x1082, 0x1082, 0x1082, 0x1082, 0x1082, 0x1082, 0x1082, 0x1082, 0x1082, 0x1082, 0x1082,
  0x1082, 0x1082, 0x1082, 0x1082, 0x1082, 0x1082, 0x1082, 0x1082, 0x1082, 0x1082, 0x1082, 0x1082, 0x1082,
  0x1082, 0x1082, 0x1082, 0x1082, 0x1082, 0x1082, 0x1082, 0x1082, 0x1082, 0x1082, 0x1082, 0x1082, 0x1082,
  0x1082, 0x1082, 0x1082, 0x1082, 0x1082, 0x1082, 0x1082, 0x1082, 0x1082, 0x1082, 0x1082, 0x1082, 0x1082,
  0x1082, 0x1082, 0x1082, 0x1082, 0x1082, 0x1082, 0x1082, 0x1082, 0x1082, 0x1082, 0x1082, 0x1082, 0x1082,
  0x1082, 0x1082, 0x1082, 0x1082, 0x1082, 0x1082, 0x1082, 0x1082, 0x1082, 0x1082, 0x1082, 0x1082, 0x1082,
  0x8c71, 0xbdf7, 0xbdd7, 0x18e3, 0x1082, 0x1082, 0x1082, 0x1082, 0x1082, 0x1082, 0x9cf3, 0xbdf7, 0x94b2,
  0x6b6d, 0xe71c, 0xe71c, 0x6b6d, 0x1082, 0x1082, 0x1082, 0x1082, 0x1082, 0x39e8, 0xe71c, 0xe71c, 0x9cf3,
  0x18e3, 0xd6ba, 0xe71c, 0xc618, 0x10a2, 0x1082, 0x1082, 0x1082, 0x1082, 0x9cd3, 0xe71c, 0xe71c, 0x39e7,
  0x1082, 0x8430, 0xe71c, 0xe71c, 0x4a49, 0x1082, 0x1082, 0x1082, 0x2945, 0xe71c, 0xe71c, 0xad75, 0x1082,
  0x1082, 0x2965, 0xe71c, 0xe71c, 0xa514, 0x1082, 0x1082, 0x1082, 0x8430, 0xe71c, 0xe71c, 0x4a49, 0x1082,
  0x1082, 0x1082, 0xa514, 0xe71c, 0xe71c, 0x2965, 0x1082, 0x18e3, 0xd6ba, 0xe71c, 0xbdd7, 0x1082, 0x1082,
  0x1082, 0x1082, 0x4228, 0xe71c, 0xe71c, 0x8410, 0x1082, 0x6b6d, 0xe71c, 0xe71c, 0x5acb, 0x1082, 0x1082,
  0x1082, 0x1082, 0x1082, 0xbdd7, 0xe71c, 0xd69a, 0x18c3, 0xc638, 0xe71c, 0xc638, 0x10a2, 0x1082, 0x1082,
  0x1082, 0x1082, 0x1082, 0x630c, 0xe71c, 0xe71c, 0xa514, 0xe71c, 0xe71c, 0x632c, 0x1082, 0x1082, 0x1082,
  0x1082, 0x1082, 0x1082, 0x18c3, 0xce79, 0xe71c, 0xe71c, 0xe71c, 0xce79, 0x18c3, 0x1082, 0x1082, 0x1082,
  0x1082, 0x1082, 0x1082, 0x1082, 0x7bcf, 0xe71c, 0xe71c, 0xe71c, 0x73ae, 0x1082, 0x1082, 0x1082, 0x1082,
  0x1082, 0x1082, 0x1082, 0x1082, 0x2124, 0xe71c, 0xe71c, 0xdedb, 0x18e3, 0x1082, 0x1082, 0x1082, 0x10a2,
  0x2104, 0x1082, 0x1082, 0x1082, 0x4a49, 0xe71c, 0xe71c, 0xad75, 0x1082, 0x1082, 0x1082, 0x1082, 0x10a3,
  0x1082, 0x1082, 0x1082, 0x1082, 0xad75, 0xe71c, 0xe71c, 0x2945, 0x1082, 0x1082, 0x1082, 0x1082, 0x1082,
  0x1082, 0x1082, 0x1082, 0x4208, 0xe71c, 0xe71c, 0x9492, 0x1082, 0x1082, 0x1082, 0x1082, 0x1082, 0x1082,
  0x1082, 0x1082, 0x1082, 0xad55, 0xe71c, 0xe71c, 0x3186, 0x1082, 0x1082, 0x1082, 0x1082, 0x1082, 0x1082,
  0x1082, 0x1082, 0x39e7, 0xe71c, 0xe71c, 0x9cf3, 0x1082, 0x1082, 0x1082, 0x1082, 0x1082, 0x1082, 0x1082,
  0x1082, 0x1082, 0x8c71, 0xe71c, 0xe71c, 0x39e7, 0x1082, 0x1082, 0x1082, 0x1082, 0x1082, 0x1082, 0x1082,
  0x1082, 0x1082, 0x2104, 0x3186, 0x3186, 0x1082, 0x1082, 0x1082, 0x1082, 0x1082, 0x1082, 0x1082, 0x1082,
};


#define OUTFIT_24PX_LIGHT_300_E3E3E3_Z_HEIGHT 29
#define OUTFIT_24PX_LIGHT_300_E3E3E3_Z_WIDTH 11

// array size is 319
const uint16_t font_outfit24_light300_z[] = {
  0x1082, 0x1082, 0x1082, 0x1082, 0x1082, 0x1082, 0x1082, 0x1082, 0x1082, 0x1082, 0x1082, 0x1082, 0x1082,
  0x1082, 0x1082, 0x1082, 0x1082, 0x1082, 0x1082, 0x1082, 0x1082, 0x1082, 0x1082, 0x1082, 0x1082, 0x1082,
  0x1082, 0x1082, 0x1082, 0x1082, 0x1082, 0x1082, 0x1082, 0x1082, 0x1082, 0x1082, 0x1082, 0x1082, 0x1082,
  0x1082, 0x1082, 0x1082, 0x1082, 0x1082, 0x1082, 0x1082, 0x1082, 0x1082, 0x1082, 0x1082, 0x1082, 0x1082,
  0x1082, 0x1082, 0x1082, 0x1082, 0x1082, 0x1082, 0x1082, 0x1082, 0x1082, 0x1082, 0x1082, 0x1082, 0x1082,
  0x1082, 0x1082, 0x1082, 0x1082, 0x1082, 0x1082, 0x1082, 0x1082, 0x1082, 0x1082, 0x1082, 0x1082, 0x1082,
  0x1082, 0x1082, 0x1082, 0x1082, 0x1082, 0x1082, 0x1082, 0x1082, 0x1082, 0x1082, 0x1082, 0x1082, 0x1082,
  0x1082, 0x1082, 0x1082, 0x1082, 0x1082, 0x1082, 0x1082, 0x1082, 0x1082, 0x1082, 0x1082, 0x1082, 0x1082,
  0x1082, 0x1082, 0x1082, 0x1082, 0x1082, 0x1082, 0x73ae, 0xbdf7, 0xbdf7, 0xbdf7, 0xbdf7, 0xbdf7, 0xbdf7,
  0xbdf7, 0xbdf7, 0xbdf7, 0x5aec, 0x8c51, 0xe71c, 0xe71c, 0xe71c, 0xe71c, 0xe71c, 0xe71c, 0xe71c, 0xe71c,
  0xe71c, 0xad75, 0x31a6, 0x6b6d, 0x6b6d, 0x6b6d, 0x6b6d, 0x6b6d, 0xad75, 0xe71c, 0xe71c, 0xe71c, 0x18e3,
  0x1082, 0x1082, 0x1082, 0x1082, 0x1082, 0x2965, 0xd6ba, 0xe71c, 0xdefb, 0x39c7, 0x1082, 0x1082, 0x1082,
  0x1082, 0x1082, 0x18c3, 0xbdd7, 0xe71c, 0xe71c, 0x632c, 0x1082, 0x1082, 0x1082, 0x1082, 0x1082, 0x1082,
  0x8c51, 0xe71c, 0xe71c, 0x9cd3, 0x1082, 0x1082, 0x1082, 0x1082, 0x1082, 0x1082, 0x52aa, 0xe71c, 0xe71c,
  0xc618, 0x18e3, 0x1082, 0x1082, 0x1082, 0x1082, 0x1082, 0x3186, 0xd6ba, 0xe71c, 0xdedb, 0x31a7, 0x1082,
  0x1082, 0x1082, 0x1082, 0x1082, 0x18c3, 0xbdd7, 0xe71c, 0xe71c, 0x630c, 0x1082, 0x1082, 0x1082, 0x1082,
  0x1082, 0x1082, 0x8c71, 0xe71c, 0xe71c, 0x94b2, 0x1082, 0x1082, 0x1082, 0x1082, 0x1082, 0x1082, 0x5acb,
  0xe71c, 0xe71c, 0xe71c, 0x4a6a, 0x4229, 0x4229, 0x4229, 0x4229, 0x39e7, 0x1082, 0xe71c, 0xe71c, 0xe71c,
  0xe71c, 0xe71c, 0xe71c, 0xe71c, 0xe71c, 0xe71c, 0xe71c, 0x4228, 0xe71c, 0xe71c, 0xe71c, 0xe71c, 0xe71c,
  0xe71c, 0xe71c, 0xe71c, 0xe71c, 0xe71c, 0x528a, 0x1082, 0x1082, 0x1082, 0x1082, 0x1082, 0x1082, 0x1082,
  0x1082, 0x1082, 0x1082, 0x1082, 0x1082, 0x1082, 0x1082, 0x1082, 0x1082, 0x1082, 0x1082, 0x1082, 0x1082,
  0x1082, 0x1082, 0x1082, 0x1082, 0x1082, 0x1082, 0x1082, 0x1082, 0x1082, 0x1082, 0x1082, 0x1082, 0x1082,
  0x1082, 0x1082, 0x1082, 0x1082, 0x1082, 0x1082, 0x1082, 0x1082, 0x1082, 0x1082, 0x1082, 0x1082, 0x1082,
  0x1082, 0x1082, 0x1082, 0x1082, 0x1082, 0x1082, 0x1082, 0x1082, 0x1082, 0x1082, 0x1082, 0x1082, 0x1082,
  0x1082, 0x1082, 0x1082, 0x1082, 0x1082, 0x1082, 0x1082,
};


#define OUTFIT_24PX_LIGHT_300_E3E3E3_0_HEIGHT 29
#define OUTFIT_24PX_LIGHT_300_E3E3E3_0_WIDTH 15

// array size is 435
const uint16_t font_outfit24_light300_0[] = {
  0x1082, 0x1082, 0x1082, 0x1082, 0x1082, 0x1082, 0x1082, 0x1082, 0x1082, 0x1082, 0x1082, 0x1082, 0x1082,
  0x1082, 0x1082, 0x1082, 0x1082, 0x1082, 0x1082, 0x1082, 0x1082, 0x1082, 0x1082, 0x1082, 0x1082, 0x1082,
  0x1082, 0x1082, 0x1082, 0x1082, 0x1082, 0x1082, 0x1082, 0x1082, 0x1082, 0x1082, 0x1082, 0x1082, 0x1082,
  0x1082, 0x1082, 0x1082, 0x1082, 0x1082, 0x1082, 0x1082, 0x1082, 0x1082, 0x1082, 0x1082, 0x1082, 0x1082,
  0x1082, 0x1082, 0x1082, 0x1082, 0x1082, 0x1082, 0x1082, 0x1082, 0x1082, 0x1082, 0x1082, 0x1082, 0x2124,
  0x73ae, 0x9cd3, 0xad75, 0x9cd3, 0x7bcf, 0x2945, 0x1082, 0x1082, 0x1082, 0x1082, 0x1082, 0x1082, 0x1082,
  0x73ae, 0xdefb, 0xe71c, 0xe71c, 0xe71c, 0xe71c, 0xe71c, 0xdefb, 0x8410, 0x10a2, 0x1082, 0x1082, 0x1082,
  0x1082, 0x8c51, 0xe71c, 0xe71c, 0xe71c, 0xce59, 0xad75, 0xc638, 0xe71c, 0xe71c, 0xe71c, 0x9cd3, 0x10a2,
  0x1082, 0x1082, 0x528a, 0xe71c, 0xe71c, 0xdefb, 0x52aa, 0x10a2, 0x1082, 0x1082, 0x4a69, 0xd6ba, 0xe71c,
  0xe71c, 0x630c, 0x1082, 0x10a2, 0xce59, 0xe71c, 0xe71c, 0x632c, 0x1082, 0x1082, 0x1082, 0x1082, 0x1082,
  0x5acb, 0xe71c, 0xe71c, 0xd69a, 0x18e3, 0x4a49, 0xe71c, 0xe71c, 0x9cd3, 0x1082, 0x1082, 0x1082, 0x1082,
  0x1082, 0x1082, 0x1082, 0x8c71, 0xe71c, 0xe71c, 0x5acb, 0x8c71, 0xe71c, 0xe71c, 0x39c7, 0x1082, 0x1082,
  0x1082, 0x1082, 0x1082, 0x1082, 0x1082, 0x2945, 0xe71c, 0xe71c, 0x9cf3, 0xad75, 0xe71c, 0xe71c, 0x18c3,
  0x1082, 0x1082, 0x1082, 0x1082, 0x1082, 0x1082, 0x1082, 0x1082, 0xdedb, 0xe71c, 0xbdf7, 0xc618, 0xe71c,
  0xc638, 0x1082, 0x1082, 0x1082, 0x1082, 0x1082, 0x1082, 0x1082, 0x1082, 0x1082, 0xb5b6, 0xe71c, 0xd69a,
  0xd69a, 0xe71c, 0xad55, 0x1082, 0x1082, 0x1082, 0x1082, 0x1082, 0x1082, 0x1082, 0x1082, 0x1082, 0x9cd3,
  0xe71c, 0xe71c, 0xce59, 0xe71c, 0xb5b6, 0x1082, 0x1082, 0x1082, 0x1082, 0x1082, 0x1082, 0x1082, 0x1082,
  0x1082, 0xa534, 0xe71c, 0xdefb, 0xb5b6, 0xe71c, 0xdedb, 0x1082, 0x1082, 0x1082, 0x1082, 0x1082, 0x1082,
  0x1082, 0x1082, 0x1082, 0xce59, 0xe71c, 0xce59, 0xa514, 0xe71c, 0xe71c, 0x2945, 0x1082, 0x1082, 0x1082,
  0x1082, 0x1082, 0x1082, 0x1082, 0x18e3, 0xe71c, 0xe71c, 0xb596, 0x632d, 0xe71c, 0xe71c, 0x5aeb, 0x1082,
  0x1082, 0x1082, 0x1082, 0x1082, 0x1082, 0x1082, 0x4a69, 0xe71c, 0xe71c, 0x7bcf, 0x2124, 0xe71c, 0xe71c,
  0xd69a, 0x2945, 0x1082, 0x1082, 0x1082, 0x1082, 0x1082, 0x2104, 0xce59, 0xe71c, 0xe71c, 0x39c7, 0x1082,
  0x8c71, 0xe71c, 0xe71c, 0xb596, 0x10a2, 0x1082, 0x1082, 0x1082, 0x1082, 0xa514, 0xe71c, 0xe71c, 0xa534,
  0x1082, 0x1082, 0x18e4, 0xce79, 0xe71c, 0xe71c, 0xbdd7, 0x5aec, 0x528a, 0x5acb, 0xb5b6, 0xe71c, 0xe71c,
  0xdedb, 0x2965, 0x1082, 0x1082, 0x1082, 0x2966, 0xc638, 0xe71c, 0xe71c, 0xe71c, 0xe71c, 0xe71c, 0xe71c,
  0xe71c, 0xd6ba, 0x4208, 0x1082, 0x1082, 0x1082, 0x1082, 0x1082, 0x2104, 0x8410, 0xdedb, 0xe71c, 0xe71c,
  0xe71c, 0xe71c, 0x9492, 0x2965, 0x1082, 0x1082, 0x1082, 0x1082, 0x1082, 0x1082, 0x1082, 0x1082, 0x10a2,
  0x3186, 0x31a6, 0x31a6, 0x18c3, 0x1082, 0x1082, 0x1082, 0x1082, 0x1082, 0x1082, 0x1082, 0x1082, 0x1082,
  0x1082, 0x1082, 0x1082, 0x1082, 0x1082, 0x1082, 0x1082, 0x1082, 0x1082, 0x1082, 0x1082, 0x1082, 0x1082,
  0x1082, 0x1082, 0x1082, 0x1082, 0x1082, 0x1082, 0x1082, 0x1082, 0x1082, 0x1082, 0x1082, 0x1082, 0x1082,
  0x1082, 0x1082, 0x1082, 0x1082, 0x1082, 0x1082, 0x1082, 0x1082, 0x1082, 0x1082, 0x1082, 0x1082, 0x1082,
  0x1082, 0x1082, 0x1082, 0x1082, 0x1082, 0x1082, 0x1082, 0x1082, 0x1082, 0x1082, 0x1082, 0x1082, 0x1082,
  0x1082, 0x1082, 0x1082, 0x1082, 0x1082, 0x1082, 0x1082, 0x1082, 0x1082, 0x1082, 0x1082, 0x1082, 0x1082,
  0x1082, 0x1082, 0x1082, 0x1082, 0x1082, 0x1082,
};


#define OUTFIT_24PX_LIGHT_300_E3E3E3_1_HEIGHT 29
#define OUTFIT_24PX_LIGHT_300_E3E3E3_1_WIDTH 7

// array size is 203
const uint16_t font_outfit24_light300_1[] = {
  0x1082, 0x1082, 0x1082, 0x1082, 0x1082, 0x1082, 0x1082, 0x1082, 0x1082, 0x1082, 0x1082, 0x1082, 0x1082,
  0x1082, 0x1082, 0x1082, 0x1082, 0x1082, 0x1082, 0x1082, 0x1082, 0x1082, 0x1082, 0x1082, 0x1082, 0x1082,
  0x1082, 0x1082, 0x39c7, 0x7bcf, 0x7bcf, 0x7bcf, 0xb5b6, 0xdefb, 0x8430, 0x630c, 0xe71c, 0xe71c, 0xe71c,
  0xe71c, 0xe71c, 0xe71c, 0x528a, 0xbdf7, 0xbdf7, 0xbdf7, 0xe71c, 0xe71c, 0xe71c, 0x1082, 0x1082, 0x1082,
  0x1082, 0x9492, 0xe71c, 0xc638, 0x1082, 0x1082, 0x1082, 0x1082, 0x9492, 0xe71c, 0xc638, 0x1082, 0x1082,
  0x1082, 0x1082, 0x9492, 0xe71c, 0xc638, 0x1082, 0x1082, 0x1082, 0x1082, 0x9492, 0xe71c, 0xc638, 0x1082,
  0x1082, 0x1082, 0x1082, 0x9492, 0xe71c, 0xc638, 0x1082, 0x1082, 0x1082, 0x1082, 0x9492, 0xe71c, 0xc638,
  0x1082, 0x1082, 0x1082, 0x1082, 0x9492, 0xe71c, 0xc638, 0x1082, 0x1082, 0x1082, 0x1082, 0x9492, 0xe71c,
  0xc638, 0x1082, 0x1082, 0x1082, 0x1082, 0x9492, 0xe71c, 0xc638, 0x1082, 0x1082, 0x1082, 0x1082, 0x9492,
  0xe71c, 0xc638, 0x1082, 0x1082, 0x1082, 0x1082, 0x9492, 0xe71c, 0xc638, 0x1082, 0x1082, 0x1082, 0x1082,
  0x9492, 0xe71c, 0xc638, 0x1082, 0x1082, 0x1082, 0x1082, 0x9492, 0xe71c, 0xc638, 0x1082, 0x1082, 0x1082,
  0x1082, 0x9492, 0xe71c, 0xc638, 0x1082, 0x1082, 0x1082, 0x1082, 0x9492, 0xe71c, 0xc638, 0x1082, 0x1082,
  0x1082, 0x1082, 0x9492, 0xe71c, 0xb5b6, 0x1082, 0x1082, 0x1082, 0x1082, 0x1082, 0x1082, 0x1082, 0x1082,
  0x1082, 0x1082, 0x1082, 0x1082, 0x1082, 0x1082, 0x1082, 0x1082, 0x1082, 0x1082, 0x1082, 0x1082, 0x1082,
  0x1082, 0x1082, 0x1082, 0x1082, 0x1082, 0x1082, 0x1082, 0x1082, 0x1082, 0x1082, 0x1082, 0x1082, 0x1082,
  0x1082, 0x1082, 0x1082, 0x1082, 0x1082, 0x1082, 0x1082, 0x1082,
};


#define OUTFIT_24PX_LIGHT_300_E3E3E3_2_HEIGHT 29
#define OUTFIT_24PX_LIGHT_300_E3E3E3_2_WIDTH 13

// array size is 377
const uint16_t font_outfit24_light300_2[] = {
  0x1082, 0x1082, 0x1082, 0x1082, 0x1082, 0x1082, 0x1082, 0x1082, 0x1082, 0x1082, 0x1082, 0x1082, 0x1082,
  0x1082, 0x1082, 0x1082, 0x1082, 0x1082, 0x1082, 0x1082, 0x1082, 0x1082, 0x1082, 0x1082, 0x1082, 0x1082,
  0x1082, 0x1082, 0x1082, 0x1082, 0x1082, 0x1082, 0x1082, 0x1082, 0x1082, 0x1082, 0x1082, 0x1082, 0x1082,
  0x1082, 0x1082, 0x1082, 0x1082, 0x1082, 0x1082, 0x1082, 0x1082, 0x1082, 0x1082, 0x1082, 0x1082, 0x1082,
  0x1082, 0x1082, 0x1082, 0x3186, 0x7bef, 0x9cf3, 0xad75, 0x9492, 0x630c, 0x3186, 0x1082, 0x1082, 0x1082,
  0x1082, 0x1082, 0x7bcf, 0xe71c, 0xe71c, 0xe71c, 0xe71c, 0xe71c, 0xe71c, 0xe71c, 0x5aeb, 0x1082, 0x1082,
  0x1082, 0x7bcf, 0xe71c, 0xe71c, 0xe71c, 0xdedb, 0xb5b6, 0xc638, 0xe71c, 0xe71c, 0xe71c, 0x5aeb, 0x1082,
  0x6b6d, 0xe71c, 0xe71c, 0xd69a, 0x4a69, 0x18c3, 0x1082, 0x1082, 0x630c, 0xe71c, 0xe71c, 0xb596, 0x1082,
  0x528a, 0xdefb, 0xdedb, 0x39e7, 0x1082, 0x1082, 0x1082, 0x1082, 0x1082, 0x8c71, 0xe71c, 0xdefb, 0x18c3,
  0x1082, 0x39c7, 0x39c7, 0x1082, 0x1082, 0x1082, 0x1082, 0x1082, 0x1082, 0x630c, 0xe71c, 0xe71c, 0x39e7,
  0x1082, 0x1082, 0x1082, 0x1082, 0x1082, 0x1082, 0x1082, 0x1082, 0x1082, 0x7bcf, 0xe71c, 0xe71c, 0x2965,
  0x1082, 0x1082, 0x1082, 0x1082, 0x1082, 0x1082, 0x1082, 0x1082, 0x18e3, 0xce79, 0xe71c, 0xdefb, 0x10a2,
  0x1082, 0x1082, 0x1082, 0x1082, 0x1082, 0x1082, 0x1082, 0x1082, 0x9492, 0xe71c, 0xe71c, 0x8c71, 0x1082,
  0x1082, 0x1082, 0x1082, 0x1082, 0x1082, 0x1082, 0x1082, 0x73ae, 0xe71c, 0xe71c, 0xd6ba, 0x2124, 0x1082,
  0x1082, 0x1082, 0x1082, 0x1082, 0x1082, 0x1082, 0x630c, 0xe71c, 0xe71c, 0xdefb, 0x4228, 0x1082, 0x1082,
  0x1082, 0x1082, 0x1082, 0x1082, 0x1082, 0x5acb, 0xe71c, 0xe71c, 0xe71c, 0x5acb, 0x1082, 0x1082, 0x1082,
  0x1082, 0x1082, 0x1082, 0x1082, 0x528a, 0xe71c, 0xe71c, 0xe71c, 0x6b4d, 0x1082, 0x1082, 0x1082, 0x1082,
  0x1082, 0x1082, 0x1082, 0x4a49, 0xdefb, 0xe71c, 0xe71c, 0x6b6d, 0x1082, 0x1082, 0x1082, 0x1082, 0x1082,
  0x1082, 0x1082, 0x4228, 0xdedb, 0xe71c, 0xe71c, 0x738e, 0x1082, 0x1082, 0x1082, 0x1082, 0x1082, 0x1082,
  0x1082, 0x39e8, 0xdedb, 0xe71c, 0xe71c, 0x7bcf, 0x1082, 0x1082, 0x1082, 0x1082, 0x1082, 0x1082, 0x1082,
  0x39c7, 0xe71c, 0xe71c, 0xe71c, 0xbdf7, 0x528a, 0x528a, 0x528a, 0x528a, 0x528a, 0x528a, 0x528a, 0x39e7,
  0xe71c, 0xe71c, 0xe71c, 0xe71c, 0xe71c, 0xe71c, 0xe71c, 0xe71c, 0xe71c, 0xe71c, 0xe71c, 0xe71c, 0x9cf3,
  0xad55, 0xe71c, 0xe71c, 0xe71c, 0xe71c, 0xe71c, 0xe71c, 0xe71c, 0xe71c, 0xe71c, 0xe71c, 0xe71c, 0x8c51,
  0x1082, 0x1082, 0x1082, 0x1082, 0x1082, 0x1082, 0x1082, 0x1082, 0x1082, 0x1082, 0x1082, 0x1082, 0x1082,
  0x1082, 0x1082, 0x1082, 0x1082, 0x1082, 0x1082, 0x1082, 0x1082, 0x1082, 0x1082, 0x1082, 0x1082, 0x1082,
  0x1082, 0x1082, 0x1082, 0x1082, 0x1082, 0x1082, 0x1082, 0x1082, 0x1082, 0x1082, 0x1082, 0x1082, 0x1082,
  0x1082, 0x1082, 0x1082, 0x1082, 0x1082, 0x1082, 0x1082, 0x1082, 0x1082, 0x1082, 0x1082, 0x1082, 0x1082,
  0x1082, 0x1082, 0x1082, 0x1082, 0x1082, 0x1082, 0x1082, 0x1082, 0x1082, 0x1082, 0x1082, 0x1082, 0x1082,
  0x1082, 0x1082, 0x1082, 0x1082, 0x1082, 0x1082, 0x1082, 0x1082, 0x1082, 0x1082, 0x1082, 0x1082, 0x1082,
};


#define OUTFIT_24PX_LIGHT_300_E3E3E3_3_HEIGHT 29
#define OUTFIT_24PX_LIGHT_300_E3E3E3_3_WIDTH 13

// array size is 377
const uint16_t font_outfit24_light300_3[] = {
  0x1082, 0x1082, 0x1082, 0x1082, 0x1082, 0x1082, 0x1082, 0x1082, 0x1082, 0x1082, 0x1082, 0x1082, 0x1082,
  0x1082, 0x1082, 0x1082, 0x1082, 0x1082, 0x1082, 0x1082, 0x1082, 0x1082, 0x1082, 0x1082, 0x1082, 0x1082,
  0x1082, 0x1082, 0x1082, 0x1082, 0x1082, 0x1082, 0x1082, 0x1082, 0x1082, 0x1082, 0x1082, 0x1082, 0x1082,
  0x1082, 0x1082, 0x1082, 0x1082, 0x1082, 0x1082, 0x1082, 0x1082, 0x1082, 0x1082, 0x1082, 0x1082, 0x1082,
  0x1082, 0x4a69, 0x7bcf, 0x7bcf, 0x7bcf, 0x7bcf, 0x7bcf, 0x7bcf, 0x7bcf, 0x7bcf, 0x7bcf, 0x7bcf, 0x5acb,
  0x1082, 0x8c71, 0xe71c, 0xe71c, 0xe71c, 0xe71c, 0xe71c, 0xe71c, 0xe71c, 0xe71c, 0xe71c, 0xe71c, 0xd6ba,
  0x1082, 0x73ae, 0xbdf7, 0xbdf7, 0xbdf7, 0xbdf7, 0xbdf7, 0xbdf7, 0xce59, 0xe71c, 0xe71c, 0xe71c, 0xad75,
  0x1082, 0x1082, 0x1082, 0x1082, 0x1082, 0x1082, 0x1082, 0x18c3, 0xb596, 0xe71c, 0xe71c, 0x9492, 0x1082,
  0x1082, 0x1082, 0x1082, 0x1082, 0x1082, 0x1082, 0x10a2, 0xa514, 0xe71c, 0xe71c, 0xa534, 0x10a2, 0x1082,
  0x1082, 0x1082, 0x1082, 0x1082, 0x1082, 0x1082, 0x8c51, 0xe71c, 0xe71c, 0xb5b6, 0x18c3, 0x1082, 0x1082,
  0x1082, 0x1082, 0x1082, 0x1082, 0x1082, 0x73ae, 0xe71c, 0xe71c, 0xc638, 0x2104, 0x1082, 0x1082, 0x1082,
  0x1082, 0x1082, 0x1082, 0x1082, 0x5aeb, 0xe71c, 0xe71c, 0xe71c, 0x52aa, 0x10a2, 0x1082, 0x1082, 0x1082,
  0x1082, 0x1082, 0x1082, 0x1082, 0xe71c, 0xe71c, 0xe71c, 0xe71c, 0xe71c, 0xd6ba, 0x7bef, 0x1082, 0x1082,
  0x1082, 0x1082, 0x1082, 0x1082, 0xbdf7, 0xe71c, 0x9cf3, 0xbdf7, 0xe71c, 0xe71c, 0xe71c, 0x8430, 0x1082,
  0x1082, 0x1082, 0x1082, 0x1082, 0x1082, 0x1082, 0x1082, 0x1082, 0x39e7, 0xd69a, 0xe71c, 0xe71c, 0x4a69,
  0x1082, 0x1082, 0x1082, 0x1082, 0x1082, 0x1082, 0x1082, 0x1082, 0x1082, 0x39c7, 0xe71c, 0xe71c, 0x8430,
  0x1082, 0x1082, 0x1082, 0x1082, 0x1082, 0x1082, 0x1082, 0x1082, 0x1082, 0x1082, 0xce59, 0xe71c, 0xbdd7,
  0x1082, 0x1082, 0x1082, 0x1082, 0x1082, 0x1082, 0x1082, 0x1082, 0x1082, 0x1082, 0xbdd7, 0xe71c, 0xce79,
  0x1082, 0x18e3, 0x3186, 0x1082, 0x1082, 0x1082, 0x1082, 0x1082, 0x1082, 0x18e3, 0xdefb, 0xe71c, 0x9cf3,
  0x18e3, 0xb5b6, 0xdefb, 0x630c, 0x1082, 0x1082, 0x1082, 0x1082, 0x18c3, 0x9cf4, 0xe71c, 0xe71c, 0x632c,
  0x528a, 0xe71c, 0xe71c, 0xe71c, 0x9cf3, 0x632d, 0x4a49, 0x6b4d, 0xb596, 0xe71c, 0xe71c, 0xd6ba, 0x2945,
  0x1082, 0x5aec, 0xdefb, 0xe71c, 0xe71c, 0xe71c, 0xe71c, 0xe71c, 0xe71c, 0xe71c, 0xce79, 0x39c7, 0x1082,
  0x1082, 0x1082, 0x39e8, 0xa534, 0xd69a, 0xe71c, 0xe71c, 0xe71c, 0xc638, 0x9cd3, 0x2965, 0x1082, 0x1082,
  0x1082, 0x1082, 0x1082, 0x1082, 0x1082, 0x2965, 0x31a6, 0x2124, 0x1082, 0x1082, 0x1082, 0x1082, 0x1082,
  0x1082, 0x1082, 0x1082, 0x1082, 0x1082, 0x1082, 0x1082, 0x1082, 0x1082, 0x1082, 0x1082, 0x1082, 0x1082,
  0x1082, 0x1082, 0x1082, 0x1082, 0x1082, 0x1082, 0x1082, 0x1082, 0x1082, 0x1082, 0x1082, 0x1082, 0x1082,
  0x1082, 0x1082, 0x1082, 0x1082, 0x1082, 0x1082, 0x1082, 0x1082, 0x1082, 0x1082, 0x1082, 0x1082, 0x1082,
  0x1082, 0x1082, 0x1082, 0x1082, 0x1082, 0x1082, 0x1082, 0x1082, 0x1082, 0x1082, 0x1082, 0x1082, 0x1082,
  0x1082, 0x1082, 0x1082, 0x1082, 0x1082, 0x1082, 0x1082, 0x1082, 0x1082, 0x1082, 0x1082, 0x1082, 0x1082,
};


#define OUTFIT_24PX_LIGHT_300_E3E3E3_4_HEIGHT 29
#define OUTFIT_24PX_LIGHT_300_E3E3E3_4_WIDTH 15

// array size is 435
const uint16_t font_outfit24_light300_4[] = {
  0x1082, 0x1082, 0x1082, 0x1082, 0x1082, 0x1082, 0x1082, 0x1082, 0x1082, 0x1082, 0x1082, 0x1082, 0x1082,
  0x1082, 0x1082, 0x1082, 0x1082, 0x1082, 0x1082, 0x1082, 0x1082, 0x1082, 0x1082, 0x1082, 0x1082, 0x1082,
  0x1082, 0x1082, 0x1082, 0x1082, 0x1082, 0x1082, 0x1082, 0x1082, 0x1082, 0x1082, 0x1082, 0x1082, 0x1082,
  0x1082, 0x1082, 0x1082, 0x1082, 0x1082, 0x1082, 0x1082, 0x1082, 0x1082, 0x1082, 0x1082, 0x1082, 0x1082,
  0x1082, 0x1082, 0x1082, 0x1082, 0x1082, 0x1082, 0x1082, 0x1082, 0x1082, 0x1082, 0x1082, 0x1082, 0x1082,
  0x1082, 0x3186, 0x7bcf, 0x7bcf, 0x2945, 0x1082, 0x1082, 0x1082, 0x1082, 0x1082, 0x1082, 0x1082, 0x1082,
  0x1082, 0x1082, 0x1082, 0xa534, 0xe71c, 0xe71c, 0x630c, 0x1082, 0x1082, 0x1082, 0x1082, 0x1082, 0x1082,
  0x1082, 0x1082, 0x1082, 0x1082, 0x4a49, 0xe71c, 0xe71c, 0xbdd7, 0x10a2, 0x1082, 0x1082, 0x1082, 0x1082,
  0x1082, 0x1082, 0x1082, 0x1082, 0x1082, 0x10a2, 0xbdd7, 0xe71c, 0xe71c, 0x4228, 0x1082, 0x1082, 0x1082,
  0x1082, 0x1082, 0x1082, 0x1082, 0x1082, 0x1082, 0x1082, 0x630c, 0xe71c, 0xe71c, 0x9cf4, 0x1082, 0x1082,
  0x1082, 0x1082, 0x1082, 0x1082, 0x1082, 0x1082, 0x1082, 0x1082, 0x18c3, 0xce79, 0xe71c, 0xdefb, 0x2966,
  0x1082, 0x1082, 0x1082, 0x1082, 0x1082, 0x1082, 0x1082, 0x1082, 0x1082, 0x1082, 0x73af, 0xe71c, 0xe71c,
  0x8410, 0x1082, 0x1082, 0x6b6d, 0x8410, 0x5aeb, 0x1082, 0x1082, 0x1082, 0x1082, 0x1082, 0x2124, 0xdedb,
  0xe71c, 0xd69a, 0x18e3, 0x1082, 0x1082, 0xbdd7, 0xe71c, 0x9cf3, 0x1082, 0x1082, 0x1082, 0x1082, 0x1082,
  0x8c71, 0xe71c, 0xe71c, 0x632c, 0x1082, 0x1082, 0x1082, 0xbdd7, 0xe71c, 0x9cf3, 0x1082, 0x1082, 0x1082,
  0x1082, 0x31a6, 0xe71c, 0xe71c, 0xbdf7, 0x10a2, 0x1082, 0x1082, 0x1082, 0xbdd7, 0xe71c, 0x9cf3, 0x1082,
  0x1082, 0x1082, 0x1082, 0xa535, 0xe71c, 0xe71c, 0x4a49, 0x1082, 0x1082, 0x1082, 0x1082, 0xbdd7, 0xe71c,
  0x9cf3, 0x1082, 0x1082, 0x1082, 0x4a49, 0xe71c, 0xe71c, 0xad75, 0x18c3, 0x18c3, 0x18c3, 0x18c3, 0x18c3,
  0xc618, 0xe71c, 0xa534, 0x18c3, 0x18c3, 0x10a2, 0xe71c, 0xe71c, 0xe71c, 0xe71c, 0xe71c, 0xe71c, 0xe71c,
  0xe71c, 0xe71c, 0xe71c, 0xe71c, 0xe71c, 0xe71c, 0xe71c, 0x5acb, 0xbdf7, 0xe71c, 0xe71c, 0xe71c, 0xe71c,
  0xe71c, 0xe71c, 0xe71c, 0xe71c, 0xe71c, 0xe71c, 0xe71c, 0xe71c, 0xe71c, 0x528a, 0x3186, 0x4a49, 0x4a49,
  0x4a49, 0x4a49, 0x4a49, 0x4a49, 0x4a49, 0x4a49, 0xe71c, 0xe71c, 0xd6ba, 0x4a49, 0x4a49, 0x18c3, 0x1082,
  0x1082, 0x1082, 0x1082, 0x1082, 0x1082, 0x1082, 0x1082, 0x1082, 0xbdd7, 0xe71c, 0x9cf3, 0x1082, 0x1082,
  0x1082, 0x1082, 0x1082, 0x1082, 0x1082, 0x1082, 0x1082, 0x1082, 0x1082, 0x1082, 0xbdd7, 0xe71c, 0x9cf3,
  0x1082, 0x1082, 0x1082, 0x1082, 0x1082, 0x1082, 0x1082, 0x1082, 0x1082, 0x1082, 0x1082, 0x1082, 0xbdd7,
  0xe71c, 0x9cf3, 0x1082, 0x1082, 0x1082, 0x1082, 0x1082, 0x1082, 0x1082, 0x1082, 0x1082, 0x1082, 0x1082,
  0x1082, 0xbdd7, 0xe71c, 0x8c71, 0x1082, 0x1082, 0x1082, 0x1082, 0x1082, 0x1082, 0x1082, 0x1082, 0x1082,
  0x1082, 0x1082, 0x1082, 0x1082, 0x1082, 0x1082, 0x1082, 0x1082, 0x1082, 0x1082, 0x1082, 0x1082, 0x1082,
  0x1082, 0x1082, 0x1082, 0x1082, 0x1082, 0x1082, 0x1082, 0x1082, 0x1082, 0x1082, 0x1082, 0x1082, 0x1082,
  0x1082, 0x1082, 0x1082, 0x1082, 0x1082, 0x1082, 0x1082, 0x1082, 0x1082, 0x1082, 0x1082, 0x1082, 0x1082,
  0x1082, 0x1082, 0x1082, 0x1082, 0x1082, 0x1082, 0x1082, 0x1082, 0x1082, 0x1082, 0x1082, 0x1082, 0x1082,
  0x1082, 0x1082, 0x1082, 0x1082, 0x1082, 0x1082, 0x1082, 0x1082, 0x1082, 0x1082, 0x1082, 0x1082, 0x1082,
  0x1082, 0x1082, 0x1082, 0x1082, 0x1082, 0x1082, 0x1082, 0x1082, 0x1082, 0x1082, 0x1082, 0x1082, 0x1082,
  0x1082, 0x1082, 0x1082, 0x1082, 0x1082, 0x1082,
};


#define OUTFIT_24PX_LIGHT_300_E3E3E3_5_HEIGHT 29
#define OUTFIT_24PX_LIGHT_300_E3E3E3_5_WIDTH 13

// array size is 377
const uint16_t font_outfit24_light300_5[] = {
  0x1082, 0x1082, 0x1082, 0x1082, 0x1082, 0x1082, 0x1082, 0x1082, 0x1082, 0x1082, 0x1082, 0x1082, 0x1082,
  0x1082, 0x1082, 0x1082, 0x1082, 0x1082, 0x1082, 0x1082, 0x1082, 0x1082, 0x1082, 0x1082, 0x1082, 0x1082,
  0x1082, 0x1082, 0x1082, 0x0861, 0x1082, 0x1082, 0x1082, 0x1082, 0x1082, 0x1082, 0x1082, 0x1082, 0x1082,
  0x1082, 0x1082, 0x1082, 0x0000, 0x0861, 0x1082, 0x1082, 0x1082, 0x1082, 0x1082, 0x1082, 0x1082, 0x1082,
  0x1082, 0x2124, 0x7bcf, 0x7bcf, 0x7bcf, 0x7bcf, 0x7bcf, 0x7bcf, 0x7bcf, 0x7bcf, 0x7bcf, 0x5aeb, 0x1082,
  0x1082, 0x39e7, 0xe71c, 0xe71c, 0xe71c, 0xe71c, 0xe71c, 0xe71c, 0xe71c, 0xe71c, 0xe71c, 0xad75, 0x1082,
  0x1082, 0x4a49, 0xe71c, 0xe71c, 0xdedb, 0xbdf7, 0xbdf7, 0xbdf7, 0xbdf7, 0xbdf7, 0xbdf7, 0x7bef, 0x1082,
  0x1082, 0x5aeb, 0xe71c, 0xe71c, 0x18c3, 0x1082, 0x1082, 0x1082, 0x1082, 0x1082, 0x1082, 0x1082, 0x1082,
  0x1082, 0x738e, 0xe71c, 0xd6ba, 0x1082, 0x1082, 0x1082, 0x1082, 0x1082, 0x1082, 0x1082, 0x1082, 0x1082,
  0x1082, 0x8430, 0xe71c, 0xbdf7, 0x1082, 0x1082, 0x1082, 0x1082, 0x1082, 0x1082, 0x1082, 0x1082, 0x1082,
  0x1082, 0x9cd3, 0xe71c, 0xad55, 0x1082, 0x1082, 0x1082, 0x1082, 0x1082, 0x1082, 0x1082, 0x1082, 0x1082,
  0x1082, 0xad75, 0xe71c, 0xdedb, 0xa514, 0xbdf7, 0xce79, 0xa535, 0x73ae, 0x4208, 0x1082, 0x1082, 0x1082,
  0x1082, 0xbdf7, 0xe71c, 0xe71c, 0xe71c, 0xe71c, 0xe71c, 0xe71c, 0xe71c, 0xe71c, 0x73ae, 0x1082, 0x1082,
  0x1082, 0xad55, 0xe71c, 0xe71c, 0x8c71, 0x6b4d, 0x6b6d, 0x9cd3, 0xdefb, 0xe71c, 0xe71c, 0x6b6d, 0x1082,
  0x1082, 0x18e4, 0xc638, 0x2965, 0x1082, 0x1082, 0x1082, 0x1082, 0x4a69, 0xdedb, 0xe71c, 0xdedb, 0x10a3,
  0x1082, 0x1082, 0x1082, 0x1082, 0x1082, 0x1082, 0x1082, 0x1082, 0x1082, 0x738e, 0xe71c, 0xe71c, 0x4208,
  0x1082, 0x1082, 0x1082, 0x1082, 0x1082, 0x1082, 0x1082, 0x1082, 0x1082, 0x39e7, 0xe71c, 0xe71c, 0x738e,
  0x1082, 0x1082, 0x1082, 0x1082, 0x1082, 0x1082, 0x1082, 0x1082, 0x1082, 0x39c7, 0xe71c, 0xe71c, 0x7bf0,
  0x1082, 0x39c7, 0x18c3, 0x1082, 0x1082, 0x1082, 0x1082, 0x1082, 0x1082, 0x6b6d, 0xe71c, 0xe71c, 0x6b4d,
  0x5aec, 0xe71c, 0xb596, 0x2104, 0x1082, 0x1082, 0x1082, 0x1082, 0x4208, 0xd6ba, 0xe71c, 0xe71c, 0x3186,
  0xbdf7, 0xe71c, 0xe71c, 0xc638, 0x7bef, 0x528a, 0x52aa, 0x8430, 0xdedb, 0xe71c, 0xe71c, 0x9492, 0x1082,
  0x2124, 0xb5b6, 0xe71c, 0xe71c, 0xe71c, 0xe71c, 0xe71c, 0xe71c, 0xe71c, 0xe71c, 0x8c71, 0x10a2, 0x1082,
  0x1082, 0x18c3, 0x8410, 0xbdd7, 0xe71c, 0xe71c, 0xe71c, 0xdedb, 0xad75, 0x6b4d, 0x1082, 0x1082, 0x1082,
  0x1082, 0x1082, 0x1082, 0x1082, 0x18c3, 0x31a6, 0x31a6, 0x10a2, 0x1082, 0x1082, 0x1082, 0x1082, 0x1082,
  0x1082, 0x1082, 0x1082, 0x1082, 0x1082, 0x1082, 0x1082, 0x1082, 0x1082, 0x1082, 0x1082, 0x1082, 0x1082,
  0x1082, 0x1082, 0x1082, 0x1082, 0x1082, 0x1082, 0x1082, 0x1082, 0x1082, 0x1082, 0x1082, 0x1082, 0x1082,
  0x1082, 0x1082, 0x1082, 0x1082, 0x1082, 0x1082, 0x1082, 0x1082, 0x1082, 0x1082, 0x1082, 0x1082, 0x1082,
  0x1082, 0x1082, 0x1082, 0x1082, 0x1082, 0x1082, 0x1082, 0x1082, 0x1082, 0x1082, 0x1082, 0x1082, 0x1082,
  0x1082, 0x1082, 0x1082, 0x1082, 0x1082, 0x1082, 0x1082, 0x1082, 0x1082, 0x1082, 0x1082, 0x1082, 0x1082,
};


#define OUTFIT_24PX_LIGHT_300_E3E3E3_6_HEIGHT 29
#define OUTFIT_24PX_LIGHT_300_E3E3E3_6_WIDTH 14

// array size is 406
const uint16_t font_outfit24_light300_6[] = {
  0x1082, 0x1082, 0x1082, 0x1082, 0x1082, 0x1082, 0x1082, 0x1082, 0x1082, 0x1082, 0x1082, 0x1082, 0x1082,
  0x1082, 0x1082, 0x1082, 0x1082, 0x1082, 0x1082, 0x1082, 0x1082, 0x1082, 0x1082, 0x1082, 0x1082, 0x1082,
  0x1082, 0x1082, 0x1082, 0x1082, 0x1082, 0x1082, 0x1082, 0x1082, 0x1082, 0x1082, 0x1082, 0x1082, 0x1082,
  0x1082, 0x1082, 0x1082, 0x1082, 0x1082, 0x1082, 0x1082, 0x1082, 0x1082, 0x1082, 0x1082, 0x1082, 0x1082,
  0x1082, 0x1082, 0x1082, 0x1082, 0x1082, 0x1082, 0x1082, 0x1082, 0x1082, 0x1082, 0x1082, 0x4a69, 0x7bcf,
  0x73ae, 0x18e3, 0x1082, 0x1082, 0x1082, 0x1082, 0x1082, 0x1082, 0x1082, 0x1082, 0x1082, 0x31a7, 0xdefb,
  0xe71c, 0xdefb, 0x31a6, 0x1082, 0x1082, 0x1082, 0x1082, 0x1082, 0x1082, 0x1082, 0x1082, 0x18c3, 0xc618,
  0xe71c, 0xe71c, 0x630c, 0x1082, 0x1082, 0x1082, 0x1082, 0x1082, 0x1082, 0x1082, 0x1082, 0x1082, 0x9492,
  0xe71c, 0xe71c, 0x94b2, 0x1082, 0x1082, 0x1082, 0x1082, 0x1082, 0x1082, 0x1082, 0x1082, 0x1082, 0x5aeb,
  0xe71c, 0xe71c, 0xc618, 0x18c3, 0x1082, 0x1082, 0x1082, 0x1082, 0x1082, 0x1082, 0x1082, 0x1082, 0x3186,
  0xdedb, 0xe71c, 0xdedb, 0x31a6, 0x1082, 0x1082, 0x1082, 0x1082, 0x1082, 0x1082, 0x1082, 0x1082, 0x18c3,
  0xbdd7, 0xe71c, 0xe71c, 0x9cf3, 0x52aa, 0x2945, 0x1082, 0x1082, 0x1082, 0x1082, 0x1082, 0x1082, 0x1082,
  0x8c51, 0xe71c, 0xe71c, 0xe71c, 0xe71c, 0xe71c, 0xe71c, 0xc618, 0x738e, 0x1082, 0x1082, 0x1082, 0x1082,
  0x4228, 0xe71c, 0xe71c, 0xe71c, 0xe71c, 0xdedb, 0xe71c, 0xe71c, 0xe71c, 0xe71c, 0x7bf0, 0x1082, 0x1082,
  0x1082, 0xb5b6, 0xe71c, 0xe71c, 0xb5b6, 0x39e7, 0x10a2, 0x18e3, 0x5acb, 0xdedb, 0xe71c, 0xe71c, 0x6b6d,
  0x1082, 0x4208, 0xe71c, 0xe71c, 0xbdd7, 0x18e4, 0x1082, 0x1082, 0x1082, 0x1082, 0x4208, 0xdedb, 0xe71c,
  0xbdd7, 0x1082, 0x6b6d, 0xe71c, 0xe71c, 0x528a, 0x1082, 0x1082, 0x1082, 0x1082, 0x1082, 0x1082, 0x9492,
  0xe71c, 0xe71c, 0x2104, 0x8c71, 0xe71c, 0xe71c, 0x2104, 0x1082, 0x1082, 0x1082, 0x1082, 0x1082, 0x1082,
  0x630c, 0xe71c, 0xe71c, 0x4a69, 0x8c51, 0xe71c, 0xe71c, 0x3186, 0x1082, 0x1082, 0x1082, 0x1082, 0x1082,
  0x1082, 0x738e, 0xe71c, 0xe71c, 0x4a49, 0x6b6e, 0xe71c, 0xe71c, 0x6b4d, 0x1082, 0x1082, 0x1082, 0x1082,
  0x1082, 0x1082, 0xad55, 0xe71c, 0xe71c, 0x2966, 0x2965, 0xe71c, 0xe71c, 0xdedb, 0x4208, 0x1082, 0x1082,
  0x1082, 0x1082, 0x7bef, 0xe71c, 0xe71c, 0xbdd7, 0x1082, 0x1082, 0x8410, 0xe71c, 0xe71c, 0xdedb, 0x8410,
  0x5acb, 0x630c, 0x9cf3, 0xe71c, 0xe71c, 0xdedb, 0x4208, 0x1082, 0x1082, 0x1082, 0x8430, 0xe71c, 0xe71c,
  0xe71c, 0xe71c, 0xe71c, 0xe71c, 0xe71c, 0xdedb, 0x4228, 0x1082, 0x1082, 0x1082, 0x1082, 0x1082, 0x6b6d,
  0xce59, 0xe71c, 0xe71c, 0xe71c, 0xe71c, 0xad75, 0x4208, 0x1082, 0x1082, 0x1082, 0x1082, 0x1082, 0x1082,
  0x1082, 0x10a2, 0x2965, 0x31a6, 0x39e7, 0x2124, 0x1082, 0x1082, 0x1082, 0x1082, 0x1082, 0x1082, 0x1082,
  0x1082, 0x1082, 0x1082, 0x1082, 0x1082, 0x1082, 0x1082, 0x1082, 0x1082, 0x1082, 0x1082, 0x1082, 0x1082,
  0x1082, 0x1082, 0x1082, 0x1082, 0x1082, 0x1082, 0x1082, 0x1082, 0x1082, 0x1082, 0x1082, 0x1082, 0x1082,
  0x1082, 0x1082, 0x1082, 0x1082, 0x1082, 0x1082, 0x1082, 0x1082, 0x1082, 0x1082, 0x1082, 0x1082, 0x1082,
  0x1082, 0x1082, 0x1082, 0x1082, 0x1082, 0x1082, 0x1082, 0x1082, 0x1082, 0x1082, 0x1082, 0x1082, 0x1082,
  0x1082, 0x1082, 0x1082, 0x1082, 0x1082, 0x1082, 0x1082, 0x1082, 0x1082, 0x1082, 0x1082, 0x1082, 0x1082,
  0x1082, 0x1082, 0x1082,
};


#define OUTFIT_24PX_LIGHT_300_E3E3E3_7_HEIGHT 29
#define OUTFIT_24PX_LIGHT_300_E3E3E3_7_WIDTH 13

// array size is 377
const uint16_t font_outfit24_light300_7[] = {
  0x1082, 0x1082, 0x1082, 0x1082, 0x1082, 0x1082, 0x1082, 0x1082, 0x1082, 0x1082, 0x1082, 0x1082, 0x1082,
  0x1082, 0x1082, 0x1082, 0x1082, 0x1082, 0x1082, 0x1082, 0x1082, 0x1082, 0x1082, 0x1082, 0x1082, 0x1082,
  0x1082, 0x1082, 0x1082, 0x1082, 0x1082, 0x1082, 0x1082, 0x1082, 0x1082, 0x1082, 0x1082, 0x1082, 0x1082,
  0x1082, 0x1082, 0x1082, 0x1082, 0x1082, 0x1082, 0x1082, 0x1082, 0x1082, 0x1082, 0x1082, 0x1082, 0x1082,
  0x6b6d, 0x7bcf, 0x7bcf, 0x7bcf, 0x7bcf, 0x7bcf, 0x7bcf, 0x7bcf, 0x7bcf, 0x7bcf, 0x7bcf, 0x7bcf, 0x2124,
  0xce59, 0xe71c, 0xe71c, 0xe71c, 0xe71c, 0xe71c, 0xe71c, 0xe71c, 0xe71c, 0xe71c, 0xe71c, 0xe71c, 0xa534,
  0xa535, 0xbdf7, 0xbdf7, 0xbdf7, 0xbdf7, 0xbdf7, 0xbdf7, 0xbdf7, 0xbdf7, 0xe71c, 0xe71c, 0xe71c, 0xa534,
  0x1082, 0x1082, 0x1082, 0x1082, 0x1082, 0x1082, 0x1082, 0x1082, 0x1082, 0xa514, 0xe71c, 0xdefb, 0x2124,
  0x1082, 0x1082, 0x1082, 0x1082, 0x1082, 0x1082, 0x1082, 0x1082, 0x2945, 0xe71c, 0xe71c, 0x9cd3, 0x1082,
  0x1082, 0x1082, 0x1082, 0x1082, 0x1082, 0x1082, 0x1082, 0x1082, 0x7bef, 0xe71c, 0xe71c, 0x4229, 0x1082,
  0x1082, 0x1082, 0x1082, 0x1082, 0x1082, 0x1082, 0x1082, 0x10a2, 0xce79, 0xe71c, 0xc618, 0x1082, 0x1082,
  0x1082, 0x1082, 0x1082, 0x1082, 0x1082, 0x1082, 0x1082, 0x52aa, 0xe71c, 0xe71c, 0x6b6e, 0x1082, 0x1082,
  0x1082, 0x1082, 0x1082, 0x1082, 0x1082, 0x1082, 0x1082, 0xad75, 0xe71c, 0xdefb, 0x2104, 0x1082, 0x1082,
  0x1082, 0x1082, 0x1082, 0x1082, 0x1082, 0x1082, 0x3186, 0xe71c, 0xe71c, 0x9cd3, 0x1082, 0x1082, 0x1082,
  0x1082, 0x1082, 0x1082, 0x1082, 0x1082, 0x1082, 0x8430, 0xe71c, 0xe71c, 0x4228, 0x1082, 0x1082, 0x1082,
  0x1082, 0x1082, 0x1082, 0x1082, 0x1082, 0x18c3, 0xd6ba, 0xe71c, 0xc618, 0x1082, 0x1082, 0x1082, 0x1082,
  0x1082, 0x1082, 0x1082, 0x1082, 0x1082, 0x630c, 0xe71c, 0xe71c, 0x6b6d, 0x1082, 0x1082, 0x1082, 0x1082,
  0x1082, 0x1082, 0x1082, 0x1082, 0x1082, 0xb5b6, 0xe71c, 0xdefb, 0x2104, 0x1082, 0x1082, 0x1082, 0x1082,
  0x1082, 0x1082, 0x1082, 0x1082, 0x39c7, 0xe71c, 0xe71c, 0x94b2, 0x1082, 0x1082, 0x1082, 0x1082, 0x1082,
  0x1082, 0x1082, 0x1082, 0x1082, 0x8c71, 0xe71c, 0xe71c, 0x4208, 0x1082, 0x1082, 0x1082, 0x1082, 0x1082,
  0x1082, 0x1082, 0x1082, 0x18e3, 0xdedb, 0xe71c, 0xbdf7, 0x1082, 0x1082, 0x1082, 0x1082, 0x1082, 0x1082,
  0x1082, 0x1082, 0x1082, 0x6b4d, 0xe71c, 0xe71c, 0x6b4d, 0x1082, 0x1082, 0x1082, 0x1082, 0x1082, 0x1082,
  0x1082, 0x1082, 0x1082, 0x9cf3, 0xe71c, 0xdedb, 0x18e3, 0x1082, 0x1082, 0x1082, 0x1082, 0x1082, 0x1082,
  0x1082, 0x1082, 0x1082, 0x1082, 0x1082, 0x1082, 0x1082, 0x1082, 0x1082, 0x1082, 0x1082, 0x1082, 0x1082,
  0x1082, 0x1082, 0x1082, 0x1082, 0x1082, 0x1082, 0x1082, 0x1082, 0x1082, 0x1082, 0x1082, 0x1082, 0x1082,
  0x1082, 0x1082, 0x1082, 0x1082, 0x1082, 0x1082, 0x1082, 0x1082, 0x1082, 0x1082, 0x1082, 0x1082, 0x1082,
  0x1082, 0x1082, 0x1082, 0x1082, 0x1082, 0x1082, 0x1082, 0x1082, 0x1082, 0x1082, 0x1082, 0x1082, 0x1082,
  0x1082, 0x1082, 0x1082, 0x1082, 0x1082, 0x1082, 0x1082, 0x1082, 0x1082, 0x1082, 0x1082, 0x1082, 0x1082,
  0x1082, 0x1082, 0x1082, 0x1082, 0x1082, 0x1082, 0x1082, 0x1082, 0x1082, 0x1082, 0x1082, 0x1082, 0x1082,
};


#define OUTFIT_24PX_LIGHT_300_E3E3E3_8_HEIGHT 29
#define OUTFIT_24PX_LIGHT_300_E3E3E3_8_WIDTH 13

// array size is 377
const uint16_t font_outfit24_light300_8[] = {
  0x1082, 0x1082, 0x1082, 0x1082, 0x1082, 0x1082, 0x1082, 0x1082, 0x1082, 0x1082, 0x1082, 0x1082, 0x1082,
  0x1082, 0x1082, 0x1082, 0x1082, 0x1082, 0x1082, 0x1082, 0x1082, 0x1082, 0x1082, 0x1082, 0x1082, 0x1082,
  0x1082, 0x1082, 0x1082, 0x1082, 0x1082, 0x1082, 0x1082, 0x1082, 0x1082, 0x1082, 0x1082, 0x1082, 0x1082,
  0x1082, 0x1082, 0x1082, 0x1082, 0x1082, 0x1082, 0x1082, 0x1082, 0x1082, 0x1082, 0x1082, 0x1082, 0x1082,
  0x1082, 0x1082, 0x1082, 0x2104, 0x5acb, 0x8c51, 0xad75, 0x9cd3, 0x6b4d, 0x31a6, 0x1082, 0x1082, 0x1082,
  0x1082, 0x1082, 0x3186, 0xc638, 0xe71c, 0xe71c, 0xe71c, 0xe71c, 0xe71c, 0xe71c, 0x630c, 0x1082, 0x1082,
  0x1082, 0x2104, 0xd69a, 0xe71c, 0xe71c, 0xbdd7, 0x8c51, 0x9cf3, 0xe71c, 0xe71c, 0xe71c, 0x5acb, 0x1082,
  0x1082, 0x5aeb, 0xe71c, 0xe71c, 0x7bf0, 0x10a2, 0x1082, 0x1082, 0x39e7, 0xdefb, 0xe71c, 0xa534, 0x1082,
  0x1082, 0x94b2, 0xe71c, 0xce59, 0x10a2, 0x1082, 0x1082, 0x1082, 0x1082, 0x8430, 0xe71c, 0xdedb, 0x10a3,
  0x1082, 0xa514, 0xe71c, 0xbdd7, 0x1082, 0x1082, 0x1082, 0x1082, 0x1082, 0x738e, 0xe71c, 0xe71c, 0x18e3,
  0x1082, 0x7bcf, 0xe71c, 0xdefb, 0x3186, 0x1082, 0x1082, 0x1082, 0x10a2, 0xb596, 0xe71c, 0xc638, 0x1082,
  0x1082, 0x39c7, 0xdefb, 0xe71c, 0xc638, 0x4229, 0x10a2, 0x2945, 0x9cd3, 0xe71c, 0xe71c, 0x7bef, 0x1082,
  0x1082, 0x1082, 0x6b4d, 0xe71c, 0xe71c, 0xe71c, 0xe71c, 0xe71c, 0xe71c, 0xe71c, 0xb596, 0x10a2, 0x1082,
  0x1082, 0x10a2, 0x8c51, 0xe71c, 0xe71c, 0xe71c, 0xe71c, 0xe71c, 0xe71c, 0xe71c, 0xb596, 0x2965, 0x1082,
  0x1082, 0x7bcf, 0xe71c, 0xe71c, 0xce59, 0x7bcf, 0x52aa, 0x6b4d, 0xad55, 0xe71c, 0xe71c, 0xbdd7, 0x18c3,
  0x2965, 0xe71c, 0xe71c, 0xbdf7, 0x2125, 0x1082, 0x1082, 0x1082, 0x10a2, 0x8430, 0xe71c, 0xe71c, 0x738e,
  0x5aeb, 0xe71c, 0xe71c, 0x4a49, 0x1082, 0x1082, 0x1082, 0x1082, 0x1082, 0x10a2, 0xd69a, 0xe71c, 0xa534,
  0x8410, 0xe71c, 0xe71c, 0x18e3, 0x1082, 0x1082, 0x1082, 0x1082, 0x1082, 0x1082, 0xad55, 0xe71c, 0xce59,
  0x6b4d, 0xe71c, 0xe71c, 0x4228, 0x1082, 0x1082, 0x1082, 0x1082, 0x1082, 0x1082, 0xce59, 0xe71c, 0xb5b6,
  0x3186, 0xe71c, 0xe71c, 0xad75, 0x18e3, 0x1082, 0x1082, 0x1082, 0x1082, 0x6b6e, 0xe71c, 0xe71c, 0x7bcf,
  0x1082, 0xc618, 0xe71c, 0xe71c, 0xbdd7, 0x630c, 0x4208, 0x528a, 0x9492, 0xe71c, 0xe71c, 0xe71c, 0x39e7,
  0x1082, 0x2945, 0xbdf7, 0xe71c, 0xe71c, 0xe71c, 0xe71c, 0xe71c, 0xe71c, 0xe71c, 0xdefb, 0x52aa, 0x1082,
  0x1082, 0x1082, 0x18e4, 0x9492, 0xc638, 0xe71c, 0xe71c, 0xe71c, 0xd69a, 0xa534, 0x4208, 0x1082, 0x1082,
  0x1082, 0x1082, 0x1082, 0x1082, 0x1082, 0x2104, 0x3186, 0x3186, 0x1082, 0x1082, 0x1082, 0x1082, 0x1082,
  0x1082, 0x1082, 0x1082, 0x1082, 0x1082, 0x1082, 0x1082, 0x1082, 0x1082, 0x1082, 0x1082, 0x1082, 0x1082,
  0x1082, 0x1082, 0x1082, 0x1082, 0x1082, 0x1082, 0x1082, 0x1082, 0x1082, 0x1082, 0x1082, 0x1082, 0x1082,
  0x1082, 0x1082, 0x1082, 0x1082, 0x1082, 0x1082, 0x1082, 0x1082, 0x1082, 0x1082, 0x1082, 0x1082, 0x1082,
  0x1082, 0x1082, 0x1082, 0x1082, 0x1082, 0x1082, 0x1082, 0x1082, 0x1082, 0x1082, 0x1082, 0x1082, 0x1082,
  0x1082, 0x1082, 0x1082, 0x1082, 0x1082, 0x1082, 0x1082, 0x1082, 0x1082, 0x1082, 0x1082, 0x1082, 0x1082,
};


#define OUTFIT_24PX_LIGHT_300_E3E3E3_9_HEIGHT 29
#define OUTFIT_24PX_LIGHT_300_E3E3E3_9_WIDTH 14

// array size is 406
const uint16_t font_outfit24_light300_9[] = {
  0x1082, 0x1082, 0x1082, 0x1082, 0x1082, 0x1082, 0x1082, 0x1082, 0x1082, 0x1082, 0x1082, 0x1082, 0x1082,
  0x1082, 0x1082, 0x1082, 0x1082, 0x1082, 0x1082, 0x1082, 0x1082, 0x1082, 0x1082, 0x1082, 0x1082, 0x1082,
  0x1082, 0x1082, 0x1082, 0x1082, 0x1082, 0x1082, 0x1082, 0x1082, 0x1082, 0x1082, 0x1082, 0x1082, 0x1082,
  0x1082, 0x1082, 0x1082, 0x1082, 0x1082, 0x1082, 0x1082, 0x1082, 0x1082, 0x1082, 0x1082, 0x1082, 0x1082,
  0x1082, 0x1082, 0x1082, 0x1082, 0x1082, 0x1082, 0x1082, 0x18c3, 0x5aec, 0x9492, 0xad55, 0xa534, 0x8c51,
  0x4a49, 0x1082, 0x1082, 0x1082, 0x1082, 0x1082, 0x1082, 0x2945, 0xc638, 0xe71c, 0xe71c, 0xe71c, 0xe71c,
  0xe71c, 0xe71c, 0xa534, 0x18c3, 0x1082, 0x1082, 0x1082, 0x2965, 0xce59, 0xe71c, 0xe71c, 0xe71c, 0xbdf7,
  0xc638, 0xe71c, 0xe71c, 0xe71c, 0xa534, 0x18c3, 0x1082, 0x10a2, 0xc618, 0xe71c, 0xe71c, 0xa514, 0x2104,
  0x1082, 0x1082, 0x31a6, 0xce59, 0xe71c, 0xe71c, 0x8c71, 0x1082, 0x528a, 0xe71c, 0xe71c, 0xad55, 0x10a3,
  0x1082, 0x1082, 0x1082, 0x1082, 0x2965, 0xce79, 0xe71c, 0xdedb, 0x18e3, 0x7bef, 0xe71c, 0xe71c, 0x4a49,
  0x1082, 0x1082, 0x1082, 0x1082, 0x1082, 0x1082, 0x8c51, 0xe71c, 0xe71c, 0x39e7, 0x94b2, 0xe71c, 0xe71c,
  0x18c3, 0x1082, 0x1082, 0x1082, 0x1082, 0x1082, 0x1082, 0x630c, 0xe71c, 0xe71c, 0x528a, 0x7bcf, 0xe71c,
  0xe71c, 0x31a6, 0x1082, 0x1082, 0x1082, 0x1082, 0x1082, 0x1082, 0x7bcf, 0xe71c, 0xe71c, 0x39e7, 0x4208,
  0xe71c, 0xe71c, 0x7bcf, 0x1082, 0x1082, 0x1082, 0x1082, 0x1082, 0x10a2, 0xb5b6, 0xe71c, 0xe71c, 0x18c3,
  0x10a3, 0xdedb, 0xe71c, 0xe71c, 0x630c, 0x1082, 0x1082, 0x1082, 0x10a2, 0x94b3, 0xe71c, 0xe71c, 0xad75,
  0x1082, 0x1082, 0x5acb, 0xe71c, 0xe71c, 0xe71c, 0xa534, 0x8430, 0x8410, 0xbdd7, 0xe71c, 0xe71c, 0xe71c,
  0x39e7, 0x1082, 0x1082, 0x1082, 0x5aeb, 0xe71c, 0xe71c, 0xe71c, 0xe71c, 0xe71c, 0xe71c, 0xe71c, 0xe71c,
  0x94b2, 0x1082, 0x1082, 0x1082, 0x1082, 0x1082, 0x3186, 0x6b6d, 0xa514, 0xc638, 0xe71c, 0xe71c, 0xe71c,
  0xc638, 0x18e3, 0x1082, 0x1082, 0x1082, 0x1082, 0x1082, 0x1082, 0x1082, 0x1082, 0x2945, 0xd69a, 0xe71c,
  0xdefb, 0x39c7, 0x1082, 0x1082, 0x1082, 0x1082, 0x1082, 0x1082, 0x1082, 0x1082, 0x10a3, 0xb5b6, 0xe71c,
  0xe71c, 0x6b4d, 0x1082, 0x1082, 0x1082, 0x1082, 0x1082, 0x1082, 0x1082, 0x1082, 0x1082, 0x8430, 0xe71c,
  0xe71c, 0xa514, 0x1082, 0x1082, 0x1082, 0x1082, 0x1082, 0x1082, 0x1082, 0x1082, 0x1082, 0x528a, 0xe71c,
  0xe71c, 0xce59, 0x2104, 0x1082, 0x1082, 0x1082, 0x1082, 0x1082, 0x1082, 0x1082, 0x1082, 0x2965, 0xd6ba,
  0xe71c, 0xe71c, 0x4208, 0x1082, 0x1082, 0x1082, 0x1082, 0x1082, 0x10a2, 0x1082, 0x1082, 0x1082, 0x8c71,
  0xe71c, 0xe71c, 0x738e, 0x1082, 0x1082, 0x1082, 0x1082, 0x1082, 0x1082, 0x1082, 0x1082, 0x1082, 0x1082,
  0x1082, 0x1082, 0x1082, 0x1082, 0x1082, 0x1082, 0x1082, 0x1082, 0x1082, 0x1082, 0x1082, 0x1082, 0x1082,
  0x1082, 0x1082, 0x1082, 0x1082, 0x1082, 0x1082, 0x1082, 0x1082, 0x1082, 0x1082, 0x1082, 0x1082, 0x1082,
  0x1082, 0x1082, 0x1082, 0x1082, 0x1082, 0x1082, 0x1082, 0x1082, 0x1082, 0x1082, 0x1082, 0x1082, 0x1082,
  0x1082, 0x1082, 0x1082, 0x1082, 0x1082, 0x1082, 0x1082, 0x1082, 0x1082, 0x1082, 0x1082, 0x1082, 0x1082,
  0x1082, 0x1082, 0x1082, 0x1082, 0x1082, 0x1082, 0x1082, 0x1082, 0x1082, 0x1082, 0x1082, 0x1082, 0x1082,
  0x1082, 0x1082, 0x1082, 0x1082, 0x1082, 0x1082, 0x1082, 0x1082, 0x1082, 0x1082, 0x1082, 0x1082, 0x1082,
  0x1082, 0x1082, 0x1082,
};


#define OUTFIT_24PX_LIGHT_300_E3E3E3_D_HEIGHT 37
#define OUTFIT_24PX_LIGHT_300_E3E3E3_D_WIDTH 22

// array size is 814
const uint16_t font_outfit24_light300_D[] = {
  0x1082, 0x1082, 0x1082, 0x1082, 0x1082, 0x1082, 0x1082, 0x1082, 0x1082, 0x1082, 0x1082, 0x1082, 0x1082,
  0x1082, 0x1082, 0x1082, 0x1082, 0x1082, 0x1082, 0x1082, 0x1082, 0x1082, 0x1082, 0x1082, 0x1082, 0x1082,
  0x1082, 0x1082, 0x1082, 0x1082, 0x1082, 0x1082, 0x1082, 0x1082, 0x1082, 0x1082, 0x1082, 0x1082, 0x1082,
  0x1082, 0x1082, 0x1082, 0x1082, 0x1082, 0x1082, 0x1082, 0x1082, 0x1082, 0x1082, 0x1082, 0x1082, 0x1082,
  0x1082, 0x1082, 0x1082, 0x1082, 0x1082, 0x1082, 0x1082, 0x1082, 0x1082, 0x1082, 0x1082, 0x1082, 0x1082,
  0x1082, 0x1082, 0x1082, 0x1082, 0x1082, 0x1082, 0x1082, 0x1082, 0x1082, 0x1082, 0x1082, 0x1082, 0x1082,
  0x1082, 0x1082, 0x1082, 0x1082, 0x1082, 0x1082, 0x1082, 0x1082, 0x1082, 0x1082, 0x1082, 0x1082, 0x1082,
  0x1082, 0x1082, 0x1082, 0x1082, 0x1082, 0x1082, 0x1082, 0x1082, 0x1082, 0x1082, 0x1082, 0x1082, 0x1082,
  0x1082, 0x1082, 0x1082, 0x1082, 0x1082, 0x1082, 0x1082, 0x1082, 0x1082, 0x1082, 0x1082, 0x1082, 0x1082,
  0x1082, 0x1082, 0x1082, 0x1082, 0x1082, 0x1082, 0x1082, 0x1082, 0x1082, 0x1082, 0x1082, 0x1082, 0x1082,
  0x1082, 0x1082, 0x52aa, 0xe71c, 0xe71c, 0xe71c, 0xe71c, 0xe71c, 0xe71c, 0xe71c, 0xe71c, 0xe71c, 0xd69a,
  0xc618, 0xa514, 0x632c, 0x2124, 0x1082, 0x1082, 0x1082, 0x1082, 0x1082, 0x1082, 0x1082, 0x52aa, 0xe71c,
  0xe71c, 0xe71c, 0xe71c, 0xe71c, 0xe71c, 0xe71c, 0xe71c, 0xe71c, 0xe71c, 0xe71c, 0xe71c, 0xe71c, 0xdedb,
  0x6b6e, 0x10a2, 0x1082, 0x1082, 0x1082, 0x1082, 0x1082, 0x52aa, 0xe71c, 0xe71c, 0xe71c, 0xce79, 0xce79,
  0xce79, 0xce79, 0xce79, 0xdedb, 0xe71c, 0xe71c, 0xe71c, 0xe71c, 0xe71c, 0xe71c, 0xb5b6, 0x31a6, 0x1082,
  0x1082, 0x1082, 0x1082, 0x52aa, 0xe71c, 0xe71c, 0xb5b6, 0x1082, 0x1082, 0x1082, 0x1082, 0x1082, 0x1082,
  0x2104, 0x39e7, 0x8410, 0xd69a, 0xe71c, 0xe71c, 0xe71c, 0xdefb, 0x52aa, 0x1082, 0x1082, 0x1082, 0x52aa,
  0xe71c, 0xe71c, 0xb5b6, 0x1082, 0x1082, 0x1082, 0x1082, 0x1082, 0x1082, 0x1082, 0x1082, 0x1082, 0x10a3,
  0x8410, 0xe71c, 0xe71c, 0xe71c, 0xd69a, 0x2124, 0x1082, 0x1082, 0x52aa, 0xe71c, 0xe71c, 0xb5b6, 0x1082,
  0x1082, 0x1082, 0x1082, 0x1082, 0x1082, 0x1082, 0x1082, 0x1082, 0x1082, 0x1082, 0x528a, 0xe71c, 0xe71c,
  0xe71c, 0xa514, 0x1082, 0x1082, 0x52aa, 0xe71c, 0xe71c, 0xb5b6, 0x1082, 0x1082, 0x1082, 0x1082, 0x1082,
  0x1082, 0x1082, 0x1082, 0x1082, 0x1082, 0x1082, 0x1082, 0x738e, 0xe71c, 0xe71c, 0xe71c, 0x5aeb, 0x1082,
  0x52aa, 0xe71c, 0xe71c, 0xb5b6, 0x1082, 0x1082, 0x1082, 0x1082, 0x1082, 0x1082, 0x1082, 0x1082, 0x1082,
  0x1082, 0x1082, 0x1082, 0x10a2, 0xb596, 0xe71c, 0xe71c, 0xc638, 0x1082, 0x52aa, 0xe71c, 0xe71c, 0xb5b6,
  0x1082, 0x1082, 0x1082, 0x1082, 0x1082, 0x1082, 0x1082, 0x1082, 0x1082, 0x1082, 0x1082, 0x1082, 0x1082,
  0x5acb, 0xe71c, 0xe71c, 0xe71c, 0x31a6, 0x52aa, 0xe71c, 0xe71c, 0xb5b6, 0x1082, 0x1082, 0x1082, 0x1082,
  0x1082, 0x1082, 0x1082, 0x1082, 0x1082, 0x1082, 0x1082, 0x1082, 0x1082, 0x18c3, 0xd6ba, 0xe71c, 0xe71c,
  0x632c, 0x52aa, 0xe71c, 0xe71c, 0xb5b6, 0x1082, 0x1082, 0x1082, 0x1082, 0x1082, 0x1082, 0x1082, 0x1082,
  0x1082, 0x1082, 0x1082, 0x1082, 0x1082, 0x1082, 0xb5b6, 0xe71c, 0xe71c, 0x7bcf, 0x52aa, 0xe71c, 0xe71c,
  0xb5b6, 0x1082, 0x1082, 0x1082, 0x1082, 0x1082, 0x1082, 0x1082, 0x1082, 0x1082, 0x1082, 0x1082, 0x1082,
  0x1082, 0x1082, 0x9cf4, 0xe71c, 0xe71c, 0x8c71, 0x52aa, 0xe71c, 0xe71c, 0xb5b6, 0x1082, 0x1082, 0x1082,
  0x1082, 0x1082, 0x1082, 0x1082, 0x1082, 0x1082, 0x1082, 0x1082, 0x1082, 0x1082, 0x1082, 0xa514, 0xe71c,
  0xe71c, 0x8c71, 0x52aa, 0xe71c, 0xe71c, 0xb5b6, 0x1082, 0x1082, 0x1082, 0x1082, 0x1082, 0x1082, 0x1082,
  0x1082, 0x1082, 0x1082, 0x1082, 0x1082, 0x1082, 0x1082, 0xb5b6, 0xe71c, 0xe71c, 0x7bcf, 0x52aa, 0xe71c,
  0xe71c, 0xb5b6, 0x1082, 0x1082, 0x1082, 0x1082, 0x1082, 0x1082, 0x1082, 0x1082, 0x1082, 0x1082, 0x1082,
  0x1082, 0x1082, 0x18c3, 0xd6ba, 0xe71c, 0xe71c, 0x632c, 0x52aa, 0xe71c, 0xe71c, 0xb5b6, 0x1082, 0x1082,
  0x1082, 0x1082, 0x1082, 0x1082, 0x1082, 0x1082, 0x1082, 0x1082, 0x1082, 0x1082, 0x1082, 0x5acb, 0xe71c,
  0xe71c, 0xe71c, 0x3186, 0x52aa, 0xe71c, 0xe71c, 0xb5b6, 0x1082, 0x1082, 0x1082, 0x1082, 0x1082, 0x1082,
  0x1082, 0x1082, 0x1082, 0x1082, 0x1082, 0x1082, 0x10a2, 0xb596, 0xe71c, 0xe71c, 0xc638, 0x1082, 0x52aa,
  0xe71c, 0xe71c, 0xb5b6, 0x1082, 0x1082, 0x1082, 0x1082, 0x1082, 0x1082, 0x1082, 0x1082, 0x1082, 0x1082,
  0x1082, 0x1082, 0x738e, 0xe71c, 0xe71c, 0xe71c, 0x5aeb, 0x1082, 0x52aa, 0xe71c, 0xe71c, 0xb5b6, 0x1082,
  0x1082, 0x1082, 0x1082, 0x1082, 0x1082, 0x1082, 0x1082, 0x1082, 0x1082, 0x1082, 0x528a, 0xdefb, 0xe71c,
  0xe71c, 0xa514, 0x1082, 0x1082, 0x52aa, 0xe71c, 0xe71c, 0xb5b6, 0x1082, 0x1082, 0x1082, 0x1082, 0x1082,
  0x1082, 0x1082, 0x1082, 0x1082, 0x10a2, 0x7bf0, 0xe71c, 0xe71c, 0xe71c, 0xd6ba, 0x2124, 0x1082, 0x1082,
  0x52aa, 0xe71c, 0xe71c, 0xb5b6, 0x1082, 0x1082, 0x1082, 0x1082, 0x1082, 0x1082, 0x18e4, 0x39c7, 0x7bf0,
  0xce79, 0xe71c, 0xe71c, 0xe71c, 0xdefb, 0x5acb, 0x1082, 0x1082, 0x1082, 0x52aa, 0xe71c, 0xe71c, 0xe71c,
  0xce79, 0xce79, 0xce79, 0xce79, 0xce79, 0xdedb, 0xe71c, 0xe71c, 0xe71c, 0xe71c, 0xe71c, 0xe71c, 0xbdd7,
  0x39c7, 0x1082, 0x1082, 0x1082, 0x1082, 0x52aa, 0xe71c, 0xe71c, 0xe71c, 0xe71c, 0xe71c, 0xe71c, 0xe71c,
  0xe71c, 0xe71c, 0xe71c, 0xe71c, 0xe71c, 0xe71c, 0xdefb, 0x73ae, 0x10a2, 0x1082, 0x1082, 0x1082, 0x1082,
  0x1082, 0x52aa, 0xe71c, 0xe71c, 0xe71c, 0xe71c, 0xe71c, 0xe71c, 0xe71c, 0xe71c, 0xe71c, 0xd6ba, 0xc638,
  0xa534, 0x6b4d, 0x2945, 0x1082, 0x1082, 0x1082, 0x1082, 0x1082, 0x1082, 0x1082, 0x1082, 0x1082, 0x1082,
  0x1082, 0x1082, 0x1082, 0x1082, 0x1082, 0x1082, 0x1082, 0x1082, 0x1082, 0x1082, 0x1082, 0x1082, 0x1082,
  0x1082, 0x1082, 0x1082, 0x1082, 0x1082, 0x1082, 0x1082, 0x1082, 0x1082, 0x1082, 0x1082, 0x1082, 0x1082,
  0x1082, 0x1082, 0x1082, 0x1082, 0x1082, 0x1082, 0x1082, 0x1082, 0x1082, 0x1082, 0x1082, 0x1082, 0x1082,
  0x1082, 0x1082, 0x1082, 0x1082, 0x1082, 0x1082, 0x1082, 0x1082, 0x1082, 0x1082, 0x1082, 0x1082, 0x1082,
  0x1082, 0x1082, 0x1082, 0x1082, 0x1082, 0x1082, 0x1082, 0x1082, 0x1082, 0x1082, 0x1082, 0x1082, 0x1082,
  0x1082, 0x1082, 0x1082, 0x1082, 0x1082, 0x1082, 0x1082, 0x1082, 0x1082, 0x1082, 0x1082, 0x1082, 0x1082,
  0x1082, 0x1082, 0x1082, 0x1082, 0x1082, 0x1082, 0x1082, 0x1082, 0x1082, 0x1082, 0x1082, 0x1082, 0x1082,
  0x1082, 0x1082, 0x1082, 0x1082, 0x1082, 0x1082, 0x1082, 0x1082, 0x1082, 0x1082, 0x1082, 0x1082, 0x1082,
  0x1082, 0x1082, 0x1082, 0x1082, 0x1082, 0x1082, 0x1082, 0x1082, 0x1082, 0x1082, 0x1082, 0x1082, 0x1082,
  0x1082, 0x1082, 0x1082, 0x1082, 0x1082, 0x1082, 0x1082, 0x1082, 0x1082, 0x1082, 0x1082, 0x1082, 0x1082,
  0x1082, 0x1082, 0x1082, 0x1082, 0x1082, 0x1082, 0x1082, 0x1082, 0x1082, 0x1082, 0x1082, 0x1082, 0x1082,
  0x1082, 0x1082, 0x1082, 0x1082, 0x1082, 0x1082, 0x1082, 0x1082,
};


#define OUTFIT_24PX_LIGHT_300_E3E3E3_Q_HEIGHT 37
#define OUTFIT_24PX_LIGHT_300_E3E3E3_Q_WIDTH 27

// array size is 999
const uint16_t font_outfit24_light300_Q[] = {
  0x1082, 0x1082, 0x1082, 0x1082, 0x1082, 0x1082, 0x1082, 0x1082, 0x1082, 0x1082, 0x1082, 0x1082, 0x1082,
  0x1082, 0x1082, 0x1082, 0x1082, 0x1082, 0x1082, 0x1082, 0x1082, 0x1082, 0x1082, 0x1082, 0x1082, 0x1082,
  0x1082, 0x1082, 0x1082, 0x1082, 0x1082, 0x1082, 0x1082, 0x1082, 0x1082, 0x1082, 0x1082, 0x1082, 0x1082,
  0x1082, 0x1082, 0x1082, 0x1082, 0x1082, 0x1082, 0x1082, 0x1082, 0x1082, 0x1082, 0x1082, 0x1082, 0x1082,
  0x1082, 0x1082, 0x1082, 0x1082, 0x1082, 0x1082, 0x1082, 0x1082, 0x1082, 0x1082, 0x1082, 0x1082, 0x1082,
  0x1082, 0x1082, 0x1082, 0x1082, 0x1082, 0x1082, 0x1082, 0x1082, 0x1082, 0x1082, 0x1082, 0x1082, 0x1082,
  0x1082, 0x1082, 0x1082, 0x1082, 0x1082, 0x1082, 0x1082, 0x1082, 0x1082, 0x1082, 0x1082, 0x1082, 0x1082,
  0x1082, 0x1082, 0x1082, 0x1082, 0x1082, 0x1082, 0x1082, 0x1082, 0x1082, 0x1082, 0x1082, 0x1082, 0x1082,
  0x1082, 0x1082, 0x1082, 0x1082, 0x1082, 0x1082, 0x1082, 0x1082, 0x1082, 0x1082, 0x1082, 0x1082, 0x1082,
  0x1082, 0x1082, 0x1082, 0x1082, 0x1082, 0x1082, 0x1082, 0x1082, 0x1082, 0x1082, 0x1082, 0x1082, 0x1082,
  0x1082, 0x1082, 0x1082, 0x1082, 0x1082, 0x1082, 0x1082, 0x1082, 0x1082, 0x1082, 0x1082, 0x1082, 0x1082,
  0x1082, 0x18c3, 0x31a6, 0x4a49, 0x5acb, 0x4a49, 0x31a6, 0x18c3, 0x1082, 0x1082, 0x1082, 0x1082, 0x1082,
  0x1082, 0x1082, 0x1082, 0x1082, 0x1082, 0x1082, 0x1082, 0x1082, 0x1082, 0x1082, 0x1082, 0x1082, 0x1082,
  0x52aa, 0xa534, 0xdefb, 0xe71c, 0xe71c, 0xe71c, 0xe71c, 0xe71c, 0xdefb, 0xa514, 0x528a, 0x1082, 0x1082,
  0x1082, 0x1082, 0x1082, 0x1082, 0x1082, 0x1082, 0x1082, 0x1082, 0x1082, 0x1082, 0x1082, 0x1082, 0x2104,
  0x9cf3, 0xe71c, 0xe71c, 0xe71c, 0xe71c, 0xe71c, 0xe71c, 0xe71c, 0xe71c, 0xe71c, 0xe71c, 0xe71c, 0x9cd3,
  0x2104, 0x1082, 0x1082, 0x1082, 0x1082, 0x1082, 0x1082, 0x1082, 0x1082, 0x1082, 0x1082, 0x1082, 0x4a69,
  0xce79, 0xe71c, 0xe71c, 0xe71c, 0xe71c, 0xdedb, 0xbdf7, 0xb5b6, 0xd69a, 0xe71c, 0xe71c, 0xe71c, 0xe71c,
  0xe71c, 0xce79, 0x4a69, 0x1082, 0x1082, 0x1082, 0x1082, 0x1082, 0x1082, 0x1082, 0x1082, 0x1082, 0x5aeb,
  0xe71c, 0xe71c, 0xe71c, 0xe71c, 0xad75, 0x528a, 0x10a2, 0x1082, 0x1082, 0x1082, 0x2945, 0x52aa, 0xbdf7,
  0xe71c, 0xe71c, 0xe71c, 0xe71c, 0x5acb, 0x1082, 0x1082, 0x1082, 0x1082, 0x1082, 0x1082, 0x1082, 0x2124,
  0xd69a, 0xe71c, 0xe71c, 0xdefb, 0x632c, 0x1082, 0x1082, 0x1082, 0x1082, 0x1082, 0x1082, 0x1082, 0x1082,
  0x18c3, 0x8430, 0xe71c, 0xe71c, 0xe71c, 0xd69a, 0x2104, 0x1082, 0x1082, 0x1082, 0x1082, 0x1082, 0x1082,
  0x9cd3, 0xe71c, 0xe71c, 0xdefb, 0x4228, 0x1082, 0x1082, 0x1082, 0x1082, 0x1082, 0x1082, 0x1082, 0x1082,
  0x1082, 0x1082, 0x1082, 0x528a, 0xe71c, 0xe71c, 0xe71c, 0x94b2, 0x1082, 0x1082, 0x1082, 0x1082, 0x1082,
  0x528a, 0xe71c, 0xe71c, 0xe71c, 0x738e, 0x1082, 0x1082, 0x1082, 0x1082, 0x1082, 0x1082, 0x1082, 0x1082,
  0x1082, 0x1082, 0x1082, 0x1082, 0x1082, 0x9492, 0xe71c, 0xe71c, 0xe71c, 0x4a69, 0x1082, 0x1082, 0x1082,
  0x1082, 0xb596, 0xe71c, 0xe71c, 0xbdf7, 0x10a2, 0x1082, 0x1082, 0x1082, 0x1082, 0x1082, 0x1082, 0x1082,
  0x1082, 0x1082, 0x1082, 0x1082, 0x1082, 0x1082, 0x2104, 0xd69a, 0xe71c, 0xe71c, 0xad75, 0x1082, 0x1082,
  0x1082, 0x2104, 0xe71c, 0xe71c, 0xe71c, 0x6b6d, 0x1082, 0x1082, 0x1082, 0x1082, 0x1082, 0x1082, 0x1082,
  0x1082, 0x1082, 0x1082, 0x1082, 0x1082, 0x1082, 0x1082, 0x1082, 0x6b4d, 0xe71c, 0xe71c, 0xdefb, 0x18e3,
  0x1082, 0x1082, 0x4a69, 0xe71c, 0xe71c, 0xe71c, 0x2104, 0x1082, 0x1082, 0x1082, 0x1082, 0x1082, 0x1082,
  0x1082, 0x1082, 0x1082, 0x1082, 0x1082, 0x1082, 0x1082, 0x1082, 0x1082, 0x39e7, 0xe71c, 0xe71c, 0xe71c,
  0x4a49, 0x1082, 0x1082, 0x630c, 0xe71c, 0xe71c, 0xce79, 0x1082, 0x1082, 0x1082, 0x1082, 0x1082, 0x1082,
  0x1082, 0x1082, 0x1082, 0x1082, 0x1082, 0x1082, 0x1082, 0x1082, 0x1082, 0x1082, 0x18c3, 0xe71c, 0xe71c,
  0xe71c, 0x630c, 0x1082, 0x1082, 0x738e, 0xe71c, 0xe71c, 0xbdd7, 0x1082, 0x1082, 0x1082, 0x1082, 0x1082,
  0x1082, 0x1082, 0x1082, 0x1082, 0x1082, 0x1082, 0x1082, 0x1082, 0x1082, 0x1082, 0x1082, 0x1082, 0xc638,
  0xe71c, 0xe71c, 0x738e, 0x1082, 0x1082, 0x738e, 0xe71c, 0xe71c, 0xc638, 0x1082, 0x1082, 0x1082, 0x1082,
  0x1082, 0x1082, 0x1082, 0x1082, 0x1082, 0x4a49, 0xc618, 0x4208, 0x1082, 0x1082, 0x1082, 0x1082, 0x1082,
  0xbdd7, 0xe71c, 0xe71c, 0x738e, 0x1082, 0x1082, 0x630c, 0xe71c, 0xe71c, 0xe71c, 0x18c3, 0x1082, 0x1082,
  0x1082, 0x1082, 0x1082, 0x1082, 0x1082, 0x4208, 0xdedb, 0xe71c, 0xdedb, 0x4208, 0x1082, 0x1082, 0x1082,
  0x1082, 0xd69a, 0xe71c, 0xe71c, 0x630c, 0x1082, 0x1082, 0x4a49, 0xe71c, 0xe71c, 0xe71c, 0x39e7, 0x1082,
  0x1082, 0x1082, 0x1082, 0x1082, 0x1082, 0x1082, 0x4208, 0xdefb, 0xe71c, 0xe71c, 0xdedb, 0x4208, 0x1082,
  0x1082, 0x2124, 0xe71c, 0xe71c, 0xe71c, 0x4a49, 0x1082, 0x1082, 0x18e3, 0xdefb, 0xe71c, 0xe71c, 0x6b6d,
  0x1082, 0x1082, 0x1082, 0x1082, 0x1082, 0x1082, 0x1082, 0x1082, 0x4a49, 0xdefb, 0xe71c, 0xe71c, 0xdedb,
  0x4208, 0x1082, 0x738e, 0xe71c, 0xe71c, 0xdefb, 0x18e3, 0x1082, 0x1082, 0x1082, 0xad55, 0xe71c, 0xe71c,
  0xd69a, 0x2104, 0x1082, 0x1082, 0x1082, 0x1082, 0x1082, 0x1082, 0x1082, 0x1082, 0x4a49, 0xdefb, 0xe71c,
  0xe71c, 0xdedb, 0x4208, 0xc618, 0xe71c, 0xe71c, 0xad75, 0x1082, 0x1082, 0x1082, 0x1082, 0x4a49, 0xe71c,
  0xe71c, 0xe71c, 0x9492, 0x1082, 0x1082, 0x1082, 0x1082, 0x1082, 0x1082, 0x1082, 0x1082, 0x1082, 0x4a49,
  0xdefb, 0xe71c, 0xe71c, 0xe71c, 0xe71c, 0xe71c, 0xe71c, 0x4a69, 0x1082, 0x1082, 0x1082, 0x1082, 0x1082,
  0x9492, 0xe71c, 0xe71c, 0xe71c, 0x4a6a, 0x1082, 0x1082, 0x1082, 0x1082, 0x1082, 0x1082, 0x1082, 0x1082,
  0x1082, 0x4a49, 0xdefb, 0xe71c, 0xe71c, 0xe71c, 0xe71c, 0x94b3, 0x1082, 0x1082, 0x1082, 0x1082, 0x1082,
  0x1082, 0x18e4, 0xce79, 0xe71c, 0xe71c, 0xe71c, 0x8430, 0x18c3, 0x1082, 0x1082, 0x1082, 0x1082, 0x1082,
  0x1082, 0x1082, 0x1082, 0xa514, 0xe71c, 0xe71c, 0xe71c, 0xe71c, 0x4a6a, 0x1082, 0x1082, 0x1082, 0x1082,
  0x1082, 0x1082, 0x1082, 0x528a, 0xe71c, 0xe71c, 0xe71c, 0xe71c, 0xbdf7, 0x52aa, 0x2945, 0x1082, 0x1082,
  0x1082, 0x10a2, 0x52aa, 0xb596, 0xe71c, 0xe71c, 0xe71c, 0xe71c, 0xe71c, 0xdedb, 0x4208, 0x1082, 0x1082,
  0x1082, 0x1082, 0x1082, 0x1082, 0x1082, 0x4229, 0xce59, 0xe71c, 0xe71c, 0xe71c, 0xe71c, 0xe71c, 0xd69a,
  0xc638, 0xbdf7, 0xdedb, 0xe71c, 0xe71c, 0xe71c, 0xe71c, 0xe71c, 0xe71c, 0xe71c, 0xe71c, 0xdedb, 0x4208,
  0x1082, 0x1082, 0x1082, 0x1082, 0x1082, 0x1082, 0x1082, 0x18e3, 0x94b2, 0xe71c, 0xe71c, 0xe71c, 0xe71c,
  0xe71c, 0xe71c, 0xe71c, 0xe71c, 0xe71c, 0xe71c, 0xe71c, 0x9cf3, 0x2104, 0x4a49, 0xdefb, 0xe71c, 0xe71c,
  0xdedb, 0x4208, 0x1082, 0x1082, 0x1082, 0x1082, 0x1082, 0x1082, 0x1082, 0x1082, 0x528a, 0xa514, 0xdedb,
  0xe71c, 0xe71c, 0xe71c, 0xe71c, 0xe71c, 0xdefb, 0xa534, 0x52aa, 0x1082, 0x1082, 0x1082, 0x4a49, 0xdefb,
  0xe71c, 0xe71c, 0xdedb, 0x2124, 0x1082, 0x1082, 0x1082, 0x1082, 0x1082, 0x1082, 0x1082, 0x1082, 0x1082,
  0x18c3, 0x31a6, 0x4a49, 0x5acb, 0x4a69, 0x39c7, 0x18e3, 0x1082, 0x1082, 0x1082, 0x1082, 0x1082, 0x1082,
  0x4a49, 0xdefb, 0xe71c, 0xa534, 0x10a3, 0x1082, 0x1082, 0x1082, 0x1082, 0x1082, 0x1082, 0x1082, 0x1082,
  0x1082, 0x1082, 0x1082, 0x1082, 0x1082, 0x1082, 0x1082, 0x1082, 0x1082, 0x1082, 0x1082, 0x1082, 0x1082,
  0x1082, 0x1082, 0x4a49, 0x8c71, 0x18c3, 0x1082, 0x1082, 0x1082, 0x1082, 0x1082, 0x1082, 0x1082, 0x1082,
  0x1082, 0x1082, 0x1082, 0x1082, 0x1082, 0x1082, 0x1082, 0x1082, 0x1082, 0x1082, 0x1082, 0x1082, 0x1082,
  0x1082, 0x1082, 0x1082, 0x1082, 0x1082, 0x1082, 0x1082, 0x1082, 0x1082, 0x1082, 0x1082, 0x1082, 0x1082,
  0x1082, 0x1082, 0x1082, 0x1082, 0x1082, 0x1082, 0x1082, 0x1082, 0x1082, 0x1082, 0x1082, 0x1082, 0x1082,
  0x1082, 0x1082, 0x1082, 0x1082, 0x1082, 0x1082, 0x1082, 0x1082, 0x1082, 0x1082, 0x1082, 0x1082, 0x1082,
  0x1082, 0x1082, 0x1082, 0x1082, 0x1082, 0x1082, 0x1082, 0x1082, 0x1082, 0x1082, 0x1082, 0x1082, 0x1082,
  0x1082, 0x1082, 0x1082, 0x1082, 0x1082, 0x1082, 0x1082, 0x1082, 0x1082, 0x1082, 0x1082, 0x1082, 0x1082,
  0x1082, 0x1082, 0x1082, 0x1082, 0x1082, 0x1082, 0x1082, 0x1082, 0x1082, 0x1082, 0x1082, 0x1082, 0x1082,
  0x1082, 0x1082, 0x1082, 0x1082, 0x1082, 0x1082, 0x1082, 0x1082, 0x1082, 0x1082, 0x1082, 0x1082, 0x1082,
  0x1082, 0x1082, 0x1082, 0x1082, 0x1082, 0x1082, 0x1082, 0x1082, 0x1082, 0x1082, 0x1082, 0x1082, 0x1082,
  0x1082, 0x1082, 0x1082, 0x1082, 0x1082, 0x1082, 0x1082, 0x1082, 0x1082, 0x1082, 0x1082,
};


#define OUTFIT_24PX_LIGHT_300_E3E3E3_4_HEIGHT 37
#define OUTFIT_24PX_LIGHT_300_E3E3E3_4_WIDTH 19

// array size is 703
const uint16_t font_outfit24_light300_4[] = {
  0x1082, 0x1082, 0x1082, 0x1082, 0x1082, 0x1082, 0x1082, 0x1082, 0x1082, 0x1082, 0x1082, 0x1082, 0x1082,
  0x1082, 0x1082, 0x1082, 0x1082, 0x1082, 0x1082, 0x1082, 0x1082, 0x1082, 0x1082, 0x1082, 0x1082, 0x1082,
  0x1082, 0x1082, 0x1082, 0x1082, 0x1082, 0x1082, 0x1082, 0x1082, 0x1082, 0x1082, 0x1082, 0x1082, 0x1082,
  0x1082, 0x1082, 0x1082, 0x1082, 0x1082, 0x1082, 0x1082, 0x1082, 0x1082, 0x1082, 0x1082, 0x1082, 0x1082,
  0x1082, 0x1082, 0x1082, 0x1082, 0x1082, 0x1082, 0x1082, 0x1082, 0x1082, 0x1082, 0x1082, 0x1082, 0x1082,
  0x1082, 0x1082, 0x1082, 0x1082, 0x1082, 0x1082, 0x1082, 0x1082, 0x1082, 0x1082, 0x1082, 0x1082, 0x1082,
  0x1082, 0x1082, 0x1082, 0x1082, 0x1082, 0x1082, 0x1082, 0x1082, 0x1082, 0x1082, 0x1082, 0x1082, 0x1082,
  0x1082, 0x1082, 0x1082, 0x1082, 0x1082, 0x1082, 0x1082, 0x1082, 0x1082, 0x1082, 0x1082, 0x1082, 0x1082,
  0x1082, 0x1082, 0x1082, 0x1082, 0x1082, 0x1082, 0x1082, 0x1082, 0x1082, 0x1082, 0x1082, 0x1082, 0x1082,
  0x1082, 0x1082, 0x1082, 0x1082, 0x1082, 0x8c51, 0xe71c, 0xe71c, 0xc638, 0x10a2, 0x1082, 0x1082, 0x1082,
  0x1082, 0x1082, 0x1082, 0x1082, 0x1082, 0x1082, 0x1082, 0x1082, 0x1082, 0x1082, 0x3186, 0xdefb, 0xe71c,
  0xe71c, 0x9492, 0x1082, 0x1082, 0x1082, 0x1082, 0x1082, 0x1082, 0x1082, 0x1082, 0x1082, 0x1082, 0x1082,
  0x1082, 0x1082, 0x1082, 0xa514, 0xe71c, 0xe71c, 0xdedb, 0x2124, 0x1082, 0x1082, 0x1082, 0x1082, 0x1082,
  0x1082, 0x1082, 0x1082, 0x1082, 0x1082, 0x1082, 0x1082, 0x1082, 0x4228, 0xe71c, 0xe71c, 0xe71c, 0x73ae,
  0x1082, 0x1082, 0x1082, 0x1082, 0x1082, 0x1082, 0x1082, 0x1082, 0x1082, 0x1082, 0x1082, 0x1082, 0x1082,
  0x10a2, 0xb5b6, 0xe71c, 0xe71c, 0xce59, 0x18c3, 0x1082, 0x1082, 0x1082, 0x1082, 0x1082, 0x1082, 0x1082,
  0x1082, 0x1082, 0x1082, 0x1082, 0x1082, 0x1082, 0x5aeb, 0xe71c, 0xe71c, 0xe71c, 0x5acb, 0x1082, 0x1082,
  0x1082, 0x1082, 0x1082, 0x1082, 0x1082, 0x1082, 0x1082, 0x1082, 0x1082, 0x1082, 0x1082, 0x18c3, 0xce59,
  0xe71c, 0xe71c, 0xb596, 0x1082, 0x1082, 0x1082, 0x1082, 0x1082, 0x1082, 0x1082, 0x1082, 0x1082, 0x1082,
  0x1082, 0x1082, 0x1082, 0x1082, 0x73ae, 0xe71c, 0xe71c, 0xe71c, 0x39e7, 0x1082, 0x1082, 0x1082, 0x3186,
  0x39e7, 0x31a6, 0x1082, 0x1082, 0x1082, 0x1082, 0x1082, 0x1082, 0x1082, 0x2124, 0xd6ba, 0xe71c, 0xe71c,
  0x94b2, 0x1082, 0x1082, 0x1082, 0x31a6, 0xe71c, 0xe71c, 0xbdf7, 0x1082, 0x1082, 0x1082, 0x1082, 0x1082,
  0x1082, 0x1082, 0x8c71, 0xe71c, 0xe71c, 0xdedb, 0x2945, 0x1082, 0x1082, 0x1082, 0x4208, 0xe71c, 0xe71c,
  0xbdf7, 0x1082, 0x1082, 0x1082, 0x1082, 0x1082, 0x1082, 0x31a6, 0xe71c, 0xe71c, 0xe71c, 0x7bcf, 0x1082,
  0x1082, 0x1082, 0x1082, 0x4208, 0xe71c, 0xe71c, 0xbdf7, 0x1082, 0x1082, 0x1082, 0x1082, 0x1082, 0x1082,
  0xa514, 0xe71c, 0xe71c, 0xce79, 0x18c3, 0x1082, 0x1082, 0x1082, 0x1082, 0x4208, 0xe71c, 0xe71c, 0xbdf7,
  0x1082, 0x1082, 0x1082, 0x1082, 0x1082, 0x4a49, 0xe71c, 0xe71c, 0xe71c, 0x5aeb, 0x1082, 0x1082, 0x1082,
  0x1082, 0x1082, 0x4208, 0xe71c, 0xe71c, 0xbdf7, 0x1082, 0x1082, 0x1082, 0x1082, 0x10a2, 0xbdd7, 0xe71c,
  0xe71c, 0xb5b6, 0x10a2, 0x1082, 0x1082, 0x1082, 0x1082, 0x1082, 0x4208, 0xe71c, 0xe71c, 0xbdf7, 0x1082,
  0x1082, 0x1082, 0x1082, 0x5aec, 0xe71c, 0xe71c, 0xe71c, 0x4228, 0x10a2, 0x10a2, 0x10a2, 0x10a2, 0x10a2,
  0x10a2, 0x4228, 0xe71c, 0xe71c, 0xc618, 0x10a2, 0x10a2, 0x10a2, 0x10a2, 0xe71c, 0xe71c, 0xe71c, 0xe71c,
  0xe71c, 0xe71c, 0xe71c, 0xe71c, 0xe71c, 0xe71c, 0xe71c, 0xe71c, 0xe71c, 0xe71c, 0xe71c, 0xe71c, 0xe71c,
  0xe71c, 0x528a, 0xe71c, 0xe71c, 0xe71c, 0xe71c, 0xe71c, 0xe71c, 0xe71c, 0xe71c, 0xe71c, 0xe71c, 0xe71c,
  0xe71c, 0xe71c, 0xe71c, 0xe71c, 0xe71c, 0xe71c, 0xe71c, 0x528a, 0xad55, 0xbdf7, 0xbdf7, 0xbdf7, 0xbdf7,
  0xbdf7, 0xbdf7, 0xbdf7, 0xbdf7, 0xbdf7, 0xbdf7, 0xe71c, 0xe71c, 0xe71c, 0xe71c, 0xbdf7, 0xbdf7, 0xbdf7,
  0x31a6, 0x1082, 0x1082, 0x1082, 0x1082, 0x1082, 0x1082, 0x1082, 0x1082, 0x1082, 0x1082, 0x1082, 0x4208,
  0xe71c, 0xe71c, 0xbdf7, 0x1082, 0x1082, 0x1082, 0x1082, 0x1082, 0x1082, 0x1082, 0x1082, 0x1082, 0x1082,
  0x1082, 0x1082, 0x1082, 0x1082, 0x1082, 0x4208, 0xe71c, 0xe71c, 0xbdf7, 0x1082, 0x1082, 0x1082, 0x1082,
  0x1082, 0x1082, 0x1082, 0x1082, 0x1082, 0x1082, 0x1082, 0x1082, 0x1082, 0x1082, 0x1082, 0x4208, 0xe71c,
  0xe71c, 0xbdf7, 0x1082, 0x1082, 0x1082, 0x1082, 0x1082, 0x1082, 0x1082, 0x1082, 0x1082, 0x1082, 0x1082,
  0x1082, 0x1082, 0x1082, 0x1082, 0x4208, 0xe71c, 0xe71c, 0xbdf7, 0x1082, 0x1082, 0x1082, 0x1082, 0x1082,
  0x1082, 0x1082, 0x1082, 0x1082, 0x1082, 0x1082, 0x1082, 0x1082, 0x1082, 0x1082, 0x4208, 0xe71c, 0xe71c,
  0xbdf7, 0x1082, 0x1082, 0x1082, 0x1082, 0x1082, 0x1082, 0x1082, 0x1082, 0x1082, 0x1082, 0x1082, 0x1082,
  0x1082, 0x1082, 0x1082, 0x4208, 0xe71c, 0xe71c, 0xbdf7, 0x1082, 0x1082, 0x1082, 0x1082, 0x1082, 0x1082,
  0x1082, 0x1082, 0x1082, 0x1082, 0x1082, 0x1082, 0x1082, 0x1082, 0x1082, 0x1082, 0x1082, 0x1082, 0x1082,
  0x1082, 0x1082, 0x1082, 0x1082, 0x1082, 0x1082, 0x1082, 0x1082, 0x1082, 0x1082, 0x1082, 0x1082, 0x1082,
  0x1082, 0x1082, 0x1082, 0x1082, 0x1082, 0x1082, 0x1082, 0x1082, 0x1082, 0x1082, 0x1082, 0x1082, 0x1082,
  0x1082, 0x1082, 0x1082, 0x1082, 0x1082, 0x1082, 0x1082, 0x1082, 0x1082, 0x1082, 0x1082, 0x1082, 0x1082,
  0x1082, 0x1082, 0x1082, 0x1082, 0x1082, 0x1082, 0x1082, 0x1082, 0x1082, 0x1082, 0x1082, 0x1082, 0x1082,
  0x1082, 0x1082, 0x1082, 0x1082, 0x1082, 0x1082, 0x1082, 0x1082, 0x1082, 0x1082, 0x1082, 0x1082, 0x1082,
  0x1082, 0x1082, 0x1082, 0x1082, 0x1082, 0x1082, 0x1082, 0x1082, 0x1082, 0x1082, 0x1082, 0x1082, 0x1082,
  0x1082, 0x1082, 0x1082, 0x1082, 0x1082, 0x1082, 0x1082, 0x1082, 0x1082, 0x1082, 0x1082, 0x1082, 0x1082,
  0x1082, 0x1082, 0x1082, 0x1082, 0x1082, 0x1082, 0x1082, 0x1082, 0x1082, 0x1082, 0x1082, 0x1082, 0x1082,
  0x1082, 0x1082, 0x1082, 0x1082, 0x1082, 0x1082, 0x1082, 0x1082, 0x1082, 0x1082, 0x1082, 0x1082, 0x1082,
  0x1082,
};


#define OUTFIT_24PX_LIGHT_300_E3E3E3_Q_HEIGHT 46
#define OUTFIT_24PX_LIGHT_300_E3E3E3_Q_WIDTH 32

// array size is 1472
const uint16_t font_outfit24_light300_Q[] = {
  0x1082, 0x1082, 0x1082, 0x1082, 0x1082, 0x1082, 0x1082, 0x1082, 0x1082, 0x1082, 0x1082, 0x1082, 0x1082,
  0x1082, 0x1082, 0x1082, 0x1082, 0x1082, 0x1082, 0x1082, 0x1082, 0x1082, 0x1082, 0x1082, 0x1082, 0x1082,
  0x1082, 0x1082, 0x1082, 0x1082, 0x1082, 0x1082, 0x1082, 0x1082, 0x1082, 0x1082, 0x1082, 0x1082, 0x1082,
  0x1082, 0x1082, 0x1082, 0x1082, 0x1082, 0x1082, 0x1082, 0x1082, 0x1082, 0x1082, 0x1082, 0x1082, 0x1082,
  0x1082, 0x1082, 0x1082, 0x1082, 0x1082, 0x1082, 0x1082, 0x1082, 0x1082, 0x1082, 0x1082, 0x1082, 0x1082,
  0x1082, 0x1082, 0x1082, 0x1082, 0x1082, 0x1082, 0x1082, 0x1082, 0x1082, 0x1082, 0x1082, 0x1082, 0x1082,
  0x1082, 0x1082, 0x1082, 0x1082, 0x1082, 0x1082, 0x1082, 0x1082, 0x1082, 0x1082, 0x1082, 0x1082, 0x1082,
  0x1082, 0x1082, 0x1082, 0x1082, 0x1082, 0x1082, 0x1082, 0x1082, 0x1082, 0x1082, 0x1082, 0x1082, 0x1082,
  0x1082, 0x1082, 0x1082, 0x1082, 0x1082, 0x1082, 0x1082, 0x1082, 0x1082, 0x1082, 0x1082, 0x1082, 0x1082,
  0x1082, 0x1082, 0x1082, 0x1082, 0x1082, 0x1082, 0x1082, 0x1082, 0x1082, 0x1082, 0x1082, 0x1082, 0x1082,
  0x1082, 0x1082, 0x1082, 0x1082, 0x1082, 0x1082, 0x1082, 0x1082, 0x1082, 0x1082, 0x1082, 0x1082, 0x1082,
  0x1082, 0x1082, 0x1082, 0x1082, 0x1082, 0x1082, 0x1082, 0x1082, 0x1082, 0x1082, 0x1082, 0x1082, 0x1082,
  0x1082, 0x1082, 0x1082, 0x1082, 0x1082, 0x1082, 0x1082, 0x1082, 0x1082, 0x1082, 0x1082, 0x1082, 0x1082,
  0x1082, 0x1082, 0x1082, 0x1082, 0x1082, 0x1082, 0x1082, 0x1082, 0x1082, 0x1082, 0x1082, 0x1082, 0x1082,
  0x1082, 0x1082, 0x1082, 0x1082, 0x1082, 0x1082, 0x1082, 0x1082, 0x1082, 0x1082, 0x1082, 0x1082, 0x1082,
  0x1082, 0x1082, 0x1082, 0x1082, 0x1082, 0x1082, 0x1082, 0x1082, 0x1082, 0x1082, 0x1082, 0x1082, 0x1082,
  0x1082, 0x1082, 0x1082, 0x1082, 0x1082, 0x1082, 0x1082, 0x1082, 0x1082, 0x1082, 0x1082, 0x1082, 0x1082,
  0x1082, 0x1082, 0x1082, 0x1082, 0x1082, 0x1082, 0x1082, 0x1082, 0x1082, 0x1082, 0x1082, 0x1082, 0x18e4,
  0x5aeb, 0x94b2, 0xad75, 0xc618, 0xd69a, 0xc638, 0xb596, 0x9cf3, 0x738e, 0x3186, 0x1082, 0x1082, 0x1082,
  0x1082, 0x1082, 0x1082, 0x1082, 0x1082, 0x1082, 0x1082, 0x1082, 0x1082, 0x1082, 0x1082, 0x1082, 0x1082,
  0x1082, 0x1082, 0x1082, 0x3186, 0x9cf4, 0xdefb, 0xe71c, 0xe71c, 0xe71c, 0xe71c, 0xe71c, 0xe71c, 0xe71c,
  0xe71c, 0xe71c, 0xe71c, 0xbdf7, 0x528a, 0x1082, 0x1082, 0x1082, 0x1082, 0x1082, 0x1082, 0x1082, 0x1082,
  0x1082, 0x1082, 0x1082, 0x1082, 0x1082, 0x1082, 0x1082, 0x18c3, 0x8c51, 0xe71c, 0xe71c, 0xe71c, 0xe71c,
  0xe71c, 0xe71c, 0xe71c, 0xe71c, 0xe71c, 0xe71c, 0xe71c, 0xe71c, 0xe71c, 0xe71c, 0xe71c, 0xb596, 0x3186,
  0x1082, 0x1082, 0x1082, 0x1082, 0x1082, 0x1082, 0x1082, 0x1082, 0x1082, 0x1082, 0x1082, 0x1082, 0x2124,
  0xb5b6, 0xe71c, 0xe71c, 0xe71c, 0xe71c, 0xe71c, 0xe71c, 0xdedb, 0xbdf7, 0xad55, 0xb596, 0xc638, 0xe71c,
  0xe71c, 0xe71c, 0xe71c, 0xe71c, 0xe71c, 0xd6ba, 0x4a49, 0x1082, 0x1082, 0x1082, 0x1082, 0x1082, 0x1082,
  0x1082, 0x1082, 0x1082, 0x1082, 0x2125, 0xce59, 0xe71c, 0xe71c, 0xe71c, 0xe71c, 0xdefb, 0x9492, 0x39c7,
  0x1082, 0x1082, 0x1082, 0x1082, 0x1082, 0x2945, 0x6b4d, 0xce79, 0xe71c, 0xe71c, 0xe71c, 0xe71c, 0xe71c,
  0x52aa, 0x1082, 0x1082, 0x1082, 0x1082, 0x1082, 0x1082, 0x1082, 0x1082, 0x18c3, 0xb5b6, 0xe71c, 0xe71c,
  0xe71c, 0xe71c, 0xa534, 0x2104, 0x1082, 0x1082, 0x1082, 0x1082, 0x1082, 0x1082, 0x1082, 0x1082, 0x1082,
  0x2104, 0x9cf4, 0xe71c, 0xe71c, 0xe71c, 0xe71c, 0xdedb, 0x31a6, 0x1082, 0x1082, 0x1082, 0x1082, 0x1082,
  0x1082, 0x1082, 0x8c51, 0xe71c, 0xe71c, 0xe71c, 0xe71c, 0x7bf0, 0x10a2, 0x1082, 0x1082, 0x1082, 0x1082,
  0x1082, 0x1082, 0x1082, 0x1082, 0x1082, 0x1082, 0x1082, 0x1082, 0x630c, 0xdedb, 0xe71c, 0xe71c, 0xe71c,
  0xc638, 0x18c3, 0x1082, 0x1082, 0x1082, 0x1082, 0x1082, 0x3186, 0xe71c, 0xe71c, 0xe71c, 0xe71c, 0x8430,
  0x1082, 0x1082, 0x1082, 0x1082, 0x1082, 0x1082, 0x1082, 0x1082, 0x1082, 0x1082, 0x1082, 0x1082, 0x1082,
  0x1082, 0x1082, 0x4a69, 0xe71c, 0xe71c, 0xe71c, 0xe71c, 0x738e, 0x1082, 0x1082, 0x1082, 0x1082, 0x1082,
  0x9cd3, 0xe71c, 0xe71c, 0xe71c, 0xbdd7, 0x18c3, 0x1082, 0x1082, 0x1082, 0x1082, 0x1082, 0x1082, 0x1082,
  0x1082, 0x1082, 0x1082, 0x1082, 0x1082, 0x1082, 0x1082, 0x1082, 0x1082, 0x9cf3, 0xe71c, 0xe71c, 0xe71c,
  0xd69a, 0x18e3, 0x1082, 0x1082, 0x1082, 0x2124, 0xe71c, 0xe71c, 0xe71c, 0xe71c, 0x31a7, 0x1082, 0x1082,
  0x1082, 0x1082, 0x1082, 0x1082, 0x1082, 0x1082, 0x1082, 0x1082, 0x1082, 0x1082, 0x1082, 0x1082, 0x1082,
  0x1082, 0x1082, 0x2124, 0xd6ba, 0xe71c, 0xe71c, 0xe71c, 0x6b4d, 0x1082, 0x1082, 0x1082, 0x630c, 0xe71c,
  0xe71c, 0xe71c, 0xb596, 0x1082, 0x1082, 0x1082, 0x1082, 0x1082, 0x1082, 0x1082, 0x1082, 0x1082, 0x1082,
  0x1082, 0x1082, 0x1082, 0x1082, 0x1082, 0x1082, 0x1082, 0x1082, 0x1082, 0x6b4d, 0xe71c, 0xe71c, 0xe71c,
  0xa534, 0x1082, 0x1082, 0x1082, 0x9cf3, 0xe71c, 0xe71c, 0xe71c, 0x632c, 0x1082, 0x1082, 0x1082, 0x1082,
  0x1082, 0x1082, 0x1082, 0x1082, 0x1082, 0x1082, 0x1082, 0x1082, 0x1082, 0x1082, 0x1082, 0x1082, 0x1082,
  0x1082, 0x1082, 0x18e3, 0xdefb, 0xe71c, 0xe71c, 0xdefb, 0x18c3, 0x1082, 0x1082, 0xc618, 0xe71c, 0xe71c,
  0xe71c, 0x2124, 0x1082, 0x1082, 0x1082, 0x1082, 0x1082, 0x1082, 0x1082, 0x1082, 0x1082, 0x1082, 0x1082,
  0x1082, 0x1082, 0x1082, 0x1082, 0x1082, 0x1082, 0x1082, 0x1082, 0x1082, 0xb596, 0xe71c, 0xe71c, 0xe71c,
  0x39c7, 0x1082, 0x1082, 0xd6ba, 0xe71c, 0xe71c, 0xdefb, 0x1082, 0x1082, 0x1082, 0x1082, 0x1082, 0x1082,
  0x1082, 0x1082, 0x1082, 0x1082, 0x1082, 0x1082, 0x1082, 0x1082, 0x1082, 0x1082, 0x1082, 0x1082, 0x1082,
  0x1082, 0x1082, 0x8c51, 0xe71c, 0xe71c, 0xe71c, 0x4a49, 0x1082, 0x1082, 0xe71c, 0xe71c, 0xe71c, 0xc638,
  0x1082, 0x1082, 0x1082, 0x1082, 0x1082, 0x1082, 0x1082, 0x1082, 0x1082, 0x1082, 0x1082, 0x1082, 0x1082,
  0x1082, 0x1082, 0x1082, 0x1082, 0x1082, 0x1082, 0x1082, 0x1082, 0x73ae, 0xe71c, 0xe71c, 0xe71c, 0x5aeb,
  0x1082, 0x1082, 0xe71c, 0xe71c, 0xe71c, 0xbdd7, 0x1082, 0x1082, 0x1082, 0x1082, 0x1082, 0x1082, 0x1082,
  0x1082, 0x1082, 0x1082, 0x1082, 0x1082, 0x4229, 0x630c, 0x1082, 0x1082, 0x1082, 0x1082, 0x1082, 0x1082,
  0x1082, 0x73ae, 0xe71c, 0xe71c, 0xe71c, 0x632c, 0x1082, 0x1082, 0xdefb, 0xe71c, 0xe71c, 0xce59, 0x1082,
  0x1082, 0x1082, 0x1082, 0x1082, 0x1082, 0x1082, 0x1082, 0x1082, 0x1082, 0x1082, 0x4a49, 0xdefb, 0xe71c,
  0x738e, 0x1082, 0x1082, 0x1082, 0x1082, 0x1082, 0x1082, 0x8c51, 0xe71c, 0xe71c, 0xe71c, 0x52aa, 0x1082,
  0x1082, 0xce59, 0xe71c, 0xe71c, 0xdefb, 0x18c3, 0x1082, 0x1082, 0x1082, 0x1082, 0x1082, 0x1082, 0x1082,
  0x1082, 0x1082, 0x2945, 0xdefb, 0xe71c, 0xe71c, 0xe71c, 0x738e, 0x1082, 0x1082, 0x1082, 0x1082, 0x1082,
  0xa514, 0xe71c, 0xe71c, 0xe71c, 0x4208, 0x1082, 0x1082, 0xb596, 0xe71c, 0xe71c, 0xe71c, 0x4a49, 0x1082,
  0x1082, 0x1082, 0x1082, 0x1082, 0x1082, 0x1082, 0x1082, 0x1082, 0x10a2, 0x9cf4, 0xe71c, 0xe71c, 0xe71c,
  0xe71c, 0x738e, 0x1082, 0x1082, 0x1082, 0x10a2, 0xce59, 0xe71c, 0xe71c, 0xe71c, 0x2945, 0x1082, 0x1082,
  0x7bcf, 0xe71c, 0xe71c, 0xe71c, 0x8430, 0x1082, 0x1082, 0x1082, 0x1082, 0x1082, 0x1082, 0x1082, 0x1082,
  0x1082, 0x1082, 0x10a2, 0x9cf4, 0xe71c, 0xe71c, 0xe71c, 0xe71c, 0x738e, 0x1082, 0x1082, 0x4a49, 0xe71c,
  0xe71c, 0xe71c, 0xc638, 0x1082, 0x1082, 0x1082, 0x39c7, 0xe71c, 0xe71c, 0xe71c, 0xdefb, 0x2965, 0x1082,
  0x1082, 0x1082, 0x1082, 0x1082, 0x1082, 0x1082, 0x1082, 0x1082, 0x1082, 0x10a2, 0x9cf4, 0xe71c, 0xe71c,
  0xe71c, 0xe71c, 0x738e, 0x1082, 0x9cd3, 0xe71c, 0xe71c, 0xe71c, 0x8c51, 0x1082, 0x1082, 0x1082, 0x10a2,
  0xc618, 0xe71c, 0xe71c, 0xe71c, 0xa534, 0x1082, 0x1082, 0x1082, 0x1082, 0x1082, 0x1082, 0x1082, 0x1082,
  0x1082, 0x1082, 0x1082, 0x10a2, 0x9cf4, 0xe71c, 0xe71c, 0xe71c, 0xe71c, 0x9cd3, 0xdefb, 0xe71c, 0xe71c,
  0xe71c, 0x4208, 0x1082, 0x1082, 0x1082, 0x1082, 0x5acb, 0xe71c, 0xe71c, 0xe71c, 0xe71c, 0x52aa, 0x1082,
  0x1082, 0x1082, 0x1082, 0x1082, 0x1082, 0x1082, 0x1082, 0x1082, 0x1082, 0x1082, 0x10a2, 0x9cf4, 0xe71c,
  0xe71c, 0xe71c, 0xe71c, 0xe71c, 0xe71c, 0xe71c, 0xad55, 0x1082, 0x1082, 0x1082, 0x1082, 0x1082, 0x10a2,
  0xbdf7, 0xe71c, 0xe71c, 0xe71c, 0xce79, 0x31a6, 0x1082, 0x1082, 0x1082, 0x1082, 0x1082, 0x1082, 0x1082,
  0x1082, 0x1082, 0x1082, 0x1082, 0x10a2, 0x9cf4, 0xe71c, 0xe71c, 0xe71c, 0xe71c, 0xe71c, 0xe71c, 0x39e8,
  0x1082, 0x1082, 0x1082, 0x1082, 0x1082, 0x1082, 0x31a7, 0xdedb, 0xe71c, 0xe71c, 0xe71c, 0xdefb, 0x6b4d,
  0x10a2, 0x1082, 0x1082, 0x1082, 0x1082, 0x1082, 0x1082, 0x1082, 0x1082, 0x1082, 0x1082, 0x2945, 0xe71c,
  0xe71c, 0xe71c, 0xe71c, 0xe71c, 0xe71c, 0x1082, 0x1082, 0x1082, 0x1082, 0x1082, 0x1082, 0x1082, 0x1082,
  0x5acb, 0xe71c, 0xe71c, 0xe71c, 0xe71c, 0xe71c, 0xad55, 0x2125, 0x1082, 0x1082, 0x1082, 0x1082, 0x1082,
  0x1082, 0x1082, 0x18e3, 0x6b4d, 0xce79, 0xe71c, 0xe71c, 0xe71c, 0xe71c, 0xe71c, 0xe71c, 0x738e, 0x1082,
  0x1082, 0x1082, 0x1082, 0x1082, 0x1082, 0x1082, 0x1082, 0x632c, 0xe71c, 0xe71c, 0xe71c, 0xe71c, 0xe71c,
  0xdefb, 0xad55, 0x6b4d, 0x4a69, 0x4a69, 0x4a69, 0x6b4d, 0x8c71, 0xd6ba, 0xe71c, 0xe71c, 0xe71c, 0xe71c,
  0xe71c, 0xe71c, 0xe71c, 0xe71c, 0xe71c, 0x738e, 0x1082, 0x1082, 0x1082, 0x1082, 0x1082, 0x1082, 0x1082,
  0x1082, 0x4a49, 0xd6ba, 0xe71c, 0xe71c, 0xe71c, 0xe71c, 0xe71c, 0xe71c, 0xe71c, 0xe71c, 0xe71c, 0xe71c,
  0xe71c, 0xe71c, 0xe71c, 0xe71c, 0xe71c, 0xe71c, 0x9492, 0xa514, 0xe71c, 0xe71c, 0xe71c, 0xe71c, 0x738e,
  0x1082, 0x1082, 0x1082, 0x1082, 0x1082, 0x1082, 0x1082, 0x1082, 0x2124, 0x8c71, 0xe71c, 0xe71c, 0xe71c,
  0xe71c, 0xe71c, 0xe71c, 0xe71c, 0xe71c, 0xe71c, 0xe71c, 0xe71c, 0xe71c, 0xe71c, 0xbdf7, 0x4a49, 0x1082,
  0x10a2, 0x9cf4, 0xe71c, 0xe71c, 0xe71c, 0xe71c, 0x738e, 0x1082, 0x1082, 0x1082, 0x1082, 0x1082, 0x1082,
  0x1082, 0x1082, 0x1082, 0x3186, 0x7bef, 0xbdf7, 0xe71c, 0xe71c, 0xe71c, 0xe71c, 0xe71c, 0xe71c, 0xe71c,
  0xdedb, 0x9cd3, 0x52aa, 0x10a2, 0x1082, 0x1082, 0x1082, 0x10a2, 0x9cf4, 0xe71c, 0xe71c, 0xe71c, 0xe71c,
  0x5acb, 0x1082, 0x1082, 0x1082, 0x1082, 0x1082, 0x1082, 0x1082, 0x1082, 0x1082, 0x1082, 0x1082, 0x2945,
  0x4208, 0x5acb, 0x6b4d, 0x630c, 0x4a69, 0x39c7, 0x18c3, 0x1082, 0x1082, 0x1082, 0x1082, 0x1082, 0x1082,
  0x1082, 0x10a2, 0x9cf4, 0xe71c, 0xe71c, 0xce79, 0x3186, 0x1082, 0x1082, 0x1082, 0x1082, 0x1082, 0x1082,
  0x1082, 0x1082, 0x1082, 0x1082, 0x1082, 0x1082, 0x1082, 0x1082, 0x1082, 0x1082, 0x1082, 0x1082, 0x1082,
  0x1082, 0x1082, 0x1082, 0x1082, 0x1082, 0x1082, 0x1082, 0x1082, 0x10a2, 0x9cf4, 0xce79, 0x31a6, 0x1082,
  0x1082, 0x1082, 0x1082, 0x1082, 0x1082, 0x1082, 0x1082, 0x1082, 0x1082, 0x1082, 0x1082, 0x1082, 0x1082,
  0x1082, 0x1082, 0x1082, 0x1082, 0x1082, 0x1082, 0x1082, 0x1082, 0x1082, 0x1082, 0x1082, 0x1082, 0x1082,
  0x1082, 0x1082, 0x10a2, 0x18c3, 0x1082, 0x1082, 0x1082, 0x1082, 0x1082, 0x1082, 0x1082, 0x1082, 0x1082,
  0x1082, 0x1082, 0x1082, 0x1082, 0x1082, 0x1082, 0x1082, 0x1082, 0x1082, 0x1082, 0x1082, 0x1082, 0x1082,
  0x1082, 0x1082, 0x1082, 0x1082, 0x1082, 0x1082, 0x1082, 0x1082, 0x1082, 0x1082, 0x1082, 0x1082, 0x1082,
  0x1082, 0x1082, 0x1082, 0x1082, 0x1082, 0x1082, 0x1082, 0x1082, 0x1082, 0x1082, 0x1082, 0x1082, 0x1082,
  0x1082, 0x1082, 0x1082, 0x1082, 0x1082, 0x1082, 0x1082, 0x1082, 0x1082, 0x1082, 0x1082, 0x1082, 0x1082,
  0x1082, 0x1082, 0x1082, 0x1082, 0x1082, 0x1082, 0x1082, 0x1082, 0x1082, 0x1082, 0x1082, 0x1082, 0x1082,
  0x1082, 0x1082, 0x1082, 0x1082, 0x1082, 0x1082, 0x1082, 0x1082, 0x1082, 0x1082, 0x1082, 0x1082, 0x1082,
  0x1082, 0x1082, 0x1082, 0x1082, 0x1082, 0x1082, 0x1082, 0x1082, 0x1082, 0x1082, 0x1082, 0x1082, 0x1082,
  0x1082, 0x1082, 0x1082, 0x1082, 0x1082, 0x1082, 0x1082, 0x1082, 0x1082, 0x1082, 0x1082, 0x1082, 0x1082,
  0x1082, 0x1082, 0x1082, 0x1082, 0x1082, 0x1082, 0x1082, 0x1082, 0x1082, 0x1082, 0x1082, 0x1082, 0x1082,
  0x1082, 0x1082, 0x1082, 0x1082, 0x1082, 0x1082, 0x1082, 0x1082, 0x1082, 0x1082, 0x1082, 0x1082, 0x1082,
  0x1082, 0x1082, 0x1082, 0x1082, 0x1082, 0x1082, 0x1082, 0x1082, 0x1082, 0x1082, 0x1082, 0x1082, 0x1082,
  0x1082, 0x1082, 0x1082, 0x1082, 0x1082, 0x1082, 0x1082, 0x1082, 0x1082, 0x1082, 0x1082, 0x1082, 0x1082,
  0x1082, 0x1082, 0x1082, 0x1082, 0x1082, 0x1082, 0x1082, 0x1082, 0x1082, 0x1082, 0x1082, 0x1082, 0x1082,
  0x1082, 0x1082, 0x1082, 0x1082, 0x1082, 0x1082, 0x1082, 0x1082, 0x1082, 0x1082, 0x1082, 0x1082, 0x1082,
  0x1082, 0x1082, 0x1082,
};


const FontGlyph outfit24_glyphs[128] = {


    ['@'] = { .data = font_outfit24_light300_At, .width = OUTFIT_24PX_LIGHT_300_E3E3E3_AT_WIDTH, .height = OUTFIT_24PX_LIGHT_300_E3E3E3_AT_HEIGHT }

    [':'] = { .data = font_outfit24_light300_Colon, .width = OUTFIT_24PX_LIGHT_300_E3E3E3_COLON_WIDTH, .height = OUTFIT_24PX_LIGHT_300_E3E3E3_COLON_HEIGHT }

    [','] = { .data = font_outfit24_light300_Comma, .width = OUTFIT_24PX_LIGHT_300_E3E3E3_COMMA_WIDTH, .height = OUTFIT_24PX_LIGHT_300_E3E3E3_COMMA_HEIGHT }

    ['-'] = { .data = font_outfit24_light300_Dash, .width = OUTFIT_24PX_LIGHT_300_E3E3E3_DASH_WIDTH, .height = OUTFIT_24PX_LIGHT_300_E3E3E3_DASH_HEIGHT }

    ['°'] = { .data = font_outfit24_light300_Degree, .width = OUTFIT_24PX_LIGHT_300_E3E3E3_DEGREE_WIDTH, .height = OUTFIT_24PX_LIGHT_300_E3E3E3_DEGREE_HEIGHT }

    ['$'] = { .data = font_outfit24_light300_Dollar, .width = OUTFIT_24PX_LIGHT_300_E3E3E3_DOLLAR_WIDTH, .height = OUTFIT_24PX_LIGHT_300_E3E3E3_DOLLAR_HEIGHT }

    ['.'] = { .data = font_outfit24_light300_Dot, .width = OUTFIT_24PX_LIGHT_300_E3E3E3_DOT_WIDTH, .height = OUTFIT_24PX_LIGHT_300_E3E3E3_DOT_HEIGHT }

    ['"'] = { .data = font_outfit24_light300_DoubleQuote, .width = OUTFIT_24PX_LIGHT_300_E3E3E3_DOUBLEQUOTE_WIDTH, .height = OUTFIT_24PX_LIGHT_300_E3E3E3_DOUBLEQUOTE_HEIGHT }

    ['€'] = { .data = font_outfit24_light300_EUR, .width = OUTFIT_24PX_LIGHT_300_E3E3E3_EUR_WIDTH, .height = OUTFIT_24PX_LIGHT_300_E3E3E3_EUR_HEIGHT }

    ['='] = { .data = font_outfit24_light300_Equals, .width = OUTFIT_24PX_LIGHT_300_E3E3E3_EQUALS_WIDTH, .height = OUTFIT_24PX_LIGHT_300_E3E3E3_EQUALS_HEIGHT }

    ['!'] = { .data = font_outfit24_light300_Exclamation, .width = OUTFIT_24PX_LIGHT_300_E3E3E3_EXCLAMATION_WIDTH, .height = OUTFIT_24PX_LIGHT_300_E3E3E3_EXCLAMATION_HEIGHT }

    ['#'] = { .data = font_outfit24_light300_Hash, .width = OUTFIT_24PX_LIGHT_300_E3E3E3_HASH_WIDTH, .height = OUTFIT_24PX_LIGHT_300_E3E3E3_HASH_HEIGHT }

    ['('] = { .data = font_outfit24_light300_LeftParent, .width = OUTFIT_24PX_LIGHT_300_E3E3E3_LEFTPARENT_WIDTH, .height = OUTFIT_24PX_LIGHT_300_E3E3E3_LEFTPARENT_HEIGHT }

    ['%'] = { .data = font_outfit24_light300_Percent, .width = OUTFIT_24PX_LIGHT_300_E3E3E3_PERCENT_WIDTH, .height = OUTFIT_24PX_LIGHT_300_E3E3E3_PERCENT_HEIGHT }

    ['+'] = { .data = font_outfit24_light300_Plus, .width = OUTFIT_24PX_LIGHT_300_E3E3E3_PLUS_WIDTH, .height = OUTFIT_24PX_LIGHT_300_E3E3E3_PLUS_HEIGHT }

    ['?'] = { .data = font_outfit24_light300_Question, .width = OUTFIT_24PX_LIGHT_300_E3E3E3_QUESTION_WIDTH, .height = OUTFIT_24PX_LIGHT_300_E3E3E3_QUESTION_HEIGHT }

    [')'] = { .data = font_outfit24_light300_RightParent, .width = OUTFIT_24PX_LIGHT_300_E3E3E3_RIGHTPARENT_WIDTH, .height = OUTFIT_24PX_LIGHT_300_E3E3E3_RIGHTPARENT_HEIGHT }

    ['/'] = { .data = font_outfit24_light300_Slash, .width = OUTFIT_24PX_LIGHT_300_E3E3E3_SLASH_WIDTH, .height = OUTFIT_24PX_LIGHT_300_E3E3E3_SLASH_HEIGHT }

    ['A'] = { .data = font_outfit24_light300_A, .width = OUTFIT_24PX_LIGHT_300_E3E3E3_A_WIDTH, .height = OUTFIT_24PX_LIGHT_300_E3E3E3_A_HEIGHT }

    ['Ä'] = { .data = font_outfit24_light300_Auml, .width = OUTFIT_24PX_LIGHT_300_E3E3E3_AUML_WIDTH, .height = OUTFIT_24PX_LIGHT_300_E3E3E3_AUML_HEIGHT }

    ['B'] = { .data = font_outfit24_light300_B, .width = OUTFIT_24PX_LIGHT_300_E3E3E3_B_WIDTH, .height = OUTFIT_24PX_LIGHT_300_E3E3E3_B_HEIGHT }

    ['C'] = { .data = font_outfit24_light300_C, .width = OUTFIT_24PX_LIGHT_300_E3E3E3_C_WIDTH, .height = OUTFIT_24PX_LIGHT_300_E3E3E3_C_HEIGHT }

    ['D'] = { .data = font_outfit24_light300_D, .width = OUTFIT_24PX_LIGHT_300_E3E3E3_D_WIDTH, .height = OUTFIT_24PX_LIGHT_300_E3E3E3_D_HEIGHT }

    ['E'] = { .data = font_outfit24_light300_E, .width = OUTFIT_24PX_LIGHT_300_E3E3E3_E_WIDTH, .height = OUTFIT_24PX_LIGHT_300_E3E3E3_E_HEIGHT }

    ['F'] = { .data = font_outfit24_light300_F, .width = OUTFIT_24PX_LIGHT_300_E3E3E3_F_WIDTH, .height = OUTFIT_24PX_LIGHT_300_E3E3E3_F_HEIGHT }

    ['G'] = { .data = font_outfit24_light300_G, .width = OUTFIT_24PX_LIGHT_300_E3E3E3_G_WIDTH, .height = OUTFIT_24PX_LIGHT_300_E3E3E3_G_HEIGHT }

    ['H'] = { .data = font_outfit24_light300_H, .width = OUTFIT_24PX_LIGHT_300_E3E3E3_H_WIDTH, .height = OUTFIT_24PX_LIGHT_300_E3E3E3_H_HEIGHT }

    ['I'] = { .data = font_outfit24_light300_I, .width = OUTFIT_24PX_LIGHT_300_E3E3E3_I_WIDTH, .height = OUTFIT_24PX_LIGHT_300_E3E3E3_I_HEIGHT }

    ['J'] = { .data = font_outfit24_light300_J, .width = OUTFIT_24PX_LIGHT_300_E3E3E3_J_WIDTH, .height = OUTFIT_24PX_LIGHT_300_E3E3E3_J_HEIGHT }

    ['K'] = { .data = font_outfit24_light300_K, .width = OUTFIT_24PX_LIGHT_300_E3E3E3_K_WIDTH, .height = OUTFIT_24PX_LIGHT_300_E3E3E3_K_HEIGHT }

    ['L'] = { .data = font_outfit24_light300_L, .width = OUTFIT_24PX_LIGHT_300_E3E3E3_L_WIDTH, .height = OUTFIT_24PX_LIGHT_300_E3E3E3_L_HEIGHT }

    ['M'] = { .data = font_outfit24_light300_M, .width = OUTFIT_24PX_LIGHT_300_E3E3E3_M_WIDTH, .height = OUTFIT_24PX_LIGHT_300_E3E3E3_M_HEIGHT }

    ['N'] = { .data = font_outfit24_light300_N, .width = OUTFIT_24PX_LIGHT_300_E3E3E3_N_WIDTH, .height = OUTFIT_24PX_LIGHT_300_E3E3E3_N_HEIGHT }

    ['O'] = { .data = font_outfit24_light300_O, .width = OUTFIT_24PX_LIGHT_300_E3E3E3_O_WIDTH, .height = OUTFIT_24PX_LIGHT_300_E3E3E3_O_HEIGHT }

    ['Ö'] = { .data = font_outfit24_light300_Ouml, .width = OUTFIT_24PX_LIGHT_300_E3E3E3_OUML_WIDTH, .height = OUTFIT_24PX_LIGHT_300_E3E3E3_OUML_HEIGHT }

    ['P'] = { .data = font_outfit24_light300_P, .width = OUTFIT_24PX_LIGHT_300_E3E3E3_P_WIDTH, .height = OUTFIT_24PX_LIGHT_300_E3E3E3_P_HEIGHT }

    ['Q'] = { .data = font_outfit24_light300_Q, .width = OUTFIT_24PX_LIGHT_300_E3E3E3_Q_WIDTH, .height = OUTFIT_24PX_LIGHT_300_E3E3E3_Q_HEIGHT }

    ['R'] = { .data = font_outfit24_light300_R, .width = OUTFIT_24PX_LIGHT_300_E3E3E3_R_WIDTH, .height = OUTFIT_24PX_LIGHT_300_E3E3E3_R_HEIGHT }

    ['S'] = { .data = font_outfit24_light300_S, .width = OUTFIT_24PX_LIGHT_300_E3E3E3_S_WIDTH, .height = OUTFIT_24PX_LIGHT_300_E3E3E3_S_HEIGHT }

    ['T'] = { .data = font_outfit24_light300_T, .width = OUTFIT_24PX_LIGHT_300_E3E3E3_T_WIDTH, .height = OUTFIT_24PX_LIGHT_300_E3E3E3_T_HEIGHT }

    ['U'] = { .data = font_outfit24_light300_U, .width = OUTFIT_24PX_LIGHT_300_E3E3E3_U_WIDTH, .height = OUTFIT_24PX_LIGHT_300_E3E3E3_U_HEIGHT }

    ['Ü'] = { .data = font_outfit24_light300_Uuml, .width = OUTFIT_24PX_LIGHT_300_E3E3E3_UUML_WIDTH, .height = OUTFIT_24PX_LIGHT_300_E3E3E3_UUML_HEIGHT }

    ['V'] = { .data = font_outfit24_light300_V, .width = OUTFIT_24PX_LIGHT_300_E3E3E3_V_WIDTH, .height = OUTFIT_24PX_LIGHT_300_E3E3E3_V_HEIGHT }

    ['W'] = { .data = font_outfit24_light300_W, .width = OUTFIT_24PX_LIGHT_300_E3E3E3_W_WIDTH, .height = OUTFIT_24PX_LIGHT_300_E3E3E3_W_HEIGHT }

    ['X'] = { .data = font_outfit24_light300_X, .width = OUTFIT_24PX_LIGHT_300_E3E3E3_X_WIDTH, .height = OUTFIT_24PX_LIGHT_300_E3E3E3_X_HEIGHT }

    ['Y'] = { .data = font_outfit24_light300_Y, .width = OUTFIT_24PX_LIGHT_300_E3E3E3_Y_WIDTH, .height = OUTFIT_24PX_LIGHT_300_E3E3E3_Y_HEIGHT }

    ['Z'] = { .data = font_outfit24_light300_Z, .width = OUTFIT_24PX_LIGHT_300_E3E3E3_Z_WIDTH, .height = OUTFIT_24PX_LIGHT_300_E3E3E3_Z_HEIGHT }

    ['a'] = { .data = font_outfit24_light300_a, .width = OUTFIT_24PX_LIGHT_300_E3E3E3_A_WIDTH, .height = OUTFIT_24PX_LIGHT_300_E3E3E3_A_HEIGHT }

    ['b'] = { .data = font_outfit24_light300_b, .width = OUTFIT_24PX_LIGHT_300_E3E3E3_B_WIDTH, .height = OUTFIT_24PX_LIGHT_300_E3E3E3_B_HEIGHT }

    ['c'] = { .data = font_outfit24_light300_c, .width = OUTFIT_24PX_LIGHT_300_E3E3E3_C_WIDTH, .height = OUTFIT_24PX_LIGHT_300_E3E3E3_C_HEIGHT }

    ['d'] = { .data = font_outfit24_light300_d, .width = OUTFIT_24PX_LIGHT_300_E3E3E3_D_WIDTH, .height = OUTFIT_24PX_LIGHT_300_E3E3E3_D_HEIGHT }

    ['e'] = { .data = font_outfit24_light300_e, .width = OUTFIT_24PX_LIGHT_300_E3E3E3_E_WIDTH, .height = OUTFIT_24PX_LIGHT_300_E3E3E3_E_HEIGHT }

    ['f'] = { .data = font_outfit24_light300_f, .width = OUTFIT_24PX_LIGHT_300_E3E3E3_F_WIDTH, .height = OUTFIT_24PX_LIGHT_300_E3E3E3_F_HEIGHT }

    ['g'] = { .data = font_outfit24_light300_g, .width = OUTFIT_24PX_LIGHT_300_E3E3E3_G_WIDTH, .height = OUTFIT_24PX_LIGHT_300_E3E3E3_G_HEIGHT }

    ['h'] = { .data = font_outfit24_light300_h, .width = OUTFIT_24PX_LIGHT_300_E3E3E3_H_WIDTH, .height = OUTFIT_24PX_LIGHT_300_E3E3E3_H_HEIGHT }

    ['i'] = { .data = font_outfit24_light300_i, .width = OUTFIT_24PX_LIGHT_300_E3E3E3_I_WIDTH, .height = OUTFIT_24PX_LIGHT_300_E3E3E3_I_HEIGHT }

    ['j'] = { .data = font_outfit24_light300_j, .width = OUTFIT_24PX_LIGHT_300_E3E3E3_J_WIDTH, .height = OUTFIT_24PX_LIGHT_300_E3E3E3_J_HEIGHT }

    ['k'] = { .data = font_outfit24_light300_k, .width = OUTFIT_24PX_LIGHT_300_E3E3E3_K_WIDTH, .height = OUTFIT_24PX_LIGHT_300_E3E3E3_K_HEIGHT }

    ['l'] = { .data = font_outfit24_light300_l, .width = OUTFIT_24PX_LIGHT_300_E3E3E3_L_WIDTH, .height = OUTFIT_24PX_LIGHT_300_E3E3E3_L_HEIGHT }

    ['m'] = { .data = font_outfit24_light300_m, .width = OUTFIT_24PX_LIGHT_300_E3E3E3_M_WIDTH, .height = OUTFIT_24PX_LIGHT_300_E3E3E3_M_HEIGHT }

    ['n'] = { .data = font_outfit24_light300_n, .width = OUTFIT_24PX_LIGHT_300_E3E3E3_N_WIDTH, .height = OUTFIT_24PX_LIGHT_300_E3E3E3_N_HEIGHT }

    ['o'] = { .data = font_outfit24_light300_o, .width = OUTFIT_24PX_LIGHT_300_E3E3E3_O_WIDTH, .height = OUTFIT_24PX_LIGHT_300_E3E3E3_O_HEIGHT }

    ['p'] = { .data = font_outfit24_light300_p, .width = OUTFIT_24PX_LIGHT_300_E3E3E3_P_WIDTH, .height = OUTFIT_24PX_LIGHT_300_E3E3E3_P_HEIGHT }

    ['q'] = { .data = font_outfit24_light300_q, .width = OUTFIT_24PX_LIGHT_300_E3E3E3_Q_WIDTH, .height = OUTFIT_24PX_LIGHT_300_E3E3E3_Q_HEIGHT }

    ['r'] = { .data = font_outfit24_light300_r, .width = OUTFIT_24PX_LIGHT_300_E3E3E3_R_WIDTH, .height = OUTFIT_24PX_LIGHT_300_E3E3E3_R_HEIGHT }

    ['s'] = { .data = font_outfit24_light300_s, .width = OUTFIT_24PX_LIGHT_300_E3E3E3_S_WIDTH, .height = OUTFIT_24PX_LIGHT_300_E3E3E3_S_HEIGHT }

    ['t'] = { .data = font_outfit24_light300_t, .width = OUTFIT_24PX_LIGHT_300_E3E3E3_T_WIDTH, .height = OUTFIT_24PX_LIGHT_300_E3E3E3_T_HEIGHT }

    ['u'] = { .data = font_outfit24_light300_u, .width = OUTFIT_24PX_LIGHT_300_E3E3E3_U_WIDTH, .height = OUTFIT_24PX_LIGHT_300_E3E3E3_U_HEIGHT }

    ['v'] = { .data = font_outfit24_light300_v, .width = OUTFIT_24PX_LIGHT_300_E3E3E3_V_WIDTH, .height = OUTFIT_24PX_LIGHT_300_E3E3E3_V_HEIGHT }

    ['w'] = { .data = font_outfit24_light300_w, .width = OUTFIT_24PX_LIGHT_300_E3E3E3_W_WIDTH, .height = OUTFIT_24PX_LIGHT_300_E3E3E3_W_HEIGHT }

    ['x'] = { .data = font_outfit24_light300_x, .width = OUTFIT_24PX_LIGHT_300_E3E3E3_X_WIDTH, .height = OUTFIT_24PX_LIGHT_300_E3E3E3_X_HEIGHT }

    ['y'] = { .data = font_outfit24_light300_y, .width = OUTFIT_24PX_LIGHT_300_E3E3E3_Y_WIDTH, .height = OUTFIT_24PX_LIGHT_300_E3E3E3_Y_HEIGHT }

    ['z'] = { .data = font_outfit24_light300_z, .width = OUTFIT_24PX_LIGHT_300_E3E3E3_Z_WIDTH, .height = OUTFIT_24PX_LIGHT_300_E3E3E3_Z_HEIGHT }

    ['0'] = { .data = font_outfit24_light300_0, .width = OUTFIT_24PX_LIGHT_300_E3E3E3_0_WIDTH, .height = OUTFIT_24PX_LIGHT_300_E3E3E3_0_HEIGHT }

    ['1'] = { .data = font_outfit24_light300_1, .width = OUTFIT_24PX_LIGHT_300_E3E3E3_1_WIDTH, .height = OUTFIT_24PX_LIGHT_300_E3E3E3_1_HEIGHT }

    ['2'] = { .data = font_outfit24_light300_2, .width = OUTFIT_24PX_LIGHT_300_E3E3E3_2_WIDTH, .height = OUTFIT_24PX_LIGHT_300_E3E3E3_2_HEIGHT }

    ['3'] = { .data = font_outfit24_light300_3, .width = OUTFIT_24PX_LIGHT_300_E3E3E3_3_WIDTH, .height = OUTFIT_24PX_LIGHT_300_E3E3E3_3_HEIGHT }

    ['4'] = { .data = font_outfit24_light300_4, .width = OUTFIT_24PX_LIGHT_300_E3E3E3_4_WIDTH, .height = OUTFIT_24PX_LIGHT_300_E3E3E3_4_HEIGHT }

    ['5'] = { .data = font_outfit24_light300_5, .width = OUTFIT_24PX_LIGHT_300_E3E3E3_5_WIDTH, .height = OUTFIT_24PX_LIGHT_300_E3E3E3_5_HEIGHT }

    ['6'] = { .data = font_outfit24_light300_6, .width = OUTFIT_24PX_LIGHT_300_E3E3E3_6_WIDTH, .height = OUTFIT_24PX_LIGHT_300_E3E3E3_6_HEIGHT }

    ['7'] = { .data = font_outfit24_light300_7, .width = OUTFIT_24PX_LIGHT_300_E3E3E3_7_WIDTH, .height = OUTFIT_24PX_LIGHT_300_E3E3E3_7_HEIGHT }

    ['8'] = { .data = font_outfit24_light300_8, .width = OUTFIT_24PX_LIGHT_300_E3E3E3_8_WIDTH, .height = OUTFIT_24PX_LIGHT_300_E3E3E3_8_HEIGHT }

    ['9'] = { .data = font_outfit24_light300_9, .width = OUTFIT_24PX_LIGHT_300_E3E3E3_9_WIDTH, .height = OUTFIT_24PX_LIGHT_300_E3E3E3_9_HEIGHT }

    ['D'] = { .data = font_outfit24_light300_D, .width = OUTFIT_24PX_LIGHT_300_E3E3E3_D_WIDTH, .height = OUTFIT_24PX_LIGHT_300_E3E3E3_D_HEIGHT }

    ['Q'] = { .data = font_outfit24_light300_Q, .width = OUTFIT_24PX_LIGHT_300_E3E3E3_Q_WIDTH, .height = OUTFIT_24PX_LIGHT_300_E3E3E3_Q_HEIGHT }

    ['4'] = { .data = font_outfit24_light300_4, .width = OUTFIT_24PX_LIGHT_300_E3E3E3_4_WIDTH, .height = OUTFIT_24PX_LIGHT_300_E3E3E3_4_HEIGHT }

    ['Q'] = { .data = font_outfit24_light300_Q, .width = OUTFIT_24PX_LIGHT_300_E3E3E3_Q_WIDTH, .height = OUTFIT_24PX_LIGHT_300_E3E3E3_Q_HEIGHT }


};